:1000000000800020E9880000B1880000D38800004B
:1000100000000000000000000000000000000000E0
:10002000000000000000000000000000D388000075
:100030000000000000000000D38800003D8900009F
:10004000D3880000D388000081410000B56500001E
:1000500075880000D388000041570000D588000053
:10006000D388000045670000D3880000D3880000D3
:100070001D450000D388000055670000D3880000AC
:10008000D3880000D3880000D3880000D388000004
:10009000D1700000D3880000D38800008165000083
:1000A000D3880000D3880000D3880000D3880000E4
:1000B0000000000010B5064C2378002B07D1054B3B
:1000C000002B02D0044800E000BF0123237010BDC4
:1000D000400400200000000080F70000044B10B531
:1000E000002B03D00349044800E000BF10BDC04608
:1000F000000000004404002080F700000122014BB2
:100100001A707047DD0E002070B506000C2008F054
:10011000C7FD08250024300008F02CFE013D04191D
:1001200024B2002DF7D10723E01718400019C010A2
:1001300080B270BD70B505000C00272917DD002ABC
:1001400000D00334782C00DD78242000FE245021D8
:100150002838FF344942604309F0A6F98B239B00FD
:10016000C11889B20E20698008F07CFE70BDEE21B6
:10017000FF3141800E2008F075FE283C054B6400DD
:10018000E35E0A220D215A43AB80034804F03EFA95
:10019000ECE7C046CCDB00005401002010B54388DA
:1001A00004888B4215D20179104B5B1AA34200DD03
:1001B00023005B1803800188C2880023914205D385
:1001C0004379994200D31300038001230372007A1C
:1001D00010BD42791300A24206D80179034B5B1A85
:1001E000A34200DD23009BB29B1AE3E7FFFF000060
:1001F00010B5084C01233C220221200005F058FFD5
:10020000200005F0E1FE200006F03EF8024B63619D
:1002100010BDC046AC04002001000100F0B5324D15
:1002200085B02800002405F0CFFE202708260123F2
:10023000220021002800029303942C4B0197009682
:1002400004F088FE01232200310028000293039469
:10025000274B0197009604F07DFE01232200280021
:1002600002931021234B03940197009604F072FE31
:10027000012322002800029318211F4B03940197A9
:10028000009604F067FE0123220039002800029343
:1002900003941A4B0197009604F05CFE01232200A0
:1002A000280002932821164B03940197009604F02E
:1002B00051FE01232200280002933021114B0394A8
:1002C0000197009604F046FE012322003821280001
:1002D000029303940C4B0197009604F03BFE280018
:1002E00005F0D2FF05B0F0BDAC0400206204002090
:1002F00042000020660000208A000020AE0000209E
:10030000D2000020F60000208604002010B5044C26
:10031000200005F059FE200005F0B6FF10BDC046D4
:10032000AC04002010B50C4C200005F04DFE200060
:10033000022105F01AF8002320002361074906F086
:100340007BFA80235B0306492361200006F074FAE0
:10035000200005F099FF10BDAC040020FCD800007F
:1003600001D9000010B50C4C200005F02DFE200036
:10037000022104F0FAFF002320002361074906F060
:100380005BFA80235B0306492361200006F054FAE0
:10039000200005F079FF10BDAC04002005D9000055
:1003A00009D90000F0B58027032685B07F031E4CD5
:1003B0004B25200005F008FE0221200004F0D5FFA7
:1003C00000231A492361200006F036FA184920005C
:1003D000276106F031FA200005F056FF0A20013DA2
:1003E00008F0F0FA002DF9D1200005F0EDFD012311
:1003F00003931F330193203320002A002900009328
:1004000002950C4B04F04BFD200005F03DFF4B2402
:100410000A20013C08F0D6FA002CF9D1013EB6B210
:10042000002EC4D105B0F0BDAC0400200ED90000F0
:1004300009D90000CCDA0000F0B50025092791B0F9
:1004400000900191019BAB422BDD174C200005F081
:10045000BBFD2000022104F088FF144E2A00310069
:10046000276103A80CF0ACFB200003A906F0E4F917
:100470000F4B009A23616B00D25A310003A80CF095
:100480009FFB200003A906F0D7F9200005F0FCFE31
:1004900021240A20013C08F095FA002CF9D10135FD
:1004A000D0E711B0F0BDC046AC04002014D9000064
:1004B00009001000F8B50600264C0D00200005F0DC
:1004C00083FD0321200004F050FF300009F0F2FF0B
:1004D000214909F0E1FB0BF013FE060028000F0094
:1004E00009F0E8FF0BF00CFE1C4A1D4B0AF0D4FF8C
:1004F00000221C4B0AF0CAFB02000B00300039003E
:100500000BF036FA0BF044FE0BF0FAFD164A174BCF
:100510000AF0C2FF0022164B0AF04EF809F036F935
:100520000100632813D8134B0A222361200006F030
:1005300008FA114B20002361012104F016FF0F4936
:10054000200006F079F9200005F09EFEF8BD80231A
:10055000DB02E9E7AC040020000020416666666625
:100560006666204000408F40C3F5285C8F82324091
:10057000000034400D0004003200100019D90000C2
:10058000AA4AF8B51168050001230800184019426D
:1005900002D1A74913608870A64A01231168080098
:1005A0001840194202D1A44913608870A34A01235C
:1005B000116808001840194202D1A14913608870DF
:1005C000A04A0123116808001840194202D19E492F
:1005D000136088709D4A0123116808001840194271
:1005E00002D19B49136088709A4A01231168080060
:1005F0001840194202D1984913608870974F984E5D
:10060000002D20D00123974A0B241370964A1370B3
:10061000964A1370964A1370964A1370964A13704E
:100620000023964A3B701370954A33701370954AB5
:100630001370954A1370954A1370954A1370954A32
:1006400013702000F8BD3B78002B21D0290078489A
:1006500003F0B4FD0B24002800D03D703778002F44
:100660005CD00021744803F0A9FD002801D00023CC
:100670003370884B1D78002D00D194E00021704824
:1006800003F09CFD0028DCD00023824A1370D8E7D9
:10069000032008F029FD03005A1E9341744A137089
:1006A000704B1B78002822D1674C002B0BD03221D5
:1006B0005F4803F075FD0123200077493B7003F08C
:1006C0006FFD0B240EE02900200003F077FD0028C9
:1006D000F7D0FA210122694B200049001A70042446
:1006E00003F05EFD624B5F4A1B781370B6E7664C01
:1006F000002B07D132214E4803F052FD01233B70FD
:100700002370DEE72378002BDBD05C4B25701A7852
:100710000924002AE6D01D700234E3E7042008F023
:10072000E3FC03005A1E9341524A13704E4B0028BB
:1007300021D11978464D00290ED032213E4803F0D0
:100740002FFD012328005449337003F029FD494B44
:10075000454A1B7813708CE7280003F02FFD002812
:10076000F5D0FA210122464B280049001A700524D1
:1007700003F016FDEBE71B78444D002B07D1322127
:100780002D4803F00DFD012333702B70DFE72B782C
:10079000002BDCD03A4B2F701A78002A01D01F7042
:1007A000D5E70A24D3E7072008F09EFC03005A1E71
:1007B0009341314A2D4F137000281DD13978264DB1
:1007C00000290ED032211E4803F0EAFC0123314AF1
:1007D00031491370280003F0E3FC274B1B783B7072
:1007E0002FE7280003F0EAFC0028F6D00124FA21C4
:1007F000244B49001C70EDE73B78254E002B08D1B7
:1008000032210F4803F0CCFC0123224A33701370CD
:10081000E3E73378002BE0D01A4B35701A78002AC2
:1008200001D01D70D9E70624D7E7C046400E00204E
:100830005E0E0020480E0020680E0020500E0020A2
:10084000720E0020440E0020620E00204C0E00208C
:100850006E0E0020540E0020780E00205A0E00204C
:100860005C0E00201D0100201E0100201F01002041
:100870001A0100201B0100201C010020660E002030
:100880006C0E0020760E0020580E0020590E00201D
:100890005B0E00205D0E00201A040000F8B524272E
:1008A00006260C2502242F4B08001980012108F090
:1008B000BFFB3A002C492D480BF08CFD2C4B3A0025
:1008C0002C492D481E800BF085FD2C4B2A002C490D
:1008D0002C481E800BF07EFD2B4B2A002B492C4808
:1008E0001C800BF077FD2B4B2A002B492B481C80DA
:1008F0000BF070FD2A4B2A002A492B48AD191C80A9
:100900000BF068FD294B2A0029492A481C800BF06E
:1009100061FD294B2A000134284929481C800BF02D
:1009200059FD284B2A00284928481C800BF052FD0D
:10093000274B3622274928481C800BF04BFD092203
:10094000264B27491A8027483A000BF043FD264BD7
:100950001822264926481E800BF03CFD0422254B18
:100960001A80F8BD400000205ADD0000A80C0020CD
:100970006213002006DD0000F80700205613002057
:100980000ADC0000700D0020641300204EDD000022
:100990003007002054130020FEDB0000E00B002095
:1009A0006013002042DD0000180B00205E130020C1
:1009B0007EDD0000D80400204E13002000E200007D
:1009C000A0050020501300206CE200006806002003
:1009D0005213002012E20000880900205A13002060
:1009E00048E20000500A00205C1300202ADD0000CD
:1009F000C00800205813002010B5012907D1C822D3
:100A00002F490BF0E7FC2F4B1B88180010BD022963
:100A100005D1C8222C490BF0DDFC2C4BF4E703294F
:100A200005D1C8222A490BF0D5FC2A4BECE7042952
:100A300005D1C82228490BF0CDFC284BE4E7052955
:100A400005D1C82226490BF0C5FC264BDCE7062958
:100A500005D1C82224490BF0BDFC244BD4E707295B
:100A600005D1C82222490BF0B5FC224BCCE708295E
:100A700005D1C82220490BF0ADFC204BC4E7092961
:100A800005D1C8221E490BF0A5FC1E4BBCE70A2964
:100A900005D1C8221C490BF09DFC1C4BB4E70B2967
:100AA00005D1C8221A490BF095FC1A4BACE700237C
:100AB0000C29AAD1C82218490BF08CFC174BA3E7CC
:100AC000A80C002062130020F80700205613002015
:100AD000700D002064130020300700205413002004
:100AE000E00B002060130020180B00205E13002094
:100AF000D80400204E130020A00500205013002031
:100B00006806002052130020880900205A13002094
:100B1000500A00205C130020C00800205813002059
:100B2000F0B5B3B081B26846FFF766FF0A21050051
:100B3000154803F035FB00240321200008F02AFCAF
:100B400080B2A8421ED2104E0021300003F036FBC6
:100B50000028F8D06B466946671C7F00DA5B6300AB
:100B6000C95A0A4B188806F0DDF96A46A31C5B00D7
:100B7000D15AD35B3000C91889B2033403F010FB9B
:100B8000A4B2D9E733B0F0BD8C13002040000020A0
:100B9000F0B59F4C9F4DA5446B696A4606000F0057
:100BA0002800296905F062FCE0229B4C6946200080
:100BB00092000BF00FFC607CA37C002862D1002B1C
:100BC0005CD1FA225200628002221900FF32636077
:100BD000A360E360226126756775E38223838F4AF1
:100BE000D1520233642BFAD1002318008C4FD9194B
:100BF00002330880522BFAD100239C468949624671
:100C00005818023302802A2BF9D12088DF23F730CD
:100C1000FF30861900209B00E650804A125A0230AD
:100C2000944666446428F8D1E6500023FA5A023309
:100C3000B618522BFAD1DF2300229B00E650885AC7
:100C4000023236182A2AFAD1E022210092006846A0
:100C5000E6500BF0BFFB28006A69296905F0F4FB38
:100C60006A466B692969280005F0A2FB6E4803F00B
:100C700077FA6E496E4805F0F1FD0120E1239B00F3
:100C80009D44F0BD00208342F8D1694D6949280098
:100C900005F0E4FD6849280005F0E0FD0A222188FE
:100CA000280005F044FE0A226188280005F03FFE76
:100CB0000A22A188280005F03AFE0A22E1882800CD
:100CC00005F035FE0A222189280005F030FE0A22AF
:100CD0006189280005F02BFE0A22A189280005F071
:100CE00026FE0A22E189280005F021FE0A22217C45
:100CF000280005F01CFE0A22617C280005F017FE82
:100D00000A22A17C280005F012FE0A22E17C2800BC
:100D100005F00DFE0A22217D280005F008FE0A22BA
:100D2000E18A280005F003FE0A222800218B05F045
:100D3000FEFD2600718B0A22280005F0F4FD3F4FCE
:100D40002800390005F078FD3D4B02369E42F1D176
:100D5000280005F07BFD0026314B0A22995B280014
:100D600005F0E1FD02363900280005F065FD522E40
:100D7000F2D1280005F06AFD00262A4B0A22995B71
:100D8000280005F0D0FD02363900280005F054FD9A
:100D90002A2EF2D1280005F059FD00226388208810
:100DA000C018A3881B18E088C01823891B18608905
:100DB000C018A3891B18E089C018237C1B18607C0D
:100DC000C018A37C1B18E07CC018237D1B18E08A88
:100DD000C018238B1B181148815A02325B18642AF1
:100DE000FAD100220E49895A02325B18522AF9D1EF
:100DF00000220C49895A02325B182A2AF9D1DF22D3
:100E00009200A058C01A43425841C0B236E7C046CB
:100E10007CFCFFFFEC0E00200C0F0020260F0020B2
:100E20008A0F0020DC0F0020041400201CD90000D1
:100E3000A01F002029D900003ED900004FD9000092
:100E4000700F00200839030010B50800092908D8E0
:100E500008F096FA353A3F07070707081E051F4AAC
:100E6000D38110BDFA22181CD200934200DD101C61
:100E7000030400D50020322100B208F015FB00B2B7
:100E8000164B3C3040001818C3880133C380E8E794
:100E9000134A181C934200DD101C124B02B29A42F6
:100EA00000DA181C104B00B2C018142108F0FCFA2C
:100EB0000A4A68304000835A01338352D1E719004F
:100EC0004A1E9141054AD17419004A1E9141034AB4
:100ED0001175581E8341014A5375C2E70C0F00205B
:100EE00004100000E40C00001CF3FFFF00B5042810
:100EF00009DC002809DB0138114B032806D808F06B
:100F00003FFA090D1115162814D000BDDA880132F8
:100F1000DA80FAE71A8901321A81F6E75A89013232
:100F20005A81F2E79A8901329A81EEE79A88013272
:100F30009A80EAE7024A138B01331383E5E7C04640
:100F40000C0F002030B52A4900204A880B88294C14
:100F50009B188A88284D9B18CA88A5449B180A8923
:100F60009B184A899B188A899B18CA899B180A7CF6
:100F70009B184A7C9B188A7C9B18CA7C9B180A7D0C
:100F80009B184A7D9B18CA8A9B180A8B9B18DF22E4
:100F900092008B502C5A02301B196428FAD18B50C6
:100FA0000022164CA05A02321B18522AFAD1DF2214
:100FB00000209200124D8B502C5A02301B192A2807
:100FC000FAD18B50E022684692000BF003FA0D4CE8
:100FD00020006269216905F037FA6A4620006369DA
:100FE000216905F0E5F9E1239B009D4430BDC04631
:100FF0000C0F00207CFCFFFF260F00208A0F002032
:10100000DC0F0020EC0E0020F7B5A025A1260092F1
:1010100000220193124B6D007600A224A4465F8843
:101020009C4464461F801F002488A0373C80F12424
:101030009F5B64005F531F5B0132023C1F5302330E
:101040004F2AEAD1074B4A32FF329852A0329952C6
:101050000099A03299520199A0329952F7BDC04629
:10106000061000200C0F002010B5354C3548A54463
:10107000436901696A4605F0F9F9E022324C9200B1
:10108000694620000BF0A6F96A4623682F480093B2
:1010900063680193A3680293E3680393237C13823C
:1010A000637C5382A37C9382E37CD382237D13836E
:1010B000637D5383E38A9383238BD38300231A00B6
:1010C000C15A6A4402331184642BF8D100232048AA
:1010D00021AAC15AD1520233A02BFAD100231D48B4
:1010E00049AAC15AD1520233A02BFAD100231A487F
:1010F00071AAC15AD1520233A02BFAD1002317484A
:1011000099AAC15AD1520233A02BFAD10023144814
:10111000C1AAC15AD1520233522BFAD10023114A2B
:1011200011486A44C15AD15202332A2BFAD1E02124
:1011300068464900FFF780F9E0239B009D4410BDFD
:1011400080FCFFFFEC0E00200C0F0020260F00207B
:1011500006100020A610002046110020E6110020F5
:101160008A0F002056030000DC0F0020074B70B5EB
:1011700004001A003234057801305D830233A04246
:10118000F9D1D182FFF7DEFE70BDC0460C0F002002
:10119000064B01001A0010B532315C8B023304702B
:1011A00001308842F9D1D08A10BDC0460C0F002012
:1011B000F0B595B007AF3800FFF7EAFF00243A4DCD
:1011C0000590280004F000FF0221280004F0CDF86B
:1011D000280036492C6105F02FFB0C23059A0326C5
:1011E0005343334A403B1BB21380A34233DA314BA3
:1011F0001C80059BA34212DD2E4E3B5D0022B15E9A
:1012000002220292002201920132009228000F3243
:1012100004F022F8338801340C333380E9E72800E6
:1012200005F032F815B0F0BD1F4805F02DF80A2082
:1012300007F0C8FB0A2007F0C5FB0A2007F0C2FB35
:101240000A2007F0BFFB0A2007F0BCFB013403E0D3
:10125000013E002EE6D000240321154B00229A5EA9
:10126000D3170B409B189B100133A342F0DB0423E0
:1012700000255B4263430F4A1380059BAB42D3DDDD
:101280000C4F07AB0022B95E0222EB5C02920022F7
:1012900001920132009204480F3203F0DDFF3B88D7
:1012A00001350C333B80E8E7AC04002051D9000045
:1012B000DE120020C80E0020F0B585B0002903D052
:1012C0004D4B1A684D4B1A6009F0F4F8051C0AF0F2
:1012D00017FF4B4C02000B0020004A4905F0C8FAEA
:1012E000464E4949306808F0D7FC8321071CC905E0
:1012F000281C08F0DDFD454908F0CEFC011C381C17
:1013000008F0F0FE051C0AF0FBFE02000B002000B6
:101310003F4905F0ADFA3F4F38680AF0F1FE020090
:101320000B0020003C4905F0A3FA3868291C08F09E
:10133000D9FE051C0AF0E4FE02000B00200037492C
:1013400005F096FAFF21281C890508F0B1FD0190EF
:101350000AF0D6FE02000B002000314905F088FAA1
:10136000304F281C396808F0FBFA2F49386008F024
:101370009FFD02900AF0C4FE02000B0020002B49E2
:1013800005F076FA2A4F386809F094F8011C281CF9
:1013900008F0A8FE274908F08BFD03900AF0B0FE84
:1013A00002000B002000244905F062FA306816495B
:1013B00008F072FC019908F0D3FA029908F0D0FA0B
:1013C000039908F0CDFA30600AF09AFE02000B0093
:1013D00020001A4905F04CFA0B49306808F068FD06
:1013E000041C3060281C09F045F83860201C09F006
:1013F00041F805B0F0BDC046380E0020E4130020CF
:10140000D422002055D900000000204100007A4479
:1014100065D900003C0E002070D900007CD9000086
:101420008BD90000080F00208FC2F53C96D9000030
:10143000181300200AD7A33CA1D90000ACD90000A2
:1014400070B50E1C0A49041C08F026FC8321051CFB
:10145000C905301C08F02CFD064908F01DFC011CD4
:10146000281C08F03FFE044B1860044B1C6070BD44
:101470000000204100007A443C0E0020380E00207D
:1014800010B50449044805F0F3F9FA20800007F08C
:1014900099FA10BDB6D90000A01F0020F7B50500CD
:1014A0000C200E000192082707F0FAFB0024280008
:1014B00007F060FC013F041924B2002FF7D1072385
:1014C000E017184004192248E4104443E0170005CF
:1014D000000D0019FA2400136043962107F0E4FF81
:1014E00064251C4BC4186C431B4B9C4215DB1B4BE7
:1014F0009C4228DC20001A4907F0D6FF194B05B2A0
:101500009C420CDC0123019A092013703370FFF711
:1015100007FBFEF747FF2800FEBD3D00F2E7124B38
:101520009C4210DC019B19241F7001233370FEF7CD
:1015300019FF0B20FFF7F4FA0A20013C07F042FAEA
:10154000002CF9D1E7E70023019A33701370E2E72A
:10155000B80B00001CF3FFFF13FDFFFFE5270100A0
:10156000EE02000093110000DF2E000030B50021D4
:1015700085B04948002404F00BFDE022474B484960
:101580009C709200474804F0FBFE6421464B1422F5
:101590009C70464B96209C70454B8000D980FA2168
:1015A0005A80F6321C809A80424B89001C805980F8
:1015B0009A80D880404B41481C805880C8208000C9
:1015C0009A80D8803E4B0B2059803E491C809980E0
:1015D000C8214900D9803C4B3C499A80423ADA8084
:1015E000C8221C8059803A4B12015A800222FF32D5
:1015F0001C809A809622374D1201DA8028800121C2
:1016000007F016FD0023E85E210007F041FD324D92
:1016100022002800302102F095FF0023322202210F
:101620000092019328000294313A03F05BF82B4BAF
:101630009C702B4B9C702B4B9C702B4B9C702B4BA2
:101640009C702B4B9C702B4B9C702B4B9C702B4B92
:101650009C702B4B9C702B4B9C702B4B9C702B4B82
:101660009C702B4B9C702B4B9C702B4B9C702B4B72
:101670009C702B4B9C702B4B9C702B4B9C702B4B62
:101680009C702B4B9C702B4B9C702B4B9C702B4B52
:101690009C7005B030BDC046AC0400208C13002007
:1016A00000DE0000EC0E002020130020820E00203F
:1016B000860E0020E2120020FC1200208813000099
:1016C000E8130020010A0000341300206C0700001A
:1016D0008E1200205C040020540100201C13002006
:1016E000C813002094130020C0130020DC13002036
:1016F000B0130020A813002098130020AC13002082
:101700009C130020C4130020B8130020B413002041
:1017100090130020E0130020801300208813002085
:10172000D4130020D0130020CC130020D8130020A5
:10173000A0130020BC130020A41300208413002059
:1017400073B51B4C06000421200003F00EFE194B5C
:10175000002163611E230A002000019100932233BF
:1017600003F0F6F80A21300007F09EFE0A2501B2C8
:101770006D424D430F23AD19632E00DD0E4B2361E7
:101780000A22200005F0CFF8012301930233200044
:1017900000931922262103F0DBF82C2329000A22CA
:1017A0002361200005F0BFF8200004F06DFD73BD3B
:1017B000AC04002001000100FCFF0000F0B5334C38
:1017C000060085B0200004F0FFFB6425642E02DCD7
:1017D000F543ED1735400321200003F0C6FD2C4BE7
:1017E000002163611C230A0000932000019124332F
:1017F00003F0AEF8092E3EDC264B290023610A22B5
:10180000200005F090F80026012720230822200060
:1018100001930092322132001F4B0396029703F08E
:1018200099FB202308222000019300923A213200E4
:101830001A4B0396029703F08DFB122300930C3B87
:101840001A0020003621019703F082F80A20372180
:1018500068434942019607F027FE0623123000B282
:101860001A0036210090200003F072F8200004F0E6
:101870000BFD05B0F0BD132E01DC094BBDE7632E57
:1018800001DC084BB9E78023DB02B6E7AC0400209B
:10189000010001001F0004000000002020000020C3
:1018A000120004000D000400F0B5012305002A4CCD
:1018B0002A4E85B0002923D023600023336023689B
:1018C000274F9BB2019320231E2200930221380050
:1018D000DB1803F03DF8002D14DC236838009BB2C0
:1018E000019320231E2200930221DB1803F030F81D
:1018F000380004F0C9FC1A4804F0C6FC05B0F0BD7D
:101900002160DBE7291C0F2D00DD0F2100250BB224
:1019100003933368124F9BB201930723ADB2A90022
:1019200000931E22053B380009B203F011F801357F
:10193000039B2DB2AB42ECDA1900236801319BB254
:1019400001931223890000931E22380009B22E331E
:1019500002F0FEFFCFE7C046A80E002040010020A5
:10196000AC04002070B50A4C0D000022A35E834237
:1019700000DA20800023E05EA621533007F094FDBA
:10198000290000B2FFF790FF0023238070BDC046FE
:101990007C0E002013B5134B0124134A002914D0E8
:1019A00000211C601160114C002811D01368002127
:1019B0009BB2019307231E220093053B200002F0F7
:1019C000C7FF200004F060FC13BD19601460EAE753
:1019D0001B681E229BB20193072301000093053B65
:1019E000ECE7C046A80E002040010020AC04002017
:1019F000F0B500250224012689B0FEF7F9FBCC4F93
:101A0000380004F0E1FA0221380003F0AEFCC94BC3
:101A10003D617B612A001B23290038000294019557
:101A2000009603F019FC41232A001C21380002947F
:101A30000195009603F010FC1A232A003421380087
:101A400002940195009603F007FC380004F01CFC9A
:101A50001022B94B1D80B94B1A80B64B0793B84B77
:101A60001B78002B00D006E2B64D2B880B2B2DD116
:101A70000020FEF785FDFA2128804900B24802F0D7
:101A80009DFB0028F0D0B14BB14D0021595EAB4B0E
:101A900000229A5E2B78002B0FD0002301260193A1
:101AA000009616333800029403F0D6FB2B785E4084
:101AB0002E70380004F0E8FBD6E701202870009073
:101AC00002943800019303F0C7FBF2E7092B01D021
:101AD000042B32D19F4AA04E12883378013A00215C
:101AE000934201D00133D9B2317000250E232A0070
:101AF0000093102116333800019502F029FF337846
:101B0000964AD35C112B12D1102395493B613800C2
:101B100004F092FE934B1B78002B35D1380004F073
:101B2000B3FB0020FEF72CFD864B188097E7FA2BBD
:101B300013D110238C493B61E9E70A2B01D0052B17
:101B400015D1854E3278531EDBB2002A03D1814B6A
:101B50001B88013BDBB23370C7E701221C210092D6
:101B600038002A000294019503F076FBD2E7062B99
:101B700001D0012BCED1784B784A1B78D25CFA2A5F
:101B800045D1784BF93A1A7000260125380004F047
:101B90001BFA592332003100380002940196009557
:101BA00003F05AFB4E233200342138000294019690
:101BB000009503F051FB059606956A4E3378002B8D
:101BC000ACD00020FEF7DCFC5E4B80B21880092808
:101BD00002D0042800D081E00025069B10222900B5
:101BE0003800009302942B00019503F035FB069B0F
:101BF000102200933421182338000294019503F039
:101C00002BFB01230593380004F03EFBD5E7574B2F
:101C10001B88112A3BD1002B11D00021544AD21825
:101C2000013A1170013B1A1C9BB20F2B00D90F22F5
:101C30004E4B91B21A804F480A2204F078FE1022CF
:101C400000254023290000923800019502F080FE13
:101C5000464B394A198804291DD81580364E002371
:101C6000F15E424B1B88AB4233DD344A404B0020CF
:101C7000125E0020EB5C019001300090029438006D
:101C800003F0EAFA338801350C333380E6E738494C
:101C9000CA540133C7E70C235B424B4334331380F0
:101CA000254E0023F15E314B1B88AB4211DD234AE8
:101CB0002F4B0020125E0020EB5C01900130009061
:101CC0000294380003F0C8FA338801350C333380AE
:101CD000E6E7194B1A881D4B1A801BE70A2801D02A
:101CE000052816D10025069B1022290038000093F4
:101CF00002941823019503F0AFFA069B102200937B
:101D000034212B0038000294019503F0A5FA022338
:101D100078E7062802D0012800D074E7059B022B43
:101D20002AD1074B069A1A70002333706BE7C0461E
:101D3000AC04002001000100C80E0020CC0E0020E1
:101D4000CE0E0020A00E0020820E0020CA0E002021
:101D50006901002062010020A40E00202001002063
:101D6000C9D900007E0E0020CDD90000DC12002071
:101D7000A8120020A01F0020059B0025012B78D170
:101D80003800357004F020F92100380003F0EDFA36
:101D9000079B3D617B61059B2A0029003800009369
:101DA00002941B23019503F057FA059B2A001C217E
:101DB0003800009302944123019503F04DFA059BEE
:101DC0002A0034213800009302941A23019503F06D
:101DD00043FA380004F058FA102140230A00009119
:101DE0003800019502F0B4FD744B754A1988042936
:101DF00019D81580724E0023F15E704B1B88AB42E0
:101E00002FDD704A704B0020125E0020EB5C0190C9
:101E1000069802940090380003F01EFA33880135CA
:101E20000C333380E6E70C235B424B43343313809F
:101E3000634E0023F15E614B1B88AB4211DD614AAA
:101E4000614B0020125E0020EB5C0190069802942A
:101E50000090380003F000FA338801350C333380EA
:101E6000E6E7574B1A88594B1A800022584B1A70D4
:101E7000C9E60595C7E60024380004F0A5F85549E1
:101E800038003C6104F0D8FC4C4B53481A880C23B2
:101E900053439BB21900403909B20180A1422CDAA8
:101EA0000226474B1C80454B1B88A34214DD444D42
:101EB000444A454B0021525E0020295E0020E35C2D
:101EC0000190013000900296380003F0C5F92B888C
:101ED00001340C332B80E6E7380004F0D5F9374B9A
:101EE00039481988FFF742F9C8240A20013C06F056
:101EF00069FD002CF9D109B0F0BD140032498818F1
:101F00000138013C02D306784671F9E75700C81939
:101F100049000D0005240026391A013C06714E5572
:101F20000138002CF8D125490A320A802A4A383370
:101F30001380033400250321274B00229A5ED31718
:101F40000B409B189B100133AB4233DB042300266C
:101F50005B426B431A4A1380184B1B88B34215DD52
:101F6000174F184A184B0021525E0020395E02209C
:101F7000F35C02900020019001300090174803F0BC
:101F80006BF93B8801360C333B80E5E7134804F0DE
:101F90007BF90A2006F016FD0A2006F013FD0A2040
:101FA00006F010FD0A2006F00DFD0A2006F00AFDDD
:101FB0000135C0E7013C002CBCD190E7DC120020C9
:101FC000C80E0020CC0E0020A8120020CA0E00204F
:101FD000A40E002051D90000DE120020AC04002025
:101FE0000023F0B50125B74F87B03B70B64C23886E
:101FF000A12B00D1DAE0A22B00D1F5E0032007F0FD
:1020000073F8002800D0FBE00A2006F0DBFCF5E7BF
:102010003B780493002BE9D02388A12B5ED10025C7
:10202000AA4C0226200003F0CFFF0221200003F07B
:102030009CF9A7492000256104F0FEFB1E23200027
:102040002361A44904F0F8FBA34B1F780296AF422A
:1020500000D00CE101231D00009310223B00082159
:102060002000019703F0F8F82B00029601970095E5
:10207000173310222C21200003F0EEF80120FEF788
:102080007FFA01270A2006F09DFC0020FEF778FA6F
:10209000924B80B28D4E1880092802D0042800D0BF
:1020A000F4E000250223102208213000029301955C
:1020B0002B00009703F0D0F80223102202932A216C
:1020C000163330000195009703F0C6F8824B1D705F
:1020D000049D7E4804F0D8F8002DD3D17A4B1B889C
:1020E000A22B61D10025794C0226200003F06CFF61
:1020F0000221200003F039F975492000256104F020
:102100009BFB1E2320002361724904F095FB744B56
:102110001F780296AF4200D077E101231D000093A3
:1021200010223B0008212000019703F095F82B00B6
:10213000029601970095173310222C21200003F0FE
:102140008BF80120FEF71CFA01270A2006F03AFC62
:102150000020FEF715FA614B80B25C4E188009280A
:1021600002D0042800D05FE10025022310220821BC
:102170003000029301952B00009703F06DF80223C5
:10218000102202932A21163330000195009703F0A4
:1021900063F8534B1D70049D4C4804F075F8002DF6
:1021A000D3D101224F4B1A7007B0F0BD474E30001B
:1021B00003F00AFF2900300003F0D7F84A4B4B49DF
:1021C0003361300004F038FB00222023110030007E
:1021D00000930195DB1802F0EFFB300004F054F897
:1021E0000720FEF79DFC09E7384E300003F0ECFEB7
:1021F0002900300003F0B9F83D4B3E493361E0E778
:10220000042006F071FF002800D1FDE632260A20E6
:10221000013E06F0D7FB002EF9D12800FEF7B0F9F9
:10222000354E30800022B35E0B2B00D0F0E60A2042
:1022300006F0C8FB0020FEF7A3F93080092801D082
:10224000042805D12388A22BECD1A1232380E9E720
:102250000A2801D0052804D12388A12BF3D101330A
:10226000F4E7062801D00128DCD13D70DAE701232C
:102270001F0000931022173308212000019502F05F
:10228000EBFF2B00029601950097F2E60A2801D099
:10229000052833D1002502231022082130000293A3
:1022A00001951633009702F0D7FF02231022029304
:1022B0002A212B0030000195009702F0CDFF064B3C
:1022C0001F7005E7E40E002050010020AC04002040
:1022D000E2D90000E5D90000DA120020A00E0020AB
:1022E000031400206801002011000C00D1D9000067
:1022F00003000C00D7D900003C010020062803D0C1
:10230000049D012800D0E4E60025200003F05CFED7
:102310003900200003F029F894492000256104F0D9
:102320008BFA1023102200932900303320000197EC
:1023300002F042FB102305936421280007F0B4F853
:10234000059A03B20021300000920197102202F09A
:10235000FFFA0A2006F036FB0A2006F033FB3000B5
:1023600003F092FFCA2340355B019D42E4D1322540
:102370000A20013D06F026FB002DF9D17C4E0921F3
:102380003078FEF75FFDFEF7DDFD33782000794EF3
:10239000002B1DD003F018FE0221200002F0E5FF03
:1023A00031002561200004F047FA80235B03724965
:1023B0002361200004F040FA200003F065FFC835D7
:1023C0000A20013D06F0FEFA002DF9D1002580E635
:1023D00003F0FAFD0221200002F0C7FF3100256161
:1023E000200004F029FA80235B0364492361200064
:1023F00004F022FA200003F047FFC8250A20013D1F
:1024000006F0E0FA002DF9D1E0E701231F00009368
:102410001022173308212000019502F01DFF2B0028
:1024200002960195009787E60A2801D0052817D162
:102430000025022310220821300002930195163353
:10244000009702F009FF0223102202932A212B0099
:1024500030000195009702F0FFFE494B1F709AE68D
:10246000062803D0049D012800D095E60025200011
:1024700003F0AAFD3900200002F077FF3B4920005D
:10248000256104F0D9F9102310220093290030337C
:102490002000019702F090FA102305936421280090
:1024A00007F002F8059A03B200213000009201976C
:1024B000102202F04DFA0A2006F084FA0A2006F0F3
:1024C00081FA300003F0E0FECA2340355B019D42F3
:1024D000E4D132250A20013D06F074FA002DF9D12D
:1024E000274E284B32785A75FEF72CFD33782000A2
:1024F000002B1DD003F068FD0221200002F035FF03
:1025000021492561200004F097F980235B031A49D3
:102510002361200004F090F9200003F0B5FEC835D7
:102520000A20013D06F04EFA002DF9D1002533E6D0
:1025300003F04AFD0221200002F017FF1349256134
:10254000200004F079F980235B030C49236120000B
:1025500004F072F9200003F097FEC8250A20013D1F
:1025600006F030FA002DF9D1E0E7C046E9D90000C5
:10257000DA120020D1D90000E2D90000E5D900002C
:10258000031400200C0F0020F3D90000F9D900003B
:10259000E121F0B5BC4D87B02800090205F036FEF8
:1025A000BA49280004F05AF9B94801F07BFEB9484D
:1025B00001F0E0FDB84C02002080B849280004F08A
:1025C00057F92388B64CDA0700D406E12800B5494C
:1025D00004F044F9102323800221072006F028FD8F
:1025E0000221032006F024FD0221042006F020FD34
:1025F00001210D2006F01CFD0121080006F018FD48
:1026000001210D2006F044FD0121080006F040FDE7
:1026100023881A00113A012A00D847E3152B00D16C
:10262000B3E2A14B11201988FEF738F9FDF7E0FD60
:1026300000210800FEF7ACFA002802D101229B4BD2
:102640001A709B4B1B7C002B00D105E10122994B9A
:1026500099481A7003F0B8FCFA219848890001F0F3
:102660009FFD944B1C78002C00D1E6E00F20FDF775
:102670004BFD0A23924C0F2160430013584306F090
:1026800013FF904B18801220FDF73EFDD023272129
:10269000584306F009FF44438B4B2413002187481D
:1026A0001C8001F08BFD002848D0884B884F1C68A7
:1026B0003868210006F06EFE864E210038603068D2
:1026C00006F068FE002300227B4C3060019320332B
:1026D000110020000093123302F03AF9012120008A
:1026E00002F043FE002320003A687B49236104F096
:1026F000BFF880235B03326878492361200004F02F
:10270000B7F8774A3B6877499B1832222261642BDD
:1027100000D97549200004F0ABF8C821734A33682A
:1027200089009B18724A22618B4200D97EE06D4974
:10273000200004F09DF8200003F0A6FD64216D4800
:1027400001F03CFD002817D0614A5E4B11681B88E0
:102750000D205B1813605F4A5B4B11681B885B1888
:1027600001211360594A136801331360624B1A78D0
:102770005140197006F08CFC3221604801F01EFDBA
:10278000002807D001215E4B0B201A7851401970A8
:1027900006F07EFCFA215B48490001F00FFD00289D
:1027A00010D0434B0A222800198804F0C0F8564C78
:1027B00056482278002A3BD000223C21FDF7BAFC83
:1027C00000232370072006F08FFC002800D048E784
:1027D000374B1874374B187043E79A0705D5280014
:1027E0004B4904F03BF81123F5E65A0705D52800BC
:1027F000484904F033F81223EDE6DA0605D528003F
:10280000454904F02BF81423E5E69A0605D528007F
:10281000424904F023F81523DDE65B0600D4DBE62D
:1028200028003F4904F01AF81623D4E62E497FE722
:102830007821FDF77FFC0123C3E721000B2006F080
:1028400027FC01210D2006F023FC220032212F4815
:10285000FDF770FCFEF776FB1320324A3249FEF793
:102860001DFE0024314F38802000FEF7A7FF210015
:10287000642006F019FE00250600AE4258D0012063
:1028800006F0A0F80135F8E7A01F0020FDD90000F0
:1028900008140020041400202613002006DA00008B
:1028A000241300200CDA000040000020D60E002087
:1028B0000C0F002076130020AC040020D813002059
:1028C000B80B0000281300202E130020C40E002097
:1028D000781300207C13002064DA000069DA00001D
:1028E0004AFCFFFF6EDA000071DA000050E2FFFFE1
:1028F00032001000D413002077130020D0130020E2
:1029000075130020CC130020741300205C040020F9
:1029100021DA00002DDA000039DA000048DA000080
:1029200057DA0000D70E0020DE0E0020A20E002095
:102930003B880134A34297DA64240A20013C06F064
:1029400041F8002CF9D1FDF7E1FCDF4EF37C002BC0
:1029500000D0C0E0FDF7DAFC0320FEF7E1F8F289D1
:10296000DA4B1A80002A00D1BFE0327DD84BD9491A
:102970001A70727DD84B1A700023D84A1380D84A37
:102980001380D84AD488201C8C4201D9D6480088AC
:102990001080D64A1380D64BD888021C884201D9B1
:1029A000D14A1288D349D4481A8001F0F9FBD34B9D
:1029B0001B78002B00D1F6E0032006F095FB0028E1
:1029C00000D096E0043006F08FFB041E00D090E0AB
:1029D000CB4D2F78002F00D1B2E0CA4F012538002F
:1029E00003F0F2FA3800012102F0BFFC3800C649BA
:1029F0003C6103F021FF102238000A274023210008
:102A00000195009201F0D8FF05956421200006F0A1
:102A10004BFD059ABB4D0192102203B2002100929A
:102A2000280001F095FF380005F0CCFF380005F0D4
:102A3000C9FF380005F0C6FF380005F0C3FF3800B5
:102A400005F0C0FF280003F01FFCCA2340345B01DF
:102A50009C42DAD1C8240A20013C05F0B3FF002CC7
:102A6000F9D1FDF753FCC8340A20013C05F0AAFF58
:102A7000002CF9D1280003F0A7FA0121280002F068
:102A800074FCA24BA2492B61280003F0D5FE012360
:102A900001931F332200210028000093203301F00E
:102AA0008BFF280003F0F0FB0720FEF739F8913484
:102AB000FF340A20013C05F085FF002CF9D1FEF718
:102AC00097FF0123F3740223FF33B382FDF71EFC4B
:102AD0008A4B1C703EE0FEF76BFBC8240A20013CC9
:102AE00005F070FF002CF9D134E73222F2811A8010
:102AF0003BE70021804801F061FB041E3BD1854B80
:102B000000229B5E012B25D102217C4A1070824A53
:102B10001180824A1070824A1070824A1380824A61
:102B20001070824A1070824A1370824A1370FDF747
:102B300075FBFA218048890001F032FB7F4BC8E722
:102B40007F4C0023E15E01290AD17E497E4801F0D5
:102B500027FB27800020FDF713FD6E4B188026E72A
:102B60000029F7D1784801F029FB0028F2D0012391
:102B70002B702380EEE70023604A13700222694B1A
:102B80001A80654B013A1A80E4E71620FEF7AEF989
:102B900000210800FDF7FCFF002802D101226B4B49
:102BA0001A70FEF7CFF905F0DDFE694B474F18604C
:102BB00064233A880F205343664A0A249B18494AE3
:102BC000604D5380FDF7A0FA684300130F21604366
:102BD00006F06AFC604B18800F2006F0CBF86843C3
:102BE000000B0F21604306F0D5FB5C4B18601220F0
:102BF000FDF78AFAD0232721584306F055FC03003D
:102C0000FA216B43564A1B131380534A98B2128819
:102C10008900504306F048FC524B18801320FDF702
:102C200073FAFA23684300139621584306F03CFCDC
:102C30004D4C494B4D4E208019883000FDF7AEFABF
:102C40000595002800D1A3E00122494B1A70324BB0
:102C500000255D5F022D00D0EFE00127454D464E77
:102C60002978464C3770002906D1334801F0A6FA7E
:102C7000002800D193E02F702378002B00D095E03E
:102C80003378002B00D1AAE001233D493D4A1320AF
:102C90002370FEF703FC3C4B80B21880FEF78EFDDC
:102CA000FA213A48890001F07BFA98E0122B00D013
:102CB00079E700210800FDF76BFF002800D072E7DC
:102CC0000122224B1A706EE70C0F002066010020D3
:102CD000DA120020FEFF000003140020E2120020A0
:102CE000FC120020E8130020CADA00003413002090
:102CF0008E12002088130000E01300204E010020F7
:102D0000E30E0020AC04002075DA000008000C007F
:102D100080DA00003C010020640100206A130020DA
:102D2000DC0E00204C010020E20E0020E70E002007
:102D3000D80E002068010020AC13002048010020BC
:102D40004A010020B80B000080130020D60E00209E
:102D50006C13002030F8FFFF2813002030130020F0
:102D60002E1300202A1300202C130020860E002092
:102D7000E0120020E10E0020E80E0020D50E002019
:102D8000DE0E0020D70E0020A20E0020941300209B
:102D90003388002B00D05AE7DC4A137057E72A78B3
:102DA0002378002A00D067E7002B18D0D84D0021E7
:102DB000280001F003FA002806D1D64B00229B5EC2
:102DC000012B0CD1D44B35E0D34C2378002B30D0E1
:102DD000FA212800890001F0E3F900232370CF4D88
:102DE000CF4C0022AB5ECF4E022B01D000F0DEFFB5
:102DF000CD4A1378002B01D101F02CF804232B804D
:102E000000231370C94ACA491370CA4A0B70CA49D1
:102E10001370CA4A0B70237001331370C84AC94932
:102E2000C948137001F0BCF9FA21C848890001F0C3
:102E3000C3F8BD4B01221A70D1E7002D62D0042DDA
:102E400001D000F0D3FCC24C217800291ED1BF482C
:102E500001F0B4F9002819D00122B84B21001A70F2
:102E60001320BC4AFEF71AFBBB4B80B218802378B4
:102E7000002B0BD0FEF7A2FC4B240A20013C05F0EE
:102E8000A1FD002CF9D10122AD4B1A70A14BAE4C23
:102E900000229B5E0B2B00D06CE20021200001F091
:102EA0008DF900280CD0AD4A138801331BB2138072
:102EB0001E2B00D059E20121A94B19700023138069
:102EC000032006F011F9A74D002814D1043006F0B4
:102ED0000BF900280FD1A449A44801F061F903209F
:102EE00006F002F9002800D14CE20120FDF748FB72
:102EF00000229F4B1A8000239E4A2B7013609E4A2B
:102F0000138048E09D4B9E4E19883000FDF746F92E
:102F1000002814D0012214249A4B03201A709A4BD3
:102F20001C80FDF7E3FF0023FA5E8B4B3580002108
:102F3000595E964B0020185E2300FEF765F8944B0F
:102F40001C78002C00D039E121000D2006F0A0F8FB
:102F5000904D220032212800FDF7ECF8462005F0C4
:102F600031FD8D4B1E78002E53D131000D2006F01F
:102F70008FF8280032006421FDF7DCF82D2005F0E1
:102F800021FD012228003988FDF7D4F801235F4A8A
:102F900013707F4A1370032006F0A6F85F4E0028D6
:102FA00000D14CE200217D4801F008F9002800D052
:102FB00041E3584B624D00229B5E0B2B00D052E345
:102FC000774B1A78002A01D000221A700021754828
:102FD00001F0F4F8002800D16DE3012300222B70EA
:102FE000634B1A80644B0020185E002801D0FDF767
:102FF00097FD0023F85E6C4B1B78002B05D06B4BC4
:103000001B78002B01D000F0E5FBFEF799FB00F0E8
:10301000EAFB220032212800FDF78CF821000D2068
:1030200006F036F8322005F0CDFC32260A240122C3
:1030300031005848FDF77EF80F2005F09BFE059BF8
:103040000F215843000B604306F0A4F9584B81B29E
:1030500018605848FDF7A2F8142005F0B3FC0736B5
:103060000F20FDF751F8782EE1D10F2005F082FEF8
:10307000059B0F215843000B604306F08BF93F4B33
:103080000A241880122005F075FED023272158430A
:1030900006F080F9FA21059B474A43431B0B138036
:1030A000364A98B212888900504306F0FDF9374B32
:1030B00018801C4B00B21978FEF754FC3D880A2199
:1030C000701B06F0F1F9010061434919314D0122ED
:1030D0002800FDF72FF80F2005F04CFE059B0F216F
:1030E00058430A23000B584306F054F9304B81B281
:1030F00018603048FDF752F8062005F063FC0F20F9
:10310000FDF702F8013CD9D23BE7C046E0120020AF
:10311000941300203C010020D30E00206401002005
:103120006A13002068130020DB0E0020E80E002048
:1031300002140020D50E0020E10E0020D90E002040
:103140006801002030750000A8130020C013002083
:10315000DE0E0020D70E0020A20E0020AC0E0020B4
:10316000E60E0020E00E0020EE020000A01300207A
:103170008C120020C00E00206613002028130020AF
:1031800034130020DA0E0020D00E00202A13002075
:103190007F0E00205C040020DA120020BC13002007
:1031A000E50E0020C413002003140020040F0020AB
:1031B00030130020860E00202E130020FA21D6485E
:1031C000890000F0FBFF002839D0D44AD4491368A5
:1031D000013313600A6801320A60062B2FD1D14BEC
:1031E0006421188806F0D6F8CF4BD04C0021595EE8
:1031F00002B20023E05E0023FDF706FF0023E05E3D
:103200000F21FDF71FFECA4BCA4A1B88181C1BB2B0
:10321000934200DD101CC84B02B29A4200DA181C1F
:10322000C64B00B2C018142106F03EF9C44A6830FB
:103230004000835A013383520022B84B1A60BC4BC2
:10324000C04C19882000FCF7A9FF00281ED1238854
:10325000002B1BD1E288BC49131C8A4201D9BB4B0D
:103260001B882380BA4BAE4C1D78002D72D096235C
:1032700022685B009A4209D3FDF774F80B20FDF732
:103280004FFC0122B34B1A7000232360B24BB34EA4
:1032900019883000FCF782FFA44C002813D00120CD
:1032A0001025AF4B1870AF4B1D80FDF71FFE00239C
:1032B00033800023FA5E9C4B0021595E0023E05EC0
:1032C0002B00FDF7A1FEA84D21882800FCF766FF22
:1032D000002814D00122A24B99491A701123A14A47
:1032E0001380CA880132CA8000222A8000217A5EB7
:1032F0008D490020095E0025605FFDF785FE894B42
:103300009A481988FCF74AFF002800D043E6974BFB
:103310001B88002B00D03EE60122914B02301A7030
:10332000904B11321A80FDF7E1FD904B8649DA8807
:10333000131C8A4201D9854B1B888C4A13800023B9
:10334000FA5E794B0021595E0023E05E1223FDF7FF
:103350005BFE20E601261E70FDF704F80B20FDF74A
:10336000DFFB7C4B25601E7090E72000804900F059
:1033700017FFA5E520007E4900F012FF00227D4BDB
:103380001A809DE5042005F0AFFE041E00D0ACE5D8
:103390002B780593002B4CD17749784800F00EFF2D
:1033A000002826D0764E0320336801333360FDF7C2
:1033B000B7FB3368734C012B22D1200002F004FECE
:1033C0000823802623610221200001F0CEFF76032E
:1033D0006D49200003F030FA02212000266101F03F
:1033E000C4FF6A492661200003F026FA654802F00E
:1033F0004BFF0122574B1A700B23654A13806EE571
:10340000022B04D180235B0362492361EBE7032B8A
:1034100004D180235B0360492361E4E7042BE5D1F9
:1034200020005E4903F008FA01232B70059B3360EE
:10343000DCE7FEF7D5FD524B2C701C60D9E7072066
:1034400005F052FE041E00D0ACE5554B1D7800235C
:10345000F65E002E00D0B8E04A4C002D44D1504B0F
:1034600001361E703C4B188807F06AF805903888C2
:1034700007F066F80599FDF7E3FF200002F0A4FDD0
:103480003100200001F071FF464B474923612000C5
:1034900003F0D2F9454B46492361200003F0CCF9F3
:1034A00020232A00290000930196DB18200001F058
:1034B00083FA200002F0E8FE200002F085FD0720DC
:1034C000FDF72EFBFA20800005F07CFA032005F0C2
:1034D0000BFE002872D00120FDF752F801222C4B80
:1034E00018801C4B1A7064E52D4B20001E7002F0F2
:1034F0006BFD0121200001F038FF2E4B2E49236186
:10350000200003F099F9012301931F330093320047
:1035100031002033CAE7C046B4130020B00E0020AB
:10352000B40E00202E130020A20E00202A1300202B
:103530002C13002004100000E40C00001CF3FFFF1B
:103540000C0F00208E120020FEFF0000CADA0000DF
:10355000DF0E00206801002028130020E212002066
:10356000DA0E0020D00E0020FC120020E81300200C
:1035700030750000AC0E0020EE020000A013002009
:10358000C00E0020AC04002089DA000037DA000009
:103590003C0100208EDA000093DA000099DA000086
:1035A000681300200F0007009FDA00000F001200D0
:1035B000A6DA00000F000C00ADDA0000072005F0CD
:1035C00093FD002800D181E785E7002D00D1F0E4CC
:1035D000AA4DAB4B1870280002F0F6FC0121280020
:1035E00001F0C3FEA74BA8492B61280003F024F982
:1035F000012301931F332200210028000093203370
:1036000001F0DAF9280002F03FFE280002F0DCFCAD
:103610000720FDF785FAFA20800005F0D3F9032092
:1036200005F062FD002800D055E7072005F05CFD9D
:103630000028F4D04FE70022B35E002B00D0B8E49E
:10364000924B188806F07CFF041C388806F078FF3F
:10365000211CFDF7F5FE01238D4A1370884A137073
:103660008C4A1370A5E400218B4A1180012B74D180
:103670008A4E32888A4207D189490B70804B19786B
:10368000884B19707E4B1A70FA21013286488900E6
:10369000328000F085FD3388012B28D1834A1278CF
:1036A000002A22D075483C22022102F001FD804B05
:1036B0001888FEF783F82B78002B00D092E40021C5
:1036C0007C4800F07BFD002806D0704B0021595E3D
:1036D0000023F85EFCF7EEFE694B1978764B00206C
:1036E000185EFEF73FF9FFF77AFB3280E3E7DA1E58
:1036F000022A2AD8614C200002F066FC1023022125
:103700002361200001F031FE6C49200003F094F8A1
:1037100080235B0323610221200001F026FE338811
:10372000042B0BD0052B0ED06549032B07D02000AE
:1037300002F0AAFD0320FDF7F3F9BCE76149200080
:1037400003F07AF8F3E76049F9E7062BB3D10122D9
:103750005E4B1A7000233380ADE7042B14D13B88F5
:10376000772B05D80A333B8003231380023B2B7051
:10377000434B1B78002B22D06421554800F010FDEC
:1037800000233F4A13701AE0092B04D13B88772BA2
:10379000EED80133E7E7052B08D13B88282BE7D982
:1037A0000A3B3B8004231380033BE0E70A2B04D150
:1037B0003B88282BDCD9013BF3E7062BD8D13A888C
:1037C000131C782A00D978239AB2282A00D22823F9
:1037D0003B8070E72D4B0021595EFCF76BFEC82142
:1037E000344800F0DDFC00232B7068E7012D00D089
:1037F00007E2384B384E1A78002A2BD00022357059
:103800001A700122354B1A703378354E002B09D0CF
:103810003388934206D196210023324889003380B1
:1038200000F0BEFC3588002D62D12E4F29003800F3
:1038300000F0C4FC002801D1FFF7BFFA2A4C23781E
:10384000002B16D096213800890000F0A9FC2570C5
:10385000FFF7C5FA3778002FD3D1FCF763FD3900A5
:10386000224800F0ABFC0028CBD03570FCF74EFDB1
:10387000C7E702233380FFF7B2FAC046AC0400204A
:103880006813002008000C00ADDA000028130020A7
:103890006001002068010020661300208C120020C7
:1038A000E50E002069130020C4130020D90E00206B
:1038B000A20E0020A41300202A130020E5D9000046
:1038C00037DA00008EDA000093DA0000E60E0020FE
:1038D000BC13002048010020E20E0020E70E00206B
:1038E0004C010020DC130020D30E00209C1300208C
:1038F000022D01D0FFF773FACB4FCC4D3B78002B54
:1039000053D02B78002B01D000232B70FDF71AFB2E
:10391000002308262380132005F02CFA059B96210E
:103920005843FA23000B584305F034FD2388013E29
:10393000C0182080322005F045F8002EEBD12388F6
:10394000BB4ADB102380934207DD3100012005F0E4
:103950009FFB01210B2005F09BFBB64C0323B64ACD
:103960000721200002F0E0FD200002F0B3FD072057
:1039700004F040FF0121080005F08AFB00210B2024
:1039800005F086FB642005F01DF8FCF731FC2B7870
:10399000002B01D1FFF723FA002301223B70A74B34
:1039A000A749A8481A80FFF77EF92B78002B01D190
:1039B000FFF715FA072005F097FB002811D000212A
:1039C000A04800F0FBFB002800D016E19E4B00222F
:1039D0009B5E012B01D0FFF702FA9C4A1370FFF7A0
:1039E000FEF9042005F080FB0028E8D1984B1B78F5
:1039F000002B01D1FFF7F3F9964D01272A78002A11
:103A00007ED18E4C2388012B04D193499348228088
:103A1000FFF749F9002B01D0FFF7E1F900218F48AA
:103A200000F0CCFB002801D1FFF7D9F901232B705E
:103A30002380FFF7D4F90A2004F0C4FFAAE00A2883
:103A400002D0052800D0D4E000232370D1E0814BC0
:103A50001B78002B54D00926814C6425200002F0ED
:103A6000B3FA0221200001F080FC7E4B0A223100D3
:103A70002361200002F057FF200002F005FC0A201D
:103A8000013D04F09FFF002DF9D1013EE4D2FDF786
:103A9000EBFA200002F098FA73492561200002F049
:103AA000CBFE80235B0371492361200002F0C4FE3A
:103AB000200002F0E9FB64350A20013D04F082FF9A
:103AC000002DF9D1200002F07FFA6949200025611C
:103AD00002F0B2FE80235B0366492361200002F0FE
:103AE000ABFE200002F0D0FB5A4B08201D70FDF702
:103AF00017F8200002F068FA5149524800F050FBD4
:103B0000544B1B78002B01D1FFF769F9544C642505
:103B1000200002F059FA0221200001F026FC564B49
:103B20000022236120231100200000930197DB185D
:103B300000F042FF4C49200002F07EFE200002F01F
:103B4000A3FB0720FCF7ECFF0A20013D04F03AFF3D
:103B5000002DF9D10226200002F036FA2000474954
:103B6000256102F069FE20005923102229000296E7
:103B70000195009701F070FB20004E2310223421A4
:103B800002960195009701F067FB200002F07CFB94
:103B90003B4C2770072005F0A7FA002800D14AE720
:103BA000042005F0A1FA002800D144E7032005F025
:103BB0009BFA002800D13EE73800FCF7E1FC2378AF
:103BC000002B00D143E70020FCF7DAFC1E4B244D0C
:103BD0001880092802D0042800D030E700231D4AAD
:103BE00028002370137002F0EFF91549154800F012
:103BF000D7FA280002F048FBE1E701233B70FFF70A
:103C0000EEF8032D01D0FFF7EAF81E4C2378002BC5
:103C100076D11D4B18881038042852D805F0B0FB17
:103C20009136AE519100C0464F010020DD0E0020BC
:103C3000470D0000981C0020FD00000046010020F8
:103C4000E2040000B01300203C010020DC0E002044
:103C5000D80E0020D40E00208813000090130020FE
:103C6000AC0400201C000A00B4DA0000CDD900002A
:103C7000BFDA0000C5DA00000A000A00B9DA000065
:103C8000D20E002044010020D00E00200123D84D88
:103C90000E221F21280000930C3300F0D7FF0026CE
:103CA0000C23062200931E21093B2800019600F0F8
:103CB0004FFE03231422019600931E21280000F0DA
:103CC00047FEC821CB4800F079FACB4B002803D03F
:103CD000012219784A401A70197800295CD02023F3
:103CE000002100931E22C2480191DB1800F030FE33
:103CF0000021C24800F062FA002851D0012323704D
:103D00000023BF4ABF491370BF4A1380BF4A1380C4
:103D1000BF4AD088021C884201D9BE4A1288BC48DA
:103D20000280BD4A1380BD4BD888021C884201D94D
:103D3000B84A12881A80FCF7E9FAFDF703F9FFF791
:103D40004EF801232F22AA4D039319331F21280077
:103D500002930192009300220B3B00F0A4FF002687
:103D60000C23072200931E21093B2800019600F036
:103D7000EFFD03231522019600939EE70123002106
:103D800002931D330193223300930A00A44B9848F9
:103D9000039101F084F894E70F20FDF785FDA7E774
:103DA0002378002B01D1FFF71AF8A9E7002B00D0E8
:103DB000AEE09C4B00229B5E062B01D0012B20D154
:103DC00004232B8000230127974A23701370974AFE
:103DD00006201370964A1360964A1360964A137031
:103DE000964A1360964B1F70FCF79AFE95499648C9
:103DF00000F0D6F9FA219548890000F0D1F9944BEA
:103E00001F707F4B1B78002B24D003232B800025B1
:103E100001210D20257005F00BF901210D2005F081
:103E200037F9824B8B491D70814B74481D60814B63
:103E30001D60814B1D70814B1D60874B1D7000F014
:103E4000AFF9FCF763FA28002900FDF72DFD0C20DF
:103E5000FCF766FE2278814D814B002A00D025E1D7
:103E6000002401210D201C7005F012F9200031788A
:103E7000FDF790FD644B63491C80644B1C80644BD0
:103E8000D888021C884201D9624A12881A80624B83
:103E90001C80624BD888021C884201D95D4A128876
:103EA0001A80FA212A886F4B6F488900DA8100F066
:103EB00085F9002817D0E1226C4C92002368013369
:103EC000236093420FD16A4D2B78002B00D12DE156
:103ED00000210800FCF75CFE0123002800D000232D
:103EE0002B70002323600020FCF74AFB4D4B188009
:103EF00004F038FD5F4C604B206022681B68D31AC9
:103F00005E4A934201D9FEF74EFE04F02BFDF2E724
:103F1000042B36D100225A4B1A70424B00229B5E72
:103F2000062B0BD1574B1B78002B1DD00920FCF71B
:103F3000F7FDFCF737FA0123454A1370524A13780C
:103F4000002B87D001232B800025504915700D7060
:103F50004F49504A0D70FA214F488900257013705F
:103F600000F01EF9357075E701272F4A05201770FC
:103F7000334A2B8013702770FCF7D2FD344B1F702F
:103F8000DCE7012B1BD145490A78002A00D161E703
:103F900002222A8000220A70414922700B803B498C
:103FA0000A703B490A703F4A1370294A1370FCF7A4
:103FB00035F9FA213C48890000F0F2F84AE7032B72
:103FC00000D047E70E4B1A78D3B2002A00D041E761
:103FD00004322A800125144A23701370184B1949A2
:103FE00019481D7000F0DCF8194B1D70FEF71CFF1E
:103FF000AC04002088130020800E002098130020BD
:10400000DA0E0020FEFF0000E2120020FC12002069
:10401000E8130020CADA0000341300208E120020BA
:1040200016DC00003C01002002140020DE0E0020FF
:10403000B00E0020B40E0020DF0E0020B80E0020CD
:10404000D90E002030750000A8130020C0130020F6
:1040500068010020DC05000044010020660100200A
:10406000040F00200C0F0020C8130020BC0E0020FD
:10407000D60E0020701300206C130020A7610000F2
:104080007F0E0020D70E0020E60E0020E20E00205A
:10409000E70E00204F0100209C130020DC0E0020C2
:1040A0004C010020D80E0020AC130020224A1278C8
:1040B000002A00D1D4E601221A70204B1A783378F6
:1040C000002B20D0002A27D01D4C1E4B21781888A9
:1040D000FDF7F2F800232370031C80B278280DD975
:1040E0007823194A99B21380184B19481A78FCF7AB
:1040F00021F800210D2004F0CBFF0DE09AB2282A10
:10410000EFD22823EDE729880B1C782909D97823D9
:1041100099B22B80002AE7D101203178FDF73AFCD3
:10412000BFE689B22829F3D22823F1E70420FCF75F
:10413000DDFEFCF707FFD4E6021400207F0E00200E
:10414000600100202813002016130020E012002038
:104150005C0400200022014B1A70704704140020F8
:10416000034AD379DB09FCD1A53313727047C046EB
:1041700000100040014B1878C0B27047380400406E
:104180000221064B1A788A431A70DA79D209FCD1D7
:10419000997901320A439A717047C0460010004075
:1041A0000B005A1E934170B505000C1E837004D09D
:1041B00004F0D2FB013C24182C8070BD70B58478CB
:1041C00005000E00002C0AD0048804F0C5FB074A45
:1041D000231A9BB20024934205D95B42DCB2310022
:1041E0002800FFF7DDFF200070BDC04660EA000038
:1041F00000207047F8B505000E0017000024BC42EF
:1042000008D02B682800315D1B689847002801D032
:104210000134F4E72000F8BD70470300FC33196A4D
:10422000DA69914203D01B6AC018007E70470120F2
:104230004042FBE70300FC33D8691B6AC01A01D572
:104240000130FF3070470000F7B50193FA23802753
:10425000002504009B008360114B7F0008330E0093
:1042600045602900009203603A00183008F0BBF85E
:1042700023002000FC332130DD613A001D6229005B
:10428000FF3008F0B0F887239B00E3185D609D6065
:10429000009B20002375019B2661A5756375FEBDFB
:1042A00080E2000070B5040018260C49006902F095
:1042B000E7FD206902F036FC33000821207D084D1F
:1042C0004343EB18595604F027FF0821607D46430D
:1042D000AD19695604F020FF70BDC046A0860100EC
:1042E00020F0000070B504000D00006902F02FFC02
:1042F0002900206902F0C4FD206902F013FC70BDA2
:104300008A2300229B00C1540C3BC3185A609A6058
:104310000123837570470200FC32536810B50133E6
:104320009468DBB29C4202D054680155536010BDC2
:1043300010B50300827D002082420ED087229200B9
:104340009C186268A4680132D2B2A24205D021331F
:10435000FF331800FFF7DFFF012010BD0300FC331F
:1043600099685A68914206D09A68805C9A680132CE
:10437000D2B29A60704701204042FBE700228A23B4
:1043800070B59B00827505000E00C15C006902F0EB
:1043900011FC002806D10321286902F0F5FB022454
:1043A000200070BD872328009B00EA18536894689A
:1043B0002130FF301C1B01D50134FF34002C0ED0FE
:1043C0002C69FFF7CBFFC1B2200002F031FC0028BE
:1043D000E8D10321286902F0D7FB0324E0E7002E8F
:1043E000DED00321286902F0CFFBD9E710B5012107
:1043F000FFF7C4FF10BD10B51830FFF7AFFF10BDB9
:1044000070B50400006902F035FC002814D0206962
:1044100002F03EFC002810D0206902F0ABFB032123
:10442000206902F0B1FB8C239B00E558002D39D1A7
:104430000023FC34E361236270BD206902F032FC8A
:10444000002809D0206902F028FC002804D0206947
:1044500002F02DFC0028DFD0206902F023FC0028A8
:1044600026D1206902F00FFC0028E5D0206902F077
:104470001EFC002837D087239B00E21853689268FF
:104480009B1A01D50133FF33FF21002B05D02000FB
:104490002130FF30FFF762FFC1B2206902F0DBFB81
:1044A000A075C9E7236820001B699847A847BFE7A4
:1044B000206902F05FFB2069032102F065FB20699F
:1044C00002F0F5FB0028B7D0872300229B00E318F9
:1044D0005A609A600123A3758B239B00E358934293
:1044E000AAD09847A8E72200FC32D369126A0133A8
:1044F000DBB22069934206D102F033FB032120692D
:1045000002F042FB98E702F0D7FB010020001830D0
:10451000FFF701FF206902F02DFBEFE710B502481D
:10452000FFF76EFF10BDC0460814002010B515231C
:10453000142202490248FFF787FE10BDA82200207E
:104540000814002030B5234B002A37D0224A5A6085
:104550005A78D209FCD1214A9A605A78D209FCD102
:104560001F4A5A805A78D209FCD15F241D4A9464AC
:104570001D4CD46402221D4C25782A4322701C4A0B
:104580005A605A78D209FCD101320271FF291CD934
:10459000FF210422016009021143164A11605A7872
:1045A000D209FCD1144A154911805978C909FCD1A6
:1045B000134911805A78D209FCD130BD114A124CEE
:1045C00014605A78D209FCD1DFE70029E1D101312A
:1045D000DFE7C046000C004005070300053000007F
:1045E0000145000000080040281000004408004079
:1045F00004080300080C0040020C00401A440000AC
:104600001B440000040C004004070300F8B504003C
:10461000182500200B0020492E0046438E599E424B
:1046200004D001300E28F7D1002034E0002083426E
:1046300031DB01266B43C9184B68184D8868DB01D4
:104640005B191D1840352F7840083E431B182E700B
:10465000303318784D69CE682843C0B218702823CB
:104660007343A4680E4D20000F69EB18944200D9E3
:1046700010009A69DB69002105F060F82200002330
:1046800005F03CF828235E43AA59386093685B0222
:104690001B0FFBD10120F8BDA4E200000044004143
:1046A00070010020002010B5022913D828234B43A5
:1046B0000B4CE318981CC2775B680220002A0AD0D2
:1046C0001A681043186028235943625893689B075F
:1046D000FCD4012010BD1A6882431A60F3E7C0467B
:1046E00070010020F7B508AB30CB1E78009401951F
:1046F0000023022958D81C00012A17D0022A13D0FF
:10470000042A53D0082A54D0102A54D0402A55D015
:104710000133FF339A4253D08023E024DB009A42D6
:104720004AD00024012201E08024640028254D4362
:10473000244B5D196F686A613A6814436A1CD67726
:10474000AA683C6015680224002E00D11E4C2C4340
:10475000146028224A439C58A2685206FCD4019A4D
:10476000009F9446002A02D1022F00D2022728225D
:10477000150000264D435D192D69664503D1BD42E4
:1047800001D93D0066464A439A189561D661D268C0
:104790001560A2685203FCD428224A439B180233B6
:1047A000DA7FFFF77FFF01231800FEBD8024A400FD
:1047B000BCE7C024FBE78024E400B7E7A024FBE7C4
:1047C000C024F9E77001002005000F007047F0B524
:1047D00015000C001E0089B00EAB00229B5E0FAAD4
:1047E0001288019005925A1BD11752184A40029222
:1047F000321BD11752184A4003920399029A8A42F7
:1048000005DD32001E00130022002C001500B4420A
:1048100005DD2A001D001300220034001600321BA3
:1048200091B20691591BC8170918414012B207915D
:10483000D10F8A1852100092012204929D4202DB8D
:1048400001235B420493B44222DC019B039A1B6860
:104850009B691F00029B934216DD22002900059BE5
:104860000198B847009B079A9A1A11B293B2009127
:10487000120406D5049AAD18069A2DB2D3181BB2AD
:104880000093013424B2DEE72A002100059BE7E70C
:1048900009B0F0BD704710B504682469A04710BD89
:1048A00037B506AC258804680095A46BA04737BDD2
:1048B00037B506AC258804680095E46BA04737BD82
:1048C00073B506AC0025655F07AC268804680196C1
:1048D0000095246CA04773BDF0B5160004000D00D0
:1048E00085B003930AAB1F8803685B699847039BF5
:1048F0002268013B9B191BB2009301972B002900F2
:104900002000976A3200B84723682000DB6A984786
:1049100005B0F0BDF0B505001C000E00170085B015
:104920000AAB1B88013C03930368A4195B69984791
:1049300003992A68019100973100280023B2946AF4
:104940003A00A0472B682800DB6A984705B0F0BD05
:10495000F0B50E0087B003930CAB029200229B5E71
:10496000040004930DAB1B883500059303685B6955
:104970009847039A2368B21895420BDA059A2900E2
:1049800000921B6A20001F00029A049B0135B84761
:104990002DB2EEE72000DB6A984707B0F0BD13B5F3
:1049A00001910E24015F0C22835E02680091146C59
:1049B00000221100A04713BDF0B5040015000E0041
:1049C00087B004930CAB00229B5E05930DAB1B8854
:1049D000039303685B699847039A23680092310048
:1049E0002A0020005F6A049BB847059B03995A1E62
:1049F000236800915219310020005F6A12B2049BB3
:104A0000B847039A2368009231002A0020001F6AE9
:104A1000059BB8470499039A2368013900928919C4
:104A20002A0020001F6A09B2059BB84723682000AE
:104A3000DB6A984707B0F0BD7047F0B585B00293C8
:104A40000AAB0027DF5F0BAB1B8816000393029BAA
:104A500004000D000268994210D1BE4202DD33000D
:104A60003E001F00039901370091BB1B976B1BB2DF
:104A7000320029002000B84705B0F0BDBE420CD17D
:104A8000029B994201DD029D0291029B0399013331
:104A90005B1B0091D76B1BB2EAE753699847039AF7
:104AA00023680192009720009F6A3200029B290030
:104AB000B84723682000DB6A9847DDE703230B40F3
:104AC00010B583760822835E0A24025FC90702D4E8
:104AD0008381C28110BD8281C381FBE74281C28193
:104AE0000122002310B55242064C4261064A0834A6
:104AF0004360046001818181036182610377036205
:104B000010BDC046F4E8000001010001F0B51C0032
:104B10008FB00692012214AB1B780591079315AB59
:104B20000021595E16AB1B8805000893A3B2D01A6A
:104B300093405B421BB289180C938BB20993049388
:104B4000002300B2029003930D92039BA3427BDAF1
:104B5000029B2700002B09DB0C9B671E02331AB255
:104B60000C92029A3FB29B181BB202936B469B8930
:104B70000A9301339AB21BB203930B925300029A29
:104B800001339B181BB20293039B9F422CDB079BB4
:104B90000D9A134212D00999BAB25300CB18069954
:104BA0000B988A1A05992E68411808981BB2009034
:104BB000306A12B2060009B22800B0470222079BF1
:104BC000134211D00999BAB25300CB1806990B9829
:104BD0008A1A0599089E091A28680096066A1BB267
:104BE000280012B209B2B047BC4227D0079B0D9AE9
:104BF00013420FD06B460A9910229B5E069A089EBC
:104C0000521A0599286809190096066A12B22800F6
:104C100009B2B0470222079B13420FD06B460A9994
:104C200010229B5E069A2868521A059912B2091B37
:104C3000089C09B20094066A2800B047049B3C0017
:104C400002339BB2049380E70FB0F0BDF0B51E00B5
:104C500004000F0087B00CAB1B8804920593036817
:104C60005B69984704990598B2B253008A1A216883
:104C70000090096A01330D00200039001BB212B206
:104C8000A847059B390002930023019303332000BA
:104C9000049A00933300FFF739FF23682000DB6A92
:104CA000984707B0F0BDF0B591B01D0016AB029269
:104CB00000229B5E0700039317AB00269E5F18AB94
:104CC00000229B5E039A049319AB1B880C00099386
:104CD000029B934200DCD7E0049A93421DDD049BC3
:104CE000039A934212DA1300049A0392029A0293EF
:104CF0002B003500260004921C000EE0029B039A54
:104D00000393230002922C001D00E8E7029B049A03
:104D10000493230034001E0002923B6838005B6954
:104D20009847039B049A93421DD1A54202DD2B00B4
:104D300025001C00B54205DC231CB44200DA331CFC
:104D40002E001CB209993A6801340091A31B556AE0
:104D500031003800039A1BB2A8473B683800DB6A71
:104D6000984711B0F0BDA3B2ADB205935B1B1BB267
:104D70006A460D936B4691891B89B6B25A1A12B2D4
:104D80000E92721B12B208926A46128A511A09B226
:104D90000B910599D21A761A31B212B20C910F9278
:104DA0000499029A0A928A4202D0013B1BB20A93EA
:104DB0000023039E079306930A9B9E422ADC0E99CA
:104DC000069804F071FB28180B9904B2079804F0B8
:104DD0006BFB0D9A069B9446089A6344944606938F
:104DE000079B2818634400B20793844202DD230026
:104DF0000400180009993A680091526A01309446FB
:104E0000031B32002100380064461BB20136A04764
:104E100036B2D1E7029BF21A0C9B53430293039BD9
:104E2000089AF31A5A430392049B9E4200DD94E7CA
:104E30000F99029804F038FB059B0B99181804B2DF
:104E4000039804F031FB0C9A029B9446089A634441
:104E500094460293039B2818634400B20393844250
:104E600002DD23000400180009993A680091526A93
:104E700001309446031B32002100380064461BB207
:104E80000136A04736B2CFE7039B049A934200DD78
:104E900034E7029A029303922B000D002CE7F0B541
:104EA0008DB0079312AB069200229B5E0591019391
:104EB00013AB00229B5E0400089314AB1B880026F2
:104EC000099315AB1B8835000A9303685B69984703
:104ED0000722019B0B92D91DCB1713405B18DB10E7
:104EE000029333009AB20392069A99B28A1812B2C8
:104EF0000492089A934227DA0023019A93421DDA1A
:104F00009AB200920B9A6D00EDB2134203D1079A48
:104F1000DB109219D55C2368059A9B691F00009BE2
:104F200099186AB2099B09B2002A00DB0A9B20008B
:104F3000049AB847009B01331BB2DEE7039B029A39
:104F400001331BB2B618CDE723682000DB6A98470F
:104F50000DB0F0BDF0B585B00AAC0025645F0BADB7
:104F60000026AD5F0DAF0CAE36883F8802960397E2
:104F700001950094FFF793FF05B0F0BDF0B595B033
:104F80001D001AAB1B88049205931BAB1E881CAB3B
:104F90001B78026A02931DAB1B78040008910393EF
:104FA000002A00D0C4E00C22835E8B4200DC7DE04E
:104FB0000E22835E049A934278DD0623029A5343BD
:104FC0005B18002B72DD039B049ADB009B18002BFF
:104FD0006CDD037F002B03D1AF2D01D90135EDB27C
:104FE000236820005B6998470522002355430793F7
:104FF000984B0B925B190F93079A0F9B9B5C0A933C
:105000006B469B8B09936B461B89099A0E936B46E3
:105010001F8C029B5343FB181BB20D9308230C9368
:105020000023069301220A9B2068134252D06B464C
:105030001A8B198A029B012B3AD1039B012B37D182
:10504000099B52188569D919059B12B209B2200033
:10505000A847069B01335BB206930A9B5B080A9341
:105060000C9B013BDBB20C93002BDBD1079B013384
:105070005BB207930B9B013BDBB20B93002BBBD1C5
:10508000059BB3420ED0029B2268012B3FD1039BAC
:10509000012B3CD105370096156A2000049A39B2DD
:1050A0000733A84723682000DB6A984715B0F0BD96
:1050B0006B4608255B5F039D6A438A18059912B207
:1050C000019169460C25495F0091C5690D99200041
:1050D000A847BEE7059BB342BBD06B461A8B198A23
:1050E000029B012B0AD1039B012B07D1099B52186C
:1050F000D9198569330012B209B2A8E76B460825B1
:105100005B5F039D01966A438A1812B2D9E76B462A
:1051100008215B5E05210E9801964143039879189A
:10512000C0000090D5692000049A09B2A847B9E7E9
:10513000137A5168ED1A1268EDB2ED0013924A5BD2
:105140004B1909929A780D92DA78119205229A56A3
:105150009B790E925BB20F93029B012B02D8039BAB
:10516000012B56D96B4638229B5E0B936B463C2233
:105170009B5E0C930027236820005B699847079784
:105180000697119B069A9A4200D38BE76B461B8ABF
:1051900000260A930C9B9B18039A53430A9AD31830
:1051A0001BB210933B000D9A96424BD25A1CD2B2BE
:1051B00012920722134207D1099B0999139A0133CE
:1051C000525C9BB2079209936B461B7F5BB2002B2C
:1051D00017DA6B46198C029B2068012B1DD1039BAB
:1051E000012B1AD10A9B0F9A9A18069BD2180E9B74
:1051F00012B2C918836989191D002000059B09B2E4
:10520000A847079B01365B00DBB20793F6B2129BFF
:10521000C9E700230C930B93ACE76B4608229B5E17
:105220000B9A029D92196A438918059A09B2019254
:105230006A460C25525F0092C26920001500109A40
:10524000A847DEE7069D0D9B0135FF18EBB2FFB2C4
:10525000069396E7F4E300007FB508AC258809AC17
:1052600026880AAC24780196009503940294FFF7EF
:1052700085FE7FBDF0B5026A04000D0085B0002AEE
:105280002CD10A2908D1437E0282DB00628A9B1856
:105290006382012005B0F0BD0D29FAD01223C25E51
:1052A0001023C15E437E0393037E0293C38A01935E
:1052B000838A00932B00FFF761FE227E238A312D23
:1052C00008D1042A02D113332382E2E7032A01D151
:1052D0000E33F9E706214A439B18F5E70A2905D161
:1052E00000230382127B437E5343CFE70D29D0D0A6
:1052F000137A9942CDD3917AA942CAD3EB1A516855
:10530000DBB2DB00CE18B178002929D0F378002B6E
:1053100026D0E37E007E677E002B13D00523F35654
:105320005B1843439C461023E15E8C440C23E15EF2
:105330008C4507DD1223E15E00232382137B7B4330
:105340005B1863821223E25E1023E15EE38A02901F
:105350000193A38A2000009303972B00FFF70EFE12
:10536000227E33795343228AB6E70B1C002900D1F1
:10537000012303764376704710B500F02DFB002221
:10538000024B8000C35849331A7010BD901600209C
:10539000F0B5040085B01E000AAB1B7810300193F5
:1053A0000BAB1B78170002930CAB1B780D0003931B
:1053B00000F094F92000243000F090F9220000233E
:1053C0004832A363E36323646364137053706372AE
:1053D0009D4205D12721084B084A094806F08AFF5B
:1053E0002000019B25606371029B2771E371039B81
:1053F000A671237205B0F0BD4CE900005DE9000024
:10540000B1E9000030B5040085B002AD006802913A
:10541000039201F042FB6B79227AE17920680093D4
:10542000002301F003FD2979029A206801F05AFB5C
:10543000206801F028FB05B030BD000007B5837A75
:1054400000910192002B07D09A070AD5EFF3108341
:105450005A425341C37272B60099019AFFF7D2FFC4
:1054600007BDDB07F8D5C368014A9BB29360F3E739
:105470000018004010B5006801F018FB10BD0000D6
:1054800010B5006801F026FC03000020834203DB16
:105490000C304343014A985810BDC04618EA00003A
:1054A00010B5006801F016FC002805DB0C2343430F
:1054B0000348C018406810BD01204042FBE7C046C9
:1054C00018EA000010B5006801F004FC002805DBB4
:1054D0000C2343430348C018806810BD012040429C
:1054E000FBE7C04618EA0000F0B5060010360500DC
:1054F00089B0300000F048F900286CD12F00243723
:10550000380000F041F9041E62D12800FFF7DAFFED
:10551000C1B2300000F018FA0221300000F038FA71
:1055200001222E49300000F00BFA300000F054FA4E
:105530002B4B8000C5502800FFF7B2FFC1B23800E6
:1055400000F002FA0221380000F022FA380000F0E0
:1055500043FA234B8000C5502800FFF791FF012339
:10556000010022000293300023000494039401946C
:10557000009400F033FAA8632800FFF781FF0123AD
:105580000200210001933800230004940394029444
:10559000009400F023FAE863402006F007FF2A0099
:1055A00048322864079200280BD0012313706864E6
:1055B0006B6C10221819E96B103406F00BFF402CAD
:1055C000F6D1079B1B78002B05D1380000F076F947
:1055D000300000F073F909B0F0BDC0467953000007
:1055E0009016002070B5437A0400002B03D10122ED
:1055F00043814272C360230048331B78002B02D1E1
:105600002000FFF771FF18263300082120790D4D87
:105610004343EB18595603F07FFD33000821A0796E
:105620004343EB18595603F077FD08216079464350
:10563000AD19695603F070FD034B200006CBFFF750
:10564000E1FE70BD20F00000881600201FB5094A59
:10565000094B0A491360002393800293013301939D
:1056600016330093162201330548FFF791FE05B06B
:1056700000BDC0468816002000093D00AC22002075
:105680003C160020084B1968002909D1EFF310805F
:10569000064A002803D172B6BFF35F8F0131117043
:1056A0001A6801321A607047481800204418002018
:1056B000084B1A68002A0CD01A68013A1A601B6855
:1056C000002B06D1044B1B78002B02D0BFF35F8F59
:1056D00062B670474818002044180020FF2310B518
:1056E0000370C023002104009B004170418083802F
:1056F0000C22083006F077FE200010BD01230A00BE
:1057000010B51A40194208D00C4A13700333437085
:105710008368002B00D0984710BD0223194204D0A3
:1057200006490B70C3684270F3E704231942F3D0B3
:10573000024A1370033343700369EAE74E4800419D
:1057400010B5FFF79FFF0C4B1B8C1B071B0F0B2B80
:105750000FD80A4A9900885800280AD00F2408490F
:105760000A78A24313430B70064B1978C9B2FFF7AE
:10577000C5FFFFF79DFF10BD004800414C180020F9
:105780003F4800414E480041F8B50023027805002B
:1057900018000B2A77D93C4E2B702B780B2B07D88F
:1057A00001229A403168114204D001332B70F4E792
:1057B000012068E0FFF766FF3768344C002F2BD1DB
:1057C0002022334B334859690A435A611022D96960
:1057D0000A43DA6102222388390093432380238815
:1057E000013A134323802C4B6063BF32A36306F05E
:1057F000FAFDC0223900284806F0F5FD4022C120FC
:10580000264B80002380264B26491A601A581140E7
:10581000C02212040A431A5001231A002978306862
:105820008A40024332600F261F4A880085501F4875
:1058300031400278B2430A43027002201C4A1178B8
:1058400081431170117819431170297822698B40B6
:105850009A43226160223F21636C934363642A79F7
:10586000636C0A40134912020B4003211343636423
:105870006A79636C0A40104992050B4013436364D4
:10588000FFF716FF0020F8BD401800200048004137
:105890000004004080170020C0160020020F000006
:1058A00000E100E0FFFF00FF4C1800203F480041EE
:1058B00040480041FFC0FFFFFFFF3FFF70B50500FC
:1058C000FFF7E0FE6B785CB2062B2BD02B7802241E
:1058D0000B2B27D801229A40144B1968114221D072
:1058E0001968914319601B68002B14D14022104B9A
:1058F000DA67BFF34F8FBFF36F8F21000D4A0E3170
:105900001388A34313800C4BDA698A43DA615A691E
:1059100010318A435A6100242B78084A9B009C501E
:10592000FF232B70FFF7C4FE200070BD401800203D
:1059300004E100E000480041000400404C18002051
:105940000232920011507047037870B505000C00C8
:1059500001710B2B14D8FFF795FE29780F25094804
:1059600029400378084AAB430B4303703F23516C33
:105970001C40064B240219400C435464FFF798FE68
:1059800070BDC0463F48004100480041FFC0FFFFD6
:10599000037870B505000C0041710B2B14D8FFF78C
:1059A00071FE29780F25094829400378084AAB433E
:1059B0000B4303700323516C1C40064BA405194094
:1059C0000C435464FFF774FE70BDC0463F4800416D
:1059D00000480041FFFF3FFF00787047F0B587B0F7
:1059E00001930CAB1E780DAB1B78050002930EAB38
:1059F0001B780078039310AB1F78049105920B2855
:105A000002D9002007B0F0BD6B78062BF9D0AB7837
:105A1000002B00D179E01021080006F0BDFC002821
:105A2000EFD02B783B4A1B019B181A00D168002944
:105A300004D0D1688B4201D0D268F7E7D060012250
:105A40000223AA70964203D0DB18022E00D0130066
:105A500006240188114301800188A1430180018847
:105A60001234A1430180153C018826402A4C36029D
:105A700021400E430680029E0188284C164021409A
:105A8000B6020E430680039E0188254C1640214035
:105A9000F6020E4306800188224E3A40314012033E
:105AA0000A43072102800F9A114002884903D20459
:105AB000D20C0A4302806A4692884280049A42606D
:105AC000029A002A08D0019A41685A43002F01D057
:105AD0000F9CA2408A184260059A8260039A002AAD
:105AE00009D0019A84685A431300002F01D10F9AFC
:105AF0009340E31883600023EA789A4203D02B781E
:105B0000044A1B019B18C3607CE7024B0001C018CC
:105B100095E7C04680170020FFFCFFFFFFFBFFFF5B
:105B2000FFF7FFFFFFEFFFFFF0B5150005AA148890
:105B3000827E022A00D16BE0032A00D19FE0012A75
:105B400000D06DE0EA430589AD182DB2002D5EDB73
:105B50000826825FAA425ADD002902DA5B1800217A
:105B60001BB20A22825EC818904201DD531A1BB292
:105B7000002B4CDDC8B2C2085E499201521952187E
:105B800007250100DBB2294028421CD008205A4DCD
:105B9000401AC0B22D5C834200D3A3E0FF26C71A8F
:105BA0003E413540012C00D16EE0022C00D16FE067
:105BB000002C2CD11678AE431670834227D30839B7
:105BC0005B18DBB24032072B14D9022C63D11000D2
:105BD000190005780839ED43C9B20570403007292E
:105BE000F7D819000839C9B2C9080131890152181A
:105BF00007210B40002B0AD04049CB5C012C58D028
:105C0000022C5AD0002C02D1117899431170F0BDAA
:105C1000EA434589C918AD1802892DB2511A09B253
:105C2000002DF4DB0A26825FAA42F0DD002902DAA9
:105C30005B1800211BB20822825EC818904201DD69
:105C4000531A1BB2002BE2DDEA1092015118294AC7
:105C500001208A1807210D40A840C0B2012C2FD086
:105C6000022C36D0002CD2D1C043C0B2013B1BB2B3
:105C7000591CCCD01178014011700132F6E74289ED
:105C8000C918511A09B261E716783543157094E7BF
:105C900016787540FAE7611E484241411500180028
:105CA0004942C9B20838C0B2297040350728F9D82E
:105CB00097E711780B431370A9E711784B40FAE787
:105CC000013B1BB2591CA2D0117801431170013263
:105CD000F6E7013B1BB2591C99D011784140117075
:105CE0000132F6E7012CCFD0022CD1D0002C00D00D
:105CF00065E75FE7F8010020F0010020E8010020DF
:105D0000F0B50C0005A90D88817E02293CD003293D
:105D100000D1A1E001293FD10189D2188A1A12B21B
:105D2000002C00DA97E00A26815FA14200DC92E0B5
:105D3000002A02DA9B1800221BB20821415ED0180B
:105D4000884201DD8B1A1BB2002B00DC83E0E110DE
:105D500089018A185D490120511807221440A0408A
:105D6000C0B2012D00D17CE0022D00D182E0002DD7
:105D700071D1C043C0B2013B1BB25A1C6BD00A7830
:105D800002400A700131F6E7E1430489D218641831
:105D9000418924B28A1A12B2002C5CDB0826815F8A
:105DA000A14258DD002A02DA9B1800221BB20A2108
:105DB000415ED018884201DD8B1A1BB2002B4ADDF0
:105DC000D2B2D108414889010919091814000720E5
:105DD000DBB2044002421AD001303D4A001BC0B27F
:105DE000125C834200D36AE0FF26C71A3E4132406C
:105DF000012D48D0022D4AD0002D2CD10E7896438B
:105E00000E70834227D3083C1B19DBB24031072BAD
:105E100014D9022D3ED108001A000478083AE44350
:105E2000D2B204704030072AF7D81A00083AD2B22A
:105E3000D20801329201891807221340002B0AD0A0
:105E4000244AD35C012D33D0022D35D0002D02D150
:105E50000A789A430A70F0BDE1434489641824B279
:105E60005EE7013B1BB25A1CF5D00A7802430A7068
:105E70000131F6E7013B1BB25A1CECD00A784240D4
:105E80000A700131F6E70E7832430A70B9E70E78EE
:105E90007240FAE76A1E504242410C00180052421A
:105EA000D2B20838C0B2227040340728F9D8BCE713
:105EB0000A7813430B70CEE70A785340FAE7012DB6
:105EC000E1D0022DE3D0002D9DD197E7F80100200D
:105ED000F0010020E801002030B5002947DB0C2547
:105EE000445F8C4243DD002A41DB0E25445F94422F
:105EF0003DDD847E022C1ED0032C25D0012C04D144
:105F0000D243008980180A0001B2012B22D0022B53
:105F10002ED0002B2BD10720D31703409B18DB106A
:105F20009B0159180123024093401A00174C635CEF
:105F3000934363541BE00489013C611AD4434289B2
:105F400009B2121912B2E0E740890138401A110073
:105F500002B2DAE70724D01720408018224093408D
:105F6000C010800141180948425C1343435430BDBE
:105F70000720D31703409B18DB109B0159180123FE
:105F800002409340014C625C5340D2E7F80100208C
:105F900070B504000D0020224021FEF79FFD094B43
:105FA000FF220833236023002A331A7022000123C2
:105FB00028325B42E38413702300293320001D70D4
:105FC00070BDC04660EA0000802210B50021024882
:105FD000520006F008FA10BDF80100200300F7B5E2
:105FE0002B331B7804000D00002B03D01348FFF760
:105FF00041FAF7BD082380260127009323001F20C4
:10600000083301931856002103F042F831001F2095
:10601000E31D185629402E4200D0390003F038F80D
:106020001F20019B3900185603F032F8009B7608B8
:10603000013B0093002BE1D1DBE7C0463C1600207A
:1060400070B5C31DDB7F04005BB20D0001331AD0B5
:10605000060000202A360121305603F019F82820C6
:106060000021205603F014F800200021305603F0E0
:106070000FF829002000FFF7B1FF00200121305662
:1060800003F006F870BD0534E17F084C2000FEF7F0
:1060900037F900212000FEF74BF929002000FEF718
:1060A00047F92000FEF7A2F9ECE7C04608140020EB
:1060B000F0B585B00093831DD977431DDA771F2390
:1060C000C71DFB5604000D00013300D1CAE00300D8
:1060D0002020083301931856012102F0A9FF260061
:1060E0002A20012120562B3602F0A2FF3378002B04
:1060F00000D1A7E0604E3000FFF774FA002302AA37
:10610000938030005D49039AFFF798F9009B002BBC
:106110001DD02600002029363056002817DB01212B
:1061200002F086FF00200121305602F0B1FF01206D
:1061300002F048FC00200021305602F0A9FF0A209E
:1061400002F040FC00200121305602F0A1FFAE21F8
:106150002000FFF775FFD5212000FFF771FF802198
:106160002000FFF76DFFA8212000FFF769FF1F2126
:106170002000FFF765FFD3212000FFF761FF00211A
:106180002000FFF75DFF40212000FFF759FF8D2120
:106190002000FFF755FF1021012D00D01421200011
:1061A000FFF74EFF20212000FFF74AFF00212000CB
:1061B000FFF746FFA1212000FFF742FFC821200082
:1061C000FFF73EFFDA212000FFF73AFF12212000FF
:1061D000FFF736FF81212000FFF732FFCF2120009B
:1061E000FFF72EFFD9212000FFF72AFF2221012DE2
:1061F00000D0F1212000FFF723FFD9212000FFF775
:106200001FFF2221012D00D0F1212000FFF718FFF0
:106210002000DB21FFF714FF20004021FFF710FFD3
:106220002000A421FFF70CFF2000A621FFF708FFA4
:1062300020002E21FFF704FFAF212000FFF700FF11
:1062400005B0F0BD1F200121385602F0F1FE1F20DD
:10625000019B0121185602F0EBFE3378002B00D190
:1062600054E747E7064E3000FEF71CF830000549BA
:10627000FEF738F84AE7C0463C16002000127A00C4
:1062800008140020801A0600F8B504002121FFF749
:10629000D7FE20212000FFF7D3FE5F212000FFF76B
:1062A000CFFE22212000FFF7CBFE00212000FFF7C8
:1062B000C7FE03212000FFF7C3FEE31DDB7F10268E
:1062C0005BB2013321D0260000202A36012130564E
:1062D00002F0DEFE28200121205602F0D9FE002027
:1062E00000218027305602F0D3FE00257F00174B97
:1062F0002000595D0135FFF771FEBD42F7D1002046
:106300000121305602F0C4FEF8BD3500104F631D68
:106310003800D97FFDF7F4FF103D40213800ADB2C1
:10632000FEF706F8094B3800595D0135ADB2FDF7AF
:10633000FFFFAE42F6D13800FEF758F8882310363A
:10634000B6B25B009E42E0D1DEE7C046F801002015
:106350000814002010B5054A0549064800F010F859
:106360000022054B05491A705A5410BD0104000063
:1063700000EB0000801C00207C18002002040000BC
:1063800030B5094D094CAB685B035B0F9B001C5992
:106390000460AB6801619BB243606343A400836007
:1063A000C460426130BDC0460040004100F00000C2
:1063B000F7B58026194D01916F6803333E439B0862
:1063C0006E60002B29D0164E2E802E7DF107FCD555
:1063D0001E000768991BBF088F4217D9002E15D0E1
:1063E000FF2117788C433C430E4957780C403F02FD
:1063F0003C439778A4B23904D7780C433F060199FF
:106400003C4310C101910432013EE2E7064B2B8070
:106410002B7DDB07FCD53300D3E7F7BD00400041FF
:1064200044A5FFFFFF00FFFF04A5FFFF044B054A43
:106430004908D9611A801A7DD207FCD57047C04639
:106440000040004102A5FFFF70B504000D001600DA
:10645000E36829002000B34205D2FFF7E7FFE368B5
:10646000ED18F61AF4E7FFF7E1FF70BD10B5100064
:106470001A0005F0AFFF10BD114B12495A880A40AF
:106480005A805A78D209FCD10F4A5A805A78D209D8
:10649000FCD10E4A5A605A7852B2002AFBDB8022A5
:1064A000596892030A435A605A7852B2002AFBDBB9
:1064B000C023074A9B0051680B4353607047C04696
:1064C000000C0040FFBFFFFF05460000060301006F
:1064D0000040004170B5104800F0CCFE0024A042FE
:1064E00003D10E4801F0CEF9013402220C4B0D48C5
:1064F0001968914319600421056929430161BFF3BB
:106500004F8F30BF19680A431A60002C02D003482D
:1065100001F07CF970BDC046D4220020F02200209A
:1065200010E000E000ED00E070B505001400080088
:106530001A001A290AD9FF2907D10021280000F0E2
:1065400099F82100280000F043F870BD18211625A5
:106550004143094B5B185D576B1CF6D0102DF4D0EE
:10656000210002F085F8FFF787FF0123AB40034AC3
:1065700051690B435361E8E720F000000018004028
:106580000423044A10B5117E0B431376024B5B685B
:10659000984710BD00400042981C002010B50248EA
:1065A00000F004F810BDC046981C002000230370C2
:1065B00070470000044B10B51B68002B00D09847B3
:1065C0000122024B1A7210BDA01C002000140040D2
:1065D000014B19607047C046A01C0020094B0A4AB5
:1065E0009A605A7852B2002AFBDB084A5A605A78FD
:1065F00052B2002AFBDB064A5A805A78D209FCD1F3
:106600007047C046000C0040020400000205110063
:10661000044200000221044B1A888A431A809A7AA5
:10662000D209FCD17047C046001400400222044B3E
:1066300019880A431A809A7AD209FCD17047C04659
:10664000001400400122044B19880A431A809A7AE8
:10665000D209FCD17047C046001400400121044B10
:106660001A888A431A809A7AD209FCD17047C046A8
:10667000001400402023F7B500272A4A0E00916934
:1066800005000B439361284B284A294C9A82BE424D
:106690000BD1284B37001A7870231A4205D0238873
:1066A0001B0702D50127236901932800FFF796FFF6
:1066B0002800FFF7AFFF2800FFF7C4FF63881E4ADA
:1066C000134063801D4B2380A37ADB09FCD1C021DA
:1066D0001B4A08331360890053581B021B0A53508E
:1066E0000123E27913430722E371237F9343237746
:1066F000A37ADB09FCD12800FFF798FF2800FFF7F9
:10670000ADFF002E0BD1002F09D0019B002B06D02E
:106710002361A37ADB09FCD101332B70F7BD8423FD
:10672000DB03F5E70004004000080040CE0600004F
:106730000014004038040040FFBFFFFF080A0000BB
:1067400000E100E010B5024801F098FE10BDC0461F
:10675000A41C002010B5024801F090FE10BDC046F8
:10676000A01F0020F7B501240326154F1549380056
:1067700000F0F3F81449154800F0EFF814491548F3
:1067800000F0EBF81449154800F0E7F814491548F3
:1067900000F0E3F8144D1549280000F0DEF8390048
:1067A0002300009600220194114801F0FDFD29000C
:1067B00000961E231F2201940E4801F0F5FDF7BD3F
:1067C0009C22002000080042000C0042A022002071
:1067D00000100042A422002000140042A822002041
:1067E00000180042AC220020B0220020001C004211
:1067F000A41C0020A01F0020F8B505000E00170003
:106800000024BC4208D02B682800315D1B689847E3
:10681000002801D00134F4E72000F8BD70B5050070
:106820000C00081E07D006F0EBF92B6802002100CF
:1068300028005B68984770BD10B5FFF7EFFF10BDEB
:1068400010B503681B68984710BD000010B50249D9
:10685000FFF7E4FF10BDC04670F4000070B50400FF
:10686000FFF7DCFF05002000FFF7F0FF401970BDC7
:106870000EB410B5040097B019AB04CB502102A898
:10688000019306F0EFF9200002A9FFF7C7FF17B048
:1068900010BC08BC03B01847F0B58BB06B461400B1
:1068A0000022053307000D00DA77012C00D80A24F6
:1068B00009AE2800210002F0F3FD0300CAB208006F
:1068C00029001D0013003733DBB2092802D813005A
:1068D0003033DBB2013E33708C42EAD931003800EC
:1068E000FFF79CFF0BB0F0BDF8B507000D00161EBA
:1068F00004D10368C9B21B689847F8BD0A2A0CD1B5
:1069000000290BDA2D21FFF79BFF320004006942BA
:106910003800FFF7C1FF2018EFE7D2B22900380096
:10692000FFF7BAFFE9E710B5FFF7DEFF10BD70B55E
:106930000400FFF7D9FF05002000FFF787FF40198B
:1069400070BD10B5002A04D10368C9B21B6898470E
:1069500010BDD2B2FFF7A0FFFAE70160704794467E
:10696000F0B505AC25789C1E621E9441624606680F
:106970009207376824063A432243072432600068AE
:106980002140AD01002442682943022B00D05C0362
:106990000A4322434260F0BD30B5C0250368AD0311
:1069A0001C6812052A402243C0240904A402214085
:1069B0000A431A6003685A6814435C6030BD0123BF
:1069C000026811680B43136003681A68D207FCD48D
:1069D000DA69D207F9D470470223026811680B43C1
:1069E00013600268D3699B07FCD4704703681A7E62
:1069F000D20702D41A7E9207FCD5704700220368A2
:106A00005A8370470368187E4007C00F70470368B9
:106A1000187EC0097047802302685B42117E0B43D9
:106A2000137670470368588B8007C00F70470223A6
:106A30000268518B0B43538370470368187EC0076D
:106A4000C00F70470368188DC0B2704703681A7E84
:106A5000D207FCD589B2012019857047012203684D
:106A60009A757047012203681A75704701230268FE
:106A700011680B43136003681A68D207FCD4DA6903
:106A8000D207F9D470470223026811680B431360E0
:106A90000268D3699B07FCD470470368DA699207E0
:106AA000FCD402211A688A431A6070470268936A0C
:106AB0005B0A5B020B43936203681A7E5207FCD5A4
:106AC000986AC0B27047000010B50548490002F04E
:106AD00061FC80B2002801D0013880B2C0B210BD84
:106AE000006CDC0270B50C0001261100630802681E
:106AF00033403440156824075B0723432B4313605E
:106B00000468FFF7E1FF207370BD0123026811687C
:106B10000B43136003681A68D207FCD4DA69D20702
:106B2000F9D470470223026811680B4313600368AD
:106B3000DA699207FCD430215A8B8A431100102263
:106B40000A435A830268D3695B07FCD47047022169
:106B5000026813688B4313600268D3699B07FCD4F7
:106B6000704780230268DB02116851680B43536051
:106B700070470000036803491A685A680A405A605F
:106B80007047C046FFFFFBFF032230B5036811408A
:106B90001C68074D5A6809042A40E4061143640F33
:106BA0005960052C03D10268D3695B07FCD430BD62
:106BB000FFFFFCFF30B503680400588B8006800F90
:106BC000022813D05D8B0020AD06AD0F032D2ED013
:106BD000588B800705D55D8B0020AD06AD0F012DCC
:106BE00025D15D8BAD06AD0F281E20D04800596A17
:106BF0001043C90AC0B2C902014359622368002A7E
:106C000008D11A7ED207FCD5588B01234007C00F4C
:106C100058400CE01A7E9207D00F002AF4DB1A7E4F
:106C2000D207F7D5C022596892020A435A6030BD94
:106C30000368283319700268137EDB07D80F002B16
:106C400003D1538BDB07F7D570470123508B4007E7
:106C5000C00F5840F8E70368283319700268137EA4
:106C60005B07D80F002B04DA0123508B4007C00FBD
:106C70005840704703681868C006400F0438434204
:106C80005841C0B270470368187E4007C00F704774
:106C90000368187EC007C00F70470368588BC00692
:106CA000C00F70470368187E8007C00F70470368E5
:106CB000588B0007C00F704703681A68D206520F3E
:106CC000052A02D11A7E9207FCD528331878C0B263
:106CD000704700000368104A934213D00F4A934252
:106CE00012D00F4A934211D00E4A934210D00E4A4E
:106CF00093420FD001200D4A4042934201D1063009
:106D000040B270470020FBE70120F9E70220F7E7D7
:106D10000320F5E70420F3E700080042000C0042DE
:106D2000001000420014004200180042001C004203
:106D3000F8B5FFF7CFFF00282CDB1D4BC00018185B
:106D400005230479C3560320FF221840C000824067
:106D5000C021D2438140002B1DDB1F2501201D4097
:106D6000C026A840134D7600A851C0269B089B0062
:106D70005B19B6009F593A401143995128603F234F
:106D800023408024E4011C430B4B5C805A7852B2B0
:106D9000002AFBDBF8BD0F200340083B07489B0897
:106DA0009B001B18D86902401143D961E7E7C04630
:106DB00074F4000000E100E0000C004000ED00E091
:106DC000F8B504000F0016001D00FFF7B1FF20000A
:106DD000FFF7F5FD1C21BB000B4071072268090C71
:106DE0000B431360842322689375012F1AD110215D
:106DF000012E00D008390C4B69431868C00002F01E
:106E0000C9FA0722216802408B895203DB04DB0C9C
:106E100013438B81226803049089DB0C400B4003F1
:106E200018439081F8BDC04694030020F7B50500D3
:106E3000019308AB0C0016001F78FFF717FE28001F
:106E4000FFF776FFC021C022890224040C40920380
:106E5000BF073605274316403E430C2707222B6801
:106E60003E431E60019B296813401A0080239B0249
:106E700013434B602A68D3695B07FCD4F7BD00005D
:106E8000F8B504000F00FFF753FF2000FFF73DFEA9
:106E90001422236879001A600C4B25681E683000A4
:106EA00002F078FA0A490400300002F073FA7D23F8
:106EB000FA215843C90002F06DFAFF23241AE8684A
:106EC000053C1C4098430443EC60F8BD940300204B
:106ED00040420F000221084B1A888A431A80DA7B4D
:106EE000D209FCD101321A80DA7BD209FCD11A888E
:106EF000D207FCD47047C04600340042074B10B59F
:106F00001B780400002B08D0FFF7E4FF00212000CD
:106F100002F0BEF80022024B1A7010BDB42200200D
:106F2000D0220020F7B504000E1E019202D1FFF717
:106F3000E5FFF7BD8023554A5B03554DD367BFF38B
:106F40004F8FBFF36F8FC0225200AB50514B1A7856
:106F5000002A23D0504B1B78002B31D14F4B3100EE
:106F6000186802F017FA8022431E520200939446DA
:106F700000230427009A624529D301005A1CD140FE
:106F8000013900911900B943C9B2032902D0D2B224
:106F9000062A01D10233DAB21300EBE70122C52140
:106FA0001A7089006B58FE3293431A004023134332
:106FB0006B503B4A3B4B5A805A78D209FCD1C9E707
:106FC000394B1868A042C9D0FFF798FFC6E7013BCC
:106FD0000027092B02D8354A5B009F5A019B002BE2
:106FE0004FD0FA2173438900580002F0D3F90023EF
:106FF00002002F492F4E0A604B60FFF76BFF33886A
:107000003B4320271F433780F37BDB09FCD16B46D2
:107010001B883383F17BC909FCD11820264F6043BC
:10702000BC46264B264FC356DB019C4462463A6061
:10703000244A254F9B183B600127204B1A185368A0
:107040003A009A40214B1A601023727B13437373EA
:10705000154B1A68A24209D020001C6002F018F8F3
:107060003900200001F0E4FF0B4B1F70022332882F
:1070700013433380F37BDB09FCD180235B032B605C
:1070800057E701225242D317B3E7C04604E100E0BC
:1070900000E100E0B4220020D022002014030020F0
:1070A0001C400000000C004010030020A4F400006D
:1070B000C8220020003400421C44004120F000009F
:1070C000C022002014440041BC220020B82200202D
:1070D000154B70B5186859680500144C0D4319D04C
:1070E000134A21681268116018685968002902DC87
:1070F0000AD1002808D01868596801246442E517AD
:10710000001969411860596010230A4A917B0B43AA
:10711000937370BDFFF7DEFE074B22681B681A6091
:10712000064B1D70F5E7C046C8220020B82200209B
:10713000C022002000340042BC220020D0220020C7
:107140003F20704713B56B460268D9710733546806
:1071500019000122A04716BD10B50221006900F0F8
:1071600047FC10BD10B50321006900F057FC10BDAD
:1071700010B51300084A0400D279002A03D1012374
:107180000020636010BD0A000069032100F03EFD8D
:107190000028F4D0F6E7C0461C03002010B5054CCB
:1071A00003002068421C04D11A68180052699047F5
:1071B000206010BD68030020074A0300106810B566
:1071C000411C03D001235B42136010BD02211869EA
:1071D00000F00EFDF9E7C0466803002010B5037803
:1071E0004222023303700249024800F0BBFD10BD89
:1071F00024030020F022002010B50178030042781B
:107200000020A12908D1212A05D1174917481A3A87
:1072100000F0A8FD012010BD2129FCD1202A13D1A6
:1072200011491248193A00F03DFC96220E4BD2004B
:10723000196891420ED1DA7901231A420AD1FA2053
:1072400001F0C8FF0020E6E7222A06D19A78064B13
:10725000DA71EAE701F0C4FFF4E7232ADBD15A88A8
:10726000034B1A60D7E7C0461C030020F022002021
:107270001803002010B501F06FFBFA2300245B0017
:10728000984207D3044B0A20DC79631E9C41E4B288
:1072900001F098FB200010BD1C030020FA22002101
:1072A000054B92009A60054A08321A60044A5960F8
:1072B0001A6119767047C046D4220020B8F4000045
:1072C000F0220020704770B50F26CB1D020032401F
:1072D000D5B22C0000093034092A00DD07341C70B7
:1072E0005A1E994200D170BD1300EFE710B504009B
:1072F000806905F065F8A06A05F062F8200010BD0D
:1073000010B50400FFF7F2FF200001F0A5FB2000FC
:1073100010BD000070B5032908D1324B8000C05861
:10732000002802D00368DB68984770BD82291FD10E
:10733000C3B22D4D5A01AA1891692C4C80010C4002
:10734000C0218905214391612949083340188021D2
:1073500050612A685B01D0180479494221430171C8
:107360007020995C81430800302101439954DCE787
:107370000029DAD1C024C1B21B4E4A01B218936869
:107380001A4DA4052B40234393601A4B8001C0186B
:107390000B0050603068072608335B01195CB1436D
:1073A0000E0001213143195491690D402C43946121
:1073B00070240F495161195CA1430C001021214335
:1073C000195491680C4CC3180C4080214903214387
:1073D00091609168890B89039160402259790A4331
:1073E0005A71A2E7F4220020A8270020FFFFFF8F98
:1073F0001C230020DC240020FF3F00F0EFF310836B
:1074000003600123436072B670470368002B02D10A
:1074100062B6BFF36F8F704737B5056904006846E1
:10742000002D14D1FFF7EAFF019B621D013B02D33F
:10743000D57FEDB2FAE768460193FFF7E6FF002D2E
:1074400001D100203EBD206AE369C01AFAE7FFF7C8
:10745000D5FF22000025019B3432013B02D3157871
:10746000EDB2FAE768460193FFF7CFFF002DE8D0B1
:10747000206BE36AE9E70000F0B5FF2501264268CA
:10748000836811682B405B01CC186419A77AD31864
:107490003E43A672C6689C680B4FB60436093C4052
:1074A00034439C6083682B405B01D2189468A40B22
:1074B000A4039460402283682B4008335B01CB18FF
:1074C00019790A431A71F0BDFF3F00F0F7B505695D
:1074D00004000E0017006846002D43D1FFF78EFF11
:1074E000019B601D013B5A1C0BD0C27F591E002A14
:1074F00005D168460193FFF788FF2800FEBD0B0009
:10750000F1E768460193FFF780FFE369AF420AD0D5
:10751000226A9A4207D95A1CE261A269D3181B78E1
:1075200073550135F1E7226A9A42E6D10023E361FF
:10753000013368462361FFF761FF22000021019BB0
:10754000671D013B3532581CD3D0F97710785E1E89
:10755000002805D0200011700193FFF78DFFECE7A4
:107560003300F0E7FFF74AFF2000019B3430013B76
:107570005A1C06D00278591ED5B2002AB9D00B0089
:10758000F6E7684601930025FFF73FFFE36ABD4237
:1075900002D0226B9A421CD8226B9A42ADD10023B2
:1075A0006846E3622361FFF729FF270022000021DC
:1075B000019B3437013B3532581C9AD03970107812
:1075C0005E1E00280DD0200011700193FFF754FFBC
:1075D000EBE75A1CE262A26AD3181B787355013597
:1075E000D4E73300E8E7F7B582684368D2B2110008
:1075F00004000831186849014118C879C00729D525
:1076000001255201CD719B189A6861699204920C10
:10761000002923D12262226A002A41D0A26A656130
:1076200068465A60FFF7EAFE342294462200019B26
:10763000671D013BA4443532591C2DD06146FD77AE
:107640000978581ECEB2002905D0019368461570FE
:10765000FFF7DBFEF7BD03001670EDE72263226B38
:10766000002A1DD0002227006261A26968465A6084
:10767000FFF7C4FE019B621D9446013B3437303254
:10768000591C09D061463D70C97F581ECEB20029F1
:10769000DBD103001670F3E768460193FFF7B5FEF0
:1076A0002000FFF7E9FED5E713B56A4600230C007A
:1076B000D01DD371FFF792FD23681818206001F0E8
:1076C00005FE6B46D91D01F0CDFD236818186B46E9
:1076D0002060D87916BD000003290ED180220E4B00
:1076E00062311B68FF31585C524202435A5468228F
:1076F0006339FF32FF39995470470129FCD1802248
:10770000054B24311B68FF31585C524202435A54E6
:1077100028222339FF32EDE7A827002070B5002585
:107720002F4B012104001A201D7001F081FC012162
:107730001A2001F0ADFC2B4B012119201D7001F026
:1077400077FC0121192001F0A3FC2023264A0F20F9
:10775000D1690B43D361012224490B7813430B7089
:10776000234B19788143197006211D78294319701C
:1077700020490D782A430A701A7802401A70602254
:1077800019780A431A701C4B1C4A5A805A78D2093D
:10779000FCD11B4801F0DAF81A4D280001F0AAFDCF
:1077A000280001F0BDFD7F212B68C1201A788000E0
:1077B0000A401A70042219780A430C211A701A8997
:1077C0008A4311491A810A581202120A0A50802269
:1077D0000A6019787E3A0A431A700123237070BD3B
:1077E00011230020102300200004004058440041D1
:1077F0003C44004159440041000C00400640000058
:10780000E9810000A827002000E100E000780028BE
:1078100010D00121084B1B681A898A431A8108225B
:10782000198B0A431A830422198B0A431A830022F4
:10783000024B1A607047C046A8270020A0270020EE
:107840000A000E498B699B0B9B038B610B6802211D
:10785000FF3319729879823901439971197A89072E
:10786000FCD57F20064B0240997A81431143802248
:107870009972997A52420A439A727047A827002057
:10788000005000410078002805D0034B1A680123FE
:1078900011890B4313817047A827002010B50B797D
:1078A0000C00002B0CD10800FFF7A6FC002801D02B
:1078B000012010BD094A93699B0B9B039361F7E775
:1078C00001F004FD210001F0F1FC0028F0D1034A91
:1078D00093699B0B9B039361EBE7C046A8270020AD
:1078E000F7B50D001100832A19D1EBB2324C5A01C1
:1078F000A21891693148AD010840C02189050143B2
:1079000091612F4920686D187021083355615B0122
:107910001A5C8A43110040220A431A54F7BD022A16
:1079200045D1284AAB009858002802D003685B690B
:107930009847382001F08CF8234B80270360002300
:107940001D4E7F00421D036203614361C3614660B7
:107950008560C760D3772F32C3620363040013705E
:107960003800537004F022FD0190A061380004F04B
:107970001DFDEBB25A01A062B21891680F4808339E
:107980000840C021890501439160316807265B01E9
:10799000585CAD00B0430600032030435854019BAF
:1079A00020005360FFF768FD064B5C51B6E72800E6
:1079B000FFF7B0FCB2E7C046A8270020FFFFFF8F0B
:1079C0001C230020F4220020E4F4000070B5050020
:1079D0000124064BA200D258002A05D0210028001D
:1079E000FFF77EFF0134F4E770BDC0466C03002052
:1079F000084B8A00D05810B5002803D003689B6854
:107A0000984710BD044BC9B24901591888688004D1
:107A1000800CF6E7F4220020A827002010B50C0007
:107A2000FFF7E6FF00280CD0064BE4B2196880236C
:107A3000083464010C1962795B42134363710223B9
:107A4000E37110BDA827002070B5CBB2124A1348CD
:107A50005C0189018918021951609168104D083341
:107A60000D40802189022943402591609168890B4E
:107A70008903916001685A018A1816793543157196
:107A800095796D06FCD55B01C918CB79DB07FCD570
:107A900000198068C0B270BDDC240020A827002037
:107AA000FF3F00F070B5140040220B4B0D001B6827
:107AB000FF3359790A435A710021FFF7C5FFA042ED
:107AC00000D9200000230549A34203D0CA5CEA5430
:107AD0000133F9E770BDC046A8270020DC24002050
:107AE00010B50C48C9B24901421893689B049B0C1D
:107AF0003F2B0BD99468403B9B04A40B9B0CA40325
:107B00002343936041188868C0B210BD93689B0BF3
:107B10009B03F6E7A8270020F0B51C002F4B85B08B
:107B20001B6806000D000192002B54D02C4F3B78AF
:107B3000D9B2002B02D1192001F0AAFA64233B70BC
:107B4000284BAA00D058002808D0036822005B68A0
:107B5000019998470400200005B0F0BD29003000CD
:107B6000FFF746FF844204D929003000FFF740FFA9
:107B7000040029003000FFF7B3FF0121EBB21A4FD8
:107B800003935B010293029A3B6801989B18FF33B1
:107B90005A7A0A435A72154BA9012200C91804F0F7
:107BA00019FC002CD7D029003000FFF721FF002856
:107BB000D1D14021039B3A6808335B01D31818796F
:107BC000014319710121D971029BD318FF339A7AAD
:107BD0000A439A72BFE701246442BCE7A027002051
:107BE00010230020F4220020A8270020DC240020FD
:107BF00013B56B46DC1D22000123FFF78DFF012822
:107C000001D1207816BD01204042FBE7F0B51C00F1
:107C10003A4B85B01B680E000192002B3FD08023A9
:107C2000DB019C423BD8364D2B78D9B2002B02D1D8
:107C30001A2001F02DFA642300272B70314BB2017A
:107C4000D3180293002C2CD02F4B1B680393FF23D7
:107C500033401D0000930835039B6D015D19AB791E
:107C6000DB0921D0294B2A49186801F093FB294BE5
:107C70001721584301F08EFB274BEA79920713D462
:107C80009A5D002A01D10138F7D201229A55009B52
:107C90005A011D4B9B189A69920B92039A61012716
:107CA0007F42380005B0F0BD00221B4B25009A55DD
:107CB000402C00D940252A000199029804F08AFB43
:107CC000009BA9045A01104B890C9B18029A7F193A
:107CD0005A619A69641B920B92030A439A61009B52
:107CE000039A08335B01D3180222DA715979823A78
:107CF0000A435A71019B5B190193A3E7A027002057
:107D0000112300201C230020A8270020940300201A
:107D100040420F00701101001323002070B50C00C9
:107D20001D000D4BA601F618110030002A0004F0CA
:107D300051FBE4B2094A640114196661A369084958
:107D400028000B40A361A169AB04890B9B0C89033C
:107D50001943A16170BDC0461C230020A827002044
:107D6000FF3F00F0F7B5104B0F001B781400019097
:107D7000002B0CD10D4B16001D78002D09D00C4E98
:107D80000C48358828182D1904F024FB3580200074
:107D9000FEBD002EFBD033007A1900210198FFF7B9
:107DA000BDFF2D18361AF4E79C2600209D270020E1
:107DB0009E2700209D260020F8B50F001600002405
:107DC000012A26D9100004F0F1FA0500380004F069
:107DD00017FF032302220130400028706B70964287
:107DE0000DD9397800290AD0531CDBB20137A954C8
:107DF0009E4203D00232EC54D2B2F0E732002900A6
:107E00000548FFF7AFFF441EA041C4B2280004F0AC
:107E1000D7FA2000F8BDC046F0220020F0B50025BA
:107E2000012785B0184B0E0069461F7004000095AD
:107E3000FFF73AFC154B01A90B806A3BFF3BCB7166
:107E40006E3B0B72009B320009334B800E4B8D71E1
:107E50004F7108711D70092E0FD00D4E0922377019
:107E60000C4F200000953D80FFF77CFF6946200005
:107E7000FFF71AFC3A88084935702000FFF772FFB7
:107E8000012005B0F0BDC0469C260020090200007C
:107E90009D2700209E2700209D260020F0B5CF784A
:107EA00005000E0093B0022F09D1C9882B48FFF7B7
:107EB000B5FF441EA041C4B2200013B0F0BD01F0D4
:107EC00005FA310001F0E2F9002803D0C417241AA2
:107ED000E40FF1E7012F0BD1F2882149112A11D8C3
:107EE000D2B2002A0ED02800FFF73CFF0124E3E7BE
:107EF0000400032FE0D1B378002B05D1F288194993
:107F0000032AEDD90A78EEE7022B06D1F28816494A
:107F10002800FFF751FF0400CEE7012B02D1F288C1
:107F20001249F5E7032BC7D1114B01A91868FFF7D8
:107F3000CAF9104B03A91868FFF7C5F90E4B05A93C
:107F40001868FFF7C0F90D4B07A91868FFF7BBF9D0
:107F50006B460533DC77F28801A9D9E7F0220020CF
:107F600015F5000008F50000FCF400000CF5000019
:107F70000CA0800040A0800044A0800048A08000A9
:107F800037B5050048780C000B2810D801F0F8F937
:107F9000061B0F310F484D7551546E71097801AAB7
:107FA000002906D1022311802800FFF7B7FE012027
:107FB0003EBD00231380324B1B78012B00D1137080
:107FC00002230021F0E78A780023012A09D16A46BA
:107FD00093802C4B1B78012B00D11371022301AA33
:107FE000EFE7274A1370284A93699B0B9B03936121
:107FF000DDE78C78012C07D1224B01AA1C70234BA2
:108000001B7813702300DCE700208442D0D11C4B86
:1080100001301D4A187093699B0B9B039361C7E75E
:1080200028008978FFF70CFCC1E72800FFF736FF2E
:10803000BEE70123164AC4E70B780020DB06B7D160
:108040002800FFF7C3FC2A200221A278104BFF3042
:108050001A600D4A13681C5C21434A241954FF34EA
:10806000195D2938FF3801431955D4E70123094A1E
:10807000A7E78A78074B1A60B5E7002098E7C04663
:10808000122300201A230020A827002072F40000E9
:10809000A0270020A42700204B4BF7B51C78070031
:1080A000002C00D083E0494E33689B8B1B070ED514
:1080B00021002000FFF72EF9326810231100FF3154
:1080C000887A03438B72424B1C6008239383336886
:1080D0009A8B52071FD504229A833E4A1378002BAD
:1080E0000AD01378013BDBB213701378002B03D155
:1080F00001211A2000F0CCFF374A1378002B0AD058
:108100001378013BDBB213701378002B03D10121EC
:10811000192000F0BDFF3368FF331A7AD2061ED54E
:1081200010221A72597930320A435A7160232B494E
:1081300038000A781A423BD1FFF722FF3368FF3339
:10814000002838D08022997952420A439A711A7ACB
:10815000520604D540221A72597A0A435A72336879
:1081600000241D8C01239D43EDB20193E1B2002D4B
:108170001DD02B002341019A134215D023003268F1
:1081800008335B01D318DA79D20702D4DB799B0775
:1081900007D5134BA200D058002810D003681B68E5
:1081A0009847019BA3409D430134092CDED1F7BDC4
:1081B000FFF774FBC2E720210A4A9171C7E7380034
:1081C000FFF78AFAEDE7C0469D270020A827002088
:1081D000A02700201123002010230020DC240020F1
:1081E000F4220020FF50004110B50248FFF754FF71
:1081F00010BDC046F0220020014B024A1A607047B1
:10820000A8270020005000410120704710B50368E6
:10821000014A1B6A984710BD130400000300FC3399
:10822000D96F9A6F914203D0DB6FC018007D704701
:1082300001204042FBE710B504000069FEF7BFFBD8
:1082400022000023FC329367D3679E229200A41879
:108250006366A36610BDF0231B011940802306202E
:108260009B0099420AD00133FF330130994205D077
:10827000802300205B00994200D1053070470F2019
:1082800001400020012903D00239481E8141481CC9
:1082900070470000B923F0B5182785B002919B0004
:1082A0000400C05C3B0008214343324E1500F31824
:1082B000595600F031FF304B0821E05C3B0043434E
:1082C000F318595600F028FF2C4BE25C0393022A66
:1082D00009D11133E05CFF2805D008214743F71985
:1082E000795600F019FFBA27BF00E05DFF2819D0CA
:1082F000012100F09DFE1822E35D21495A43B35647
:10830000B618DB015818BB21890060501D490122B5
:108310005B18BC218900635071688A40BD218900C7
:1083200062501A600122029B11002069FEF748FD8D
:1083300029002000FFF78FFF290006002000FFF72B
:108340009EFFF0221540303D6A4255410300310046
:10835000206901220095FEF702FB0B4B2069E25CCD
:10836000039BE15CFEF718FB2069FEF735FB05B0C7
:10837000F0BDC04620F00000E5020000E70200006A
:108380001844004114440041E6020000AF2210B539
:1083900004000021520004F026F823000022FC33E0
:1083A00020005A669A6610BDF7B51D0008AB1B7811
:1083B0000400009309AB1B7816000193002343606F
:1083C000FA239B008360104B0F00083303601430C6
:1083D000FFF7DCFF20007D30FF30FFF7D7FFB92328
:1083E0009B002761E654094B009AE554084B200096
:1083F000E254019A074BE254BA22E93BFF3B920058
:10840000A3541032A354FEBD28F50000E50200007D
:10841000E6020000E70200000300FC33586E9B6E8A
:10842000C01A01D55F30FF30704710B5040020003E
:108430007D30FF30FFF7F0FF0028F8D12069FEF70C
:10844000D5FA10BD10B51430FFF7E6FF10BD0300DC
:10845000FC33596E9A6E914205DB5A6E986E801A03
:108460005E30FF307047986E5B6EC01A0138F9E7D6
:1084700010B57D30FF30FFF7EAFF10BD70B5040086
:108480000069FEF7CFFA002805D02069FEF7DAFA76
:108490002069FEF7CCFA2069FEF7B4FA002824D050
:1084A00025002069FEF7CEFAAF21FC350600A86F43
:1084B0004900013000F0F4FFEB6F994203D0AB6F3D
:1084C000E3181E75A967BA239B00E35CFF2B0CD051
:1084D00020001430FFF7BBFF092806DCBB23BD22B8
:1084E0009B009200E358A2581A602069FEF7A5FA93
:1084F00000281DD020007D30FF30FFF78DFF0028C1
:1085000025D09E239B00E618B26E736E9A421BD054
:10851000BE22AF21B36EB06EE318520001304900A5
:108520009D5C00F0BDFFB1662069E9B2FEF78EFAEE
:108530002069FEF76CFA002805D02069FEF76BFA77
:108540002069FEF75BFA70BD01256D42ECE72069FA
:10855000FEF788FAECE70000F7B5040000690E00AA
:10856000FEF76BFA002847D1AF277F009E239B00C0
:10857000E518686EAB6E39000130019300F090FF92
:10858000019B994224D1EFF31083DB070ED4204BDB
:108590005B68DB05DA0D002BE8D0103A53B2120607
:1085A0000DD49B081B4AC0339B009B582069FEF7E3
:1085B00044FA0028DAD02000FFF760FFD6E70F2248
:1085C0001340083B144A9B089B009B181B68EDE76F
:1085D000AF21686E4900013000F062FFAB6E994236
:1085E00005D0BE226B6E5200E3189E546966206966
:1085F000FEF734FA0120FEBD20007D30FF30FFF78A
:108600000BFF0028B0D131002069FEF71FFAF1E717
:1086100000ED00E000E100E01CED00E070B50500B9
:10862000FC35EA6FAB6F04009A421DD0AF21EB6FAF
:108630004900C318E86F1E7D013000F031FFE96783
:10864000BA239B00E35CFF2B0CD020001430FFF713
:10865000FEFE0A2806DDBC23BD229B009200E358E3
:10866000A2581A60300070BD01267642E8E700008B
:10867000F7B50092182216264243544B07009B1868
:108680009E570191731C52D0514B524C1D68002DC6
:108690002BD129004422504803F0A5FE2900442292
:1086A0004E4803F0A0FE10224D4B4E491D604E4B2C
:1086B000CA67BFF34F8FBFF36F8FC021C12049003E
:1086C0005A5080001958FF35A94319501A60474B7A
:1086D000474A5A8002232278134323706378DB09C8
:1086E000012BFBD001223A4B1A6001231D00B5403B
:1086F00062692A436261019A002A18D0102E1FD1A4
:10870000E2781343E370009B042B0BD81800072377
:10871000A2789A4300F034FE030C0E1012000523D9
:108720001343A3702D4B019A1A64ADB2E560F7BDF7
:108730000423F5E70323F3E70223F1E70123EFE73F
:1087400038000027002100F0E7FC254B22499C4619
:108750001B68BA00BB421DD16046013303601F4B4A
:108760008D5001999950072E19DD32000123083AE6
:1087700092000720904017499B005B18996981433C
:10878000996100990429D0D8080000F0F9FD0B1276
:1087900015181B008858A842E1D00137D9E70023FB
:1087A000B200E6E70521986991400A0002439A6108
:1087B000BBE704219869F7E703219869F4E70221F0
:1087C0009869F1E701219869EEE7C04620F00000C2
:1087D0003429002000180040F0280020AC28002098
:1087E0003829002004E100E000E100E0000C004036
:1087F00005400000182316224343194870B5C018DD
:108800008256531C0ED0174B102A0CD10720997892
:108810008143997001200023134C90402168134A32
:10882000994208D170BD0121914088B29860586981
:1088300088435861EEE79D00AE5886420AD0013366
:10884000EEE75568013320C2456820C09942F8D848
:108850002160E7E70648521940190139F6E7C0469A
:1088600020F000000018004038290020F0280020E7
:10887000AC28002070B50024094D0A4B1B68A342A8
:1088800000D870BD084E2A6833691A4205D0074BDC
:10889000A200D35898472B68336101340435ECE7C4
:1088A000F02800203829002000180040AC280020C3
:1088B000054B10B51B6C002B00D098470123034AD1
:1088C000D1780B43D37010BDAC28002000180040B5
:1088D000FEE7FEE7034B10B51B68002B00D098475E
:1088E00010BDC0463C2900200F4A1048110010B5A9
:1088F0000F4B824202D0934209D11300824209D128
:1089000000F0AEF800F082F8FEE710CB10C1814213
:10891000FBD3F3E7074A8B42F2D00021064B9A4281
:10892000EED202C2FBE7C046000000204004002057
:108930008CF70000400400207429002010B500F0DE
:1089400062F8002801D100F053F810BD014B186007
:108950007047C0463C290020014B18687047C0464C
:1089600040290020F7B51348012284461249134CD0
:108970008E68636805689B0E134001928868626880
:10898000019F920E3A4067463F6893420ED1BD4226
:108990000CD186420AD35B19FA254868AD00861BC4
:1089A00007486B437043000DC018FEBD3D00130027
:1089B0000600E3E74029002010E000E000ED00E0C1
:1089C0005555000070B5041E11D0FFF7CBFFFA26F5
:1089D0000500B60000F016F8FFF7C4FF401BB042D8
:1089E000F8D3FA23013C9B00ED18002CF4D170BDA4
:1089F00010B5034A13680133136000F0F9FB10BD92
:108A000040290020704700207047704710B500F0E3
:108A1000D7F803F09DFCFFF7F8FF0120FFF7D2FF26
:108A2000094C2000FEF77AFE2000FEF7EFFEF9F772
:108A3000AFFDF8F725FDFFF7E5FF044B002BF8D05D
:108A400000E000BFF5E7C046F02200200000000073
:108A500010B503F0ABFC10BD10B503F0B1FC10BDB8
:108A60001E2270B546484749436893431C3A134356
:108A7000436008238C6923438B61434C434B9C82A6
:108A80009C8A14439C82DC681442FCD00124404A36
:108A900014701578254203D055786DB2002DF8DB9F
:108AA00001249460547864B2002CFBDB394C546090
:108AB000547864B2002CFBDB8224E40154805478A7
:108AC00064B2002CFBDB02249C840E34DD6825425A
:108AD000FCD0314CDC621024DD682542FCD09D8C3A
:108AE0002E4C2C439C841024DD682542FCD00224AB
:108AF0009D8C80262C439C844024DD683542FCD02C
:108B0000DD682542F9D01024DD682542FCD0002420
:108B10009460547864B2002CFBDB214C5460547890
:108B200064B2002CFBDB1C6A1E4D2C4080251C62AD
:108B30001C6AAC431C62032393601B4B5360537845
:108B40005BB2002BFBDB0023FF240B72174A4B7236
:108B50008B72CB72164B1A60164B174A1B68116842
:108B60009A065B01C90E2340520F12020B431343B6
:108B7000124A1385802342681343436070BDC04688
:108B800000400041000400400C06000000080040C6
:108B9000000C004001050100B905FF7D040A00003A
:108BA00000070300FFFCFFFF03060100006CDC026E
:108BB0009403002024608000206080000040004278
:108BC000FA212E4B10B51868890000F0E3FB8023D2
:108BD00001385B0498424FD229492A4A4860C02094
:108BE000136A00061B021B0A0343136200238B60F7
:108BF00007330B608021136A09061B021B0A0B4313
:108C00001362FC22204B196A0A431A62FF22196A76
:108C100012020A431A62A022196AD2020A431A6295
:108C20001A4B1C005A7852B2002AFBDB184A5A80B1
:108C3000184B1A00597EC9090129FBD0C8218900A7
:108C400099800521D970537EDB09012BFBD0C0230D
:108C500000205B011361907000F048F863785BB20C
:108C6000002BFBDB0C4B0D4A6380D379DB09012B16
:108C7000FBD04123537010BDFEE7C0469403002093
:108C800010E000E000ED00E000040040000C0040B7
:108C90001E40000000400042214000000048004209
:108CA0000F4B302218600F490F4B0A2809DD9888B6
:108CB00090439880243A0A605A7ED209012AFBD058
:108CC0007047082806DD98889043202202439A8046
:108CD0000A22F0E7988802439A800822EBE7C04610
:108CE0009C03002098030020004000421F4900B56B
:108CF0000B004A7ED209012AFBD001380A282FD85E
:108D000000F03EFB1B2E2E2E2E2E062E2E241100A2
:108D10001A6917490A400F211A615A788A431100CB
:108D200001220A4310E01A6911490A400F211A6111
:108D30005A788A4311000322F3E71A690C490A4062
:108D40000F211A615A788A435A7000BD1A6908497E
:108D50000A400F211A615A788A4311000222E0E783
:108D6000F022196912050A43F3E7C04600400042A9
:108D7000FFFFFFF010B50400062861D0072861D07E
:108D8000052800D80E340121200000F0C5F90E2C72
:108D90000DD12F4B1900DA79D209012AFBD002201C
:108DA0001A7882431A70CB79DB09012BFBD0294951
:108DB0000B004A7ED209012AFBD018206043264CC2
:108DC0000A692418207C1F242040A24302430A6120
:108DD0005A7ED209012AFBD0022219780A431A705E
:108DE0005A7ED209012AFBD00222197B0A431A7348
:108DF0001A7ED207FCD501221A765A7ED209012AA0
:108E0000FBD00222197B0A431A731A7ED207FCD5C3
:108E1000588B80B25A7ED209012AFBD002211A78DF
:108E20008A431A705A7ED209012AFBD00B4B1A686A
:108E30000B4B1B689A4202D006D9D31AD84010BDFA
:108E40002C24A0E72D249EE79B1A9840F7E7C04604
:108E5000004800420040004220F00000980300203B
:108E60009C03002018234343F0B5684A0E009B186A
:108E7000D968040085B08A0718D50E2816D1644A2F
:108E80001300D179C9090129FBD0B605B60D1681A9
:108E9000DA79D209012AFBD0022219780A431A7022
:108EA000DA79D209012AFBD005B0F0BD0825594F67
:108EB000294200D194E03A68102A02D044D9103AED
:108EC000D64012255D5FCB0642D50421200000F07C
:108ED00023F92F12504BBA00D458504BEDB2DA5D43
:108EE000002A5CD10132DA5568460F324C4903F052
:108EF00071FA6A467B009B5A8022D2011A43494B81
:108F00005A805A78D209012AFBD00222974223D9EB
:108F1000238893432380E37BDB09FCD12288403301
:108F200013432380E37BDB09FCD10C35B6B26D0023
:108F30002E53E37BDB09FCD12288023313432380C9
:108F4000E37BDB09FCD1AFE71020821A9640B8E73B
:108F50008B06A9D50521B9E723689343324A2360DC
:108F60001300A1681142FCD10222E16B0A43E263C3
:108F7000A2681A42FCD11035AD0065196E60A26876
:108F80001A42FCD1294A2264A2681A42FCD1022268
:108F900021680A432260A2681A42FCD184E7022FAA
:108FA00007D90C35B6B26D002E53E37BDB09FCD13B
:108FB0007AE702236279134363711B4B1A00A1689D
:108FC0001942FCD11C35AD002E51A3681342FCD1CF
:108FD000022321790B432371A3681342FCD163E779
:108FE0000121200000F024F83B68082B02D009D9A9
:108FF000083BDE4000217F2E00D90121200000F037
:1090000047F851E7EB1A9E40F4E7C04620F0000015
:1090100000480042A0030020F8020020442900205C
:109020005CF50000000C0040FF0F7F00FFFF000018
:10903000182310B508245843134A13181C57013439
:1090400012D001245B6882569C4003290CD808008A
:109050000E49D2015218D318403300F091F9021092
:10906000060B02211970546010BD0621197054605E
:109070009461F9E70621197054605461F4E74221C4
:1090800019709460F0E7C04620F0000000440041F1
:109090001823F0B508245843114A13181C570134FB
:1090A0001BD0012635005F688356BD400D4ADB01A9
:1090B0009A18906805420BD10C00601E8441D219A9
:1090C0004032107834400336A400B043204310707F
:1090D000044A9B18002901D15D61F0BD9D61FCE748
:1090E00020F0000000440041182310B50824434339
:1090F00007490020CA181457013408D05B560549A7
:10910000DB015B18186A5368D8400123184010BD72
:1091100020F0000000440041182370B508264343A6
:109120002A4AD518AE573400013607D0072907DC84
:1091300000291DDA01314C424C416442200070BDCF
:109140000B00083BDBB20024032BF7D8092903D11D
:109150002100FFF76DFFF1E70A2904D10839FFF775
:1091600067FF0024EAE700240B29E7D10A39F0E77A
:109170006C68012520009B56C9B262082840DB01BB
:109180002C4211D012480E351B189A183032107824
:10919000090128400143C9B2117041221B19403313
:1091A00019780A431A70DCE70F26094D5B199A18E3
:1091B000303215781B19B5432943117041224033D1
:1091C000197804000A431A70B8E7C04620F000007E
:1091D00000440041014B18607047C046A4030020C2
:1091E0000122024B52421A607047C046A40300207D
:1091F000164A10B51368591C27D0013B1360002B89
:1092000023D172B68122124B92000433934213D3BE
:10921000104A01211000147D0C42FCD02021148B37
:10922000FF319B085B0021431183D3610A4B1380FC
:109230000123027D1A42FCD0BFF34F8F074B084A2F
:10924000DA60BFF34F8FC046FDE710BDA4030020D6
:10925000000000000040004102A5FFFF00ED00E01B
:109260000400FA0570B50E0000254468002C0BD0F0
:109270002368310020005B689847002802DBE4681F
:109280002D18F3E701256D42280070BD70B50D0063
:109290004468002C08D02368290020009B68984768
:1092A000002802D1E468F4E7200070BD70B50D001D
:1092B0004468002C08D02368290020001B689847C8
:1092C000002802D1E468F4E7200070BD064A0123BB
:1092D000116810B50C0005481C40194203D104491F
:1092E00044600180136010BD4C29002050290020EB
:1092F0000204000070B50400012320CC00212A786C
:109300002000134380222B70520003F06CF8AB78DE
:10931000DB07FCD4AB789B07F9D46C6270BD00000E
:109320001F22144B70B51B68590B9C0C9B011140FC
:109330005B0F22401F2900D11A391F2A00D1023A9F
:10934000072B00D1043B1F2500688E01048D0A49BC
:109350002A40214031430185018D14000A00AA43AF
:1093600022430285028D1903044B13400B430385EE
:1093700070BDC046246080003FF8FFFFFF8FFFFFF5
:1093800002B4714649084900095C49008E4402BC98
:109390007047C046002243088B4274D303098B42B6
:1093A0005FD3030A8B4244D3030B8B4228D3030CB5
:1093B0008B420DD3FF22090212BA030C8B4202D357
:1093C0001212090265D0030B8B4219D300E0090A7F
:1093D000C30B8B4201D3CB03C01A5241830B8B4288
:1093E00001D38B03C01A5241430B8B4201D34B0371
:1093F000C01A5241030B8B4201D30B03C01A5241D6
:10940000C30A8B4201D3CB02C01A5241830A8B425A
:1094100001D38B02C01A5241430A8B4201D34B0243
:10942000C01A5241030A8B4201D30B02C01A5241A7
:10943000CDD2C3098B4201D3CB01C01A524183095B
:109440008B4201D38B01C01A524143098B4201D395
:109450004B01C01A524103098B4201D30B01C01AC0
:109460005241C3088B4201D3CB00C01A524183083A
:109470008B4201D38B00C01A524143088B4201D367
:109480004B00C01A5241411A00D2014652411046C7
:109490007047FFE701B5002000F0F0F802BDC046BC
:1094A0000029F7D076E7704703460B437FD40022AC
:1094B00043088B4274D303098B425FD3030A8B4268
:1094C00044D3030B8B4228D3030C8B420DD3FF22D2
:1094D000090212BA030C8B4202D31212090265D0A0
:1094E000030B8B4219D300E0090AC30B8B4201D353
:1094F000CB03C01A5241830B8B4201D38B03C01A9A
:109500005241430B8B4201D34B03C01A5241030B10
:109510008B4201D30B03C01A5241C30A8B4201D3C1
:10952000CB02C01A5241830A8B4201D38B02C01A6C
:109530005241430A8B4201D34B02C01A5241030AE3
:109540008B4201D30B02C01A5241CDD2C3098B42C8
:1095500001D3CB01C01A524183098B4201D38B0145
:10956000C01A524143098B4201D34B01C01A5241E8
:1095700003098B4201D30B01C01A5241C3088B422D
:1095800001D3CB00C01A524183088B4201D38B0018
:10959000C01A524143088B4201D34B00C01A5241BA
:1095A000411A00D201465241104670475DE0CA0F91
:1095B00000D04942031000D34042534000229C4651
:1095C00003098B422DD3030A8B4212D3FC2289015B
:1095D00012BA030A8B420CD3890192118B4208D331
:1095E000890192118B4204D389013AD0921100E093
:1095F0008909C3098B4201D3CB01C01A52418309A7
:109600008B4201D38B01C01A524143098B4201D3D3
:109610004B01C01A524103098B4201D30B01C01AFE
:109620005241C3088B4201D3CB00C01A5241830878
:109630008B4201D38B00C01A5241D9D243088B42CE
:1096400001D34B00C01A5241411A00D20146634671
:1096500052415B10104601D34042002B00D54942D5
:10966000704763465B1000D3404201B5002000F014
:1096700005F802BD0029F8D016E770477047C046CC
:109680008446101C62468C46191C634600E0C046A6
:109690001FB501F091FE002801D40021C8421FBD72
:1096A00010B501F0DBFD4042013010BD10B501F0F6
:1096B00083FE002801DB002010BD012010BDC04644
:1096C00010B501F079FE002801DD002010BD012059
:1096D00010BDC04610B501F0FDFD002801DC0020E2
:1096E00010BD012010BDC04610B501F0F3FD0028EB
:1096F00001DA002010BD012010BDC046002B11D1A1
:10970000002A0FD1002900D1002802D00021C9432E
:10971000081C07B4024802A14018029003BDC046CD
:109720005DFFFFFF03B4684601B5029800F04CF8F6
:10973000019B9E4602B00CBC7047C046F0B51504B4
:109740002D0C0F0001002E00C64684460004140CA8
:10975000000C090C46434D43604361434019340CEF
:10976000241800B5A54203D9802040028046414418
:10977000250C6D18614659437A4330044919240475
:10978000000C2018891804BC9046F0BD70B500226A
:109790000C4B04000D00FFF7A7FF002804D12000A8
:1097A000290002F077FC70BD064B00222000290042
:1097B00002F0DEF802F06EFC80231B069C4660443B
:1097C000F1E7C0460000E041F0B557464E46454639
:1097D000DE46E0B504000D009246994683B08B4208
:1097E00030D82DD04946504602F078FD29000600B9
:1097F000200002F073FD331A9846203B9B4633D479
:109800005A465346934042461F00534693401E001B
:10981000AF423AD8AF4200D178E05B46A41BBD41CD
:10982000002B00DA75E0002200230092019301234F
:109830005A4693400193012342469340009328E007
:109840008242CFD900220023009201930C9B002B6F
:1098500001D01C605D600098019903B03CBC90464B
:109860009946A246AB46F0BD424620239B1A52467B
:10987000DA40414613004A468A40170042461F43D9
:10988000534693401E00AF42C4D9002200230092E9
:1098900001934346002BD9D0FB0772081A43464672
:1098A0007B080EE0AB4201D1A2420CD8A41A9D4124
:1098B000012024196D410021013E24184D41002E44
:1098C00006D0AB42EED9013E24196D41002EF8D1ED
:1098D000009801995B4600196941002B24DB2B009D
:1098E0005A464446D3402A00E2401C005B4615001D
:1098F000002B2ADB26009E40330026004746BE4050
:109900003200801A9941009001919FE7A342BCD890
:1099100083E74246202300219B1A002200910192F6
:109920000122DA40019286E7424620239B1A2A0050
:1099300046469A402300F340444613432A00E2403F
:109940001C005B461500002BD4DA42462F00202372
:10995000260097409B1ADE403B003343CDE7C046CC
:10996000F0B54646D6464F464D024202C0B5520AB1
:109970006E0A4700B0463F0E4E00C40FD00094461A
:109980003B008246360EC90FAD098C426DD0B81B24
:10999000814600284DDD002E00D188E0FF2F5AD0EF
:1099A0008023DB041D434B4601221B2B0ADC2B00CA
:1099B0004A464946D3402022521A95402A00551E55
:1099C000AA411A4353469A1A530100D4B9E09201AE
:1099D0009609300002F064FC05388640874200DDBD
:1099E000D4E03300C71B20200137FB40C71BBE401B
:1099F0003200561EB24100271A43530704D00F23EA
:109A00001340042B00D00432530100D49CE07B1C93
:109A1000FE2F00D19AE09201520A9446DBB2D8059B
:109A20006346E407184320431CBC90469946A2466F
:109A3000F0BD002849D0F31B002F00D0B6E05246FD
:109A4000002A60D0013B002B00D1FCE0FF2E00D0AB
:109A5000B4E00C004246002A78D08020C0031043B6
:109A60004202530A9C46FF23D9E7B91B002971DD46
:109A7000002E3FD0FF2FEED08023DB041D430122B8
:109A80001B2907DC2A002023CA40591A8D406B1E6F
:109A90009D412A435244530153D50137FF2F55D0DE
:109AA00001237B49134052080A401A43A5E7002DC1
:109AB0002CD001235B429C46E1444B46002B00D155
:109AC000ADE0FF2F00D06EE7C5E7FE207E1C3042E0
:109AD00060D1002F00D093E05246002A00D1B6E0BA
:109AE000002D9CD0521B500100D4C3E053460C0003
:109AF000EA1A82E7002D09D00139002900D18BE054
:109B0000FF2FBCD1A7E70C0042463700FF2FA2D0A1
:109B10005202530A9C46FBB281E7FE2101373942CB
:109B200065D1002B7ED1002800D1AAE0002D00D104
:109B300075E72A0052440027530102D5554B0137DF
:109B40001A40530700D05AE7D208DFE70022FF236C
:109B5000944664E70029E0D0F31B002F3ED0FF2E8F
:109B600000D177E780220100D20411438A46012206
:109B70001B2B08DC524620215046DA40CB1A984075
:109B8000431E984102433700521984E7414A3F1A65
:109B9000324032E753465E1B73012DD4002E00D0B5
:109BA00017E7002200240023944638E7FF2E00D157
:109BB0004FE780225046D2041043824601221B2BDD
:109BC00008DC524620245046DA40E31A9840431EEF
:109BD000984102430C003700AA1AF5E6002893D0FA
:109BE000013B002B4FD0FF2EC1D1424633E7FF2F60
:109BF000ACD055446A08A4E753460C00EE1AE8E6D8
:109C00005346002B28D1002D00D022E78023DB0310
:109C10009C460024FF2302E72A0052443BE75346B8
:109C20005A1BD1E6002800D114E7002D00D112E71D
:109C30008023DB031A4200D10DE74146194200D0D0
:109C400009E7424607E70C003700AA1ABCE6002DD8
:109C500013D00C00C446E2E6002D00D1FBE68023C1
:109C6000DB031A4200D1F6E64046184200D0F2E685
:109C70000C00EFE6002A00D063E70022002494469F
:109C8000CDE6C446CBE62A003700524403E7C0467F
:109C9000FFFFFF7DFFFFFFFBF0B54F464646D64670
:109CA0004502C0B547000C1C6D0A3F0EC60F002FC1
:109CB00066D0FF2F6CD00023EA00802599469A4693
:109CC000ED0415437F3F60026100430A9846090E88
:109CD000E40F002948D0FF2910D08022D800D204F8
:109CE0000243904600207F394A4633007F1A0243E0
:109CF0006C4992008A586340DBB29746002B6DD1C5
:109D00000220FF3F33E00023984626004546824666
:109D10005346022B00D17FE0032B00D194E0012BAE
:109D200017D038007F3000285FDD6B0704D00F2389
:109D30002B40042B00D004352B0103D538005A4B9F
:109D400080301D40FE2867DCAD016D0AC0B202E024
:109D50001E0000200025C0052843F60730431CBC28
:109D600090469946A246F0BD002B2BD101204A46D1
:109D700033004E49024392008A586340DBB2974653
:109D8000002D13D104239946033B00279A469AE7F6
:109D9000002D05D108239946063BFF279A4692E7F6
:109DA0000C239946093BFF279A468CE7280002F0CE
:109DB00077FA7627431F9D4000237F4299469A46B3
:109DC0003F1A80E7180002F06BFA4246431F7621E3
:109DD0009A404942091A9046002085E7FF21032056
:109DE00082E71E00FF200025B5E701231B1A1B2B6D
:109DF000AFDC9E372900BD40D9406A1E95410D4316
:109E00006B0704D00F232B40042B00D004356B01CB
:109E100044D5012000259EE7FF2000259BE78025F3
:109E20000026FF20ED0396E7002398468020C0031C
:109E3000054209D04346034206D1454605436D021B
:109E40002600FF206D0A86E78020C00305436D02CF
:109E5000FF206D0A7FE741466A014801824219D21C
:109E60001B210025013F012614006D005200002C2B
:109E700001DB904201D8121A354301390029F3D190
:109E8000501E824138007F301E001543002800DD3F
:109E90004BE7AAE71A210125121AE4E7AD010020D9
:109EA0006D0A58E76CF50000FFFFFFF7ACF5000006
:109EB000F8B557464E464546DE464402E0B54500F5
:109EC0000F1C640A2D0EC60F002D47D0FF2D4DD05C
:109ED000002380209A469B46E400C00404437F3D53
:109EE0007802430A99467A00FB0F9846120E4B46B9
:109EF00044D0FF2A11D0D8008023DB0403439946C5
:109F000000207F3AAD18474653467740691C0F2B17
:109F10003FD8724A9B00D3589F46FF35002B00D094
:109F200079E0524602231A4392460220EBE7474665
:109F30004C4683465B46022B28D0032B00D1C6E05B
:109F4000012B4FD100200024C005FF0720433843D8
:109F50003CBC90469946A246AB46F8BD002C71D158
:109F600004239A46033B00259B46B9E7002C63D1A6
:109F700008239A46063BFF259B46B1E7002B50D1AC
:109F8000524601331A4392460120BCE7FF200024C9
:109F9000DAE74846260C2404220C0404240C4B4621
:109FA00020001B0C504374435A435E431219030CA8
:109FB0009B189C4203D980225202944666440004B6
:109FC0001A04000C12189401601E84411B0C920E9E
:109FD0009B1914439B011C431B0172D5012063088C
:109FE00004401C4308007F3000283CDD630704D098
:109FF0000F232340042B00D00434230103D58031E8
:10A000000800374B1C40FE28C0DCA401640AC0B223
:10A010009AE737008EE7524603231A4392460320FD
:10A0200071E7484602F03CF94A46431F9A402D1A10
:10A0300091460020763D66E70C239A46093BFF25B2
:10A040009B464DE7200002F02BF97625431F9C40EC
:10A0500000236D429A469B462D1A41E78024002733
:10A06000FF20E40370E701231B1A1B2B00DD69E7C7
:10A070009E3120008C40D840631E9C4104436307FE
:10A0800004D00F232340042B00D0043463011AD5DD
:10A090000120002458E78020C003044209D04B4629
:10A0A000034206D14C46044364024746FF20640A3B
:10A0B0004AE78020C003044364023700FF20640A9B
:10A0C00042E729008EE7A4010020640A3CE78020D3
:10A0D000C00304436402FF20640A35E7ECF5000086
:10A0E000FFFFFFF7F0B54646D6464F4643025B0AF0
:10A0F000DA0094464A02C0B54400560A051CB04630
:10A10000240E4E0092091F0020009246ED0F360EDD
:10A11000C90FFF2E00D17FE0012251408D4251D066
:10A12000A21B9146002A00DC7EE0002E00D199E0BF
:10A13000FF2C00D18CE080235246DB041A43924668
:10A140004A4601231B2A08DC53462021D340891AA2
:10A1500052468A40511E8A4113436246D31A5A011D
:10A1600000D4F3E09B019E09300002F099F8053815
:10A170008640844200DDF7E03200041B20200134D9
:10A18000E240041BA64033005E1EB341002413438B
:10A190005A0704D00F221A40042A00D004335A016F
:10A1A00000D4D6E0621CFE2C00D1DAE09B015F0AED
:10A1B000D0B2C0053843ED0728431CBC90469946F1
:10A1C000A246F0BDA21B9146002A63DD002E00D1FD
:10A1D00099E0FF2C3CD080235246DB041A43924680
:10A1E0004A4601231B2A08DC53462021D340891A02
:10A1F00052468A40511E8A41134363445A0100D497
:10A20000A4E00134FF2C00D1ABE0012297491A40B1
:10A210005B080B401343BBE7002A32D08D4235D098
:10A22000FF2252429146A1444A46002A51D0301B97
:10A23000002C00D09CE06346002B00D1DFE0013809
:10A24000002800D1F7E0FF2E00D099E00D00434632
:10A25000002B00D185E08027FF031F437F02FF20F2
:10A260007F0AA6E75246002A74D001225242904645
:10A27000C1444A46002A00D1C8E0FF2C00D05FE765
:10A28000E6E701225140A94200D049E7FF225242AD
:10A290009146A1444A46002A43D0311B002C00D1EC
:10A2A0008CE0FF2E00D192E080236246DB041A434B
:10A2B000944601231B2909DC202063466246CB40DB
:10A2C000411A8A401100481E81410B433400534417
:10A2D00094E7FE22661C324264D1002C00D082E05A
:10A2E0006346002B00D1ABE05346002B00D160E762
:10A2F000634652469B1A5A0100D4AAE0634652466E
:10A300000D00D31A44E75246002A23D001225242BC
:10A310009046C1444A46002A75D0FF2C00D05FE722
:10A3200096E7FE260134264253D1002872D16346B7
:10A33000002B00D193E05346002B00D139E7634452
:10A3400000245A0102D54A4A013413405A0700D06A
:10A3500020E7DB08FF2C00D17AE75B025F0AE0B25E
:10A3600027E7FF20002724E7414B241A33400FE75B
:10A37000FF2E00D16AE780236246DB041A4394462D
:10A3800001231B2809DC202463466246C340201AAF
:10A3900082401000441EA041034352460D00340089
:10A3A000D31ADCE6634652469E1A730117D4002E78
:10A3B00000D0D9E6002500200027FAE66346002BEE
:10A3C00044D0013900294CD0FF2E00D071E743461C
:10A3D0003EE7FF2CC5D0524662445308B6E76346B9
:10A3E0000D00D61AC0E66246002A16D15346002B4D
:10A3F00000D02BE780270025FF20FF03D9E60D00C2
:10A4000043463400A6E753466344F7E663465246A4
:10A410009B1AA4E66246002AD9D05246002A00D1EF
:10A4200016E78022D203134200D111E740461042C2
:10A4300000D00DE70AE752460D003400D31A8EE62D
:10A440005346002B08D00D004746B2E64346340081
:10A4500080E7002B00D079E700250027A9E64746D2
:10A46000A7E6534634006344C8E6C046FFFFFF7DBD
:10A47000FFFFFFFB41024200C30F490A0020120EFA
:10A480007E2A03D99D2A02D9094A9818704780204C
:10A4900000040143952A07DC9620821AD1404842E5
:10A4A000002BF3D10800F1E7963A9140F7E7C04658
:10A4B000FFFFFF7F70B5002813D0C317C5185D409C
:10A4C000C40F280001F0ECFE9E2301001B1A962BFE
:10A4D0000FDC082801DD08398D406D026D0AD8B205
:10A4E00002E0002400200025C0052843E4072043A3
:10A4F00070BD992B0BDD05222E00121AD6400200EA
:10A500001B3295402800451EA8413500054305290A
:10A5100001DD4A1F95402A00084E3240680709D0E5
:10A520000F202840042805D00432500102D59F2373
:10A5300032405B1A9201550AD8B2D5E7FFFFFFFB04
:10A5400070B5051E0ED001F0ABFE9E2304001B1A51
:10A55000962B0CDC082801DD083CA5406D026D0A35
:10A56000D8B201E000200025C005284370BD992B1A
:10A5700009DD020029001B3291404A1E914105224B
:10A58000121AD5400D43052C01DD621F95402900AC
:10A59000084E31406A0709D00F202840042805D012
:10A5A00004314A0102D59F2331401B1B89014D0A0A
:10A5B000D8B2D9E7FFFFFFFBF0B54F46D646464677
:10A5C0000D0001001800C0B517002B035A0A4B0FED
:10A5D0001343CA00914602036E004100520AEC0F79
:10A5E0007D0F1543760D490DC00F8246AC46FF0026
:10A5F000721A844200D198E0002A00DC81E0002930
:10A6000000D1B6E0C9498E4200D172E18021280014
:10A61000090408438446382A00DD5EE11F2A00DD74
:10A62000EEE1202039006546801A8740D140854000
:10A630000D4339004F1EB9416746D7402943DB1B04
:10A640004A46551AA945894149425B1A98464346EC
:10A650001B0200D4CCE043465B025B0A98464346AB
:10A66000002B00D12CE1404601F01AFE0100083910
:10A67000202228004346521A8B40D0408D4003438D
:10A680008E4200DD17E18E1B721C1F2A00DDA7E140
:10A69000202118002E00891A8D408840D640D340D2
:10A6A000691E8D4130439846002605436B0709D04B
:10A6B0000F232B40042B05D02B1DAB42AD416D4227
:10A6C000A8441D0043461B0200D494E0974B721C23
:10A6D0009A4200D19DE04146954BED0819400B0090
:10A6E000520549075B0229431B0B520D1205134308
:10A6F000E4072343080019001CBC90469946A24673
:10A70000F0BD002A43D08A1B002E00D02AE14C461F
:10A710001C4300D1D1E1541E012A00D11FE2834D18
:10A72000AA4200D172E2220023E1002A00DC98E074
:10A73000002942D07D498E4200D1DAE080212800F4
:10A74000090408438446382A00DD29E11F2A00DC79
:10A7500087E1110065462039CD40202A04D04020F1
:10A760006146821A91400F4339004F1EB9410D4393
:10A770001BE12900394300D1B5E0511E012A00D167
:10A78000ABE16A48824200D1B2E10A0043E769497D
:10A79000751C0D4200D0CFE0002E00D093E1494659
:10A7A000194300D1D1E16146394300D0E3E1494684
:10A7B0005807C9080143DB0826E02900394300D1C6
:10A7C00091E0511E012A05D05848824200D18FE104
:10A7D0000A00B8E73D004D444D4589416344984621
:10A7E00049428844434602261B0200D5EBE0013E65
:10A7F0006B0700D05CE74346E9085A071143320073
:10A80000DB084A48824221D01B0352051B0B520D24
:10A810006CE70023002169E72A003A4369D04A46E1
:10A820005807D108DA0880231B0308431A4207D0CF
:10A830002900ED081D4203D12A00FF0848073843CC
:10A84000430FC1005B07C908194313000A001A43EC
:10A8500000D113E28022120313431B03334A1B0B64
:10A8600044E7002A4BD08A1B002E00D1E7E02F4896
:10A87000814200D195E1802000040343382A00DDA5
:10A8800043E11F2A00DDDBE120201D004E46801A37
:10A890008540D64035434E4686403000D340461E64
:10A8A000B0419C440543ED19BD429B415B4263446A
:10A8B00098460E007FE01E4A761A13409846F5E649
:10A8C000280001F0EDFC010018311F2900DCCFE663
:10A8D0002B00083883400025D2E662463A43110037
:10A8E0004F1EB941ACE649465807C9080143DB0889
:10A8F00087E749465A07C9081143DB08A6E70D490F
:10A90000701C084200D0BBE0002E00D014E1494684
:10A91000194300D175E12900394300D07EE1494651
:10A920005807C9080143DB086EE7C046FF0700006F
:10A93000FFFF7FFFFE0700004946CD1B6146581A06
:10A94000A94589414942884601004046091A88467E
:10A95000090200D5A6E04146294300D07FE6002346
:10A96000002451E7C74CA14200D1C7E08024240451
:10A970002343382A54DC1F2A00DDCCE0202448463B
:10A98000A41A1D004E46A040D640A5400400D34066
:10A9900062463543661EB441D31A9C46254344E0C3
:10A9A00062463A4315006F1EBD414D444D458941F5
:10A9B00049428846984443461B0200D418E7B14BED
:10A9C00001369E4249D04246AF4B01211A40130046
:10A9D0006A080D401543D9075B0898460D4365E6A4
:10A9E00018001F3EF040202A03D040218A1A9340CD
:10A9F0001D43691E8D410023002698460543F7E656
:10AA0000110065462039CD40202A04D040206146FF
:10AA1000821A91400F4339004F1EB94129430FE676
:10AA20004A4613431D006B1E9D417D1BAF429B4157
:10AA300062465B42D31A984654460E0007E64846E3
:10AA4000184300D1B3E0501E012A00D10DE18D4D15
:10AA5000AA4200D1A5E0020010E732000023002145
:10AA600044E620213800891A65468F408D40D04049
:10AA7000791E8F4105433D436746D740DB1994E774
:10AA8000804A904200D1ECE0390049444945924166
:10AA9000634452429B18DD0749085B08984606004C
:10AAA0000D43A5E64A46BD1AAF4289416246494276
:10AAB000D31A5B1A98465446D1E56C07F90821432E
:10AAC000EB0804009DE64A461A4375D161463943B6
:10AAD00014D1802300241B03BCE64A46D51BA9459C
:10AAE0008941624649429B1A5B1A98460126AEE5A7
:10AAF0004A46D1085A071143DB08A7E66346F9081E
:10AB00005A0754461143DB08A0E64A4613431D008A
:10AB10006B1E9D41C7E614001E00203CE640202A23
:10AB200005D04024A21A93404A461A4391464D4606
:10AB30006B1E9D41354378E74A461A4300D06BE6C9
:10AB40006B07F9081943EB0880E66146394354D096
:10AB50006346F9085C072143DB08040054E64A46D3
:10AB6000BD1AAF42894162464942D31A5B1A9846E0
:10AB7000040001266BE54A46D51BA945894162467A
:10AB800049429A1A521A9046120232D54A46BD1AC2
:10AB9000AF42894162464942D31A5B1A9846040083
:10ABA00084E56346F9085A071143DB084EE6F908C5
:10ABB00068070143EB0824E662463A4300D198E671
:10ABC0004A46D1085A071143DA0880231B031A4268
:10ABD00008D06046C5081D4204D154462A00F90831
:10ABE000430719434B0FC9005B07C90819431300FA
:10ABF0002CE64146294300D0FAE500230A00002450
:10AC000002E66B07F9081943EB08FDE56346F9080E
:10AC10005B07194363460400DB0817E63D004D441B
:10AC200063444D45894198464942884443461B0246
:10AC300000D4DDE54246144B01261A409046D7E584
:10AC400010001E002038C640202A05D04020821A5D
:10AC500093404A461A4391464D466B1E9D413543EB
:10AC600021E602000023002140E54A46D519BD42F5
:10AC700089416344984649428844B3E50021014A2A
:10AC80000B0033E5FF070000FFFF7FFFF0B55746DD
:10AC90004E464546DE46E0B5814605000C034800B9
:10ACA00092461F0085B0240B400DCE0F002859D0CE
:10ACB000874B984200D198E06B0FE4001C4380233F
:10ACC0001B0423439846834BED009B460023994683
:10ACD000834400933C037B005046240B5B0DFF0F25
:10ACE000002B67D07A4A934218D07A49420F8C469B
:10ACF000E40059461443802263441204CB1A1443DF
:10AD00009B46C200002033007B409A464B460F2BE7
:10AD100000D9EFE070499B00CB589F466F4B5246DD
:10AD20009C462243E344002A00D095E04946022392
:10AD30001943894600240220E5E70023002400256A
:10AD400052461B052343D20713432800190005B0C0
:10AD50003CBC90469946A246AB46F0BD0024002577
:10AD60005B4BEDE74B462343984600D189E0002C2E
:10AD700000D1E0E1200001F093FA010002000B395C
:10AD80001D235B1A49461000D940083884400B0047
:10AD90004D4623439846854051483C03831A9B46C1
:10ADA0000023994600937B005046240B5B0DFF0F58
:10ADB000002B97D15246224355D0002C00D1CAE136
:10ADC000200001F06DFA02000B3A1D2301009B1ACE
:10ADD00052460839DA408C40144352468A40414B6F
:10ADE00058449B46834400208DE74B4623439846B6
:10ADF00040D108239946063B00258346009369E726
:10AE0000B246009B022BA9D0032B00D111E2012BEB
:10AE100093D0354A5A44002A00DC3CE16B0700D04D
:10AE2000A7E1ED084346DB0106D542462F4B1A4009
:10AE300090468022D2005A442D4B9A428EDC4346E3
:10AE4000520558075C020543240B530D78E7BA46B8
:10AE5000A04615000090D4E74A4603231A439146C2
:10AE6000032052464FE749460123194389460024EF
:10AE7000012048E70C239946093BA04683460093EE
:10AE800028E70423994600239B46013300250093BD
:10AE900020E7002380249A4600250D4B24034FE72A
:10AEA000802341461B03194208D01C4206D11C4393
:10AEB0002403BA461500064B240B41E78024434681
:10AEC00024031C432403B246014B240B38E7C0463D
:10AED000FF07000001FCFFFF2CF6000001F8FFFF58
:10AEE0000DFCFFFFF3030000FF030000FFFFFFFE68
:10AEF000FE070000444500D216E100D111E1012314
:10AF00005B429C462E0040460025E3442302140E7B
:10AF10001C431B0C994623041F0C12024946009245
:10AF20000197FEF7BDFA02007A430B04310C80460C
:10AF300019438A420BD901235B429C460919E0441C
:10AF40008C4204D88A4202D9831E98460919881A6D
:10AF50004946FEF7A5FA09048C4631046646019A73
:10AF6000090C4243030031438A4204D90919013BC9
:10AF70008C4200D811E1891A4246009E12041A43FD
:10AF8000330C1F00100C9046029313043204160C6D
:10AF900032001B0C5A4303967B4346437843170CFD
:10AFA000BC469B1963449E4203D980267602B44670
:10AFB00060441E0C301816041B04360C9E19814286
:10AFC00000D29CE000D197E0AE1B091AB542804147
:10AFD0004042081A844200D111E14946FEF760FA66
:10AFE000019A0B044243310C050019438A4207D9E8
:10AFF0000919013D8C4203D88A4201D9851E0919DD
:10B00000881A4946FEF74CFA09048C463104664614
:10B01000019A090C4243030031438A4207D90919B6
:10B02000013B8C4203D88A4201D9831E0919039E31
:10B03000891A32002D041D43029F2B041B0C5A4316
:10B040007B439C46280C4643130CB444634478432A
:10B050009E4203D980267602B44660441E0C120438
:10B060001B04120C30189B18814206D302D0012316
:10B070001D43CEE6002B00D1CBE661186E1EA14227
:10B0800000D2A4E0814200D2C9E000D1D9E035006D
:10B09000EDE701256D420121891A382900DD4CE6D2
:10B0A0001F2900DC7FE01F235B429A1A4346D340EE
:10B0B000202904D04446654A5A44944025436A1ED8
:10B0C000954107222B43150000241D401A4200D150
:10B0D000A1E00F2200241A40042A00D198E01A1D92
:10B0E0009A429B415B42E4181300220200D48FE095
:10B0F00001230024002523E6B54200D364E743463C
:10B100005A1E009B9C4665441F009D429B415B422A
:10B110001B19C9188C423AD2884263D860D0904635
:10B1200052E7AA4200D9EAE64346DE0758086B0810
:10B130001E43ED07EAE6484601F0B2F801000200BE
:10B14000153120321C2900DC1AE64B4608388340B2
:10B150000025984620E601F0A3F803001A001532F6
:10B1600020301C2A00DC30E65446083B00229C407C
:10B1700035E60F232B40042B00D152E605235B421A
:10B18000AB429B4104355B42ED0898444AE68C4251
:10B19000C5D1AF42C0D9904616E78A4200D8EAE648
:10B1A000831E0919E7E62A4A28005A444346954077
:10B1B0009340C8406A1E9541444603432B43CC400C
:10B1C0005A0792D00F221A40042A88D18DE7350001
:10B1D000814200D04BE7009A934200D047E718E63F
:10B1E000AE429CD902235B429C46009BE0449C46B5
:10B1F00065449D429B415B421B19C918E4E6154A10
:10B200005A44002A00DC44E701230025984409E65B
:10B2100065076402240BDB081D43002390E5009EB4
:10B22000023D7200B242BF417F423C1909190092AF
:10B23000CEE78024434624031C432403064B240BFF
:10B240007EE5009A9A42EAD33500C4E73E04000046
:10B250001E040000FF030000FF070000F0B54F468A
:10B260004646D646944691461A03120B184DC0B571
:10B270004C000F0392465A00060080463F0B012007
:10B28000640DC90F520DDB0FAC420AD0AA4203D0A5
:10B29000944201D157450DD01CBC90469946A24618
:10B2A000F0BD3D003543F7D1A242F5D15246654687
:10B2B0002A43F1D10120C845EED1994206D0002C95
:10B2C000EAD13E433000461EB041E5E70020E3E707
:10B2D000FF070000F0B54E4645465746DE460400DF
:10B2E0001800E0B516001B031B0B324D0F034A007C
:10B2F00099464300A446B0463F0B520DC90F5B0D63
:10B30000C00FAA4229D0AB4218D0002A2AD13C4310
:10B31000A34665426541002B02D14C46264327D007
:10B32000002D15D1814228D0022001390840013872
:10B330003CBC90469946A246AB46F0BD4D462E43D6
:10B340002FD1002AEED13C4365426541002DE9D062
:10B350000028EDD101204042EAE73D00254320D1FD
:10B360009342EBD0002BDDD14C462643DAD1DBE70C
:10B370005B460020002BDBD0D6E79A420ADCE7DBF5
:10B380004F45D1D810D000204F45D1D20029E1D06F
:10B390000800CDE74342584102234042184001389B
:10B3A000C6E702204042C3E7C445BDD80020C445DB
:10B3B000BED2EBE7FF070000F0B54E4645465746C4
:10B3C000DE4604001800E0B516001B031B0B314DD0
:10B3D0000F034A0099464300A446B0463F0B520D66
:10B3E000C90F5B0DC00FAA4211D0AB4214D0002A86
:10B3F0002FD13C43A34665426541002B14D14C46F6
:10B40000264311D15B460020002B17D010E03D00F1
:10B41000254312D193421CD14D462E430DD1002A13
:10B4200004D13C4365426541002D0DD1814216D0C7
:10B43000022001390840013800E002203CBC90465F
:10B440009946A246AB46F0BD0028F7D10120404204
:10B45000F4E7002BEAD14C462643E7D1E8E79A42CD
:10B4600006DD434258410223404218400138E5E7D7
:10B470009A42E9DB4F45DBD806D000204F45DDD2AC
:10B480000029E3D00800D9E7C445D1D80020C4453D
:10B49000D4D2F5E7FF070000F0B557464E464546C3
:10B4A000DE46E0B598460C034B000600924687B096
:10B4B000240B5B0DCF0F002B6CD0DD4A934200D1E3
:10B4C00086E0420FE4001443802212041443D94A58
:10B4D000C500944663440093002399469B46434627
:10B4E00042461E03D20F5B0050469046360B5B0D62
:10B4F00000D178E0CE4A93421DD0CE49420F8C460F
:10B5000000996344F6008C46164380229C44120442
:10B5100063461643C2000020009300994346013160
:10B520008C4649467B4001930F2900D97EE0C24BEF
:10B53000890059588F465246009B324300D056E14D
:10B54000BB4900268C4663444946009302231943B5
:10B5500089460220E1E74346019334001500834603
:10B560005B46022B5ED0032B00D1F3E1012B00D010
:10B5700018E1002200240025019B12052243DB076D
:10B580001A432800110007B03CBC90469946A246D9
:10B59000AB46F0BD2500054300D141E1002C00D1B0
:10B5A000ADE1200000F07CFE010002000B391D23FC
:10B5B00010005B1A3100350008388440D9408540BE
:10B5C0000C439E48831A0093002399469B4686E7C6
:10B5D0000500254300D01CE108220093022300242B
:10B5E00091469B467BE75246324300D10AE1002E4A
:10B5F00000D176E1300000F053FE02000B3A1D232B
:10B6000001009B1A52460839DA408E4016435246D2
:10B610008A40009B8949181A03008C466344002025
:10B6200000937AE700240025814AA5E72F0C2D041A
:10B630002D0C2B00110C1204120C534398461300CE
:10B6400028007B43994648434844834640460B00C4
:10B65000000C824658467B4350440293814506D9EC
:10B660009A4680235B029946CA4453460293030CD0
:10B670009B4643461B0400041B0C984603004344AE
:10B680000493330C99462B003604360C73439846CA
:10B6900033007B439A464B465D435F4343465544E4
:10B6A000180C4019824503D980235B029A465744FF
:10B6B000050CEB19059343461D042D0C000440199D
:10B6C000250C2404240C270057436A4390462A0083
:10B6D0003B0C9A464A436143414451448344884564
:10B6E00003D980235B02984642443F040B0C3F0C75
:10B6F0000904C919270098464B4677435C436E43BB
:10B700005D433B0C9946A4194C4442440395A64220
:10B7100004D980235B02984645440395029B3F046D
:10B720005B441E008342804123049846059B3F0CE6
:10B730004744984676188E428941474440423D1816
:10B74000A846934649428A46C3449F42BF4180452A
:10B750008041039BDA449846534640427F42074368
:10B76000240C934592418A4589413F19DC0D049B85
:10B7700075021D43681E85415346524249420A43A1
:10B78000BF184744F60D7F0235435A023C43154328
:10B79000FB0100D4C1E001216A080D401543E20716
:10B7A0001543640826496144002956DD6B0709D01A
:10B7B0000F222A40042A05D02A1DAA42AD416D421B
:10B7C00064191500E30104D580211E4AC900144004
:10B7D00061441D4A914200DD24E76207ED086402DE
:10B7E00049051543240B4A0DC6E60197B8E6104AF1
:10B7F0000320944663444A46009303231A43914628
:10B8000052468AE64946012319438946002601200B
:10B8100083E60C2200930323050091469B465EE6D7
:10B820000423994600230093013300249B4656E6E7
:10B83000FF07000001FCFFFF6CF600000DFCFFFF9E
:10B84000FF030000FFFFFFFEFE070000002380242F
:10B850000025444A019324038EE60120401A38282B
:10B8600000DD86E61F285BDD1F2223005242511AAD
:10B87000CB401900202803D03B4A62449440254322
:10B880006A1E95412A000A4307210D000024154035
:10B8900011425BD00F2100241140042953D0111D07
:10B8A000914292415242A4180A0023024BD5012230
:10B8B0000024002560E680231B031C4209D01E42A1
:10B8C00007D133431C0343461500240B254A01933B
:10B8D00052E68022120314432403224A240B0197C8
:10B8E0004AE600F0DDFC03001A00153220301C2A65
:10B8F00000DC84E65646083B00229E4089E600F0C4
:10B90000CFFC01000200153120321C2900DC4EE67C
:10B91000340008380025844053E6009B9C4641E7EC
:10B920001249220061442E008D408A40C640691EA3
:10B930008D4132432A43C4405307B6D00F211140F2
:10B940000429ACD1B1E765076402240BD208154382
:10B95000002211E68022120314432403014A240B1F
:10B960000AE6C046FF0700003E0400001E04000077
:10B97000F8B557464E464546DE460400E0B51F0082
:10B9800010000B03620F4E00CD0F5B0A3903134307
:10B99000490AE200440F2143C24C91469246C0003E
:10B9A0007A008046760D520DFF0FA24200D1B4E01E
:10B9B00001246740BB46BD4200D188E0B41AA446CA
:10B9C000002C00DCB2E0002A00D1C5E0B54A964266
:10B9D00000D18BE28022120411436246382A00DD36
:10B9E000A1E11F2A00DD16E220270C00BF1ABC408F
:10B9F0000200A0466446B840E240444614430200B8
:10BA0000501E82416046C14022435B1A49468C1A4F
:10BA1000A145924152429B1A984643461B0200D4CC
:10BA200017E143465B025B0A98464346002B00D170
:10BA30006CE1404600F034FC0200083A202120006E
:10BA40004346891A9340C84094400343964200DD20
:10BA500057E1961B711C1F2900DDCBE12022180045
:10BA60002600521A94409040CE40CB40621E944132
:10BA70003043984600260443630709D00F23234030
:10BA8000042B05D0231DA342A4416442A0441C0002
:10BA900043461B0200D4DFE0824B01369E4200D1B8
:10BAA000FBE04246804BE4081A4013007105520740
:10BAB0005B0222431B0B490D0905ED07194329437E
:10BAC00010003CBC90469946A246AB46F8BDB41A5D
:10BAD000A446002C58DD002A00D19EE0714A96420F
:10BAE00000D13BE18022120411436246382A00DD76
:10BAF000C1E01F2A00DCBBE10C00203AD440220048
:10BB00006446202C04D040273F1BB94008438046A0
:10BB10004446611E8C411443B1E00C0004432AD01A
:10BB2000BB46BD422DD0614CA446B4446446002CB3
:10BB30005CD0941BA446002E00D015E14D461D4359
:10BB400000D1C3E1651E012C00D10CE2554EB44278
:10BB500000D1F8E1AC460EE10A00024300D136E123
:10BB60002200013A012C00D1C6E14E4CA44500D17F
:10BB7000F4E0944631E701246740BB46BD4200D063
:10BB80001CE74A4CA446B4446446002C00D1CFE0E4
:10BB9000941BA446002E00D15CE1424EB24200D17B
:10BBA000ECE18026360433436446382C00DDB3E1F3
:10BBB0001F2C00DD38E22026361B1C00B4404F4607
:10BBC000A0466446E74044463C434F46B7403E00EB
:10BBD000771EBE4134436646F340C9182418844298
:10BBE0009B415B429846160088444EE0304A741CE4
:10BBF000144200D0D6E04A461A43002E00D05BE142
:10BC0000002A00D1A5E10A00024300D0BBE14A4668
:10BC10005907D2080A43DB0827E00A00024300D193
:10BC200074E12200013A012C05D01E4CA44500D13C
:10BC300094E0944659E74844484592415B18984639
:10BC4000040052429044434602261B0200D5C4E041
:10BC5000013E630700D011E74346B4465907E208A6
:10BC60000A43DB080F498C4540D061461B03490558
:10BC70001B0B490D20E701430C00611E8C414C4415
:10BC80004C45924152429046984443461B02E0D5AF
:10BC9000044B01369E4200D09FE031000023002279
:10BCA0000AE7C046FF070000FFFF7FFF01F8FFFF24
:10BCB000FE070000002A00D160E10A0002434DD0D7
:10BCC0004A465C07D20822438024DB08240323422F
:10BCD00007D0CE08264204D15D463300C20849078A
:10BCE0000A43510FD200D20849070A4311001943F1
:10BCF00000D1C8E1802109030B431B03D5491B0B6D
:10BD0000DAE6D549B61A0B409846B5E6200000F0B1
:10BD1000C7FA020018321F2A00DC8FE62300083819
:10BD20008340002492E608430200501E82416DE6E3
:10BD3000CA4C721C224200D0ADE04A461A43002E83
:10BD4000B8D1002A00D158E10A00024300D059E1DD
:10BD50004A465907D2080A43DB0886E74A4659078C
:10BD6000D2080A43DB08C1E7BA4DAA4200D11EE15E
:10BD700080252D042B436446382C5DDC1F2C00DD10
:10BD8000D0E0202567462D1B4E461C00FE40AC40EF
:10BD900034434E46AE403500FB406E1EB541C91AD5
:10BDA0002C434EE04A46141AA14592415242904615
:10BDB0005F1A3A004746D21B9046120200D58BE02C
:10BDC0004246224300D030E6002300254DE74A4694
:10BDD0005907D2080A43DB0844E742469E4B6108F4
:10BDE0001A401300012214400C43DA075B089846FE
:10BDF000144341E61A001F3EF2401600202903D0EA
:10BE00004022511A8B401C43621E9441002334434C
:10BE1000984600261DE70C00203AD44022006446D4
:10BE2000202C04D040273F1BB9400843804644469D
:10BE3000611E8C412243E9E54C4623431C00631EEE
:10BE40009C41041BA0429B415B42CB1A98465D4635
:10BE50001600E2E54E461E4300D1AEE0661E012C00
:10BE600000D1FDE07B4FBC4200D107E1B4469BE628
:10BE700064462022121B0C00944007009040A0460C
:10BE80006446421E90416246E7404446D1403C43EE
:10BE900004435B18F3E66F4CA24200D1D5E048445E
:10BEA0005B184845894149425B18DC0740085B083C
:10BEB000984616000443CCE6002A00D082E00A002F
:10BEC000024340D1802300251B0313E74B07C20820
:10BED0001A435D46CB08C5E64A46841AA042924101
:10BEE000CB1A52429B1A98465D469EE54A46590730
:10BEF000D2080A43DB08F9E64A46141AA1459241E2
:10BF00005B1A52429B1A9846012686E54A46590713
:10BF1000D2080A43DB08A5E64C4623431C00631EF7
:10BF20009C415BE665461E00203DEE40202C05D07E
:10BF300040252D1BAB404C461C43A2465446631E75
:10BF40009C4134437DE74B07C2081A435D46CB084A
:10BF5000CCE60A00024300D136E74B07C2081A4379
:10BF60005D46CB0881E64A46841AA0429241CB1A2C
:10BF700052429B1A98465D4601264EE54B07C20881
:10BF80001A43CB08B2E64A46141AA14592415F1AF9
:10BF90005242BA1A904612026BD54A46841AA042FF
:10BFA0009241CB1A52429B1A98465D4664E54B0774
:10BFB000C2081A435D46CB0898E64B07C2081A43ED
:10BFC000CB084FE60A00024390D04A465C07D208ED
:10BFD00014438022DB081203134208D0CE08164215
:10BFE00005D1C0084907084304005D463300610FCE
:10BFF000E2004907D2080A4378E64B07C2081A4311
:10C00000CB0832E648445B18484592419846524274
:10C010009044434604001B0200D41AE642460E4BED
:10C0200001261A40904614E666461F00203EF7405F
:10C03000202C05D04026361BB3404C461C43A2465C
:10C040005446631E9C413C43C8E511000023002276
:10C0500032E5C046FF070000FFFF7FFFFE0700003C
:10C060004A461418844292415B18984652429044C2
:10C07000E9E54246224300D1A6E6EAE54B07C208BD
:10C080001A43CB0832E600220149130014E5C046EA
:10C09000FF0700000A0030B5134C530009030500E8
:10C0A000090B00205B0DD20FA34204DD0F48834231
:10C0B00002DD0F4BD01830BD8020400301430D48F6
:10C0C000C01A1F2808DD0C48C31AD9400B0058427B
:10C0D000002AF0D11800EEE7084CC540A44663449E
:10C0E00099400B002B43F2E7FE0300001D04000003
:10C0F000FFFFFF7F3304000013040000EDFBFFFF90
:10C1000070B543004602C40FFE201B0E591C750A71
:10C1100008420CD0E022920094466D07360B63442F
:10C120001B053343E40723432800190070BD002B8F
:10C1300014D1002D1BD0280000F0B2F80A281CDC16
:10C140000B232A001B1ADA40030015339D400E4BC7
:10C1500012031B1A5B05160B5B0DE1E7002D09D0DE
:10C16000320B80263603094B6D071643D8E70023B0
:10C170000026D5E70026054BD2E703002A000B3B3B
:10C180009A400025E3E7C04689030000FF0700004E
:10C1900002004B00F0B508035B0D3D4ECC0F400A8A
:10C1A000510F5F1C0843D50037420AD039495E1849
:10C1B000FE2E16DDFF230021DB050B43E0071843AD
:10C1C000F0BD002B06D1284327D005218901490A5B
:10C1D000DBB2F1E70543EDD08021C903FF23014322
:10C1E000EAE7002E1CDD920111004A1E9141C000B9
:10C1F0006D0F014329434B0748D00F230B40042BFD
:10C2000000D004318023DB040B403FD0721CFE2E93
:10C21000D0D08901490AD3B2CEE700230021CBE771
:10C220003200173222DB80211E2209040843921BB0
:10C230001F2A1DDD022149428E1B0100F1400E0024
:10C24000202A04D0144A94466344984005432900A8
:10C250004D1EA941314300264B07CED180200B0053
:10C26000C004012203400142D3D1AFE70023ACE771
:10C270000A498C4629006344D1409D400A002900A8
:10C2800098404D1EA94101431143E4E733009DE767
:10C29000FE07000080FCFFFFA2FCFFFF82FCFFFF07
:10C2A0001C2101231B04984201D3000C10391B0AE6
:10C2B000984201D3000A08391B09984201D30009AA
:10C2C000043902A2105C40187047C0460403020201
:10C2D00001010101000000000000000010B500296C
:10C2E00003D1FFF7DDFF203002E0081CFFF7D8FF85
:10C2F00010BDC04630B514001A00094B05001B687C
:10C3000085B0D868074B002C01D1074B1C00019366
:10C3100000912B000549029400F00AF800F07CFD22
:10C32000A8030020ACF6000072F40000B9F600008B
:10C330000EB403B5010003AB044804CB00680193BD
:10C3400000F070F902B008BC03B01847A803002041
:10C3500070B500260C4D0D4C641BA410A64209D1EB
:10C36000002601F0BFFA0A4D0A4C641BA410A64235
:10C3700005D170BDB300EB5898470136EEE7B30026
:10C38000EB5898470136F2E70C0400200C0400201B
:10C390000C0400203404002010B5034B0A000100F7
:10C3A000186800F073F810BDA803002010B5034B07
:10C3B0000100186800F0B0F810BDC046A8030020C6
:10C3C00010B5034B0100186800F016F810BDC04608
:10C3D000A8030020002310B59A4200D110BDCC5C08
:10C3E000C4540133F8E703008218934200D1704728
:10C3F00019700133F9E7000070B50500002910D06D
:10C400000C1F2368002B00DAE418280000F068FFF6
:10C410001D4A1368002B05D163601460280000F0EA
:10C4200067FF70BDA34208D9216860188342F3D129
:10C4300018685B6841182160EEE71A005B68002B02
:10C4400001D0A342F9D911685018A0420BD120683D
:10C450000918501811608342E0D118685B684118D0
:10C4600011605360DAE7A04202D90C232B60D5E7B4
:10C4700021686018834203D118685B684118216005
:10C4800063605460CAE7C04658290020F8B54B1EC7
:10C4900006000F001500194202D000242000F8BD4C
:10C4A000082900D20827042D00D2042503233900CF
:10C4B00003359D4308393000491900F02DF8002854
:10C4C000EBD004380368002B00DAC018F91C4118BF
:10C4D0007C420C40011D631A8C420AD0C7180B2BFA
:10C4E00017D90268D21A3A6003603000FFF784FF60
:10C4F00038002A0003680C32C118A2189142CDD925
:10C5000061190A1A9B1A0260300008C1FFF774FF14
:10C51000C4E75B423B60ECE7F8B50323CD1C9D43C9
:10C52000083506000C2D1FD20C25A9421ED830005C
:10C5300000F0D6FE25490A681400002C1AD1244FB9
:10C540003B68002B04D12100300000F027FB38604D
:10C550002900300000F022FB431C2BD10C233000BB
:10C56000336000F0C5FE03E0002DDEDA0C233360FB
:10C570000020F8BD23685B1B19D40B2B03D9236063
:10C58000E418256003E06368A2420ED10B6030001E
:10C5900000F0AEFE200007220B30231D9043C21A8C
:10C5A0009842E6D01B1AA350E3E75360EFE722005E
:10C5B0006468C2E70323C41C9C43A042E1D0211A53
:10C5C000300000F0EBFA431CDBD1C7E7582900200C
:10C5D0005C290020936810B5013B9360002B04DABE
:10C5E0009469A34207DB0A2905D01368581C106020
:10C5F0001970080010BD00F041FB0100F9E7F8B523
:10C6000006000F001400D518AC4201D1002007E04D
:10C6100021783A003000FFF7DDFF0134431CF3D1ED
:10C62000F8BD0000F0B5A1B006000C001F00039299
:10C63000002804D08369002B01D100F023FD8E4B2C
:10C640009C421CD17468636EDB0705D4A3899B05EB
:10C6500002D4A06D00F0B7FDA3891B0702D52369A2
:10C66000002B1DD12100300000F05EFB002817D008
:10C67000636EDB070DD50120404221B0F0BD7F4B3A
:10C680009C4201D1B468DEE77D4B9C42DBD1F4686B
:10C69000D9E7A3899B05EED4A06D00F095FDEAE7EC
:10C6A000002308AD6B6120336B761033AB760797B0
:10C6B000039F3B78002B01D0252B4ED1039BFB1A07
:10C6C0000593039B9F420DD0059B21003000039AE8
:10C6D000FFF795FF431C00D1B5E06A69059B9446BE
:10C6E00063446B613B78002B00D1ACE001227B1CE2
:10C6F0000393002352426A6004A9543252182B60FB
:10C70000EB60AB601370AB65039B052219785D4845
:10C7100000F0C8FD039B5F1C002820D12A68D306C7
:10C7200004D5532304A95B1820211970130704D5DD
:10C73000532304A95B182B211970039B1B782A2B08
:10C7400016D00021EB68039F3A78781C303A844673
:10C75000092A4FD9002911D117E00137A9E7494B20
:10C760002A68C01A0123834013432B600397CBE749
:10C77000079B191D1B680791002B01DB0B9304E03D
:10C780005B42EB60022313432B603B782E2B0AD1D4
:10C790007B782A2B37D1079B02371A1D1B6807921B
:10C7A000002B2DDB099303223978374800F07AFDFE
:10C7B000002807D0344B2A68C01A40238340134313
:10C7C00001372B6039787B1C062230480393297689
:10C7D00000F068FD002845D02D4B002B27D1072203
:10C7E000079B07339343083307936B69049A9B189D
:10C7F0006B615DE70A214B4367469B180939A3E744
:10C8000001235B42CEE700231A0001376B603978C1
:10C81000781C30398446092903D9002BC3D00992EA
:10C82000C1E70A235A4367465218093BEFE707ABB3
:10C830000093220029003000164B00E000BF049056
:10C84000049B0133D1D1636EDB0705D4A3899B051B
:10C8500002D4A06D00F0B8FCA3895B0600D50AE7FE
:10C860000D980AE707AB0093220029003000094B1E
:10C8700000F082F8E3E7C04640F7000060F70000F0
:10C8800020F70000ECF60000F2F60000F6F60000DB
:10C8900000000000FFC50000F7B5150001938A688D
:10C8A0000B690C000090934200DA130022002B6009
:10C8B00043321278002A01D001332B6023689B0693
:10C8C00002D52B6802332B602268062317001F4015
:10C8D0001A4227D0230043331B785A1E9341226803
:10C8E000920630D4220001990098089E4332B04746
:10C8F000431C25D0062320682A68E16800250340F0
:10C90000042B03D18D1AEB43DB171D40A36822696A
:10C91000934201DD9B1AED180027BD4220D1002073
:10C9200010E00137E3682A689B1ABB42D2DD22007F
:10C93000012301990098089E1932B047431CF0D199
:10C9400001204042FEBD3020E11843310870210033
:10C950005A1C45310978A218433202331170C1E7DD
:10C960002200012301990098089E1A32B047431C07
:10C97000E6D00137D1E70000F0B58BB006920A008F
:10C9800043320793059004920A7E0C00109B782A8C
:10C9900006D8622A08D8002A00D1C0E0582A52D00E
:10C9A00026004236327022E0100063381528F7D88E
:10C9B00000F03EFF16001F00F6FFF6FFF6FFF6FF41
:10C9C0001F00F6FFF6FFF6FFF6FFA80036009A00FC
:10C9D000F6FFF6FFB900F6FF3600F6FFF6FF9E0001
:10C9E00026001A684236111D19601368337001233E
:10C9F000A7E0086819680A1D05060BD50D681A60BE
:10CA0000002D03DA2D23049A6D421370614B0A271F
:10CA1000039332E00D681A604106F1D52DB2EFE7BD
:10CA20000D681968081D18602E0601D50D6803E011
:10CA30006D06FBD50D68ADB2564B0A2703936F2ADE
:10CA400017D1082715E045310A70524A03921A6837
:10CA5000216820CA1A60080650D5CB0702D52023CA
:10CA6000194321601027002D03D1202322689A4307
:10CA700022602300002243331A706368A360002BF6
:10CA800003DB0422216891432160002D02D1049E22
:10CA9000002B0CD0049E28003900FCF701FD039BFD
:10CAA000013E5B5C33702B0005009F42F3D9082FD9
:10CAB00009D12368DB0706D563682269934202DC4B
:10CAC0003023013E3370049B9B1B2361079B210095
:10CAD00000930598069B09AAFFF7DEFE431C35D19B
:10CAE000012040420BB0F0BD202209680A432260B9
:10CAF0002200782145321170274AA7E74806ACD5B5
:10CB0000ADB2AAE71A680D68101D4969186013686C
:10CB10002E0601D5196002E06D06FBD519800023B1
:10CB2000049E2361D2E71A68111D1960166800215E
:10CB30003000626800F0B6FB002801D0801B606006
:10CB4000636823610023049A1370BFE723693200EE
:10CB500006990598079DA847431CC1D023689B07E9
:10CB600015D4099BE0689842BCDA1800BAE72200A5
:10CB7000012306990598079E1932B047431CAFD090
:10CB80000135E368099A9B1AAB42F0DCE9E700251E
:10CB9000F7E7C046FDF600000EF70000002370B571
:10CBA000064D040008002B6000F084FE431C03D1F6
:10CBB0002B68002B00D0236070BDC0467029002078
:10CBC0000EB400B50B499CB01DAB029006900791C6
:10CBD00004910948094904CB0591006802A9019311
:10CBE00000F016FC0023029A13701CB008BC03B0BE
:10CBF0001847C046FFFFFF7FA80300200802FFFF81
:10CC00000023C25C0133002AFBD1581E704730B5A7
:10CC1000140005001A009BB0002C05DA8B2303607A
:10CC2000012040421BB030BD822368469B008381B7
:10CC30000023009104919C4200D0631E029305934F
:10CC4000012369465B42CB8128001E9B00F0E0FB7C
:10CC5000431C01DA8B232B60002CE3D00023009AC5
:10CC60001370DFE707B5009313000A0001000248C4
:10CC70000068FFF7CCFF0EBDA8030020F8B5050043
:10CC80000E001400002804D08369002B01D100F0AD
:10CC9000F9F9224B9C422ED16C68A369A360A38949
:10CCA0001B0732D52369002B2FD023682269F7B2E6
:10CCB000981A6369F6B2834205DC2100280000F06F
:10CCC0003FF9002827D1A3680130013BA360236806
:10CCD0005A1C22601F706369834204D0A389DB075A
:10CCE00007D50A2E05D12100280000F029F90028D7
:10CCF00011D13000F8BD0A4B9C4201D1AC68CCE7A1
:10CD0000084B9C42C9D1EC68C7E72100280000F01D
:10CD10000BF80028C9D001267642EAE740F7000068
:10CD200060F7000020F70000374B70B51D68060063
:10CD30000C00002D05D0AB69002B02D1280000F0BB
:10CD4000A1F9324B9C420FD16C680C23E25E93B286
:10CD500011072DD4D90611D40923012033603733AC
:10CD60001343A381404270BD294B9C4201D1AC6862
:10CD7000EBE7284B9C42E8D1EC68E6E75B0713D56C
:10CD8000616B002908D023004433994202D030005F
:10CD9000FFF732FB002363632422A3899343A3811B
:10CDA00000236360236923600823A2891343A381BE
:10CDB0002369002B0BD1A0218022A3898900920036
:10CDC0000B40934203D02100300000F027FA0C22E0
:10CDD000A35E01201A0099B2024003420FD0002244
:10CDE000A26062695242A261002022698242BAD1E5
:10CDF0000A06B8D540221343A3810138B3E7880758
:10CE000000D46269A260EFE7A803002040F70000A9
:10CE100060F7000020F70000062010B500F022FCAB
:10CE2000012000F05DFD0000F7B58B8905000C00C6
:10CE30001A075FD44A68002A04DC0A6C002A01DC65
:10CE40000020FEBDE76A002FFAD0002280212E6864
:10CE50002A601A0049010A400B4234D0606DA38950
:10CE60005B0706D56368C01A636B002B01D0236C87
:10CE7000C01A0200216A00232800E76AB847A18986
:10CE8000431C06D12B681D2B31D82C4ADA40D3071E
:10CE90002DD50023636023692360CB0405D5431C93
:10CEA00002D12B68002B00D16065616B2E600029D8
:10CEB000C6D023004433994202D02800FFF79CFAE1
:10CEC00000206063BDE701232800216AB847431CA6
:10CED000C5D12B68002BC2D01D2B01D0162B01D140
:10CEE0002E60ADE74023A2891343A381A9E7402325
:10CEF0000B43FAE70F69002FA2D00A680F60D21B1C
:10CF0000019200229B0700D14A69A260019B002B7D
:10CF100000DC95E73A002800019B216AA66AB04729
:10CF2000002806DC40230120A28940421343A3814C
:10CF300087E7019B3F181B1A0193E7E70100402098
:10CF40000B6970B505000C00002B02D100252800EC
:10CF500070BD002804D08369002B01D100F092F845
:10CF6000144B9C421BD16C680C22A35E002BEDD0AD
:10CF7000626ED20704D49B0502D4A06D00F023F9A1
:10CF800028002100FFF750FF636E0500DB07DED4A9
:10CF9000A3899B05DBD4A06D00F016F9D7E7064BFB
:10CFA0009C4201D1AC68DFE7044B9C42DCD1EC68C9
:10CFB000DAE7C04640F7000060F7000020F7000005
:10CFC000002310B5040003604360836081814366E1
:10CFD0001900C28103614361836108225C30FFF75D
:10CFE00002FA054B6362054B2462A362044BE362C1
:10CFF000044B236310BDC046A5D60000CDD600006B
:10D0000005D7000031D7000010B5024900F0BAF88A
:10D0100010BDC04641CF000070B568254A1E55437B
:10D020000E0029007431FFF777FA041E08D00021A2
:10D030002A00016046600C30A0606832FFF7D3F927
:10D04000200070BD10B5024800F0BDF810BDC0460C
:10D050006C29002010B5024800F0B6F810BDC0469B
:10D060006C29002010B5024800F0ADF810BDC04694
:10D070006729002010B5024800F0A6F810BDC04690
:10D080006729002013B50400FFF7ECFFA369002B0C
:10D0900002D0FFF7EFFF13BDA364E3642365134BD6
:10D0A000134A1B68A2620193A34201D10123A36129
:10D0B000200000F01FF86060200000F01BF8A06066
:10D0C000200000F017F800220421E0606068FFF7FC
:10D0D00077FF01220921A068FFF772FF02221221C7
:10D0E000E068FFF76DFF0123A361D2E7E8F60000D7
:10D0F00009D00000F8B50700FFF7A4FF1F4B1E681A
:10D10000B369002B02D13000FFF7BCFF4836B4688A
:10D110007368013B04D53368002B22D03668F6E7EC
:10D120000C22A55E002D1AD12000154B5830E3606B
:10D13000656600F047F8FFF78DFF20000822290000
:10D140002560A560656025616561A5615C30FFF7BC
:10D150004AF96563A563A564E5642000F8BD6834F9
:10D16000D7E704213800FFF757FF041E3060D5D100
:10D17000FFF770FF0C233B60EFE7C046E8F60000C6
:10D180000100FFFFF7B504000600002701914834B5
:10D190006368A5680093009B013B009304D5246855
:10D1A000002CF5D13800FEBDAB89012B08D90E2229
:10D1B000AB5E013304D029003000019B9847074340
:10D1C0006835E8E7704770477047000070B50E009B
:10D1D0001D000E23C95E140096B0002907DA002353
:10D1E0002B60B3891B0611D48023DB000FE06A4655
:10D1F00000F0CAFA0028F2DBF02301991B02194063
:10D20000054BC9184B4259412960EDE740230020E6
:10D21000236016B070BDC04600E0FFFFF7B50226E0
:10D220008B8905000C00334206D02300473323606E
:10D23000236101236361F7BD6A4601ABFFF7C6FFB7
:10D24000009907002800FFF767F9002808D10C2291
:10D25000A35E9A05EFD4032293431E43A681E4E71D
:10D260000F4BAB628023A28920601343A381009BF4
:10D2700020616361019B002B0DD028000E23E15E2D
:10D2800000F094FA002806D00322A38993431A00E1
:10D2900001231343A381A0890743A781CBE7C0469D
:10D2A00009D00000C9B28218904201D10020704715
:10D2B00003788B42FBD00130F6E710B5884202D9E3
:10D2C0008B18984203D3002307E08B5C8354013A08
:10D2D000FBD210BDCC5CC45401339A42FAD1F8E7BA
:10D2E00010B50248FFF76FFF10BDC0466829002047
:10D2F00010B50248FFF768FF10BDC046682900203E
:10D30000F8B507000D001600002905D11100FFF740
:10D3100003F904002000F8BD002A03D1FFF76CF8E0
:10D320003400F7E700F068FA2C00B042F2D2310086
:10D330003800FFF7F1F8041EECD029003200FFF7A7
:10D3400049F829003800FFF757F8E3E7F0B58E6891
:10D3500085B007000C00039201939E423CD89023B5
:10D360008A89DB001A4234D00325096923685B1AD5
:10D370000293636902985D43EB0F5D19019B6D1089
:10D3800001331B18AB4200D91D00530532D52900CB
:10D390003800FFF7C1F8061E09D10C233B6040237B
:10D3A0000120A28940421343A38105B0F0BD029A37
:10D3B0002169FFF70FF8A389144A1A408023134309
:10D3C000A381029B2661F61826606561019EED1A15
:10D3D000A560019B9E4200D9019E320003992068FE
:10D3E000FFF76BFFA36800209B1BA36023689E19B7
:10D3F0002660DAE72A003800FFF782FF061EE0D138
:10D4000038002169FEF7F8FFC7E7C0467FFBFFFF42
:10D41000F0B5A1B003901D008B890F0016001B060C
:10D4200011D50B69002B0ED14021FFF775F838603C
:10D430003861002805D10C23039A0138136021B00C
:10D44000F0BD40237B61002308AC63612033637629
:10D450001033A376079535002B78002B01D0252BB0
:10D4600047D1AB1B0593B5420CD03200390003986D
:10D47000FFF76CFF431C00D1AEE06269059B944648
:10D48000634463612B78002B00D1A5E001220023C7
:10D490005242626004A9543252186E1C2360E36049
:10D4A000A3601370A365052231785448FFF7FAFE94
:10D4B000751C00281FD12268D30604D5532304A964
:10D4C0005B1820211970130704D5532304A95B1896
:10D4D0002B21197033782A2B16D0350000210A2011
:10D4E000E3682A786E1C303A092A4ED9002911D1F6
:10D4F00017E00135B0E7414B2268C01A0123834091
:10D5000013432E002360CEE7079B191D1B6807916C
:10D51000002B01DB0B9304E05B42E3600223134327
:10D5200023602B782E2B0AD16B782A2B35D1079BC1
:10D5300002351A1D1B680792002B2BDB0993304E16
:10D54000032230002978FFF7ADFE002806D04023E3
:10D55000801B83402268013513432360297806220B
:10D5600028486E1C2176FFF79DFE00283CD0264BF4
:10D57000002B25D10722079B0733934308330793DA
:10D580006369049A9B18636165E743433500012191
:10D590009B18A6E701235B42D0E700230A201A006C
:10D5A0000135636029786E1C3039092903D9002BB5
:10D5B000C5D00992C3E74243350001235218F1E771
:10D5C00007AB00933A002100104B039800E000BF26
:10D5D0000490049B0133D3D1BB890D985B0600D422
:10D5E0002DE7012040422AE707AB00933A002100D3
:10D5F000064B0398FFF7C0F9EAE7C046ECF60000D7
:10D60000F2F60000F6F60000000000004DD3000026
:10D6100070B504000D001F2904D9162303600120F2
:10D62000404270BD436C002B04D08A009B181A68DE
:10D63000002A08D1200000F031F82A000100200063
:10D6400000F01AF8EDE70020012AEAD0511C03D1BE
:10D65000162301302360E4E7002428001C60904773
:10D660002000DEE710B5034B01001868FFF7D0FF7C
:10D6700010BDC046A8030020002370B5064D04006D
:10D68000080011002B6000F0FDF8431C03D12B684B
:10D69000002B00D0236070BD7029002010B500F071
:10D6A000E1F810BD70B50C000E25495F00F0ACF834
:10D6B000002803DB636D1B18636570BDA389024AF4
:10D6C0001340A381F9E7C046FFEFFFFFF8B51F0045
:10D6D0008B8905000C001600DB0505D50E23C95EFD
:10D6E0000022022300F074F8A389054A28001340A1
:10D6F000A38132000E23E15E3B0000F01FF8F8BD6D
:10D70000FFEFFFFF70B50C000E25495F00F060F8D9
:10D71000A389421C03D1054A1340A38170BD802216
:10D7200052011343A3816065F8E7C046FFEFFFFF96
:10D7300010B50E23C95E00F015F810BD70B50400D9
:10D74000080011001A000023054D2B6000F0C0F8FE
:10D75000431C03D12B68002B00D0236070BDC04652
:10D7600070290020002370B5064D040008002B60CE
:10D7700000F068F8431C03D12B68002B00D0236015
:10D7800070BDC04670290020002370B5064D04000E
:10D79000080011002B6000F05DF8431C03D12B68DA
:10D7A000002B00D0236070BD70290020002370B5CD
:10D7B000064D040008002B6000F05CF8431C03D108
:10D7C0002B68002B00D0236070BDC046702900205C
:10D7D00070B50400080011001A000023054D2B60ED
:10D7E00000F058F8431C03D12B68002B00D02360B5
:10D7F00070BDC046702900200B1F1B68181F002B2E
:10D8000001DA0B58C018704770B504000800110009
:10D810001A000023054D2B6000F044F8431C03D18F
:10D820002B68002B00D0236070BDC04670290020FB
:10D8300003B47146490840004900095E49008E441E
:10D8400003BC704758220120014B40421A607047C8
:10D850007029002058220120014B40421A60704775
:10D860007029002058220120014B40421A60704765
:10D87000702900205822024B00201A607047C046D1
:10D880007029002058220120014B40421A60704745
:10D890007029002058220120014B40421A60704735
:10D8A0007029002058220120014B40421A60704725
:10D8B00070290020044A03001068002802D0C31811
:10D8C000136070470148FAE760290020742900209E
:10D8D00058220120014B40421A60704770290020F5
:10D8E000FEE7C046F8B5C046F8BC08BC9E46704787
:10D8F000F8B5C046F8BC08BC9E467047474F4F4439
:10D90000004A4F42004C6F77004261747400456DCD
:10D91000707479002530345800487A00494E4943E4
:10D9200049414C495A41444100454550524F4D20D0
:10D93000496E696369616C697A6164612E00566F32
:10D940006C63616E646F20454550524F4D2E002C24
:10D95000004869210043757272656E743A25302E55
:10D960003166202D00563A25302E3166202D2000BC
:10D9700056743A25302E3166202D20004572726F84
:10D98000723A25302E3266202D2000503A25302E56
:10D990003266202D2000493A25302E3266202D2077
:10D9A00000443A25302E3266202D2000553A25308D
:10D9B0002E3266200A0050756E7465726F20706595
:10D9C000726469646F2E200A0044454C00454E4441
:10D9D000004E4954524F0056414E5441204D4F4441
:10D9E00045004F4E004F464600536176696E672EE4
:10D9F0002E2E0056414E5441004C4F570053544177
:10DA00005254210A0D00253034780A00526573659E
:10DA10007420506F776572204F6E20526573657465
:10DA200000526573657420424F4431320052657371
:10DA3000657420424F44333300526573657420454A
:10DA4000787465726E616C005265736574205761FD
:10DA5000746368446F67005265736574205379730B
:10DA600074656D00492025640056202564004F4BE5
:10DA700000424144004C6F6164696E672E2E2E0097
:10DA80004E49434B4E414D45004D454E55003320C8
:10DA9000322000332032203100332D322D31004D21
:10DAA0004F54484552004655434B4552004E4F5245
:10DAB0004D414C005445535400535441525400546A
:10DAC00048414E4B00594F550000FEFFFFFFFFFF3E
:10DAD000FFFFFFFFFFFFFFFFFFFFFFFFFFFFFFFF56
:10DAE000FFFFFFFFFFFFFFFFFFFFFFFFFFFFFFFF46
:10DAF000FFFFFFFFFFFFFFFFFFFFFFFFFFFFFFFF36
:10DB0000FFFFFFFFFE00000000000FFFFE0000000F
:10DB100000000FFFFE7FFFFFFFFFC07FFE7FFFFFC4
:10DB2000FFFFC07FFE7FFFFFFFFFCE7FFE7FFFFF77
:10DB3000FFFFCE7FFE7FFFFFFFFFCE7FFE7FFFFF59
:10DB4000FFFFCE7FFE7FFFFFFFFFCE7FFE7FFFFF49
:10DB5000FFFFCE7FFE7FFFFFFFFFCE7FFE7FFFFF39
:10DB6000FFFFCE7FFE7FFFFFFFFFCE7FFE7FFFFF29
:10DB7000FFFFCE7FFE7FFFFFFFFFC07FFE7FFFFF27
:10DB8000FFFFC07FFE00000000000FFFFE0000004E
:10DB900000000FFFFFFFFFFFFFFFFFFFFFFFFFFF83
:10DBA000FFFFFFFFFFFFFFFFFFFFFFFFFFFFFFFF85
:10DBB000FFFFFFFFFFFFFFFFFFFFFFFFFFFFFFFF75
:10DBC000FFFFFFFFFFFFFFFFFFFFFFFF30002E0003
:10DBD0002C002A00280026002400220020001E001D
:10DBE0001C001A00180016001400120010000E008D
:10DBF0000C000A00080006000400020000006F0F7D
:10DC0000640000009A14C80000006F0F0A000A00A8
:10DC10009A140A000A000000000000000000000042
:10DC200000000000000000000007000000000000ED
:10DC3000000F800000000000001FC0000000000076
:10DC4000003FE00000000000007FF0000000000046
:10DC500000F8F8000000000001F8FC0000000000DF
:10DC600003F8FE000000000007F8FF0000000000BD
:10DC70000FF8FF80000000001FF8FFC00000000048
:10DC80003FF8FFE0000000007FF8FFF00000000018
:10DC90007FF8FFF0000000007FF8FFF000000000B8
:10DCA0003FF8FFE0000000001FF8FFC00000000088
:10DCB0000FF8FF800000000007FFFF0000000000D9
:10DCC00003F8FE000000000001F8FC000000000066
:10DCD00000F8F80000000000007FF00000000000E5
:10DCE000003FE00000000000001FC0000000000036
:10DCF000000F80000000000000070000000000008E
:10DD0000000000000000400C7D0005002D097D0092
:10DD100005002D087D0005004D0A7D000500200648
:10DD20007D00050027057D0005005A1064003200C3
:10DD30005A10640032005A10640032005A10640015
:10DD400032009A14640000006F0FC80000005B12DC
:10DD50000A000A00C00D0A000A0027057D00050020
:10DD600020067D0005004D0A7D0005002D087D0080
:10DD700005002D097D000500400C7D0005000B020B
:10DD80007D000A002D087D000A0017047D000A00AE
:10DD90000000000000000000000000000000000083
:10DDA0000000000000000000000000000000000073
:10DDB0000000000000000000000000000000000063
:10DDC0000000000000000000000000000000000053
:10DDD0000000000000000000000000000000000043
:10DDE0000000000000000000000000000000000033
:10DDF0000000000000000000000000000000000023
:10DE00000000000000000000000000000000000012
:10DE10000000000000000000000000000000000002
:10DE200000000000000000000000000000000000F2
:10DE300000000000000000000000000000000000E2
:10DE400000000000000000000000000000000000D2
:10DE500000000000000000000000000000000000C2
:10DE600000000000000000000000000000000000B2
:10DE700000000000000000000000000000000000A2
:10DE80000000000000000000000000000000000092
:10DE90000000000000000000000000000000000082
:10DEA0000000000000000000000000000000000072
:10DEB0000000000000000000000000000000000062
:10DEC0000000000000000000000000000000000052
:10DED0000000000000000000000000000000000042
:10DEE0000000000000000000000000000000000032
:10DEF0000000000000000000000000000000000022
:10DF00000000000000000000000000000000000011
:10DF10000000000000000000000000000000000001
:10DF200000000000000000000000000000000000F1
:10DF300000000000000000000000000000000000E1
:10DF400000000000000000000000000000000000D1
:10DF500000000000000000000000000000000000C1
:10DF600000000000000000000000000000000000B1
:10DF700000000000000000000000000000000000A1
:10DF80000000000000000000000000000000000091
:10DF90000000000000000000000000000000000081
:10DFA0000000000000000000000000000000000071
:10DFB0000000000000000000000000000000000061
:10DFC0000000000000000000000000000000000051
:10DFD0000000000000000000000000000000000041
:10DFE0000000000000000000000000000000000031
:10DFF0000000000000000000000000000000000021
:10E000000000000000000000000000000000000010
:10E010000000000000000000000000000000000000
:10E0200000000000000000000000000000000000F0
:10E0300000000000000000000000000000000000E0
:10E0400000000000000000000000000000000000D0
:10E0500000000000000000000000000000000000C0
:10E0600000000000000000000000000000000000B0
:10E0700000000000000000000000000000000000A0
:10E080000000000000000000000000000000000090
:10E090000000000000000000000000000000000080
:10E0A0000000000000000000000000000000000070
:10E0B0000000000000000000000000000000000060
:10E0C0000000000000000000000000000000000050
:10E0D0000000000000000000000000000000000040
:10E0E0000000000000000000000000000000000030
:10E0F0000000000000000000000000000000000020
:10E10000000000000000000000000000000000000F
:10E1100000000000000000000000000000000000FF
:10E1200000000000000000000000000000000000EF
:10E1300000000000000000000000000000000000DF
:10E1400000000000000000000000000000000000CF
:10E1500000000000000000000000000000000000BF
:10E1600000000000000000000000000000000000AF
:10E17000000000000000000000000000000000009F
:10E18000000000000000000000000000000000008F
:10E19000000000000000000000000000000000007F
:10E1A000000000000000000000000000000000006F
:10E1B000000000000000000000000000000000005F
:10E1C000000000000000000000000000000000004F
:10E1D000000000000000000000000000000000003F
:10E1E000000000000000000000000000000000002F
:10E1F000000000000000000000000000000000001F
:10E2000017047D000A002D087D000A000B027D0026
:10E210000A006E0296000A006E0296000A006E0264
:10E2200096000A006E0290010500EE0190010500C3
:10E230002A02900105006E02960096002A029600BE
:10E2400005006E02F40105006F0FC8000A00EA0A1B
:10E25000C8000A006F0FC8000A00EA0AC8000A00D6
:10E260006F0FC8000A00EA0AC8000A001003640021
:10E270000A00100364000A00100364000A00000092
:10E28000000000000000000031430000F5410000E4
:10E29000F14100001942000035420000F743000040
:10E2A0001B420000FFFFFFFF000000000000000015
:10E2B000000000000000000000000000FFFFFFFF62
:10E2C000000000000000000000000000000000004E
:10E2D00000000000FFFFFFFF000000000000000042
:10E2E000000000000000000000000000030000002B
:10E2F000000000000900000000000000742000423F
:10E3000040000000040000000000000008000000C1
:10E31000000000007020004204000000FFFFFFFF2B
:10E3200000000000000000000000000000000000ED
:10E3300000000000FFFFFFFF0000000000000000E1
:10E34000000000000000000000000000FFFFFFFFD1
:10E3500000000000000000000000000000000000BD
:10E36000000000000800000000000000060000009F
:10E3700001000000702400420400000009000000B9
:10E3800000000000070000000100000074240042AB
:10E39000400000000A000000000000001200000021
:10E3A0000000000078200042050000000B00000083
:10E3B0000000000010000000020000007028004271
:10E3C000040000000C00000000000000130000002A
:10E3D000000000007C200042500000000D00000002
:10E3E000000000001100000002000000742800423C
:10E3F0004000000000000000003E5B4F5B3E3E6BB3
:10E400004F6B3E1C3E7C3E1C183C7E3C181C577DCE
:10E41000571C1C5E7F5E1C00183C1800FFE7C3E71A
:10E42000FF0018241800FFE7DBE7FF30483A060E2C
:10E430002629792926407F050507407F05253F5A73
:10E440003CE73C5A7F3E1C1C08081C1C3E7F1422E3
:10E450007F22145F5F005F5F06097F017F0066898E
:10E46000956A606060606094A2FFA29408047E04D4
:10E470000810207E201008082A1C08081C2A0808FA
:10E480001E101010100C1E0C1E0C30383E383006BA
:10E490000E3E0E06000000000000005F00000007B6
:10E4A000000700147F147F14242A7F2A12231308E4
:10E4B000646236495620500008070300001C2241C0
:10E4C000000041221C002A1C7F1C2A08083E080864
:10E4D0000080703000080808080800006060002014
:10E4E000100804023E5149453E00427F40007249F7
:10E4F0004949462141494D331814127F102745459B
:10E5000045393C4A494931412111090736494949B0
:10E5100036464949291E000014000000403400001E
:10E520000008142241141414141400412214080287
:10E53000015909063E415D594E7C1211127C7F49FA
:10E540004949363E414141227F4141413E7F49494F
:10E5500049417F090909013E414151737F0808087B
:10E560007F00417F41002040413F017F081422414C
:10E570007F404040407F021C027F7F0408107F3EA6
:10E580004141413E7F090909063E4151215E7F0913
:10E59000192946264949493203017F01033F40407A
:10E5A000403F1F2040201F3F4038403F6314081465
:10E5B0006303047804036159494D43007F4141419D
:10E5C0000204081020004141417F0402010204407E
:10E5D00040404040000307080020545478407F2802
:10E5E0004444383844444428384444287F385454F8
:10E5F000541800087E090218A4A49C787F0804041B
:10E600007800447D40002040403D007F10284400B9
:10E6100000417F40007C047804787C08040478384A
:10E6200044444438FC1824241818242418FC7C087A
:10E63000040408485454542404043F44243C4040F7
:10E64000207C1C2040201C3C4030403C44281028AA
:10E65000444C9090907C4464544C440008364100F3
:10E660000000770000004136080002010204023C6D
:10E670002623263C1EA1A161123A4040207A38543C
:10E6800054555921555579412254547842215554B5
:10E69000784020545579400C1E5272123955555508
:10E6A00059395454545939555454580000457C41F3
:10E6B0000002457D420001457C407D1211127DF033
:10E6C000282528F07C545545002054547C547C0A5D
:10E6D000097F4932494949323A4444443A324A4826
:10E6E00048303A4141217A3A42402078009DA0A02A
:10E6F0007D3D4242423D3D4040403D3C24FF24247C
:10E70000487E4943662B2FFC2F2BFF0929F620C09A
:10E71000887E090320545479410000447D413048EB
:10E72000484A32384040227A007A0A0A727D0D192E
:10E73000317D2629292F28262929292630484D4090
:10E7400020380808080808080808382F10C8ACBA8C
:10E750002F102834FA00007B000008142A1422220B
:10E76000142A14085500550055AA55AA55AAFF5554
:10E77000FF55FF000000FF00101010FF00141414DC
:10E78000FF001010FF00FF1010F010F0141414FC24
:10E79000001414F700FF0000FF00FF1414F404FC41
:10E7A000141417101F10101F101F1414141F001022
:10E7B0001010F0000000001F101010101F1010109B
:10E7C00010F010000000FF101010101010101010AA
:10E7D000FF10000000FF140000FF00FF00001F10EA
:10E7E000170000FC04F414141710171414F404F4A4
:10E7F0000000FF00F714141414141414F700F71495
:10E800001414171410101F101F141414F4141010E3
:10E81000F010F000001F101F0000001F1400000087
:10E82000FC140000F010F01010FF10FF141414FF7F
:10E83000141010101F00000000F010FFFFFFFFFF7A
:10E84000F0F0F0F0F0FFFFFF0000000000FFFF0F0E
:10E850000F0F0F0F3844443844FC4A4A4A347E02B2
:10E86000020606027E027E02635549416338444433
:10E870003C04407E201E2006027E020299A5E7A5E8
:10E88000991C2A492A1C4C7201724C304A4D4D3059
:10E890003048784830BC625A463D3E494949007E7E
:10E8A0000101017E2A2A2A2A2A44445F4444405115
:10E8B0004A444040444A51400000FF0103E080FFC9
:10E8C000000008086B6B083612362436060F090F55
:10E8D00006000018180000001010003040FF010171
:10E8E000001F01011E00191D1712003C3C3C3C009A
:10E8F0000000000000000000000000007552000051
:10E90000F9670000F1410000CD470000D188000008
:10E910009548000097480000C1480000A148000049
:10E92000B1480000CF47000095480000BD4A0000F4
:10E93000394A0000D948000015490000514900003B
:10E940009F4900003B4A0000B9490000705F7365B1
:10E9500072636F6D20213D204E554C4C0053504941
:10E96000436C6173733A3A535049436C6173732833
:10E97000534552434F4D2A2C2075696E74385F748D
:10E980002C2075696E74385F742C2075696E74382C
:10E990005F742C20536572636F6D537069545850C7
:10E9A00061642C20536572636F6D52585061642905
:10E9B00000433A5C55736572735C6A617669655CA5
:10E9C000417070446174615C4C6F63616C5C417256
:10E9D0006475696E6F31355C7061636B6167657317
:10E9E0005C61646166727569745C686172647761A8
:10E9F00072655C73616D645C312E372E31365C6CF0
:10EA000069627261726965735C5350495C53504925
:10EA10002E63707000000000280800420200000011
:10EA200001000000280C0042040000000300000068
:10EA300028100042060000000500000028140042D3
:10EA40000800000007000000281800420A0000002B
:10EA500009000000281C00420C0000000B00000010
:10EA6000000000000000000075520000F96700007F
:10EA7000F1410000CD470000D95E0000954800003C
:10EA800097480000C1480000A1480000B1480000BC
:10EA9000CF47000095480000BD4A0000394A0000F9
:10EAA000015D0000295B0000514900009F49000002
:10EAB0003B4A0000B94900000000000000000000CF
:10EAC0000000000000000000000000000000000046
:10EAD0000000000000000000000000000000000036
:10EAE0000000000000000000000000000000000026
:10EAF0000000000000000000000000000000000016
:10EB00000000000000000000000000000000000005
:10EB100000000000000000000000000000000000F5
:10EB200000000000000000000000000000000000E5
:10EB300000000000000000000000000000000000D5
:10EB400000000000000000000000000000000000C5
:10EB500000000000000000000000000000000000B5
:10EB600000000000000000000000000000000000A5
:10EB70000000000000000000000000000000000095
:10EB80000000000000000000000000000000000085
:10EB90000000000000000000000000000000000075
:10EBA0000000000000000000000000000000000065
:10EBB0000000000000000000000000000000000055
:10EBC0000000000000000000000000000000000045
:10EBD0000000000000000000000000000000000035
:10EBE0000000000000000000000000000000000025
:10EBF0000000000000000000000000000000000015
:10EC00000000000000000000000000000000000004
:10EC100000000000000000000000000000000000F4
:10EC200000000000000000000000000000000000E4
:10EC300000000000000000000000000000000000D4
:10EC400000000000000000000000000000000000C4
:10EC500000000000000000000000000000000000B4
:10EC600000000000000000000000000000000000A4
:10EC70000000000000000000000000000000000094
:10EC80000000000000000000000000000000000084
:10EC90000000000000000000000000000000000074
:10ECA0000000000000000000000000000000000064
:10ECB0000000000000000000000000000000000054
:10ECC0000000000000000000000000000000000044
:10ECD0000000000000000000000000000000000034
:10ECE0000000000000000000000000000000000024
:10ECF0000000000000000000000000000000000014
:10ED00000000000000000000000000000000000003
:10ED100000000000000000000000000000000000F3
:10ED200000000000000000000000000000000000E3
:10ED300000000000000000000000000000000000D3
:10ED400000000000000000000000000000000000C3
:10ED500000000000000000000000000000000000B3
:10ED600000000000000000000000000000000000A3
:10ED70000000000000000000000000000000000093
:10ED80000000000000000000000000000000000083
:10ED90000000000000000000000000000000000073
:10EDA0000000000000000000000000000000000063
:10EDB0000000000000000000000000000000000053
:10EDC0000000000000000000000000000000000043
:10EDD0000000000000000000000000000000000033
:10EDE0000000000000000000000000000000000023
:10EDF0000000000000000000000000000000000013
:10EE00000000000000000000000000000000000002
:10EE100000000000000000000000000000000000F2
:10EE200000000000000000000000000000000000E2
:10EE300000000000000000000000000000000000D2
:10EE400000000000000000000000000000000000C2
:10EE500000000000000000000000000000000000B2
:10EE600000000000000000000000000000000000A2
:10EE70000000000000000000000000000000000092
:10EE80000000000000000000000000000000000082
:10EE90000000000000000000000000000000000072
:10EEA0000000000000000000000000000000000062
:10EEB0000000000000000000000000000000000052
:10EEC0000000000000000000000000000000000042
:10EED0000000000000000000000000000000000032
:10EEE0000000000000000000000000000000000022
:10EEF0000000000000000000000000000000000012
:10EF00000000000000000000000000000000000001
:10EF100000000000000000000000000000000000F1
:10EF200000000000000000000000000000000000E1
:10EF300000000000000000000000000000000000D1
:10EF400000000000000000000000000000000000C1
:10EF500000000000000000000000000000000000B1
:10EF600000000000000000000000000000000000A1
:10EF70000000000000000000000000000000000091
:10EF80000000000000000000000000000000000081
:10EF90000000000000000000000000000000000071
:10EFA0000000000000000000000000000000000061
:10EFB0000000000000000000000000000000000051
:10EFC0000000000000000000000000000000000041
:10EFD0000000000000000000000000000000000031
:10EFE0000000000000000000000000000000000021
:10EFF0000000000000000000000000000000000011
:10F000000800000010000000200000004000000088
:10F010008000000000010000000200000004000069
:10F02000000000000B000000020000001C000000B7
:10F03000FF00010101010B00000000000A000000B8
:10F04000020000001C000000FF00000100010A0097
:10F05000000000000E000000080000000400000096
:10F06000FF00000000000E0000000000090000008A
:10F07000040000001C000000FF0001000100090066
:10F080000000000008000000040000001C00000058
:10F09000FF00000000001000000000000F00000052
:10F0A000040000001C000000FF00010301030F002A
:10F0B0000000000014000000050000002C0000000B
:10F0C000FF00020002000400000000001500000024
:10F0D0000800000004000000FF00FFFFFFFF050024
:10F0E0000000000006000000040000001C000000FA
:10F0F00006000001000106000000000007000000FB
:10F10000040000001C0000000700010101010700CD
:10F110000000000012000000040000001C000000BD
:10F12000FF000003000302000000000010000000C8
:10F13000040000001C000000FF00000200020000AC
:10F140000000000013000000050000002C0000007B
:10F15000FF00030003000300000000001100000096
:10F16000040000001C000000FF0001020102010079
:10F17000000000000200000001000000020000008A
:10F180000000FFFFFFFF0200010000000800000078
:10F190000100000018000000020000040004080044
:10F1A000010000000900000001000000180000003C
:10F1B0000300010401040900000000000400000035
:10F1C000010000001800000004000000000004001E
:10F1D0000000000005000000010000001800000011
:10F1E0000500010001000500010000000200000010
:10F1F00001000000000000000A00FFFFFFFF020006
:10F2000000000000160000000200000004000000E2
:10F21000FF00FFFFFFFF06000000000017000000D6
:10F220000200000004000000FF00FFFFFFFF0700D6
:10F23000000000000C0000000300000004000000BB
:10F24000FF00FFFFFFFF0C00010000000A000000AC
:10F250000300000004000000FF00FFFFFFFF0A00A2
:10F26000010000000B00000003000000040000008B
:10F27000FF00FFFFFFFF0B00010000000300000084
:10F280000B00000004000000FF00FFFFFFFFFF0075
:10F29000000000001B0000000B0000000400000044
:10F2A000FF00FFFFFFFFFF00000000001C00000048
:10F2B0000600000000000000FF00FFFFFFFFFF004E
:10F2C0000000000018000000060000000000000020
:10F2D000FF00FFFFFFFFFF0000000000190000001B
:10F2E0000600000000000000FF00FFFFFFFFFF001E
:10F2F00001000000160000000300000000000000F4
:10F30000FF00FFFFFFFFFF000100000017000000EB
:10F310000300000000000000FF00FFFFFFFFFF00F0
:10F3200000000000160000000200000000000000C5
:10F33000FF00FFFFFFFFFF000000000017000000BC
:10F340000200000000000000FF00FFFFFFFFFF00C1
:10F350000000000013000000020000000000000098
:10F36000FF00FFFFFFFFFF00000000001000000093
:10F370000200000000000000FF00FFFFFFFFFF0091
:10F380000000000012000000020000000000000069
:10F39000FF00FFFFFFFFFF00000000001100000062
:10F3A0000200000000000000FF00FFFFFFFFFF0061
:10F3B000000000000D000000040000000C00000030
:10F3C000FF000100FFFF0D0000000000150000001D
:10F3D000050000000C000000FF000300FFFFFF001D
:10F3E0000000000006000000040000000C00000007
:10F3F000FF000001FFFFFF00000000000700000009
:10F40000040000000C000000FF000101FFFFFF00EE
:10F4100000000000030000000100000002000000E6
:10F42000FF00FFFFFFFFFF000000000002000000E0
:10F4300001000000020000001400FFFFFFFF0200B7
:10F4400000000000060000000100000002000000B3
:10F450000600000100010600000000000700000097
:10F460000100000002000000070001010101070087
:10F470000D0A00000008004214090000000C0042C0
:10F48000150A000000100042160B00000014004294
:10F49000170C000000180042180D0000001C00426C
:10F4A000190E000000010002000300040000000526
:10F4B000000000060000000700000000000000003F
:10F4C000457100007171000041710000657100001C
:10F4D00059710000B97100009D710000000000002A
:10F4E00000000000E7750000CD74000019740000F2
:10F4F000C5720000ED720000017300004665617482
:10F50000686572204D30000004030904416461669F
:10F51000727569740012010002EF0201409A230B18
:10F520008000010102030100000000000000000053
:10F5300059850000F9670000718400002B840000E9
:10F54000458400001D8600001D8200000D82000021
:10F550009582000037820000098200001A001A001C
:10F560001B001B001C001C001D001D00569E0000FF
:10F57000E29D0000509D00000A9D0000509D00008B
:10F580001E9E0000509D00000A9D0000E29D0000AC
:10F59000E29D00001E9E00000A9D0000109D0000DC
:10F5A000109D0000109D00002C9E0000E29D0000B8
:10F5B000E29D0000509D0000069D0000509D00004F
:10F5C0001E9E0000509D0000069D0000E29D000070
:10F5D000E29D00001E9E0000069D0000109D0000A0
:10F5E000109D0000109D0000289E0000929F0000CA
:10F5F000309F0000309F00002E9F0000349F0000CD
:10F60000349F00005CA000002E9F0000349F00008B
:10F610005CA00000349F00002E9F000012A000009C
:10F6200012A0000012A0000096A00000F4AE00009E
:10F630005CAD00003AAD00004EAE00003AAD0000F7
:10F6400092AE00003AAD00004EAE00005CAD00008E
:10F650005CAD000092AE00004EAE000000AE0000B7
:10F6600000AE000000AE0000A0AE00002CB600000E
:10F670005AB500005AB5000056B5000060B500004C
:10F6800060B500004CB8000056B5000060B5000041
:10F690004CB8000060B5000056B50000EAB70000A5
:10F6A000EAB70000EAB70000B6B800002C20667583
:10F6B0006E6374696F6E3A2000617373657274696A
:10F6C0006F6E2022257322206661696C65643A2082
:10F6D00066696C6520222573222C206C696E65207A
:10F6E0002564257325730A00AC030020232D302BDD
:10F6F0002000686C4C006566674546470030313233
:10F700003334353637383941424344454600303189
:10F7100032333435363738396162636465660000E8
:10F7200000000000000000000000000000000000D9
:10F7300000000000000000000000000000000000C9
:10F7400000000000000000000000000000000000B9
:10F7500000000000000000000000000000000000A9
:10F760000000000000000000000000000000000099
:10F770000000000000000000000000000000000089
:04F780000000000085
:08F7840044A0FF7F010000001A
:10F78C00000007073F2020202020202020202020C0
:10F79C002020202020202020203F000000000000FE
:10F7AC0000008080F01010101010101010101010AD
:10F7BC00101010101010101010F0000000000000BD
:10F7CC000200000000000000000101010101010124
:10F7DC000101000000010101010101010100000013
:10F7EC000000000000000000001F2040800000000E
:10F7FC00000000000080808080800000000000007D
:10F80C00008040201F0000000000000000FF0000EE
:10F81C000000008ADAAA8A8A8A890000F922222248
:10F82C002222210000000000FF0000000000000068
:10F83C0000FF00000000004C52504C42528C000063
:10F84C00925458505854920000000000FF000000E1
:10F85C000000000000FF00000000006090909090FD
:10F86C0090600000909090909090600000000000DC
:10F87C00FF00000000000000008040201008080875
:10F88C0008080808181010101018080808080808AC
:10F89C00081020408000000000000101010101015E
:10F8AC004142434445464748494A4B4C4D4E4F50C4
:10F8BC005152535455565758595AFA110B000000CF
:10F8CC000100000001000100010001000100010124
:10F8DC00A10000000100000000000000E80300008F
:10F8EC0001001C00010032000101000000000000BA
:10F8FC0000200042002000423C2000426C200042CC
:10F90C00FFFFFF000100000020A107000000000025
:10F91C00000100000000000000240042002400420E
:10F92C003C2400426C240042FFFFFF000100000059
:10F93C0020A10700000000000001000000000000F2
:10F94C0000280042002800423C2800426C2800425B
:10F95C00FFFF00000100000050C300000000000089
:10F96C000001000000000000000103070F1F3F7F93
:10F97C000080C0E0F0F8FCFE000000000000000079
:10F98C00000000000000000000000000000000006B
:10F99C00000000000000000000000000000000005B
:10F9AC00000000000000000000000000000000004B
:10F9BC0000000000000000808080000000000000BB
:10F9CC000000000000000000008080C0C0000000AB
:10F9DC00000000000000000000000000000000001B
:10F9EC00000000000000000000000000000000000B
:10F9FC0000000000000000000000000000000000FB
:10FA0C0000000000000000000000000080C0E0F0DA
:10FA1C00F8FCF8E00000000000000000000000000E
:10FA2C00000000000080808080800080800000004A
:10FA3C0000808080808000FFFFFF0000000080803D
:10FA4C00808000008080000080FFFF80800080802C
:10FA5C00008080808000808000000000008080009A
:10FA6C00008C8E84000080F8F8F880000000000004
:10FA7C0000000000000000000020004200240042B2
:10FA8C0000280042002C00420030004200340042AA
:10FA9C00FFFFFFFF00366E01FFFFFFFF00C20100FA
:10FAAC0000000800080B000202020000090400001C
:10FABC0001020200000524001001042402060524A2
:10FACC00060001052401010107058103100010093E
:10FADC00040100020A0000000705020240000007B2
:10FAEC000583024000000000FFFFFFFF0000000044
:10FAFC0083000000020000008200000000000000F3
:10FB0C0000000000000000000000000000000000E9
:10FB1C000000000040420F000A0000000A00000034
:10FB2C0008000000FFFFFFFFAC03002000000000F6
:10FB3C0040F7000060F7000020F700000000000014
:10FB4C0000000000000000000000000000000000A9
:10FB5C000000000000000000000000000000000099
:10FB6C000000000000000000000000000000000089
:10FB7C000000000000000000000000000000000079
:10FB8C00000000000000000000000000DD0000008C
:10FB9C006D150000554100002D4500004D5600002C
:10FBAC00556300009D650000656700009D720000B4
:10FBBC00F9810000B500000000000000000000000A
:04000003000088E988
:00000001FF
