  0
SECTION
  2
HEADER
  9
$ACADVER
  1
AC1024
  9
$ACADMAINTVER
 70
     6
  9
$DWGCODEPAGE
  3
MAC-ROMAN
  9
$INSBASE
 10
0.0
 20
0.0
 30
0.0
  9
$EXTMIN
 10
1.000000000000000E+20
 20
1.000000000000000E+20
 30
1.000000000000000E+20
  9
$EXTMAX
 10
-1.000000000000000E+20
 20
-1.000000000000000E+20
 30
-1.000000000000000E+20
  9
$LIMMIN
 10
0.0
 20
0.0
  9
$LIMMAX
 10
420.0
 20
297.0
  9
$ORTHOMODE
 70
     0
  9
$REGENMODE
 70
     1
  9
$FILLMODE
 70
     1
  9
$QTEXTMODE
 70
     0
  9
$MIRRTEXT
 70
     1
  9
$LTSCALE
 40
1.0
  9
$ATTMODE
 70
     1
  9
$TEXTSIZE
 40
2.5
  9
$TRACEWID
 40
1.0
  9
$TEXTSTYLE
  7
Standard
  9
$CLAYER
  8
0
  9
$CELTYPE
  6
ByLayer
  9
$CECOLOR
 62
   256
  9
$CELTSCALE
 40
1.0
  9
$DISPSILH
 70
     0
  9
$DIMSCALE
 40
1.0
  9
$DIMASZ
 40
2.5
  9
$DIMEXO
 40
0.625
  9
$DIMDLI
 40
3.75
  9
$DIMRND
 40
0.01
  9
$DIMDLE
 40
0.0
  9
$DIMEXE
 40
1.25
  9
$DIMTP
 40
0.0
  9
$DIMTM
 40
0.0
  9
$DIMTXT
 40
2.5
  9
$DIMCEN
 40
2.5
  9
$DIMTSZ
 40
0.0
  9
$DIMTOL
 70
     0
  9
$DIMLIM
 70
     0
  9
$DIMTIH
 70
     0
  9
$DIMTOH
 70
     0
  9
$DIMSE1
 70
     0
  9
$DIMSE2
 70
     0
  9
$DIMTAD
 70
     1
  9
$DIMZIN
 70
     8
  9
$DIMBLK
  1

  9
$DIMASO
 70
     1
  9
$DIMSHO
 70
     1
  9
$DIMPOST
  1

  9
$DIMAPOST
  1

  9
$DIMALT
 70
     0
  9
$DIMALTD
 70
     3
  9
$DIMALTF
 40
0.0393700787401575
  9
$DIMLFAC
 40
1.0
  9
$DIMTOFL
 70
     1
  9
$DIMTVP
 40
0.0
  9
$DIMTIX
 70
     0
  9
$DIMSOXD
 70
     0
  9
$DIMSAH
 70
     0
  9
$DIMBLK1
  1

  9
$DIMBLK2
  1

  9
$DIMSTYLE
  2
ISO-25
  9
$DIMCLRD
 70
     0
  9
$DIMCLRE
 70
     0
  9
$DIMCLRT
 70
     0
  9
$DIMTFAC
 40
1.0
  9
$DIMGAP
 40
0.7
  9
$DIMJUST
 70
     0
  9
$DIMSD1
 70
     0
  9
$DIMSD2
 70
     0
  9
$DIMTOLJ
 70
     0
  9
$DIMTZIN
 70
     8
  9
$DIMALTZ
 70
     0
  9
$DIMALTTZ
 70
     0
  9
$DIMUPT
 70
     0
  9
$DIMDEC
 70
     2
  9
$DIMTDEC
 70
     2
  9
$DIMALTU
 70
     2
  9
$DIMALTTD
 70
     3
  9
$DIMTXSTY
  7
Standard
  9
$DIMAUNIT
 70
     0
  9
$DIMADEC
 70
     2
  9
$DIMALTRND
 40
0.0
  9
$DIMAZIN
 70
     0
  9
$DIMDSEP
 70
    44
  9
$DIMATFIT
 70
     3
  9
$DIMFRAC
 70
     2
  9
$DIMLDRBLK
  1

  9
$DIMLUNIT
 70
     2
  9
$DIMLWD
 70
    15
  9
$DIMLWE
 70
    15
  9
$DIMTMOVE
 70
     0
  9
$DIMFXL
 40
1.0
  9
$DIMFXLON
 70
     0
  9
$DIMJOGANG
 40
0.7853981633974483
  9
$DIMTFILL
 70
     0
  9
$DIMTFILLCLR
 70
     0
  9
$DIMARCSYM
 70
     0
  9
$DIMLTYPE
  6

  9
$DIMLTEX1
  6

  9
$DIMLTEX2
  6

  9
$DIMTXTDIRECTION
 70
     0
  9
$LUNITS
 70
     2
  9
$LUPREC
 70
     4
  9
$SKETCHINC
 40
1.0
  9
$FILLETRAD
 40
0.0
  9
$AUNITS
 70
     0
  9
$AUPREC
 70
     0
  9
$MENU
  1
.
  9
$ELEVATION
 40
0.0
  9
$PELEVATION
 40
0.0
  9
$THICKNESS
 40
0.0
  9
$LIMCHECK
 70
     0
  9
$CHAMFERA
 40
0.0
  9
$CHAMFERB
 40
0.0
  9
$CHAMFERC
 40
0.0
  9
$CHAMFERD
 40
0.0
  9
$SKPOLY
 70
     0
  9
$TDCREATE
 40
2460878.555112732
  9
$TDUCREATE
 40
2460878.513446065
  9
$TDUPDATE
 40
2460878.555112824
  9
$TDUUPDATE
 40
2460878.513446158
  9
$TDINDWG
 40
0.0000000116
  9
$TDUSRTIMER
 40
0.0000000116
  9
$USRTIMER
 70
     1
  9
$ANGBASE
 50
0.0
  9
$ANGDIR
 70
     0
  9
$PDMODE
 70
     0
  9
$PDSIZE
 40
0.0
  9
$PLINEWID
 40
0.0
  9
$SPLFRAME
 70
     0
  9
$SPLINETYPE
 70
     6
  9
$SPLINESEGS
 70
     8
  9
$HANDSEED
  5
785
  9
$SURFTAB1
 70
     6
  9
$SURFTAB2
 70
     6
  9
$SURFTYPE
 70
     6
  9
$SURFU
 70
     6
  9
$SURFV
 70
     6
  9
$UCSBASE
  2

  9
$UCSNAME
  2

  9
$UCSORG
 10
0.0
 20
0.0
 30
0.0
  9
$UCSXDIR
 10
1.0
 20
0.0
 30
0.0
  9
$UCSYDIR
 10
0.0
 20
1.0
 30
0.0
  9
$UCSORTHOREF
  2

  9
$UCSORTHOVIEW
 70
     0
  9
$UCSORGTOP
 10
0.0
 20
0.0
 30
0.0
  9
$UCSORGBOTTOM
 10
0.0
 20
0.0
 30
0.0
  9
$UCSORGLEFT
 10
0.0
 20
0.0
 30
0.0
  9
$UCSORGRIGHT
 10
0.0
 20
0.0
 30
0.0
  9
$UCSORGFRONT
 10
0.0
 20
0.0
 30
0.0
  9
$UCSORGBACK
 10
0.0
 20
0.0
 30
0.0
  9
$PUCSBASE
  2

  9
$PUCSNAME
  2

  9
$PUCSORG
 10
0.0
 20
0.0
 30
0.0
  9
$PUCSXDIR
 10
1.0
 20
0.0
 30
0.0
  9
$PUCSYDIR
 10
0.0
 20
1.0
 30
0.0
  9
$PUCSORTHOREF
  2

  9
$PUCSORTHOVIEW
 70
     0
  9
$PUCSORGTOP
 10
0.0
 20
0.0
 30
0.0
  9
$PUCSORGBOTTOM
 10
0.0
 20
0.0
 30
0.0
  9
$PUCSORGLEFT
 10
0.0
 20
0.0
 30
0.0
  9
$PUCSORGRIGHT
 10
0.0
 20
0.0
 30
0.0
  9
$PUCSORGFRONT
 10
0.0
 20
0.0
 30
0.0
  9
$PUCSORGBACK
 10
0.0
 20
0.0
 30
0.0
  9
$USERI1
 70
     0
  9
$USERI2
 70
     0
  9
$USERI3
 70
     0
  9
$USERI4
 70
     0
  9
$USERI5
 70
     0
  9
$USERR1
 40
0.0
  9
$USERR2
 40
0.0
  9
$USERR3
 40
0.0
  9
$USERR4
 40
0.0
  9
$USERR5
 40
0.0
  9
$WORLDVIEW
 70
     1
  9
$SHADEDGE
 70
     3
  9
$SHADEDIF
 70
    70
  9
$TILEMODE
 70
     0
  9
$MAXACTVP
 70
    64
  9
$PINSBASE
 10
0.0
 20
0.0
 30
0.0
  9
$PLIMCHECK
 70
     0
  9
$PEXTMIN
 10
0.0
 20
0.0
 30
0.0
  9
$PEXTMAX
 10
0.0
 20
0.0
 30
0.0
  9
$PLIMMIN
 10
-20.0
 20
-7.5
  9
$PLIMMAX
 10
277.0
 20
202.5
  9
$UNITMODE
 70
     0
  9
$VISRETAIN
 70
     1
  9
$PLINEGEN
 70
     0
  9
$PSLTSCALE
 70
     1
  9
$TREEDEPTH
 70
  3020
  9
$CMLSTYLE
  2
Standard
  9
$CMLJUST
 70
     0
  9
$CMLSCALE
 40
20.0
  9
$PROXYGRAPHICS
 70
     1
  9
$MEASUREMENT
 70
     1
  9
$CELWEIGHT
370
    -1
  9
$ENDCAPS
280
     0
  9
$JOINSTYLE
280
     0
  9
$LWDISPLAY
290
     0
  9
$INSUNITS
 70
     4
  9
$HYPERLINKBASE
  1

  9
$STYLESHEET
  1

  9
$XEDIT
290
     1
  9
$CEPSNTYPE
380
     0
  9
$PSTYLEMODE
290
     1
  9
$FINGERPRINTGUID
  2
{430335a2-a191-0d42-866e-3ce6606db45d}
  9
$VERSIONGUID
  2
{FAEB1C32-E019-11D5-929B-00C0DF256EC4}
  9
$EXTNAMES
290
     1
  9
$PSVPSCALE
 40
0.0
  9
$OLESTARTUP
290
     0
  9
$SORTENTS
280
   127
  9
$INDEXCTL
280
     0
  9
$HIDETEXT
280
     1
  9
$XCLIPFRAME
280
     2
  9
$HALOGAP
280
     0
  9
$OBSCOLOR
 70
   257
  9
$OBSLTYPE
280
     0
  9
$INTERSECTIONDISPLAY
280
     0
  9
$INTERSECTIONCOLOR
 70
   257
  9
$DIMASSOC
280
     2
  9
$PROJECTNAME
  1

  9
$CAMERADISPLAY
290
     0
  9
$LENSLENGTH
 40
50.0
  9
$CAMERAHEIGHT
 40
0.0
  9
$STEPSPERSEC
 40
2.0
  9
$STEPSIZE
 40
6.0
  9
$3DDWFPREC
 40
2.0
  9
$PSOLWIDTH
 40
5.0
  9
$PSOLHEIGHT
 40
80.0
  9
$LOFTANG1
 40
1.570796326794897
  9
$LOFTANG2
 40
1.570796326794897
  9
$LOFTMAG1
 40
0.0
  9
$LOFTMAG2
 40
0.0
  9
$LOFTPARAM
 70
     7
  9
$LOFTNORMALS
280
     1
  9
$LATITUDE
 40
37.795
  9
$LONGITUDE
 40
-122.394
  9
$NORTHDIRECTION
 40
0.0
  9
$TIMEZONE
 70
 -8000
  9
$LIGHTGLYPHDISPLAY
280
     1
  9
$TILEMODELIGHTSYNCH
280
     1
  9
$CMATERIAL
347
44
  9
$SOLIDHIST
280
     0
  9
$SHOWHIST
280
     1
  9
$DWFFRAME
280
     2
  9
$DGNFRAME
280
     2
  9
$REALWORLDSCALE
290
     1
  9
$INTERFERECOLOR
 62
   256
  9
$CSHADOW
280
     0
  9
$SHADOWPLANELOCATION
 40
0.0
  0
ENDSEC
  0
SECTION
  2
CLASSES
  0
CLASS
  1
ACDBDICTIONARYWDFLT
  2
AcDbDictionaryWithDefault
  3
ObjectDBX Classes
 90
        0
 91
        3
280
     0
281
     0
  0
CLASS
  1
VISUALSTYLE
  2
AcDbVisualStyle
  3
ObjectDBX Classes
 90
     4095
 91
        3
280
     0
281
     0
  0
CLASS
  1
MATERIAL
  2
AcDbMaterial
  3
ObjectDBX Classes
 90
     1153
 91
        3
280
     0
281
     0
  0
CLASS
  1
SCALE
  2
AcDbScale
  3
ObjectDBX Classes
 90
     1153
 91
        3
280
     0
281
     0
  0
CLASS
  1
TABLESTYLE
  2
AcDbTableStyle
  3
ObjectDBX Classes
 90
     4095
 91
        3
280
     0
281
     0
  0
CLASS
  1
MLEADERSTYLE
  2
AcDbMLeaderStyle
  3
ACDB_MLEADERSTYLE_CLASS
 90
     4095
 91
        3
280
     0
281
     0
  0
CLASS
  1
SUN
  2
AcDbSun
  3
SCENEOE
 90
     1153
 91
        3
280
     0
281
     0
  0
CLASS
  1
DICTIONARYVAR
  2
AcDbDictionaryVar
  3
ObjectDBX Classes
 90
        0
 91
        3
280
     0
281
     0
  0
CLASS
  1
CELLSTYLEMAP
  2
AcDbCellStyleMap
  3
ObjectDBX Classes
 90
     1152
 91
        3
280
     0
281
     0
  0
ENDSEC
  0
SECTION
  2
TABLES
  0
TABLE
  2
VPORT
  5
8
330
0
100
AcDbSymbolTable
 70
     1
  0
VPORT
  5
29
330
8
100
AcDbSymbolTableRecord
100
AcDbViewportTableRecord
  2
*Active
 70
     0
 10
0.0
 20
0.0
 11
1.0
 21
1.0
 12
148.5
 22
105.0
 13
0.0
 23
0.0
 14
10.0
 24
10.0
 15
10.0
 25
10.0
 16
0.0
 26
0.0
 36
1.0
 17
0.0
 27
0.0
 37
0.0
 40
210.0
 41
1.414285714285714
 42
50.0
 43
0.0
 44
0.0
 50
0.0
 51
0.0
 71
     0
 72
   100
 73
     1
 74
     3
 75
     0
 76
     0
 77
     0
 78
     0
281
     0
 65
     1
110
0.0
120
0.0
130
0.0
111
1.0
121
0.0
131
0.0
112
0.0
122
1.0
132
0.0
 79
     0
146
0.0
348
2F
 60
     3
 61
     5
292
     1
282
     1
141
0.0
142
0.0
 63
   250
361
5D
  0
ENDTAB
  0
TABLE
  2
LTYPE
  5
5
330
0
100
AcDbSymbolTable
 70
     6
  0
LTYPE
  5
14
330
5
100
AcDbSymbolTableRecord
100
AcDbLinetypeTableRecord
  2
ByBlock
 70
     0
  3

 72
    65
 73
     0
 40
0.0
  0
LTYPE
  5
15
330
5
100
AcDbSymbolTableRecord
100
AcDbLinetypeTableRecord
  2
ByLayer
 70
     0
  3

 72
    65
 73
     0
 40
0.0
  0
LTYPE
  5
16
330
5
100
AcDbSymbolTableRecord
100
AcDbLinetypeTableRecord
  2
Continuous
 70
     0
  3
Solid line
 72
    65
 73
     0
 40
0.0
  0
LTYPE
  5
61
330
5
100
AcDbSymbolTableRecord
100
AcDbLinetypeTableRecord
  2
CenterLine
 70
     0
  3

 72
    65
 73
     4
 40
8.0
 49
5.0
 74
     0
 49
-1.0
 74
     0
 49
1.0
 74
     0
 49
-1.0
 74
     0
  0
LTYPE
  5
62
330
5
100
AcDbSymbolTableRecord
100
AcDbLinetypeTableRecord
  2
DraftedLine
 70
     0
  3

 72
    65
 73
     2
 40
3.0
 49
2.0
 74
     0
 49
-1.0
 74
     0
  0
LTYPE
  5
63
330
5
100
AcDbSymbolTableRecord
100
AcDbLinetypeTableRecord
  2
SectionLineISO
 70
     0
  3

 72
    65
 73
     5
 40
13.75833333333342
 49
4.23333333333336
 74
     0
 49
-2.11666666666668
 74
     0
 49
1.05833333333334
 74
     0
 49
-2.11666666666668
 74
     0
 49
4.23333333333336
 74
     0
  0
LTYPE
  5
64
330
5
100
AcDbSymbolTableRecord
100
AcDbLinetypeTableRecord
  2
SectionLineANSI
 70
     0
  3

 72
    65
 73
     7
 40
11.99444444444452
 49
4.23333333333336
 74
     0
 49
-1.05833333333334
 74
     0
 49
0.17638888888889
 74
     0
 49
-1.05833333333334
 74
     0
 49
0.17638888888889
 74
     0
 49
-1.05833333333334
 74
     0
 49
4.23333333333336
 74
     0
  0
LTYPE
  5
65
330
5
100
AcDbSymbolTableRecord
100
AcDbLinetypeTableRecord
  2
DetailCircleISO
 70
     0
  3

 72
    65
 73
     5
 40
13.75833333333342
 49
4.23333333333336
 74
     0
 49
-2.11666666666668
 74
     0
 49
1.05833333333334
 74
     0
 49
-2.11666666666668
 74
     0
 49
4.23333333333336
 74
     0
  0
ENDTAB
  0
TABLE
  2
LAYER
  5
2
330
0
100
AcDbSymbolTable
 70
     5
  0
LAYER
  5
10
330
2
100
AcDbSymbolTableRecord
100
AcDbLayerTableRecord
  2
0
 70
     0
 62
     7
  6
Continuous
370
    -3
390
F
347
46
  0
LAYER
  5
5E
330
2
100
AcDbSymbolTableRecord
100
AcDbLayerTableRecord
  2
Geometries
 70
     0
 62
     7
  6
Continuous
370
    -3
390
F
347
46
  0
LAYER
  5
5F
330
2
100
AcDbSymbolTableRecord
100
AcDbLayerTableRecord
  2
Annotations
 70
     0
 62
     7
  6
Continuous
370
    -3
390
F
347
46
  0
LAYER
  5
60
330
2
100
AcDbSymbolTableRecord
100
AcDbLayerTableRecord
  2
Border
 70
     0
 62
     7
  6
Continuous
370
    -3
390
F
347
46
  0
LAYER
  5
6C2
330
2
100
AcDbSymbolTableRecord
100
AcDbLayerTableRecord
  2
Defpoints
 70
     0
 62
     7
  6
Continuous
290
     0
370
    -3
390
F
347
46
  0
ENDTAB
  0
TABLE
  2
STYLE
  5
3
330
0
100
AcDbSymbolTable
 70
    53
  0
STYLE
  5
11
330
3
100
AcDbSymbolTableRecord
100
AcDbTextStyleTableRecord
  2
Standard
 70
     0
 40
0.0
 41
1.0
 50
0.0
 71
     0
 42
2.5
  3
txt
  4

  0
STYLE
  5
66
330
3
100
AcDbSymbolTableRecord
100
AcDbTextStyleTableRecord
  2
Shapr0
 70
     0
 40
3.3495
 41
1.0
 50
0.0
 71
     0
 42
2.5
  3

  4

  0
STYLE
  5
67
330
3
100
AcDbSymbolTableRecord
100
AcDbTextStyleTableRecord
  2
Shapr1
 70
     0
 40
3.3495
 41
1.0
 50
0.0
 71
     0
 42
2.5
  3

  4

  0
STYLE
  5
68
330
3
100
AcDbSymbolTableRecord
100
AcDbTextStyleTableRecord
  2
Shapr2
 70
     0
 40
3.3495
 41
1.0
 50
0.0
 71
     0
 42
2.5
  3

  4

  0
STYLE
  5
69
330
3
100
AcDbSymbolTableRecord
100
AcDbTextStyleTableRecord
  2
Shapr3
 70
     0
 40
3.3495
 41
1.0
 50
0.0
 71
     0
 42
2.5
  3

  4

  0
STYLE
  5
6A
330
3
100
AcDbSymbolTableRecord
100
AcDbTextStyleTableRecord
  2
Shapr4
 70
     0
 40
3.3495
 41
1.0
 50
0.0
 71
     0
 42
2.5
  3

  4

  0
STYLE
  5
6B
330
3
100
AcDbSymbolTableRecord
100
AcDbTextStyleTableRecord
  2
Shapr5
 70
     0
 40
3.3495
 41
1.0
 50
0.0
 71
     0
 42
2.5
  3

  4

  0
STYLE
  5
6C
330
3
100
AcDbSymbolTableRecord
100
AcDbTextStyleTableRecord
  2
Shapr6
 70
     0
 40
3.3495
 41
1.0
 50
0.0
 71
     0
 42
2.5
  3

  4

  0
STYLE
  5
6D
330
3
100
AcDbSymbolTableRecord
100
AcDbTextStyleTableRecord
  2
Shapr7
 70
     0
 40
3.3495
 41
1.0
 50
0.0
 71
     0
 42
2.5
  3

  4

  0
STYLE
  5
6E
330
3
100
AcDbSymbolTableRecord
100
AcDbTextStyleTableRecord
  2
Shapr8
 70
     0
 40
3.3495
 41
1.0
 50
0.0
 71
     0
 42
2.5
  3

  4

  0
STYLE
  5
6F
330
3
100
AcDbSymbolTableRecord
100
AcDbTextStyleTableRecord
  2
Shapr9
 70
     0
 40
3.3495
 41
1.0
 50
0.0
 71
     0
 42
2.5
  3

  4

  0
STYLE
  5
70
330
3
100
AcDbSymbolTableRecord
100
AcDbTextStyleTableRecord
  2
Shapr10
 70
     0
 40
3.3495
 41
1.0
 50
0.0
 71
     0
 42
2.5
  3

  4

  0
STYLE
  5
71
330
3
100
AcDbSymbolTableRecord
100
AcDbTextStyleTableRecord
  2
Shapr11
 70
     0
 40
3.3495
 41
1.0
 50
0.0
 71
     0
 42
2.5
  3

  4

  0
STYLE
  5
72
330
3
100
AcDbSymbolTableRecord
100
AcDbTextStyleTableRecord
  2
Shapr12
 70
     0
 40
3.3495
 41
1.0
 50
0.0
 71
     0
 42
2.5
  3

  4

  0
STYLE
  5
73
330
3
100
AcDbSymbolTableRecord
100
AcDbTextStyleTableRecord
  2
Shapr13
 70
     0
 40
3.3495
 41
1.0
 50
0.0
 71
     0
 42
2.5
  3

  4

  0
STYLE
  5
74
330
3
100
AcDbSymbolTableRecord
100
AcDbTextStyleTableRecord
  2
Shapr14
 70
     0
 40
3.3495
 41
1.0
 50
0.0
 71
     0
 42
2.5
  3

  4

  0
STYLE
  5
75
330
3
100
AcDbSymbolTableRecord
100
AcDbTextStyleTableRecord
  2
Shapr15
 70
     0
 40
2.3925
 41
1.0
 50
0.0
 71
     0
 42
2.5
  3

  4

  0
STYLE
  5
76
330
3
100
AcDbSymbolTableRecord
100
AcDbTextStyleTableRecord
  2
Shapr16
 70
     0
 40
3.3495
 41
1.0
 50
0.0
 71
     0
 42
2.5
  3

  4

  0
STYLE
  5
77
330
3
100
AcDbSymbolTableRecord
100
AcDbTextStyleTableRecord
  2
Shapr17
 70
     0
 40
2.3925
 41
1.0
 50
0.0
 71
     0
 42
2.5
  3

  4

  0
STYLE
  5
78
330
3
100
AcDbSymbolTableRecord
100
AcDbTextStyleTableRecord
  2
Shapr18
 70
     0
 40
3.3495
 41
1.0
 50
0.0
 71
     0
 42
2.5
  3

  4

  0
STYLE
  5
79
330
3
100
AcDbSymbolTableRecord
100
AcDbTextStyleTableRecord
  2
Shapr19
 70
     0
 40
2.3925
 41
1.0
 50
0.0
 71
     0
 42
2.5
  3

  4

  0
STYLE
  5
7A
330
3
100
AcDbSymbolTableRecord
100
AcDbTextStyleTableRecord
  2
Shapr20
 70
     0
 40
3.3495
 41
1.0
 50
0.0
 71
     0
 42
2.5
  3

  4

  0
STYLE
  5
7B
330
3
100
AcDbSymbolTableRecord
100
AcDbTextStyleTableRecord
  2
Shapr21
 70
     0
 40
2.3925
 41
1.0
 50
0.0
 71
     0
 42
2.5
  3

  4

  0
STYLE
  5
7C
330
3
100
AcDbSymbolTableRecord
100
AcDbTextStyleTableRecord
  2
Shapr22
 70
     0
 40
2.3925
 41
1.0
 50
0.0
 71
     0
 42
2.5
  3

  4

  0
STYLE
  5
7D
330
3
100
AcDbSymbolTableRecord
100
AcDbTextStyleTableRecord
  2
Shapr23
 70
     0
 40
2.3925
 41
1.0
 50
0.0
 71
     0
 42
2.5
  3

  4

  0
STYLE
  5
7E
330
3
100
AcDbSymbolTableRecord
100
AcDbTextStyleTableRecord
  2
Shapr24
 70
     0
 40
2.3925
 41
1.0
 50
0.0
 71
     0
 42
2.5
  3

  4

  0
STYLE
  5
7F
330
3
100
AcDbSymbolTableRecord
100
AcDbTextStyleTableRecord
  2
Shapr25
 70
     0
 40
2.3925
 41
1.0
 50
0.0
 71
     0
 42
2.5
  3

  4

  0
STYLE
  5
80
330
3
100
AcDbSymbolTableRecord
100
AcDbTextStyleTableRecord
  2
Shapr26
 70
     0
 40
2.3925
 41
1.0
 50
0.0
 71
     0
 42
2.5
  3

  4

  0
STYLE
  5
81
330
3
100
AcDbSymbolTableRecord
100
AcDbTextStyleTableRecord
  2
Shapr27
 70
     0
 40
2.3925
 41
1.0
 50
0.0
 71
     0
 42
2.5
  3

  4

  0
STYLE
  5
82
330
3
100
AcDbSymbolTableRecord
100
AcDbTextStyleTableRecord
  2
Shapr28
 70
     0
 40
2.3925
 41
1.0
 50
0.0
 71
     0
 42
2.5
  3

  4

  0
STYLE
  5
83
330
3
100
AcDbSymbolTableRecord
100
AcDbTextStyleTableRecord
  2
Shapr29
 70
     0
 40
2.3925
 41
1.0
 50
0.0
 71
     0
 42
2.5
  3

  4

  0
STYLE
  5
84
330
3
100
AcDbSymbolTableRecord
100
AcDbTextStyleTableRecord
  2
Shapr30
 70
     0
 40
2.3925
 41
1.0
 50
0.0
 71
     0
 42
2.5
  3

  4

  0
STYLE
  5
85
330
3
100
AcDbSymbolTableRecord
100
AcDbTextStyleTableRecord
  2
Shapr31
 70
     0
 40
2.3925
 41
1.0
 50
0.0
 71
     0
 42
2.5
  3

  4

  0
STYLE
  5
86
330
3
100
AcDbSymbolTableRecord
100
AcDbTextStyleTableRecord
  2
Shapr32
 70
     0
 40
2.3925
 41
1.0
 50
0.0
 71
     0
 42
2.5
  3

  4

  0
STYLE
  5
87
330
3
100
AcDbSymbolTableRecord
100
AcDbTextStyleTableRecord
  2
Shapr33
 70
     0
 40
2.3925
 41
1.0
 50
0.0
 71
     0
 42
2.5
  3

  4

  0
STYLE
  5
88
330
3
100
AcDbSymbolTableRecord
100
AcDbTextStyleTableRecord
  2
Shapr34
 70
     0
 40
2.3925
 41
1.0
 50
0.0
 71
     0
 42
2.5
  3

  4

  0
STYLE
  5
89
330
3
100
AcDbSymbolTableRecord
100
AcDbTextStyleTableRecord
  2
Shapr35
 70
     0
 40
2.3925
 41
1.0
 50
0.0
 71
     0
 42
2.5
  3

  4

  0
STYLE
  5
8A
330
3
100
AcDbSymbolTableRecord
100
AcDbTextStyleTableRecord
  2
Shapr36
 70
     0
 40
2.3925
 41
1.0
 50
0.0
 71
     0
 42
2.5
  3

  4

  0
STYLE
  5
8B
330
3
100
AcDbSymbolTableRecord
100
AcDbTextStyleTableRecord
  2
Shapr37
 70
     0
 40
2.3925
 41
1.0
 50
0.0
 71
     0
 42
2.5
  3

  4

  0
STYLE
  5
8C
330
3
100
AcDbSymbolTableRecord
100
AcDbTextStyleTableRecord
  2
Shapr38
 70
     0
 40
2.3925
 41
1.0
 50
0.0
 71
     0
 42
2.5
  3

  4

  0
STYLE
  5
8D
330
3
100
AcDbSymbolTableRecord
100
AcDbTextStyleTableRecord
  2
Shapr39
 70
     0
 40
2.3925
 41
1.0
 50
0.0
 71
     0
 42
2.5
  3

  4

  0
STYLE
  5
8E
330
3
100
AcDbSymbolTableRecord
100
AcDbTextStyleTableRecord
  2
Shapr40
 70
     0
 40
2.3925
 41
1.0
 50
0.0
 71
     0
 42
2.5
  3

  4

  0
STYLE
  5
8F
330
3
100
AcDbSymbolTableRecord
100
AcDbTextStyleTableRecord
  2
Shapr41
 70
     0
 40
2.3925
 41
1.0
 50
0.0
 71
     0
 42
2.5
  3

  4

  0
STYLE
  5
90
330
3
100
AcDbSymbolTableRecord
100
AcDbTextStyleTableRecord
  2
Shapr42
 70
     0
 40
2.3925
 41
1.0
 50
0.0
 71
     0
 42
2.5
  3

  4

  0
STYLE
  5
91
330
3
100
AcDbSymbolTableRecord
100
AcDbTextStyleTableRecord
  2
Shapr43
 70
     0
 40
2.3925
 41
1.0
 50
0.0
 71
     0
 42
2.5
  3

  4

  0
STYLE
  5
92
330
3
100
AcDbSymbolTableRecord
100
AcDbTextStyleTableRecord
  2
Shapr44
 70
     0
 40
2.3925
 41
1.0
 50
0.0
 71
     0
 42
2.5
  3

  4

  0
STYLE
  5
93
330
3
100
AcDbSymbolTableRecord
100
AcDbTextStyleTableRecord
  2
Shapr45
 70
     0
 40
2.3925
 41
1.0
 50
0.0
 71
     0
 42
2.5
  3

  4

  0
STYLE
  5
94
330
3
100
AcDbSymbolTableRecord
100
AcDbTextStyleTableRecord
  2
Shapr46
 70
     0
 40
2.3925
 41
1.0
 50
0.0
 71
     0
 42
2.5
  3

  4

  0
STYLE
  5
95
330
3
100
AcDbSymbolTableRecord
100
AcDbTextStyleTableRecord
  2
Shapr47
 70
     0
 40
2.3925
 41
1.0
 50
0.0
 71
     0
 42
2.5
  3

  4

  0
STYLE
  5
96
330
3
100
AcDbSymbolTableRecord
100
AcDbTextStyleTableRecord
  2
Shapr48
 70
     0
 40
2.3925
 41
1.0
 50
0.0
 71
     0
 42
2.5
  3

  4

  0
STYLE
  5
97
330
3
100
AcDbSymbolTableRecord
100
AcDbTextStyleTableRecord
  2
Shapr49
 70
     0
 40
2.3925
 41
1.0
 50
0.0
 71
     0
 42
2.5
  3

  4

  0
STYLE
  5
98
330
3
100
AcDbSymbolTableRecord
100
AcDbTextStyleTableRecord
  2
Shapr50
 70
     0
 40
2.3925
 41
1.0
 50
0.0
 71
     0
 42
2.5
  3

  4

  0
STYLE
  5
99
330
3
100
AcDbSymbolTableRecord
100
AcDbTextStyleTableRecord
  2
Shapr51
 70
     0
 40
2.3925
 41
1.0
 50
0.0
 71
     0
 42
2.5
  3

  4

  0
ENDTAB
  0
TABLE
  2
VIEW
  5
6
330
0
100
AcDbSymbolTable
 70
     0
  0
ENDTAB
  0
TABLE
  2
UCS
  5
7
330
0
100
AcDbSymbolTable
 70
     0
  0
ENDTAB
  0
TABLE
  2
APPID
  5
9
330
0
100
AcDbSymbolTable
 70
     1
  0
APPID
  5
12
330
9
100
AcDbSymbolTableRecord
100
AcDbRegAppTableRecord
  2
ACAD
 70
     0
  0
ENDTAB
  0
TABLE
  2
DIMSTYLE
  5
A
330
0
100
AcDbSymbolTable
 70
     1
100
AcDbDimStyleTable
  0
DIMSTYLE
105
27
102
{ACAD_REACTORS
330
6C3
330
6D0
330
6E1
330
6EE
102
}
330
A
100
AcDbSymbolTableRecord
100
AcDbDimStyleTableRecord
  2
ISO-25
 70
     0
 41
2.5
 42
0.625
 43
3.75
 44
1.25
 73
     0
 74
     0
 77
     1
 78
     8
140
2.5
141
2.5
143
0.0393700787401575
147
0.625
171
     3
172
     1
178
     0
271
     2
272
     2
274
     3
278
    44
283
     0
284
     8
340
11
  0
ENDTAB
  0
TABLE
  2
BLOCK_RECORD
  5
1
330
0
100
AcDbSymbolTable
 70
     7
  0
BLOCK_RECORD
  5
1F
330
1
100
AcDbSymbolTableRecord
100
AcDbBlockTableRecord
  2
*Model_Space
340
22
 70
     4
280
     1
281
     0
  0
BLOCK_RECORD
  5
9A
330
1
100
AcDbSymbolTableRecord
100
AcDbBlockTableRecord
  2
*Paper_Space
340
9B
 70
     0
280
     1
281
     0
  0
BLOCK_RECORD
  5
23
330
1
100
AcDbSymbolTableRecord
100
AcDbBlockTableRecord
  2
*Paper_Space0
340
26
 70
     0
280
     1
281
     0
  0
BLOCK_RECORD
  5
1B
330
1
100
AcDbSymbolTableRecord
100
AcDbBlockTableRecord
  2
*Paper_Space1
340
1E
 70
     4
280
     1
281
     0
  0
BLOCK_RECORD
  5
6C4
330
1
100
AcDbSymbolTableRecord
100
AcDbBlockTableRecord
  2
*D2
340
0
 70
     0
280
     1
281
     0
  0
BLOCK_RECORD
  5
6D1
330
1
100
AcDbSymbolTableRecord
100
AcDbBlockTableRecord
  2
*D3
340
0
 70
     0
280
     1
281
     0
  0
BLOCK_RECORD
  5
6E2
330
1
100
AcDbSymbolTableRecord
100
AcDbBlockTableRecord
  2
*D4
340
0
 70
     0
280
     1
281
     0
  0
BLOCK_RECORD
  5
6EF
330
1
100
AcDbSymbolTableRecord
100
AcDbBlockTableRecord
  2
*D5
340
0
 70
     0
280
     1
281
     0
  0
BLOCK_RECORD
  5
6FA
330
1
100
AcDbSymbolTableRecord
100
AcDbBlockTableRecord
  2
*U6
340
0
102
{BLKREFS
331
714
102
}
 70
     0
280
     1
281
     0
  0
ENDTAB
  0
ENDSEC
  0
SECTION
  2
BLOCKS
  0
BLOCK
  5
20
330
1F
100
AcDbEntity
  8
0
100
AcDbBlockBegin
  2
*Model_Space
 70
     0
 10
0.0
 20
0.0
 30
0.0
  3
*Model_Space
  1

  0
ENDBLK
  5
21
330
1F
100
AcDbEntity
  8
0
100
AcDbBlockEnd
  0
BLOCK
  5
9C
330
9A
100
AcDbEntity
 67
     1
  8
0
100
AcDbBlockBegin
  2
*Paper_Space
 70
     0
 10
0.0
 20
0.0
 30
0.0
  3
*Paper_Space
  1

  0
ENDBLK
  5
9D
330
9A
100
AcDbEntity
 67
     1
  8
0
100
AcDbBlockEnd
  0
BLOCK
  5
24
330
23
100
AcDbEntity
  8
0
100
AcDbBlockBegin
  2
*Paper_Space0
 70
     0
 10
0.0
 20
0.0
 30
0.0
  3
*Paper_Space0
  1

  0
ENDBLK
  5
25
330
23
100
AcDbEntity
  8
0
100
AcDbBlockEnd
  0
BLOCK
  5
1C
330
1B
100
AcDbEntity
  8
0
100
AcDbBlockBegin
  2
*Paper_Space1
 70
     0
 10
0.0
 20
0.0
 30
0.0
  3
*Paper_Space1
  1

  0
ENDBLK
  5
1D
330
1B
100
AcDbEntity
  8
0
100
AcDbBlockEnd
  0
BLOCK
  5
6C5
330
6C4
100
AcDbEntity
  8
0
100
AcDbBlockBegin
  2
*D2
 70
     1
 10
0.0
 20
0.0
 30
0.0
  3
*D2
  1

  0
LINE
  5
6C7
330
6C4
100
AcDbEntity
  8
Annotations
  6
Continuous
 62
     0
370
    15
100
AcDbLine
 10
90.42709985472612
 20
122.2008396911621
 30
0.0
 11
64.11451797485347
 21
122.2008396911621
 31
0.0
  0
LINE
  5
6C8
330
6C4
100
AcDbEntity
  8
Annotations
  6
Continuous
 62
     0
370
    15
100
AcDbLine
 10
90.42709985472612
 20
191.4282728594528
 30
0.0
 11
64.11451797485347
 21
191.4282728594528
 31
0.0
  0
LINE
  5
6C9
330
6C4
100
AcDbEntity
  8
Annotations
  6
Continuous
 62
     0
370
    15
100
AcDbLine
 10
65.36451797485347
 20
124.7008396911621
 30
0.0
 11
65.36451797485347
 21
188.9282728594528
 31
0.0
  0
SOLID
  5
6CA
330
6C4
100
AcDbEntity
  8
Annotations
 62
     0
100
AcDbTrace
 10
64.9478513081868
 20
124.7008396911621
 30
0.0
 11
65.78118464152014
 21
124.7008396911621
 31
0.0
 12
65.36451797485347
 22
122.2008396911621
 32
0.0
 13
65.36451797485347
 23
122.2008396911621
 33
0.0
  0
SOLID
  5
6CB
330
6C4
100
AcDbEntity
  8
Annotations
 62
     0
100
AcDbTrace
 10
65.78118464152014
 20
188.9282728594528
 30
0.0
 11
64.9478513081868
 21
188.9282728594528
 31
0.0
 12
65.36451797485347
 22
191.4282728594528
 32
0.0
 13
65.36451797485347
 23
191.4282728594528
 33
0.0
  0
MTEXT
  5
6CC
330
6C4
100
AcDbEntity
  8
Annotations
 62
     0
370
    15
100
AcDbMText
 10
63.46826797485348
 20
156.8145562753075
 30
0.0
 40
2.3925
 41
0.0
 46
0.0
 71
     5
 72
     1
  1
\A1;69.23
  7
Shapr19
 11
0.0
 21
1.0
 31
0.0
 73
     1
 44
1.0
  0
POINT
  5
6CD
330
6C4
100
AcDbEntity
  8
Defpoints
 62
     0
100
AcDbPoint
 10
91.05209985472612
 20
122.2008396911621
 30
0.0
  0
POINT
  5
6CE
330
6C4
100
AcDbEntity
  8
Defpoints
 62
     0
100
AcDbPoint
 10
91.05209985472612
 20
191.4282728594528
 30
0.0
  0
POINT
  5
6CF
330
6C4
100
AcDbEntity
  8
Defpoints
 62
     0
100
AcDbPoint
 10
65.36451797485347
 20
191.4282728594528
 30
0.0
  0
ENDBLK
  5
6C6
330
6C4
100
AcDbEntity
  8
0
100
AcDbBlockEnd
  0
BLOCK
  5
6D2
330
6D1
100
AcDbEntity
  8
0
100
AcDbBlockBegin
  2
*D3
 70
     1
 10
0.0
 20
0.0
 30
0.0
  3
*D3
  1

  0
LINE
  5
6D4
330
6D1
100
AcDbEntity
  8
Annotations
  6
Continuous
 62
     0
370
    15
100
AcDbLine
 10
90.42709985472612
 20
102.8511451530456
 30
0.0
 11
64.1145179748535
 21
102.8511451530456
 31
0.0
  0
LINE
  5
6D5
330
6D1
100
AcDbEntity
  8
Annotations
  6
Continuous
 62
     0
370
    15
100
AcDbLine
 10
90.42709985472611
 20
104.3511451530456
 30
0.0
 11
64.1145179748535
 21
104.3511451530456
 31
0.0
  0
LINE
  5
6D6
330
6D1
100
AcDbEntity
  8
Annotations
  6
Continuous
 62
     0
370
    15
100
AcDbLine
 10
65.3645179748535
 20
102.8511451530456
 30
0.0
 11
65.3645179748535
 21
90.09782220471739
 31
0.0
  0
LINE
  5
6D7
330
6D1
100
AcDbEntity
  8
Annotations
  6
Continuous
 62
     0
370
    15
100
AcDbLine
 10
65.3645179748535
 20
102.8511451530456
 30
0.0
 11
65.3645179748535
 21
104.3511451530456
 31
0.0
  0
LINE
  5
6D8
330
6D1
100
AcDbEntity
  8
Annotations
  6
Continuous
 62
     0
370
    15
100
AcDbLine
 10
65.3645179748535
 20
100.3511451530456
 30
0.0
 11
65.3645179748535
 21
97.85114515304565
 31
0.0
  0
LINE
  5
6D9
330
6D1
100
AcDbEntity
  8
Annotations
  6
Continuous
 62
     0
370
    15
100
AcDbLine
 10
65.3645179748535
 20
106.8511451530456
 30
0.0
 11
65.3645179748535
 21
109.3511451530456
 31
0.0
  0
LINE
  5
6DA
330
6D1
100
AcDbEntity
  8
Annotations
  6
Continuous
 62
     0
370
    15
100
AcDbLine
 10
65.3645179748535
 20
102.8511451530456
 30
0.0
 11
65.3645179748535
 21
104.3511451530456
 31
0.0
  0
SOLID
  5
6DB
330
6D1
100
AcDbEntity
  8
Annotations
 62
     0
100
AcDbTrace
 10
65.78118464152017
 20
100.3511451530456
 30
0.0
 11
64.94785130818683
 21
100.3511451530456
 31
0.0
 12
65.3645179748535
 22
102.8511451530456
 32
0.0
 13
65.3645179748535
 23
102.8511451530456
 33
0.0
  0
SOLID
  5
6DC
330
6D1
100
AcDbEntity
  8
Annotations
 62
     0
100
AcDbTrace
 10
64.94785130818683
 20
106.8511451530456
 30
0.0
 11
65.78118464152017
 21
106.8511451530456
 31
0.0
 12
65.3645179748535
 22
104.3511451530456
 32
0.0
 13
65.3645179748535
 23
104.3511451530456
 33
0.0
  0
MTEXT
  5
6DD
330
6D1
100
AcDbEntity
  8
Annotations
 62
     0
370
    15
100
AcDbMText
 10
63.46826797485349
 20
93.1333579190031
 30
0.0
 40
2.3925
 41
0.0
 46
0.0
 71
     5
 72
     1
  1
\A1;1.5
  7
Shapr15
 11
0.0
 21
1.0
 31
0.0
 73
     1
 44
1.0
  0
POINT
  5
6DE
330
6D1
100
AcDbEntity
  8
Defpoints
 62
     0
100
AcDbPoint
 10
91.05209985472612
 20
102.8511451530456
 30
0.0
  0
POINT
  5
6DF
330
6D1
100
AcDbEntity
  8
Defpoints
 62
     0
100
AcDbPoint
 10
91.05209985472611
 20
104.3511451530456
 30
0.0
  0
POINT
  5
6E0
330
6D1
100
AcDbEntity
  8
Defpoints
 62
     0
100
AcDbPoint
 10
65.3645179748535
 20
104.3511451530456
 30
0.0
  0
ENDBLK
  5
6D3
330
6D1
100
AcDbEntity
  8
0
100
AcDbBlockEnd
  0
BLOCK
  5
6E3
330
6E2
100
AcDbEntity
  8
0
100
AcDbBlockBegin
  2
*D4
 70
     1
 10
0.0
 20
0.0
 30
0.0
  3
*D4
  1

  0
LINE
  5
6E5
330
6E2
100
AcDbEntity
  8
Annotations
  6
Continuous
 62
     0
370
    15
100
AcDbLine
 10
132.0645179748535
 20
68.1324728642129
 30
0.0
 11
132.0645179748536
 21
94.08018333435052
 31
0.0
  0
LINE
  5
6E6
330
6E2
100
AcDbEntity
  8
Annotations
  6
Continuous
 62
     0
370
    15
100
AcDbLine
 10
77.3645179748535
 20
68.13247286421303
 30
0.0
 11
77.36451797485356
 21
94.08018333435064
 31
0.0
  0
LINE
  5
6E7
330
6E2
100
AcDbEntity
  8
Annotations
  6
Continuous
 62
     0
370
    15
100
AcDbLine
 10
129.5645179748536
 20
92.83018333435052
 30
0.0
 11
79.86451797485356
 21
92.83018333435064
 31
0.0
  0
SOLID
  5
6E8
330
6E2
100
AcDbEntity
  8
Annotations
 62
     0
100
AcDbTrace
 10
129.5645179748536
 20
92.41351666768385
 30
0.0
 11
129.5645179748536
 21
93.2468500010172
 31
0.0
 12
132.0645179748536
 22
92.83018333435052
 32
0.0
 13
132.0645179748536
 23
92.83018333435052
 33
0.0
  0
SOLID
  5
6E9
330
6E2
100
AcDbEntity
  8
Annotations
 62
     0
100
AcDbTrace
 10
79.86451797485356
 20
93.24685000101731
 30
0.0
 11
79.86451797485356
 21
92.41351666768396
 31
0.0
 12
77.36451797485356
 22
92.83018333435064
 32
0.0
 13
77.36451797485356
 23
92.83018333435064
 33
0.0
  0
MTEXT
  5
6EA
330
6E2
100
AcDbEntity
  8
Annotations
 62
     0
370
    15
100
AcDbMText
 10
104.7145179748535
 20
94.72643333435059
 30
0.0
 40
2.3925
 41
0.0
 46
0.0
 71
     5
 72
     1
  1
\A1;54.7
  7
Shapr17
 73
     1
 44
1.0
  0
POINT
  5
6EB
330
6E2
100
AcDbEntity
  8
Defpoints
 62
     0
100
AcDbPoint
 10
132.0645179748535
 20
67.5074728642129
 30
0.0
  0
POINT
  5
6EC
330
6E2
100
AcDbEntity
  8
Defpoints
 62
     0
100
AcDbPoint
 10
77.3645179748535
 20
67.50747286421303
 30
0.0
  0
POINT
  5
6ED
330
6E2
100
AcDbEntity
  8
Defpoints
 62
     0
100
AcDbPoint
 10
77.36451797485356
 20
92.83018333435064
 30
0.0
  0
ENDBLK
  5
6E4
330
6E2
100
AcDbEntity
  8
0
100
AcDbBlockEnd
  0
BLOCK
  5
6F0
330
6EF
100
AcDbEntity
  8
0
100
AcDbBlockBegin
  2
*D5
 70
     1
 10
0.0
 20
0.0
 30
0.0
  3
*D5
  1

  0
LINE
  5
6F2
330
6EF
100
AcDbEntity
  8
Annotations
  6
Continuous
 62
     0
370
    15
100
AcDbLine
 10
108.9145179748535
 20
21.35749717533723
 30
0.0
 11
137.8291790690784
 21
21.35749717533723
 31
0.0
  0
LINE
  5
6F3
330
6EF
100
AcDbEntity
  8
Annotations
  6
Continuous
 62
     0
370
    15
100
AcDbLine
 10
100.5145179748535
 20
21.35749717533723
 30
0.0
 11
98.01451797485352
 21
21.35749717533723
 31
0.0
  0
MTEXT
  5
6F4
330
6EF
100
AcDbEntity
  8
Annotations
 62
     0
370
    15
100
AcDbMText
 10
133.4834647833642
 20
23.25374717533722
 30
0.0
 40
2.3925
 41
0.0
 46
0.0
 71
     5
 72
     1
  1
\A1;%%c3.4
  7
Shapr17
 73
     1
 44
1.0
  0
LINE
  5
6F5
330
6EF
100
AcDbEntity
  8
Annotations
  6
Continuous
 62
     0
370
    15
100
AcDbLine
 10
103.0145179748535
 20
21.35749717533723
 30
0.0
 11
106.4145179748535
 21
21.35749717533723
 31
0.0
  0
SOLID
  5
6F6
330
6EF
100
AcDbEntity
  8
Annotations
 62
     0
100
AcDbTrace
 10
100.5145179748535
 20
20.94083050867056
 30
0.0
 11
100.5145179748535
 21
21.77416384200389
 31
0.0
 12
103.0145179748535
 22
21.35749717533723
 32
0.0
 13
103.0145179748535
 23
21.35749717533723
 33
0.0
  0
SOLID
  5
6F7
330
6EF
100
AcDbEntity
  8
Annotations
 62
     0
100
AcDbTrace
 10
108.9145179748535
 20
21.77416384200389
 30
0.0
 11
108.9145179748535
 21
20.94083050867056
 31
0.0
 12
106.4145179748535
 22
21.35749717533723
 32
0.0
 13
106.4145179748535
 23
21.35749717533723
 33
0.0
  0
POINT
  5
6F8
330
6EF
100
AcDbEntity
  8
Defpoints
 62
     0
100
AcDbPoint
 10
106.4145179748535
 20
21.35749717533723
 30
0.0
  0
POINT
  5
6F9
330
6EF
100
AcDbEntity
  8
Defpoints
 62
     0
100
AcDbPoint
 10
103.0145179748535
 20
21.35749717533723
 30
0.0
  0
ENDBLK
  5
6F1
330
6EF
100
AcDbEntity
  8
0
100
AcDbBlockEnd
  0
BLOCK
  5
712
330
6FA
100
AcDbEntity
  8
0
100
AcDbBlockBegin
  2
*U6
 70
     1
 10
0.0
 20
0.0
 30
0.0
  3
*U6
  1

  0
LINE
  5
6FB
330
6FA
100
AcDbEntity
  8
Border
  6
Continuous
370
    15
100
AcDbLine
 10
287.0
 20
10.0
 30
0.0
 11
215.0
 21
10.0
 31
0.0
  0
LINE
  5
6FC
330
6FA
100
AcDbEntity
  8
Border
  6
Continuous
370
    15
100
AcDbLine
 10
287.0
 20
22.0
 30
0.0
 11
215.0
 21
22.0
 31
0.0
  0
LINE
  5
6FD
330
6FA
100
AcDbEntity
  8
Border
  6
Continuous
370
    15
100
AcDbLine
 10
287.0
 20
34.0
 30
0.0
 11
215.0
 21
34.0
 31
0.0
  0
LINE
  5
6FE
330
6FA
100
AcDbEntity
  8
Border
  6
Continuous
370
    15
100
AcDbLine
 10
287.0
 20
46.0
 30
0.0
 11
215.0
 21
46.0
 31
0.0
  0
LINE
  5
6FF
330
6FA
100
AcDbEntity
  8
Border
  6
Continuous
370
    15
100
AcDbLine
 10
287.0
 20
10.0
 30
0.0
 11
287.0
 21
46.0
 31
0.0
  0
LINE
  5
700
330
6FA
100
AcDbEntity
  8
Border
  6
Continuous
370
    15
100
AcDbLine
 10
267.0
 20
10.0
 30
0.0
 11
267.0
 21
34.0
 31
0.0
  0
LINE
  5
701
330
6FA
100
AcDbEntity
  8
Border
  6
Continuous
370
    15
100
AcDbLine
 10
235.0
 20
10.0
 30
0.0
 11
235.0
 21
34.0
 31
0.0
  0
LINE
  5
702
330
6FA
100
AcDbEntity
  8
Border
  6
Continuous
370
    15
100
AcDbLine
 10
215.0
 20
10.0
 30
0.0
 11
215.0
 21
46.0
 31
0.0
  0
CIRCLE
  5
703
330
6FA
100
AcDbEntity
  8
Border
  6
Continuous
370
    40
100
AcDbCircle
 10
246.5333333333333
 20
26.23333333333333
 30
0.0
 40
1.083333333333333
  0
CIRCLE
  5
704
330
6FA
100
AcDbEntity
  8
Border
  6
Continuous
370
    40
100
AcDbCircle
 10
246.5333333333333
 20
26.23333333333333
 30
0.0
 40
2.166666666666667
  0
LINE
  5
705
330
6FA
100
AcDbEntity
  8
Border
  6
Continuous
370
    15
100
AcDbLine
 10
246.3166666666667
 20
26.23333333333333
 30
0.0
 11
246.75
 21
26.23333333333333
 31
0.0
  0
LINE
  5
706
330
6FA
100
AcDbEntity
  8
Border
  6
Continuous
370
    15
100
AcDbLine
 10
245.8833333333333
 20
26.23333333333333
 30
0.0
 11
243.9333333333333
 21
26.23333333333333
 31
0.0
  0
LINE
  5
707
330
6FA
100
AcDbEntity
  8
Border
  6
Continuous
370
    15
100
AcDbLine
 10
247.1833333333333
 20
26.23333333333333
 30
0.0
 11
249.1333333333333
 21
26.23333333333333
 31
0.0
  0
LINE
  5
708
330
6FA
100
AcDbEntity
  8
Border
  6
Continuous
370
    15
100
AcDbLine
 10
246.5333333333333
 20
26.01666666666667
 30
0.0
 11
246.5333333333333
 21
26.45
 31
0.0
  0
LINE
  5
709
330
6FA
100
AcDbEntity
  8
Border
  6
Continuous
370
    15
100
AcDbLine
 10
246.5333333333333
 20
25.58333333333333
 30
0.0
 11
246.5333333333333
 21
23.63333333333333
 31
0.0
  0
LINE
  5
70A
330
6FA
100
AcDbEntity
  8
Border
  6
Continuous
370
    15
100
AcDbLine
 10
246.5333333333333
 20
26.88333333333333
 30
0.0
 11
246.5333333333333
 21
28.83333333333333
 31
0.0
  0
LINE
  5
70B
330
6FA
100
AcDbEntity
  8
Border
  6
Continuous
370
    40
100
AcDbLine
 10
237.4333333333333
 20
27.31666666666666
 30
0.0
 11
237.4333333333333
 21
25.15
 31
0.0
  0
LINE
  5
70C
330
6FA
100
AcDbEntity
  8
Border
  6
Continuous
370
    40
100
AcDbLine
 10
237.4333333333333
 20
27.31666666666666
 30
0.0
 11
242.6333333333333
 21
28.4
 31
0.0
  0
LINE
  5
70D
330
6FA
100
AcDbEntity
  8
Border
  6
Continuous
370
    40
100
AcDbLine
 10
237.4333333333333
 20
25.15
 30
0.0
 11
242.6333333333333
 21
24.06666666666666
 31
0.0
  0
LINE
  5
70E
330
6FA
100
AcDbEntity
  8
Border
  6
Continuous
370
    40
100
AcDbLine
 10
242.6333333333333
 20
28.4
 30
0.0
 11
242.6333333333333
 21
24.06666666666666
 31
0.0
  0
LINE
  5
70F
330
6FA
100
AcDbEntity
  8
Border
  6
Continuous
370
    15
100
AcDbLine
 10
237.0
 20
26.23333333333333
 30
0.0
 11
239.3833333333333
 21
26.23333333333333
 31
0.0
  0
LINE
  5
710
330
6FA
100
AcDbEntity
  8
Border
  6
Continuous
370
    15
100
AcDbLine
 10
239.8166666666667
 20
26.23333333333333
 30
0.0
 11
240.25
 21
26.23333333333333
 31
0.0
  0
LINE
  5
711
330
6FA
100
AcDbEntity
  8
Border
  6
Continuous
370
    15
100
AcDbLine
 10
243.0666666666667
 20
26.23333333333333
 30
0.0
 11
240.6833333333333
 21
26.23333333333333
 31
0.0
  0
ENDBLK
  5
713
330
6FA
100
AcDbEntity
  8
0
100
AcDbBlockEnd
  0
ENDSEC
  0
SECTION
  2
ENTITIES
  0
ARC
  5
A2
330
1F
100
AcDbEntity
  8
Geometries
  6
Continuous
370
    40
100
AcDbCircle
 10
126.9145179748535
 20
102.5707603953163
 30
0.0
 40
0.3000000000000017
100
AcDbArc
 50
180.0
 51
240.000000000002
  0
ARC
  5
A3
330
1F
100
AcDbEntity
  8
Geometries
  6
Continuous
370
    40
100
AcDbCircle
 10
128.0145179748535
 20
101.4211451530457
 30
0.0
 40
0.1500000000000001
100
AcDbArc
 50
219.9445051898165
 51
0.0000176347891565
  0
ARC
  5
A4
330
1F
100
AcDbEntity
  8
Geometries
  6
Continuous
370
    40
100
AcDbCircle
 10
130.2684534080845
 20
102.6511451530457
 30
0.0
 40
0.1499999999999994
100
AcDbArc
 50
221.810314895779
 51
270.0
  0
ARC
  5
A5
330
1F
100
AcDbEntity
  8
Geometries
  6
Continuous
370
    40
100
AcDbCircle
 10
128.3277489563715
 20
101.4215764964631
 30
0.0
 40
0.1631966011250124
100
AcDbArc
 50
127.4820707082257
 51
180.1514056926324
  0
ARC
  5
A6
330
1F
100
AcDbEntity
  8
Geometries
  6
Continuous
370
    40
100
AcDbCircle
 10
130.3145179748535
 20
103.0011451530457
 30
0.0
 40
0.1999999999999987
100
AcDbArc
 50
303.4999999999966
 51
311.409622109275
  0
ARC
  5
A7
330
1F
100
AcDbEntity
  8
Geometries
  6
Continuous
370
    40
100
AcDbCircle
 10
131.9645179748535
 20
101.4211451530457
 30
0.0
 40
0.1499999999999974
100
AcDbArc
 50
180.0
 51
297.4845868822404
  0
ARC
  5
A8
330
1F
100
AcDbEntity
  8
Geometries
  6
Continuous
370
    40
100
AcDbCircle
 10
131.9645179748535
 20
101.4211451530457
 30
0.0
 40
0.1499999999999999
100
AcDbArc
 50
297.4845868822404
 51
0.0
  0
ARC
  5
A9
330
1F
100
AcDbEntity
  8
Geometries
  6
Continuous
370
    40
100
AcDbCircle
 10
128.0177170401429
 20
101.8274900324188
 30
0.0
 40
0.3468848132826823
100
AcDbArc
 50
309.8071508961323
 51
357.8254013227159
  0
LINE
  5
AA
330
1F
100
AcDbEntity
  8
Geometries
  6
Continuous
370
    40
100
AcDbLine
 10
128.2368308928845
 20
101.5585455642944
 30
0.0
 11
128.2367156308619
 21
101.5584507336922
 31
0.0
  0
LINE
  5
AB
330
1F
100
AcDbEntity
  8
Geometries
  6
Continuous
370
    40
100
AcDbLine
 10
128.3645179748502
 20
101.8247653028724
 30
0.0
 11
128.3643520397949
 21
101.8143275591549
 31
0.0
  0
LINE
  5
AC
330
1F
100
AcDbEntity
  8
Geometries
  6
Continuous
370
    40
100
AcDbLine
 10
128.3645179748502
 20
101.8247653028724
 30
0.0
 11
128.3644999750367
 21
101.8281972662142
 31
0.0
  0
LINE
  5
AD
330
1F
100
AcDbEntity
  8
Geometries
  6
Continuous
370
    40
100
AcDbLine
 10
128.2367156308619
 20
101.5584507336922
 30
0.0
 11
128.2280702385467
 21
101.551561388621
 31
0.0
  0
LINE
  5
AE
330
1F
100
AcDbEntity
  8
Geometries
  6
Continuous
370
    40
100
AcDbLine
 10
131.8145179748535
 20
102.5511451530457
 30
0.0
 11
131.8145179748535
 21
102.7613041643786
 31
0.0
  0
LINE
  5
AF
330
1F
100
AcDbEntity
  8
Geometries
  6
Continuous
370
    40
100
AcDbLine
 10
128.2367265049992
 20
101.5584184228461
 30
0.0
 11
128.236522143538
 21
101.5583007547519
 31
0.0
  0
LINE
  5
B0
330
1F
100
AcDbEntity
  8
Geometries
  6
Continuous
370
    40
100
AcDbLine
 10
128.2273065466848
 20
101.5532397999274
 30
0.0
 11
128.236522143538
 21
101.5583007547519
 31
0.0
  0
LINE
  5
B1
330
1F
100
AcDbEntity
  8
Geometries
  6
Continuous
370
    40
100
AcDbLine
 10
130.0145179748535
 20
101.5511451530457
 30
0.0
 11
128.2284167561277
 21
101.5511126501111
 31
0.0
  0
LINE
  5
B2
330
1F
100
AcDbEntity
  8
Geometries
  6
Continuous
370
    40
100
AcDbLine
 10
131.8145179748535
 20
102.7613041643786
 30
0.0
 11
131.7041305777911
 21
102.8343679886322
 31
0.0
  0
LINE
  5
B3
330
1F
100
AcDbEntity
  8
Geometries
  6
Continuous
370
    40
100
AcDbLine
 10
131.8145179748535
 20
101.5461451530457
 30
0.0
 11
131.8145179748535
 21
102.5511451530457
 31
0.0
  0
LINE
  5
B4
330
1F
100
AcDbEntity
  8
Geometries
  6
Continuous
370
    40
100
AcDbLine
 10
124.8869912461067
 20
102.8511451530456
 30
0.0
 11
121.1030500327857
 21
102.8511451530456
 31
0.0
  0
LINE
  5
B5
330
1F
100
AcDbEntity
  8
Geometries
  6
Continuous
370
    40
100
AcDbLine
 10
132.1145179748535
 20
101.5461451530457
 30
0.0
 11
132.1145179748535
 21
101.5511451530457
 31
0.0
  0
LINE
  5
B6
330
1F
100
AcDbEntity
  8
Geometries
  6
Continuous
370
    40
100
AcDbLine
 10
88.43986492943772
 20
106.0511451530457
 30
0.0
 11
88.43986492943772
 21
108.1511451530457
 31
0.0
  0
LINE
  5
B7
330
1F
100
AcDbEntity
  8
Geometries
  6
Continuous
370
    40
100
AcDbLine
 10
84.97986492943771
 20
108.1511451530457
 30
0.0
 11
87.4398649294377
 21
108.1511451530457
 31
0.0
  0
LINE
  5
B8
330
1F
100
AcDbEntity
  8
Geometries
  6
Continuous
370
    40
100
AcDbLine
 10
128.3645179748535
 20
102.4645864483679
 30
0.0
 11
128.3645179748535
 21
101.8281973563227
 31
0.0
  0
LINE
  5
B9
330
1F
100
AcDbEntity
  8
Geometries
  6
Continuous
370
    40
100
AcDbLine
 10
133.5145179748535
 20
101.5511451530457
 30
0.0
 11
132.1145179748535
 21
101.5511451530457
 31
0.0
  0
LINE
  5
BA
330
1F
100
AcDbEntity
  8
Geometries
  6
Continuous
370
    40
100
AcDbLine
 10
130.3145179748535
 20
101.795952774181
 30
0.0
 11
130.3145179748535
 21
102.5011451530457
 31
0.0
  0
LINE
  5
BB
330
1F
100
AcDbEntity
  8
Geometries
  6
Continuous
370
    40
100
AcDbLine
 10
133.5145179748535
 20
100.8411451530457
 30
0.0
 11
126.9145179748535
 21
100.8411451530457
 31
0.0
  0
LINE
  5
BC
330
1F
100
AcDbEntity
  8
Geometries
  6
Continuous
370
    40
100
AcDbLine
 10
126.6145179748535
 20
102.7613041643786
 30
0.0
 11
126.6145179748535
 21
102.5707603953163
 31
0.0
  0
LINE
  5
BD
330
1F
100
AcDbEntity
  8
Geometries
  6
Continuous
370
    40
100
AcDbLine
 10
126.9145179748535
 20
100.8411451530457
 30
0.0
 11
126.9145179748535
 21
102.0511451530457
 31
0.0
  0
LINE
  5
BE
330
1F
100
AcDbEntity
  8
Geometries
  6
Continuous
370
    40
100
AcDbLine
 10
126.7249053719159
 20
102.8343679886322
 30
0.0
 11
126.6145179748535
 21
102.7613041643786
 31
0.0
  0
LINE
  5
BF
330
1F
100
AcDbEntity
  8
Geometries
  6
Continuous
370
    40
100
AcDbLine
 10
127.8645179748535
 20
102.7613041643786
 30
0.0
 11
127.7541305777911
 21
102.8343679886322
 31
0.0
  0
LINE
  5
C0
330
1F
100
AcDbEntity
  8
Geometries
  6
Continuous
370
    40
100
AcDbLine
 10
127.8645179748535
 20
101.4211451530457
 30
0.0
 11
127.8645179748535
 21
102.6861451530457
 31
0.0
  0
LINE
  5
C1
330
1F
100
AcDbEntity
  8
Geometries
  6
Continuous
370
    40
100
AcDbLine
 10
83.97986492943771
 20
108.1511451530457
 30
0.0
 11
84.97986492943771
 21
108.1511451530457
 31
0.0
  0
LINE
  5
C2
330
1F
100
AcDbEntity
  8
Geometries
  6
Continuous
370
    40
100
AcDbLine
 10
130.2816500092095
 20
102.5011451530457
 30
0.0
 11
130.2684534080845
 21
102.5011451530457
 31
0.0
  0
LINE
  5
C3
330
1F
100
AcDbEntity
  8
Geometries
  6
Continuous
370
    40
100
AcDbLine
 10
127.8645179748535
 20
102.6861451530457
 30
0.0
 11
127.8645179748535
 21
102.7511451530457
 31
0.0
  0
LINE
  5
C4
330
1F
100
AcDbEntity
  8
Geometries
  6
Continuous
370
    40
100
AcDbLine
 10
127.8645179748535
 20
102.7511451530457
 30
0.0
 11
127.8645179748535
 21
102.7613041643786
 31
0.0
  0
LINE
  5
C5
330
1F
100
AcDbEntity
  8
Geometries
  6
Continuous
370
    40
100
AcDbLine
 10
131.6822304093003
 20
102.8511451530456
 30
0.0
 11
130.9876450319555
 21
102.8511451530456
 31
0.0
  0
LINE
  5
C6
330
1F
100
AcDbEntity
  8
Geometries
  6
Continuous
370
    40
100
AcDbLine
 10
81.2103312496027
 20
102.8511451530457
 30
0.0
 11
78.44139091775149
 21
102.8511451530456
 31
0.0
  0
LINE
  5
C7
330
1F
100
AcDbEntity
  8
Geometries
  6
Continuous
370
    40
100
AcDbLine
 10
130.0145179748535
 20
101.4211451530457
 30
0.0
 11
130.0145179748535
 21
101.4961451530457
 31
0.0
  0
LINE
  5
C8
330
1F
100
AcDbEntity
  8
Geometries
  6
Continuous
370
    40
100
AcDbLine
 10
130.0145179748535
 20
101.4961451530457
 30
0.0
 11
130.0145179748535
 21
101.5511451530457
 31
0.0
  0
LINE
  5
C9
330
1F
100
AcDbEntity
  8
Geometries
  6
Continuous
370
    40
100
AcDbLine
 10
130.3145179748535
 20
101.4211451530457
 30
0.0
 11
130.3145179748535
 21
101.4961451530457
 31
0.0
  0
LINE
  5
CA
330
1F
100
AcDbEntity
  8
Geometries
  6
Continuous
370
    40
100
AcDbLine
 10
130.1566500092095
 20
102.5511451530457
 30
0.0
 11
130.2816500092095
 21
102.5511451530457
 31
0.0
  0
LINE
  5
CB
330
1F
100
AcDbEntity
  8
Geometries
  6
Continuous
370
    40
100
AcDbLine
 10
130.3145179748535
 20
101.4961451530457
 30
0.0
 11
130.3145179748535
 21
101.5461451530457
 31
0.0
  0
LINE
  5
CC
330
1F
100
AcDbEntity
  8
Geometries
  6
Continuous
370
    40
100
AcDbLine
 10
130.3145179748535
 20
102.5011451530457
 30
0.0
 11
130.3145179748535
 21
102.5511451530457
 31
0.0
  0
LINE
  5
CD
330
1F
100
AcDbEntity
  8
Geometries
  6
Continuous
370
    40
100
AcDbLine
 10
130.3145179748535
 20
102.5511451530457
 30
0.0
 11
130.3145179748535
 21
102.7613041643786
 31
0.0
  0
LINE
  5
CE
330
1F
100
AcDbEntity
  8
Geometries
  6
Continuous
370
    40
100
AcDbLine
 10
125.4811041968083
 20
104.3511451530456
 30
0.0
 11
124.8869912461067
 21
104.3511451530456
 31
0.0
  0
LINE
  5
CF
330
1F
100
AcDbEntity
  8
Geometries
  6
Continuous
370
    40
100
AcDbLine
 10
130.4249053719159
 20
102.8343679886322
 30
0.0
 11
130.3145179748535
 21
102.7613041643786
 31
0.0
  0
LINE
  5
D0
330
1F
100
AcDbEntity
  8
Geometries
  6
Continuous
370
    40
100
AcDbLine
 10
133.5145179748535
 20
99.54114515304566
 30
0.0
 11
126.9145179748535
 21
99.54114515304566
 31
0.0
  0
LINE
  5
D1
330
1F
100
AcDbEntity
  8
Geometries
  6
Continuous
370
    40
100
AcDbLine
 10
132.1145179748535
 20
102.8511451530456
 30
0.0
 11
132.1145179748535
 21
102.5511451530457
 31
0.0
  0
LINE
  5
D2
330
1F
100
AcDbEntity
  8
Geometries
  6
Continuous
370
    40
100
AcDbLine
 10
130.3144069048642
 20
101.7961451530457
 30
0.0
 11
130.0145179748535
 21
101.7961451530457
 31
0.0
  0
LINE
  5
D3
330
1F
100
AcDbEntity
  8
Geometries
  6
Continuous
370
    40
100
AcDbLine
 10
132.0645179748535
 20
104.3511451530456
 30
0.0
 11
132.0645179748535
 21
102.8511451530456
 31
0.0
  0
LINE
  5
D4
330
1F
100
AcDbEntity
  8
Geometries
  6
Continuous
370
    40
100
AcDbLine
 10
128.3645179748535
 20
102.6211451530457
 30
0.0
 11
128.3145179748535
 21
102.6211451530457
 31
0.0
  0
LINE
  5
D5
330
1F
100
AcDbEntity
  8
Geometries
  6
Continuous
370
    40
100
AcDbLine
 10
127.8645179748535
 20
102.7511451530457
 30
0.0
 11
128.3145179748535
 21
102.7511451530457
 31
0.0
  0
LINE
  5
D6
330
1F
100
AcDbEntity
  8
Geometries
  6
Continuous
370
    40
100
AcDbLine
 10
81.2103312496027
 20
104.3511451530456
 30
0.0
 11
78.4413909177515
 21
104.3511451530456
 31
0.0
  0
LINE
  5
D7
330
1F
100
AcDbEntity
  8
Geometries
  6
Continuous
370
    40
100
AcDbLine
 10
128.3145179748535
 20
102.7611451530457
 30
0.0
 11
128.2766500092095
 21
102.7990131186897
 31
0.0
  0
LINE
  5
D8
330
1F
100
AcDbEntity
  8
Geometries
  6
Continuous
370
    40
100
AcDbLine
 10
130.3145179748535
 20
101.5461451530457
 30
0.0
 11
130.3144069048642
 21
101.5461451530457
 31
0.0
  0
LINE
  5
D9
330
1F
100
AcDbEntity
  8
Geometries
  6
Continuous
370
    40
100
AcDbLine
 10
130.3144069048642
 20
101.7961451530457
 30
0.0
 11
130.3145179748535
 21
101.795952774181
 31
0.0
  0
LINE
  5
DA
330
1F
100
AcDbEntity
  8
Geometries
  6
Continuous
370
    40
100
AcDbLine
 10
83.97986492943771
 20
106.0511451530457
 30
0.0
 11
84.97986492943771
 21
106.0511451530457
 31
0.0
  0
LINE
  5
DB
330
1F
100
AcDbEntity
  8
Geometries
  6
Continuous
370
    40
100
AcDbLine
 10
126.6145179748535
 20
102.8511451530457
 30
0.0
 11
126.6145179748535
 21
102.7613041643786
 31
0.0
  0
LINE
  5
DC
330
1F
100
AcDbEntity
  8
Geometries
  6
Continuous
370
    40
100
AcDbLine
 10
121.1030500327857
 20
104.3511451530456
 30
0.0
 11
121.1030500327857
 21
102.8511451530456
 31
0.0
  0
LINE
  5
DD
330
1F
100
AcDbEntity
  8
Geometries
  6
Continuous
370
    40
100
AcDbLine
 10
131.8145179748535
 20
101.5461451530457
 30
0.0
 11
132.0337444721616
 21
101.5461451530457
 31
0.0
  0
LINE
  5
DE
330
1F
100
AcDbEntity
  8
Geometries
  6
Continuous
370
    40
100
AcDbLine
 10
128.2766500092095
 20
102.7990131186897
 30
0.0
 11
128.2766500092095
 21
102.8511451530456
 31
0.0
  0
LINE
  5
DF
330
1F
100
AcDbEntity
  8
Geometries
  6
Continuous
370
    40
100
AcDbLine
 10
126.6145179748535
 20
102.8511451530456
 30
0.0
 11
125.4811041968083
 21
102.8511451530456
 31
0.0
  0
LINE
  5
E0
330
1F
100
AcDbEntity
  8
Geometries
  6
Continuous
370
    40
100
AcDbLine
 10
131.8145179748535
 20
102.7613041643786
 30
0.0
 11
131.8145179748535
 21
102.8511451530456
 31
0.0
  0
LINE
  5
E1
330
1F
100
AcDbEntity
  8
Geometries
  6
Continuous
370
    40
100
AcDbLine
 10
132.0645179748535
 20
102.8511451530456
 30
0.0
 11
132.1145179748535
 21
102.8511451530456
 31
0.0
  0
LINE
  5
E2
330
1F
100
AcDbEntity
  8
Geometries
  6
Continuous
370
    40
100
AcDbLine
 10
88.32598591692131
 20
104.3511451530456
 30
0.0
 11
84.5420447036004
 21
104.3511451530456
 31
0.0
  0
LINE
  5
E3
330
1F
100
AcDbEntity
  8
Geometries
  6
Continuous
370
    40
100
AcDbLine
 10
130.4468055404068
 20
102.8511451530456
 30
0.0
 11
130.3145179748535
 21
102.8511451530456
 31
0.0
  0
LINE
  5
E4
330
1F
100
AcDbEntity
  8
Geometries
  6
Continuous
370
    40
100
AcDbLine
 10
87.4398649294377
 20
108.1511451530457
 30
0.0
 11
88.43986492943772
 21
108.1511451530457
 31
0.0
  0
LINE
  5
E5
330
1F
100
AcDbEntity
  8
Geometries
  6
Continuous
370
    40
100
AcDbLine
 10
130.2816500092095
 20
102.5511451530457
 30
0.0
 11
130.3145179748535
 21
102.5511451530457
 31
0.0
  0
LINE
  5
E6
330
1F
100
AcDbEntity
  8
Geometries
  6
Continuous
370
    40
100
AcDbLine
 10
91.05209985472611
 20
104.3511451530456
 30
0.0
 11
91.05209985472612
 21
102.8511451530456
 31
0.0
  0
LINE
  5
E7
330
1F
100
AcDbEntity
  8
Geometries
  6
Continuous
370
    40
100
AcDbLine
 10
88.32598591692131
 20
104.3511451530456
 30
0.0
 11
88.32598591692133
 21
102.8511451530456
 31
0.0
  0
LINE
  5
E8
330
1F
100
AcDbEntity
  8
Geometries
  6
Continuous
370
    40
100
AcDbLine
 10
124.8869912461067
 20
104.3511451530456
 30
0.0
 11
124.8869912461067
 21
102.8511451530456
 31
0.0
  0
LINE
  5
E9
330
1F
100
AcDbEntity
  8
Geometries
  6
Continuous
370
    40
100
AcDbLine
 10
77.3645179748535
 20
104.3511451530456
 30
0.0
 11
77.36451797485351
 21
102.8511451530456
 31
0.0
  0
LWPOLYLINE
  5
EA
330
1F
100
AcDbEntity
  8
Geometries
  6
Continuous
370
    40
100
AcDbPolyline
 90
        3
 70
   128
 43
0.0
 10
128.2397946337152
 20
101.561011860481
 10
128.238736232481
 20
101.5601254546888
 10
128.2368308928845
 20
101.5585455642944
  0
LINE
  5
EB
330
1F
100
AcDbEntity
  8
Geometries
  6
Continuous
370
    40
100
AcDbLine
 10
125.4811041968083
 20
102.8511451530457
 30
0.0
 11
125.4811041968083
 21
104.3511451530456
 31
0.0
  0
LINE
  5
EC
330
1F
100
AcDbEntity
  8
Geometries
  6
Continuous
370
    40
100
AcDbLine
 10
128.2187047001043
 20
104.3511451530456
 30
0.0
 11
128.2187047001043
 21
102.8511451530457
 31
0.0
  0
LINE
  5
ED
330
1F
100
AcDbEntity
  8
Geometries
  6
Continuous
370
    40
100
AcDbLine
 10
127.7322304093003
 20
102.8511451530456
 30
0.0
 11
126.7468055404067
 21
102.8511451530456
 31
0.0
  0
LINE
  5
EE
330
1F
100
AcDbEntity
  8
Geometries
  6
Continuous
370
    40
100
AcDbLine
 10
78.4413909177515
 20
104.3511451530456
 30
0.0
 11
78.44139091775149
 21
102.8511451530456
 31
0.0
  0
ARC
  5
EF
330
1F
100
AcDbEntity
  8
Geometries
  6
Continuous
370
    40
100
AcDbCircle
 10
127.8645179748535
 20
103.0011451530457
 30
0.0
 40
0.1999999999999997
100
AcDbArc
 50
228.590377890728
 51
236.5
  0
LINE
  5
F0
330
1F
100
AcDbEntity
  8
Geometries
  6
Continuous
370
    40
100
AcDbLine
 10
91.05209985472611
 20
104.3511451530456
 30
0.0
 11
88.32598591692131
 21
104.3511451530456
 31
0.0
  0
LINE
  5
F1
330
1F
100
AcDbEntity
  8
Geometries
  6
Continuous
370
    40
100
AcDbLine
 10
87.4398649294377
 20
106.0511451530457
 30
0.0
 11
87.4398649294377
 21
108.1511451530457
 31
0.0
  0
LINE
  5
F2
330
1F
100
AcDbEntity
  8
Geometries
  6
Continuous
370
    40
100
AcDbLine
 10
91.05209985472612
 20
102.8511451530456
 30
0.0
 11
88.32598591692133
 21
102.8511451530456
 31
0.0
  0
LINE
  5
F3
330
1F
100
AcDbEntity
  8
Geometries
  6
Continuous
370
    40
100
AcDbLine
 10
133.5145179748535
 20
102.8511451530456
 30
0.0
 11
132.1145179748535
 21
102.8511451530456
 31
0.0
  0
ARC
  5
F4
330
1F
100
AcDbEntity
  8
Geometries
  6
Continuous
370
    40
100
AcDbCircle
 10
131.8145179748535
 20
103.0011451530457
 30
0.0
 40
0.2000000000000003
100
AcDbArc
 50
228.5903778907337
 51
236.4999999999965
  0
LINE
  5
F5
330
1F
100
AcDbEntity
  8
Geometries
  6
Continuous
370
    40
100
AcDbLine
 10
130.9876450319555
 20
104.3511451530456
 30
0.0
 11
128.2187047001043
 21
104.3511451530456
 31
0.0
  0
LINE
  5
F6
330
1F
100
AcDbEntity
  8
Geometries
  6
Continuous
370
    40
100
AcDbLine
 10
127.8995179748535
 20
102.6861451530457
 30
0.0
 11
127.8645179748535
 21
102.6861451530457
 31
0.0
  0
LINE
  5
F7
330
1F
100
AcDbEntity
  8
Geometries
  6
Continuous
370
    40
100
AcDbLine
 10
128.2187047001043
 20
104.3511451530456
 30
0.0
 11
125.4811041968083
 21
104.3511451530456
 31
0.0
  0
LINE
  5
F8
330
1F
100
AcDbEntity
  8
Geometries
  6
Continuous
370
    40
100
AcDbLine
 10
130.9876450319555
 20
104.3511451530456
 30
0.0
 11
130.9876450319555
 21
102.8511451530456
 31
0.0
  0
LINE
  5
F9
330
1F
100
AcDbEntity
  8
Geometries
  6
Continuous
370
    40
100
AcDbLine
 10
132.0645179748535
 20
102.8511451530456
 30
0.0
 11
131.8145179748535
 21
102.8511451530456
 31
0.0
  0
LINE
  5
FA
330
1F
100
AcDbEntity
  8
Geometries
  6
Continuous
370
    40
100
AcDbLine
 10
127.8995179748535
 20
101.3248383516244
 30
0.0
 11
127.8995179748535
 21
102.6861451530457
 31
0.0
  0
ARC
  5
FB
330
1F
100
AcDbEntity
  8
Geometries
  6
Continuous
370
    40
100
AcDbCircle
 10
130.1645179748535
 20
101.4211451530457
 30
0.0
 40
0.1500000000000043
100
AcDbArc
 50
180.0
 51
0.0
  0
LINE
  5
FC
330
1F
100
AcDbEntity
  8
Geometries
  6
Continuous
370
    40
100
AcDbLine
 10
130.0145179748535
 20
101.7961451530457
 30
0.0
 11
130.0145179748535
 21
101.5511451530457
 31
0.0
  0
LINE
  5
FD
330
1F
100
AcDbEntity
  8
Geometries
  6
Continuous
370
    40
100
AcDbLine
 10
128.3645179748535
 20
102.6211451530457
 30
0.0
 11
128.3645179748535
 21
102.4645864483679
 31
0.0
  0
LINE
  5
FE
330
1F
100
AcDbEntity
  8
Geometries
  6
Continuous
370
    40
100
AcDbLine
 10
130.0145179748535
 20
102.8511451530456
 30
0.0
 11
128.3645179748535
 21
102.8511451530456
 31
0.0
  0
ARC
  5
FF
330
1F
100
AcDbEntity
  8
Geometries
  6
Continuous
370
    40
100
AcDbCircle
 10
126.6145179748535
 20
103.0011451530457
 30
0.0
 40
0.2000000000000018
100
AcDbArc
 50
303.5000000000001
 51
311.4096221092693
  0
LINE
  5
100
330
1F
100
AcDbEntity
  8
Geometries
  6
Continuous
370
    40
100
AcDbLine
 10
130.9876450319555
 20
102.8511451530456
 30
0.0
 11
130.4468055404068
 21
102.8511451530456
 31
0.0
  0
LINE
  5
101
330
1F
100
AcDbEntity
  8
Geometries
  6
Continuous
370
    40
100
AcDbLine
 10
84.97986492943771
 20
106.0511451530457
 30
0.0
 11
87.4398649294377
 21
106.0511451530457
 31
0.0
  0
LINE
  5
102
330
1F
100
AcDbEntity
  8
Geometries
  6
Continuous
370
    40
100
AcDbLine
 10
78.44139091775149
 20
102.8511451530456
 30
0.0
 11
77.36451797485351
 21
102.8511451530456
 31
0.0
  0
ARC
  5
103
330
1F
100
AcDbEntity
  8
Geometries
  6
Continuous
370
    40
100
AcDbCircle
 10
126.6145179748535
 20
102.0511451530457
 30
0.0
 40
0.3000000000000017
100
AcDbArc
 50
0.0
 51
59.99999999999962
  0
LINE
  5
104
330
1F
100
AcDbEntity
  8
Geometries
  6
Continuous
370
    40
100
AcDbLine
 10
126.7468055404067
 20
102.8511451530456
 30
0.0
 11
126.6145179748535
 21
102.8511451530456
 31
0.0
  0
LINE
  5
105
330
1F
100
AcDbEntity
  8
Geometries
  6
Continuous
370
    40
100
AcDbLine
 10
118.3769360949809
 20
104.3511451530456
 30
0.0
 11
91.05209985472611
 21
104.3511451530456
 31
0.0
  0
LINE
  5
106
330
1F
100
AcDbEntity
  8
Geometries
  6
Continuous
370
    40
100
AcDbLine
 10
130.0145179748535
 20
102.5511451530457
 30
0.0
 11
130.0145179748535
 21
101.7961451530457
 31
0.0
  0
LINE
  5
107
330
1F
100
AcDbEntity
  8
Geometries
  6
Continuous
370
    40
100
AcDbLine
 10
83.94793175289871
 20
102.8511451530456
 30
0.0
 11
81.2103312496027
 21
102.8511451530457
 31
0.0
  0
LINE
  5
108
330
1F
100
AcDbEntity
  8
Geometries
  6
Continuous
370
    40
100
AcDbLine
 10
130.0145179748535
 20
102.8511451530456
 30
0.0
 11
130.0145179748535
 21
102.5511451530457
 31
0.0
  0
LINE
  5
109
330
1F
100
AcDbEntity
  8
Geometries
  6
Continuous
370
    40
100
AcDbLine
 10
128.2766500092095
 20
102.7990131186897
 30
0.0
 11
128.2245179748535
 21
102.8511451530457
 31
0.0
  0
LINE
  5
10A
330
1F
100
AcDbEntity
  8
Geometries
  6
Continuous
370
    40
100
AcDbLine
 10
121.1030500327857
 20
104.3511451530456
 30
0.0
 11
118.3769360949809
 21
104.3511451530456
 31
0.0
  0
LINE
  5
10B
330
1F
100
AcDbEntity
  8
Geometries
  6
Continuous
370
    40
100
AcDbLine
 10
84.5420447036004
 20
104.3511451530456
 30
0.0
 11
84.54204470360042
 21
102.8511451530456
 31
0.0
  0
LINE
  5
10C
330
1F
100
AcDbEntity
  8
Geometries
  6
Continuous
370
    40
100
AcDbLine
 10
130.3145179748535
 20
101.4961451530457
 30
0.0
 11
130.0145179748535
 21
101.4961451530457
 31
0.0
  0
LINE
  5
10D
330
1F
100
AcDbEntity
  8
Geometries
  6
Continuous
370
    40
100
AcDbLine
 10
87.4398649294377
 20
106.0511451530457
 30
0.0
 11
88.43986492943772
 21
106.0511451530457
 31
0.0
  0
LINE
  5
10E
330
1F
100
AcDbEntity
  8
Geometries
  6
Continuous
370
    40
100
AcDbLine
 10
84.97986492943771
 20
110.1511451530457
 30
0.0
 11
87.4398649294377
 21
110.1511451530457
 31
0.0
  0
LINE
  5
10F
330
1F
100
AcDbEntity
  8
Geometries
  6
Continuous
370
    40
100
AcDbLine
 10
83.94793175289871
 20
104.3511451530456
 30
0.0
 11
83.94793175289871
 21
102.8511451530456
 31
0.0
  0
LINE
  5
110
330
1F
100
AcDbEntity
  8
Geometries
  6
Continuous
370
    40
100
AcDbLine
 10
118.3769360949809
 20
104.3511451530456
 30
0.0
 11
118.3769360949809
 21
102.8511451530456
 31
0.0
  0
LINE
  5
111
330
1F
100
AcDbEntity
  8
Geometries
  6
Continuous
370
    40
100
AcDbLine
 10
130.2816500092095
 20
102.5511451530457
 30
0.0
 11
130.2816500092095
 21
102.5011451530457
 31
0.0
  0
LINE
  5
112
330
1F
100
AcDbEntity
  8
Geometries
  6
Continuous
370
    40
100
AcDbLine
 10
130.3145179748535
 20
101.5461451530457
 30
0.0
 11
130.3145179748535
 21
101.795952774181
 31
0.0
  0
LINE
  5
113
330
1F
100
AcDbEntity
  8
Geometries
  6
Continuous
370
    40
100
AcDbLine
 10
132.0337444721616
 20
101.5461451530457
 30
0.0
 11
132.1145179748535
 21
101.5461451530457
 31
0.0
  0
LINE
  5
114
330
1F
100
AcDbEntity
  8
Geometries
  6
Continuous
370
    40
100
AcDbLine
 10
78.4413909177515
 20
104.3511451530456
 30
0.0
 11
77.3645179748535
 21
104.3511451530456
 31
0.0
  0
LINE
  5
115
330
1F
100
AcDbEntity
  8
Geometries
  6
Continuous
370
    40
100
AcDbLine
 10
88.32598591692133
 20
102.8511451530456
 30
0.0
 11
84.54204470360042
 21
102.8511451530456
 31
0.0
  0
LINE
  5
116
330
1F
100
AcDbEntity
  8
Geometries
  6
Continuous
370
    40
100
AcDbLine
 10
132.0645179748535
 20
104.3511451530456
 30
0.0
 11
130.9876450319555
 21
104.3511451530456
 31
0.0
  0
LINE
  5
117
330
1F
100
AcDbEntity
  8
Geometries
  6
Continuous
370
    40
100
AcDbLine
 10
131.8145179748535
 20
101.4211451530457
 30
0.0
 11
131.8145179748535
 21
101.5461451530457
 31
0.0
  0
LINE
  5
118
330
1F
100
AcDbEntity
  8
Geometries
  6
Continuous
370
    40
100
AcDbLine
 10
121.1030500327857
 20
102.8511451530456
 30
0.0
 11
118.3769360949809
 21
102.8511451530456
 31
0.0
  0
LINE
  5
119
330
1F
100
AcDbEntity
  8
Geometries
  6
Continuous
370
    40
100
AcDbLine
 10
131.8145179748535
 20
102.8511451530456
 30
0.0
 11
131.6822304093003
 21
102.8511451530456
 31
0.0
  0
LINE
  5
11A
330
1F
100
AcDbEntity
  8
Geometries
  6
Continuous
370
    40
100
AcDbLine
 10
87.4398649294377
 20
110.1511451530457
 30
0.0
 11
87.4398649294377
 21
108.1511451530457
 31
0.0
  0
LINE
  5
11B
330
1F
100
AcDbEntity
  8
Geometries
  6
Continuous
370
    40
100
AcDbLine
 10
127.8995179748535
 20
102.6861451530457
 30
0.0
 11
128.3145179748535
 21
102.6861451530457
 31
0.0
  0
LINE
  5
11C
330
1F
100
AcDbEntity
  8
Geometries
  6
Continuous
370
    40
100
AcDbLine
 10
133.5145179748535
 20
102.8511451530456
 30
0.0
 11
133.5145179748535
 21
101.5511451530457
 31
0.0
  0
LINE
  5
11D
330
1F
100
AcDbEntity
  8
Geometries
  6
Continuous
370
    40
100
AcDbLine
 10
128.3145179748535
 20
102.7611451530457
 30
0.0
 11
128.3145179748535
 21
102.7511451530457
 31
0.0
  0
LINE
  5
11E
330
1F
100
AcDbEntity
  8
Geometries
  6
Continuous
370
    40
100
AcDbLine
 10
128.2187047001043
 20
102.8511451530457
 30
0.0
 11
127.7322304093003
 21
102.8511451530456
 31
0.0
  0
LINE
  5
11F
330
1F
100
AcDbEntity
  8
Geometries
  6
Continuous
370
    40
100
AcDbLine
 10
130.3145179748535
 20
102.8511451530456
 30
0.0
 11
130.0145179748535
 21
102.8511451530456
 31
0.0
  0
LINE
  5
120
330
1F
100
AcDbEntity
  8
Geometries
  6
Continuous
370
    40
100
AcDbLine
 10
130.3144069048642
 20
101.5461451530457
 30
0.0
 11
130.3144069048642
 21
101.7961451530457
 31
0.0
  0
LINE
  5
121
330
1F
100
AcDbEntity
  8
Geometries
  6
Continuous
370
    40
100
AcDbLine
 10
131.8145179748535
 20
102.5511451530457
 30
0.0
 11
132.1145179748535
 21
102.5511451530457
 31
0.0
  0
LINE
  5
122
330
1F
100
AcDbEntity
  8
Geometries
  6
Continuous
370
    40
100
AcDbLine
 10
132.1145179748535
 20
101.4211451530457
 30
0.0
 11
132.1145179748535
 21
101.5461451530457
 31
0.0
  0
LINE
  5
123
330
1F
100
AcDbEntity
  8
Geometries
  6
Continuous
370
    40
100
AcDbLine
 10
84.54204470360042
 20
102.8511451530456
 30
0.0
 11
83.94793175289871
 21
102.8511451530456
 31
0.0
  0
LINE
  5
124
330
1F
100
AcDbEntity
  8
Geometries
  6
Continuous
370
    40
100
AcDbLine
 10
124.8869912461067
 20
104.3511451530456
 30
0.0
 11
121.1030500327857
 21
104.3511451530456
 31
0.0
  0
LINE
  5
125
330
1F
100
AcDbEntity
  8
Geometries
  6
Continuous
370
    40
100
AcDbLine
 10
130.3145179748535
 20
102.5011451530457
 30
0.0
 11
130.2816500092095
 21
102.5011451530457
 31
0.0
  0
LINE
  5
126
330
1F
100
AcDbEntity
  8
Geometries
  6
Continuous
370
    40
100
AcDbLine
 10
128.3645179748535
 20
102.8511451530456
 30
0.0
 11
128.3645179748535
 21
102.6211451530457
 31
0.0
  0
LINE
  5
127
330
1F
100
AcDbEntity
  8
Geometries
  6
Continuous
370
    40
100
AcDbLine
 10
130.3145179748535
 20
102.7613041643786
 30
0.0
 11
130.3145179748535
 21
102.8511451530456
 31
0.0
  0
LINE
  5
128
330
1F
100
AcDbEntity
  8
Geometries
  6
Continuous
370
    40
100
AcDbLine
 10
132.1145179748535
 20
102.5511451530457
 30
0.0
 11
132.1145179748535
 21
101.5511451530457
 31
0.0
  0
LINE
  5
129
330
1F
100
AcDbEntity
  8
Geometries
  6
Continuous
370
    40
100
AcDbLine
 10
128.3145179748535
 20
102.6861451530457
 30
0.0
 11
128.3145179748535
 21
102.6211451530457
 31
0.0
  0
ARC
  5
12A
330
1F
100
AcDbEntity
  8
Geometries
  6
Continuous
370
    40
100
AcDbCircle
 10
128.0145179748535
 20
101.4211451530457
 30
0.0
 40
0.1499999999999974
100
AcDbArc
 50
180.0
 51
219.9445051898199
  0
LINE
  5
12B
330
1F
100
AcDbEntity
  8
Geometries
  6
Continuous
370
    40
100
AcDbLine
 10
128.2766500092095
 20
102.8511451530456
 30
0.0
 11
128.2245179748535
 21
102.8511451530456
 31
0.0
  0
LINE
  5
12C
330
1F
100
AcDbEntity
  8
Geometries
  6
Continuous
370
    40
100
AcDbLine
 10
133.5145179748535
 20
101.5511451530457
 30
0.0
 11
133.5145179748535
 21
100.8411451530457
 31
0.0
  0
LINE
  5
12D
330
1F
100
AcDbEntity
  8
Geometries
  6
Continuous
370
    40
100
AcDbLine
 10
133.5145179748535
 20
100.8411451530457
 30
0.0
 11
133.5145179748535
 21
99.54114515304566
 31
0.0
  0
LINE
  5
12E
330
1F
100
AcDbEntity
  8
Geometries
  6
Continuous
370
    40
100
AcDbLine
 10
130.0145179748535
 20
102.5511451530457
 30
0.0
 11
130.1566500092095
 21
102.5511451530457
 31
0.0
  0
LINE
  5
12F
330
1F
100
AcDbEntity
  8
Geometries
  6
Continuous
370
    40
100
AcDbLine
 10
84.97986492943771
 20
106.0511451530457
 30
0.0
 11
84.97986492943771
 21
108.1511451530457
 31
0.0
  0
LINE
  5
130
330
1F
100
AcDbEntity
  8
Geometries
  6
Continuous
370
    40
100
AcDbLine
 10
132.0337444721616
 20
101.2880749006582
 30
0.0
 11
132.0337444721616
 21
101.5461451530457
 31
0.0
  0
LINE
  5
131
330
1F
100
AcDbEntity
  8
Geometries
  6
Continuous
370
    40
100
AcDbLine
 10
128.2245179748535
 20
102.8511451530456
 30
0.0
 11
128.2187047001043
 21
102.8511451530457
 31
0.0
  0
LINE
  5
132
330
1F
100
AcDbEntity
  8
Geometries
  6
Continuous
370
    40
100
AcDbLine
 10
84.97986492943771
 20
110.1511451530457
 30
0.0
 11
84.97986492943771
 21
108.1511451530457
 31
0.0
  0
LINE
  5
133
330
1F
100
AcDbEntity
  8
Geometries
  6
Continuous
370
    40
100
AcDbLine
 10
128.3145179748535
 20
102.7511451530457
 30
0.0
 11
128.3145179748535
 21
102.6861451530457
 31
0.0
  0
LINE
  5
134
330
1F
100
AcDbEntity
  8
Geometries
  6
Continuous
370
    40
100
AcDbLine
 10
83.94793175289871
 20
104.3511451530456
 30
0.0
 11
81.2103312496027
 21
104.3511451530456
 31
0.0
  0
LINE
  5
135
330
1F
100
AcDbEntity
  8
Geometries
  6
Continuous
370
    40
100
AcDbLine
 10
83.97986492943771
 20
106.0511451530457
 30
0.0
 11
83.97986492943771
 21
108.1511451530457
 31
0.0
  0
LINE
  5
136
330
1F
100
AcDbEntity
  8
Geometries
  6
Continuous
370
    40
100
AcDbLine
 10
81.2103312496027
 20
104.3511451530456
 30
0.0
 11
81.2103312496027
 21
102.8511451530457
 31
0.0
  0
LINE
  5
137
330
1F
100
AcDbEntity
  8
Geometries
  6
Continuous
370
    40
100
AcDbLine
 10
125.4811041968083
 20
102.8511451530456
 30
0.0
 11
124.8869912461067
 21
102.8511451530456
 31
0.0
  0
LINE
  5
138
330
1F
100
AcDbEntity
  8
Geometries
  6
Continuous
370
    40
100
AcDbLine
 10
84.5420447036004
 20
104.3511451530456
 30
0.0
 11
83.94793175289871
 21
104.3511451530456
 31
0.0
  0
LINE
  5
139
330
1F
100
AcDbEntity
  8
Geometries
  6
Continuous
370
    40
100
AcDbLine
 10
126.9145179748535
 20
100.8411451530457
 30
0.0
 11
126.9145179748535
 21
99.54114515304566
 31
0.0
  0
LINE
  5
13A
330
1F
100
AcDbEntity
  8
Geometries
  6
Continuous
370
    40
100
AcDbLine
 10
128.3645179748535
 20
102.8511451530456
 30
0.0
 11
128.2766500092095
 21
102.8511451530456
 31
0.0
  0
LINE
  5
13B
330
1F
100
AcDbEntity
  8
Geometries
  6
Continuous
370
    40
100
AcDbLine
 10
118.3769360949809
 20
102.8511451530456
 30
0.0
 11
91.05209985472612
 21
102.8511451530456
 31
0.0
  0
LINE
  5
13C
330
1F
100
AcDbEntity
  8
Geometries
  6
Continuous
370
    40
100
AcDbLine
 10
132.0645179748535
 20
48.70121375948254
 30
0.0
 11
132.1145179748535
 21
48.70121375948254
 31
0.0
  0
LINE
  5
13D
330
1F
100
AcDbEntity
  8
Geometries
  6
Continuous
370
    40
100
AcDbLine
 10
132.0645179748535
 20
50.24121375948255
 30
0.0
 11
132.0645179748535
 21
49.76980185670843
 31
0.0
  0
LINE
  5
13E
330
1F
100
AcDbEntity
  8
Geometries
  6
Continuous
370
    40
100
AcDbLine
 10
132.0645179748535
 20
48.70121375948254
 30
0.0
 11
132.0645179748535
 21
48.40121375948254
 31
0.0
  0
LINE
  5
13F
330
1F
100
AcDbEntity
  8
Geometries
  6
Continuous
370
    40
100
AcDbLine
 10
132.0645179748535
 20
48.40121375948254
 30
0.0
 11
132.1145179748535
 21
48.40121375948254
 31
0.0
  0
LINE
  5
140
330
1F
100
AcDbEntity
  8
Geometries
  6
Continuous
370
    40
100
AcDbLine
 10
132.6723859405002
 20
52.39621375948254
 30
0.0
 11
132.6723859405002
 21
52.47121375948254
 31
0.0
  0
LINE
  5
141
330
1F
100
AcDbEntity
  8
Geometries
  6
Continuous
370
    40
100
AcDbLine
 10
133.1145179748535
 20
52.47121375948254
 30
0.0
 11
133.2645179748535
 21
52.47121375948254
 31
0.0
  0
LINE
  5
142
330
1F
100
AcDbEntity
  8
Geometries
  6
Continuous
370
    40
100
AcDbLine
 10
133.5145179748535
 20
52.47121375948254
 30
0.0
 11
133.5145179748535
 21
49.70121375948254
 31
0.0
  0
LINE
  5
143
330
1F
100
AcDbEntity
  8
Geometries
  6
Continuous
370
    40
100
AcDbLine
 10
132.0645179748535
 20
48.40121375948254
 30
0.0
 11
132.0645179748535
 21
38.2349546547519
 31
0.0
  0
LINE
  5
144
330
1F
100
AcDbEntity
  8
Geometries
  6
Continuous
370
    40
100
AcDbLine
 10
132.0645179748535
 20
67.5074728642129
 30
0.0
 11
132.0645179748535
 21
57.34121375948254
 31
0.0
  0
LINE
  5
145
330
1F
100
AcDbEntity
  8
Geometries
  6
Continuous
370
    40
100
AcDbLine
 10
132.0645179748535
 20
57.04121375948255
 30
0.0
 11
132.0645179748535
 21
56.04121375948255
 31
0.0
  0
ARC
  5
146
330
1F
100
AcDbEntity
  8
Geometries
  6
Continuous
370
    40
100
AcDbCircle
 10
126.3932671268498
 20
27.58815559978732
 30
0.0
 40
3.34999999999995
100
AcDbArc
 50
56.9817093165743
 51
237.9144323872209
  0
LINE
  5
147
330
1F
100
AcDbEntity
  8
Geometries
  6
Continuous
370
    40
100
AcDbLine
 10
132.1145179748535
 20
50.19121375948252
 30
0.0
 11
132.1145179748535
 21
49.76136258984441
 31
0.0
  0
LINE
  5
148
330
1F
100
AcDbEntity
  8
Geometries
  6
Continuous
370
    40
100
AcDbLine
 10
132.1145179748535
 20
55.55121375948251
 30
0.0
 11
132.0645179748535
 21
55.50121375948249
 31
0.0
  0
CIRCLE
  5
149
330
1F
100
AcDbEntity
  8
Geometries
  6
Continuous
370
    40
100
AcDbCircle
 10
104.7145179748535
 20
84.38493034362791
 30
0.0
 40
1.7
  0
CIRCLE
  5
14A
330
1F
100
AcDbEntity
  8
Geometries
  6
Continuous
370
    40
100
AcDbCircle
 10
128.9645179748535
 20
61.87121375948252
 30
0.0
 40
1.7
  0
CIRCLE
  5
14B
330
1F
100
AcDbEntity
  8
Geometries
  6
Continuous
370
    40
100
AcDbCircle
 10
104.7145179748535
 20
21.35749717533723
 30
0.0
 40
1.7
  0
CIRCLE
  5
14C
330
1F
100
AcDbEntity
  8
Geometries
  6
Continuous
370
    40
100
AcDbCircle
 10
86.20986492943771
 20
40.79121375948252
 30
0.0
 40
0.8999999999999999
  0
ARC
  5
14D
330
1F
100
AcDbEntity
  8
Geometries
  6
Continuous
370
    40
100
AcDbCircle
 10
84.97986492943772
 20
39.79121375948252
 30
0.0
 40
0.9999999999999974
100
AcDbArc
 50
180.0
 51
270.0
  0
ARC
  5
14E
330
1F
100
AcDbEntity
  8
Geometries
  6
Continuous
370
    40
100
AcDbCircle
 10
99.71451797485352
 20
67.50747286421303
 30
0.0
 40
22.35000000000002
100
AcDbArc
 50
162.1416848166023
 51
180.0
  0
ARC
  5
14F
330
1F
100
AcDbEntity
  8
Geometries
  6
Continuous
370
    40
100
AcDbCircle
 10
118.3769360949809
 20
82.13493034362793
 30
0.0
 40
5.349999999999964
100
AcDbArc
 50
59.36587305666156
 51
90.0
  0
ARC
  5
150
330
1F
100
AcDbEntity
  8
Geometries
  6
Continuous
370
    40
100
AcDbCircle
 10
132.0337444721616
 20
49.43514177394256
 30
0.0
 40
0.3360719855399781
100
AcDbArc
 50
76.09304716004698
 51
84.74616978873911
  0
ARC
  5
151
330
1F
100
AcDbEntity
  8
Geometries
  6
Continuous
370
    40
100
AcDbCircle
 10
91.05209985472612
 20
82.13493034362793
 30
0.0
 40
5.350000000000004
100
AcDbArc
 50
90.0
 51
120.6341269433386
  0
ARC
  5
152
330
1F
100
AcDbEntity
  8
Geometries
  6
Continuous
370
    40
100
AcDbCircle
 10
129.2267821659314
 20
31.94833822478112
 30
0.0
 40
1.849999999999988
100
AcDbArc
 50
236.9817093165741
 51
342.1416848166031
  0
ARC
  5
153
330
1F
100
AcDbEntity
  8
Geometries
  6
Continuous
370
    40
100
AcDbCircle
 10
132.4266500092095
 20
52.62121375948255
 30
0.0
 40
0.1000000000000057
100
AcDbArc
 50
134.9999999999943
 51
270.0
  0
ARC
  5
154
330
1F
100
AcDbEntity
  8
Geometries
  6
Continuous
370
    40
100
AcDbCircle
 10
91.05209985472612
 20
23.60749717533723
 30
0.0
 40
5.350000000000004
100
AcDbArc
 50
239.3658730566619
 51
270.0
  0
ARC
  5
155
330
1F
100
AcDbEntity
  8
Geometries
  6
Continuous
370
    40
100
AcDbCircle
 10
109.7145179748517
 20
67.50747286421282
 30
0.0
 40
22.35000000000179
100
AcDbArc
 50
0.0000000000002186
 51
17.85831518339684
  0
ARC
  5
156
330
1F
100
AcDbEntity
  8
Geometries
  6
Continuous
370
    40
100
AcDbCircle
 10
84.97986492943772
 20
65.95121375948251
 30
0.0
 40
1.000000000000001
100
AcDbArc
 50
90.0
 51
180.0
  0
ARC
  5
157
330
1F
100
AcDbEntity
  8
Geometries
  6
Continuous
370
    40
100
AcDbCircle
 10
109.7145179748535
 20
67.50747286421303
 30
0.0
 40
22.35000000000003
100
AcDbArc
 50
47.24554311280789
 51
59.36587305666184
  0
ARC
  5
158
330
1F
100
AcDbEntity
  8
Geometries
  6
Continuous
370
    40
100
AcDbCircle
 10
99.71451797485352
 20
67.50747286421303
 30
0.0
 40
22.35000000000003
100
AcDbArc
 50
120.6341269433382
 51
132.7544568871923
  0
ARC
  5
159
330
1F
100
AcDbEntity
  8
Geometries
  6
Continuous
370
    40
100
AcDbCircle
 10
83.0357688228572
 20
78.15427191917772
 30
0.0
 40
3.349999999999948
100
AcDbArc
 50
236.9817093165742
 51
57.91443238722082
  0
ARC
  5
15A
330
1F
100
AcDbEntity
  8
Geometries
  6
Continuous
370
    40
100
AcDbCircle
 10
99.71451797485352
 20
38.23495465475202
 30
0.0
 40
22.35000000000001
100
AcDbArc
 50
180.0
 51
197.8583151833976
  0
ARC
  5
15B
330
1F
100
AcDbEntity
  8
Geometries
  6
Continuous
370
    40
100
AcDbCircle
 10
80.2022537837756
 20
31.94833822478112
 30
0.0
 40
1.849999999999983
100
AcDbArc
 50
197.8583151833969
 51
303.018290683426
  0
LINE
  5
15C
330
1F
100
AcDbEntity
  8
Geometries
  6
Continuous
370
    40
100
AcDbLine
 10
132.1145179748535
 20
56.04121375948255
 30
0.0
 11
132.0645179748535
 21
56.04121375948255
 31
0.0
  0
LINE
  5
15D
330
1F
100
AcDbEntity
  8
Geometries
  6
Continuous
370
    40
100
AcDbLine
 10
132.2566500092122
 20
53.22121375948255
 30
0.0
 11
132.2566500092122
 21
52.39621375948254
 31
0.0
  0
LINE
  5
15E
330
1F
100
AcDbEntity
  8
Geometries
  6
Continuous
370
    40
100
AcDbLine
 10
132.2566500092122
 20
52.39621375948254
 30
0.0
 11
132.6723859405002
 21
52.39621375948254
 31
0.0
  0
LINE
  5
15F
330
1F
100
AcDbEntity
  8
Geometries
  6
Continuous
370
    40
100
AcDbLine
 10
132.0645179748535
 20
53.27121375948256
 30
0.0
 11
132.2566500092122
 21
53.27121375948256
 31
0.0
  0
LINE
  5
160
330
1F
100
AcDbEntity
  8
Geometries
  6
Continuous
370
    40
100
AcDbLine
 10
133.1145179748535
 20
52.47121375948254
 30
0.0
 11
133.1145179748535
 21
52.52121375948255
 31
0.0
  0
LINE
  5
161
330
1F
100
AcDbEntity
  8
Geometries
  6
Continuous
370
    40
100
AcDbLine
 10
133.1145179748535
 20
52.52121375948255
 30
0.0
 11
133.2645179748535
 21
52.52121375948255
 31
0.0
  0
LINE
  5
162
330
1F
100
AcDbEntity
  8
Geometries
  6
Continuous
370
    40
100
AcDbLine
 10
132.2566500092122
 20
53.22121375948255
 30
0.0
 11
132.4523859404975
 21
53.22121375948255
 31
0.0
  0
LINE
  5
163
330
1F
100
AcDbEntity
  8
Geometries
  6
Continuous
370
    40
100
AcDbLine
 10
133.5145179748535
 20
49.70121375948254
 30
0.0
 11
132.1145179748535
 21
49.70121375948254
 31
0.0
  0
LINE
  5
164
330
1F
100
AcDbEntity
  8
Geometries
  6
Continuous
370
    40
100
AcDbLine
 10
132.1145179748535
 20
57.04121375948255
 30
0.0
 11
132.1145179748535
 21
56.04121375948255
 31
0.0
  0
LINE
  5
165
330
1F
100
AcDbEntity
  8
Geometries
  6
Continuous
370
    40
100
AcDbLine
 10
132.0645179748535
 20
50.24121375948256
 30
0.0
 11
132.1145179748535
 21
50.19121375948252
 31
0.0
  0
LINE
  5
166
330
1F
100
AcDbEntity
  8
Geometries
  6
Continuous
370
    40
100
AcDbLine
 10
132.1145179748535
 20
49.70312434822408
 30
0.0
 11
132.1145179748535
 21
49.70121375948254
 31
0.0
  0
ARC
  5
167
330
1F
100
AcDbEntity
  8
Geometries
  6
Continuous
370
    40
100
AcDbCircle
 10
132.0337444721616
 20
56.30728574502253
 30
0.0
 40
0.3360719855399779
100
AcDbArc
 50
275.253830211261
 51
283.906952839953
  0
LINE
  5
168
330
1F
100
AcDbEntity
  8
Geometries
  6
Continuous
370
    40
100
AcDbLine
 10
133.5145179748535
 20
48.40121375948254
 30
0.0
 11
132.1145179748535
 21
48.40121375948254
 31
0.0
  0
ARC
  5
169
330
1F
100
AcDbEntity
  8
Geometries
  6
Continuous
370
    40
100
AcDbCircle
 10
132.0314003611744
 20
49.52121375948254
 30
0.0
 40
0.1999999999999998
100
AcDbArc
 50
65.4436445907231
 51
80.46860174816447
  0
LINE
  5
16A
330
1F
100
AcDbEntity
  8
Geometries
  6
Continuous
370
    40
100
AcDbLine
 10
132.1145179748535
 20
56.04121375948255
 30
0.0
 11
132.1145179748535
 21
56.03930317074096
 31
0.0
  0
LINE
  5
16B
330
1F
100
AcDbEntity
  8
Geometries
  6
Continuous
370
    40
100
AcDbLine
 10
84.97986492943772
 20
61.72121375948251
 30
0.0
 11
84.97986492943772
 21
44.02121375948251
 31
0.0
  0
LINE
  5
16C
330
1F
100
AcDbEntity
  8
Geometries
  6
Continuous
370
    40
100
AcDbLine
 10
132.1145179748535
 20
56.03930317074096
 30
0.0
 11
132.1145179748535
 21
55.98106492912068
 31
0.0
  0
ARC
  5
16D
330
1F
100
AcDbEntity
  8
Geometries
  6
Continuous
370
    40
100
AcDbCircle
 10
86.20986492943771
 20
44.02121375948251
 30
0.0
 40
1.230000000000002
100
AcDbArc
 50
180.0
 51
0.0
  0
LINE
  5
16E
330
1F
100
AcDbEntity
  8
Geometries
  6
Continuous
370
    40
100
AcDbLine
 10
133.5145179748535
 20
56.04121375948255
 30
0.0
 11
133.5145179748535
 21
52.52121375948255
 31
0.0
  0
LINE
  5
16F
330
1F
100
AcDbEntity
  8
Geometries
  6
Continuous
370
    40
100
AcDbLine
 10
132.0645179748535
 20
49.71845276085956
 30
0.0
 11
132.0645179748535
 21
49.70121375948254
 31
0.0
  0
ARC
  5
170
330
1F
100
AcDbEntity
  8
Geometries
  6
Continuous
370
    40
100
AcDbCircle
 10
123.6311041968083
 20
23.18242570022422
 30
0.0
 40
1.849999999999999
100
AcDbArc
 50
312.7544568871926
 51
57.9144323872191
  0
LINE
  5
171
330
1F
100
AcDbEntity
  8
Geometries
  6
Continuous
370
    40
100
AcDbLine
 10
87.43986492943772
 20
66.95121375948251
 30
0.0
 11
84.97986492943772
 21
66.95121375948251
 31
0.0
  0
LINE
  5
172
330
1F
100
AcDbEntity
  8
Geometries
  6
Continuous
370
    40
100
AcDbLine
 10
132.1145179748535
 20
55.98106492912068
 30
0.0
 11
132.1145179748535
 21
55.55121375948251
 31
0.0
  0
ARC
  5
173
330
1F
100
AcDbEntity
  8
Geometries
  6
Continuous
370
    40
100
AcDbCircle
 10
109.7145179748535
 20
38.23495465475202
 30
0.0
 40
22.34999999999999
100
AcDbArc
 50
300.6341269433383
 51
312.7544568871923
  0
LINE
  5
174
330
1F
100
AcDbEntity
  8
Geometries
  6
Continuous
370
    40
100
AcDbLine
 10
133.2645179748535
 20
52.52121375948255
 30
0.0
 11
133.5145179748535
 21
52.52121375948255
 31
0.0
  0
LINE
  5
175
330
1F
100
AcDbEntity
  8
Geometries
  6
Continuous
370
    40
100
AcDbLine
 10
132.6723859405002
 20
53.34621375948254
 30
0.0
 11
132.6723859405002
 21
52.52121375948255
 31
0.0
  0
LINE
  5
176
330
1F
100
AcDbEntity
  8
Geometries
  6
Continuous
370
    40
100
AcDbLine
 10
132.2566500092122
 20
53.34621375948254
 30
0.0
 11
132.2566500092122
 21
53.27121375948256
 31
0.0
  0
LINE
  5
177
330
1F
100
AcDbEntity
  8
Geometries
  6
Continuous
370
    40
100
AcDbLine
 10
132.4523859404975
 20
53.27121375948256
 30
0.0
 11
132.2566500092122
 21
53.27121375948256
 31
0.0
  0
LINE
  5
178
330
1F
100
AcDbEntity
  8
Geometries
  6
Continuous
370
    40
100
AcDbLine
 10
88.43986492943772
 20
39.79121375948252
 30
0.0
 11
88.43986492943772
 21
65.95121375948251
 31
0.0
  0
LINE
  5
179
330
1F
100
AcDbEntity
  8
Geometries
  6
Continuous
370
    40
100
AcDbLine
 10
132.6723859405002
 20
52.52121375948255
 30
0.0
 11
132.4266500092095
 21
52.52121375948255
 31
0.0
  0
LINE
  5
17A
330
1F
100
AcDbEntity
  8
Geometries
  6
Continuous
370
    40
100
AcDbLine
 10
132.4266500092095
 20
52.47121375948254
 30
0.0
 11
132.6723859405002
 21
52.47121375948254
 31
0.0
  0
ARC
  5
17B
330
1F
100
AcDbEntity
  8
Geometries
  6
Continuous
370
    40
100
AcDbCircle
 10
80.2022537837756
 20
73.79408929418392
 30
0.0
 40
1.849999999999992
100
AcDbArc
 50
56.9817093165742
 51
162.1416848166028
  0
LINE
  5
17C
330
1F
100
AcDbEntity
  8
Geometries
  6
Continuous
370
    40
100
AcDbLine
 10
133.5145179748535
 20
52.52121375948255
 30
0.0
 11
133.5145179748535
 21
52.47121375948254
 31
0.0
  0
ARC
  5
17D
330
1F
100
AcDbEntity
  8
Geometries
  6
Continuous
370
    40
100
AcDbCircle
 10
86.20986492943771
 20
61.72121375948251
 30
0.0
 40
1.229999999999998
100
AcDbArc
 50
0.0
 51
180.0
  0
LINE
  5
17E
330
1F
100
AcDbEntity
  8
Geometries
  6
Continuous
370
    40
100
AcDbLine
 10
132.0645179748535
 20
56.04121375948255
 30
0.0
 11
132.0645179748535
 21
56.02397475810551
 31
0.0
  0
ARC
  5
17F
330
1F
100
AcDbEntity
  8
Geometries
  6
Continuous
370
    40
100
AcDbCircle
 10
99.71451797485352
 20
38.23495465475202
 30
0.0
 40
22.35000000000004
100
AcDbArc
 50
227.2455431128078
 51
239.3658730566618
  0
LINE
  5
180
330
1F
100
AcDbEntity
  8
Geometries
  6
Continuous
370
    40
100
AcDbLine
 10
132.1145179748535
 20
49.70121375948254
 30
0.0
 11
132.0645179748535
 21
49.70121375948254
 31
0.0
  0
LINE
  5
181
330
1F
100
AcDbEntity
  8
Geometries
  6
Continuous
370
    40
100
AcDbLine
 10
132.0645179748535
 20
57.34121375948254
 30
0.0
 11
132.0645179748535
 21
57.04121375948255
 31
0.0
  0
ARC
  5
182
330
1F
100
AcDbEntity
  8
Geometries
  6
Continuous
370
    40
100
AcDbCircle
 10
129.2267821659314
 20
73.79408929418392
 30
0.0
 40
1.850000000000008
100
AcDbArc
 50
17.858315183398
 51
123.0182906834256
  0
LINE
  5
183
330
1F
100
AcDbEntity
  8
Geometries
  6
Continuous
370
    40
100
AcDbLine
 10
132.6723859405002
 20
53.34621375948254
 30
0.0
 11
132.2566500092122
 21
53.34621375948254
 31
0.0
  0
LINE
  5
184
330
1F
100
AcDbEntity
  8
Geometries
  6
Continuous
370
    40
100
AcDbLine
 10
77.36451797485351
 20
38.23495465475202
 30
0.0
 11
77.3645179748535
 21
67.50747286421303
 31
0.0
  0
LINE
  5
185
330
1F
100
AcDbEntity
  8
Geometries
  6
Continuous
370
    40
100
AcDbLine
 10
91.05209985472612
 20
87.48493034362792
 30
0.0
 11
118.3769360949809
 21
87.48493034362792
 31
0.0
  0
ARC
  5
186
330
1F
100
AcDbEntity
  8
Geometries
  6
Continuous
370
    40
100
AcDbCircle
 10
123.6311041968083
 20
82.56000181874093
 30
0.0
 40
1.849999999999995
100
AcDbArc
 50
302.0855676127788
 51
47.24554311280851
  0
LINE
  5
187
330
1F
100
AcDbEntity
  8
Geometries
  6
Continuous
370
    40
100
AcDbLine
 10
132.3559393310908
 20
52.69192443760121
 30
0.0
 11
132.5938072967349
 21
52.92979240324525
 31
0.0
  0
LINE
  5
188
330
1F
100
AcDbEntity
  8
Geometries
  6
Continuous
370
    40
100
AcDbLine
 10
133.5145179748535
 20
57.34121375948254
 30
0.0
 11
132.1145179748535
 21
57.34121375948254
 31
0.0
  0
LINE
  5
189
330
1F
100
AcDbEntity
  8
Geometries
  6
Continuous
370
    40
100
AcDbLine
 10
132.6723859405002
 20
52.47121375948254
 30
0.0
 11
133.1145179748535
 21
52.47121375948254
 31
0.0
  0
LINE
  5
18A
330
1F
100
AcDbEntity
  8
Geometries
  6
Continuous
370
    40
100
AcDbLine
 10
118.3769360949809
 20
18.25749717533722
 30
0.0
 11
91.05209985472612
 21
18.25749717533724
 31
0.0
  0
ARC
  5
18B
330
1F
100
AcDbEntity
  8
Geometries
  6
Continuous
370
    40
100
AcDbCircle
 10
132.0314003611745
 20
56.22121375948254
 30
0.0
 40
0.1999999999999999
100
AcDbArc
 50
279.5313982518108
 51
294.5563554092496
  0
LINE
  5
18C
330
1F
100
AcDbEntity
  8
Geometries
  6
Continuous
370
    40
100
AcDbLine
 10
132.1145179748535
 20
48.70121375948254
 30
0.0
 11
132.1145179748535
 21
48.40121375948254
 31
0.0
  0
LINE
  5
18D
330
1F
100
AcDbEntity
  8
Geometries
  6
Continuous
370
    40
100
AcDbLine
 10
133.5145179748535
 20
57.34121375948254
 30
0.0
 11
133.5145179748535
 21
56.04121375948255
 31
0.0
  0
LINE
  5
18E
330
1F
100
AcDbEntity
  8
Geometries
  6
Continuous
370
    40
100
AcDbLine
 10
132.0645179748535
 20
49.76980185670843
 30
0.0
 11
132.0645179748535
 21
49.71845276085956
 31
0.0
  0
LINE
  5
18F
330
1F
100
AcDbEntity
  8
Geometries
  6
Continuous
370
    40
100
AcDbLine
 10
132.1145179748535
 20
49.76136258984441
 30
0.0
 11
132.1145179748535
 21
49.70312434822408
 31
0.0
  0
LINE
  5
190
330
1F
100
AcDbEntity
  8
Geometries
  6
Continuous
370
    40
100
AcDbLine
 10
133.2645179748535
 20
52.47121375948254
 30
0.0
 11
133.5145179748535
 21
52.47121375948254
 31
0.0
  0
ARC
  5
191
330
1F
100
AcDbEntity
  8
Geometries
  6
Continuous
370
    40
100
AcDbCircle
 10
87.43986492943772
 20
65.95121375948251
 30
0.0
 40
1.000000000000001
100
AcDbArc
 50
0.0
 51
90.0
  0
LINE
  5
192
330
1F
100
AcDbEntity
  8
Geometries
  6
Continuous
370
    40
100
AcDbLine
 10
132.0645179748535
 20
55.50121375948249
 30
0.0
 11
132.0645179748535
 21
53.27121375948255
 31
0.0
  0
LINE
  5
193
330
1F
100
AcDbEntity
  8
Geometries
  6
Continuous
370
    40
100
AcDbLine
 10
132.0645179748535
 20
55.97262566225665
 30
0.0
 11
132.0645179748535
 21
55.50121375948249
 31
0.0
  0
LINE
  5
194
330
1F
100
AcDbEntity
  8
Geometries
  6
Continuous
370
    40
100
AcDbLine
 10
133.5145179748535
 20
49.70121375948254
 30
0.0
 11
133.5145179748535
 21
48.40121375948254
 31
0.0
  0
ARC
  5
195
330
1F
100
AcDbEntity
  8
Geometries
  6
Continuous
370
    40
100
AcDbCircle
 10
87.43986492943772
 20
39.79121375948252
 30
0.0
 40
1.000000000000001
100
AcDbArc
 50
270.0
 51
0.0
  0
CIRCLE
  5
196
330
1F
100
AcDbEntity
  8
Geometries
  6
Continuous
370
    40
100
AcDbCircle
 10
80.4645179748535
 20
52.87121375948252
 30
0.0
 40
1.7
  0
LINE
  5
197
330
1F
100
AcDbEntity
  8
Geometries
  6
Continuous
370
    40
100
AcDbLine
 10
87.43986492943772
 20
44.02121375948251
 30
0.0
 11
87.43986492943772
 21
61.72121375948251
 31
0.0
  0
LINE
  5
198
330
1F
100
AcDbEntity
  8
Geometries
  6
Continuous
370
    40
100
AcDbLine
 10
132.0645179748535
 20
49.70121375948254
 30
0.0
 11
132.0645179748535
 21
48.70121375948254
 31
0.0
  0
LINE
  5
199
330
1F
100
AcDbEntity
  8
Geometries
  6
Continuous
370
    40
100
AcDbLine
 10
132.5584519576755
 20
52.96514774230457
 30
0.0
 11
132.3205839920315
 21
52.72727977666053
 31
0.0
  0
LINE
  5
19A
330
1F
100
AcDbEntity
  8
Geometries
  6
Continuous
370
    40
100
AcDbLine
 10
132.0645179748535
 20
53.22121375948255
 30
0.0
 11
132.2566500092122
 21
53.22121375948255
 31
0.0
  0
LINE
  5
19B
330
1F
100
AcDbEntity
  8
Geometries
  6
Continuous
370
    40
100
AcDbLine
 10
84.97986492943772
 20
38.79121375948252
 30
0.0
 11
87.43986492943772
 21
38.79121375948252
 31
0.0
  0
LINE
  5
19C
330
1F
100
AcDbEntity
  8
Geometries
  6
Continuous
370
    40
100
AcDbLine
 10
132.0645179748535
 20
53.22121375948254
 30
0.0
 11
132.0645179748535
 21
50.24121375948255
 31
0.0
  0
LINE
  5
19D
330
1F
100
AcDbEntity
  8
Geometries
  6
Continuous
370
    40
100
AcDbLine
 10
133.5145179748535
 20
56.04121375948255
 30
0.0
 11
132.1145179748535
 21
56.04121375948255
 31
0.0
  0
LINE
  5
19E
330
1F
100
AcDbEntity
  8
Geometries
  6
Continuous
370
    40
100
AcDbLine
 10
132.1145179748535
 20
57.34121375948254
 30
0.0
 11
132.1145179748535
 21
57.04121375948255
 31
0.0
  0
CIRCLE
  5
19F
330
1F
100
AcDbEntity
  8
Geometries
  6
Continuous
370
    40
100
AcDbCircle
 10
128.9645179748535
 20
43.87121375948252
 30
0.0
 40
1.7
  0
ARC
  5
1A0
330
1F
100
AcDbEntity
  8
Geometries
  6
Continuous
370
    40
100
AcDbCircle
 10
85.79793175289872
 20
82.56000181874093
 30
0.0
 40
1.849999999999961
100
AcDbArc
 50
132.7544568871939
 51
237.9144323872199
  0
ARC
  5
1A1
330
1F
100
AcDbEntity
  8
Geometries
  6
Continuous
370
    40
100
AcDbCircle
 10
132.4523859404975
 20
53.07121375948255
 30
0.0
 40
0.1999999999999995
100
AcDbArc
 50
315.0000000000029
 51
90.0
  0
ARC
  5
1A2
330
1F
100
AcDbEntity
  8
Geometries
  6
Continuous
370
    40
100
AcDbCircle
 10
85.79793175289872
 20
23.18242570022412
 30
0.0
 40
1.850000000000011
100
AcDbArc
 50
122.0855676127786
 51
227.2455431128083
  0
ARC
  5
1A3
330
1F
100
AcDbEntity
  8
Geometries
  6
Continuous
370
    40
100
AcDbCircle
 10
83.03576882285721
 20
27.58815559978732
 30
0.0
 40
3.350000000000054
100
AcDbArc
 50
302.0855676127797
 51
123.0182906834257
  0
LINE
  5
1A4
330
1F
100
AcDbEntity
  8
Geometries
  6
Continuous
370
    40
100
AcDbLine
 10
132.6723859405002
 20
52.52121375948255
 30
0.0
 11
133.1145179748535
 21
52.52121375948255
 31
0.0
  0
ARC
  5
1A5
330
1F
100
AcDbEntity
  8
Geometries
  6
Continuous
370
    40
100
AcDbCircle
 10
132.4523859404975
 20
53.07121375948255
 30
0.0
 40
0.1500000000000008
100
AcDbArc
 50
315.0000000000038
 51
90.0
  0
LINE
  5
1A6
330
1F
100
AcDbEntity
  8
Geometries
  6
Continuous
370
    40
100
AcDbLine
 10
132.0645179748535
 20
57.04121375948255
 30
0.0
 11
132.1145179748535
 21
57.04121375948255
 31
0.0
  0
LINE
  5
1A7
330
1F
100
AcDbEntity
  8
Geometries
  6
Continuous
370
    40
100
AcDbLine
 10
132.0645179748535
 20
57.34121375948254
 30
0.0
 11
132.1145179748535
 21
57.34121375948254
 31
0.0
  0
LINE
  5
1A8
330
1F
100
AcDbEntity
  8
Geometries
  6
Continuous
370
    40
100
AcDbLine
 10
83.97986492943772
 20
65.95121375948251
 30
0.0
 11
83.97986492943772
 21
39.79121375948252
 31
0.0
  0
LINE
  5
1A9
330
1F
100
AcDbEntity
  8
Geometries
  6
Continuous
370
    40
100
AcDbLine
 10
133.2645179748535
 20
52.52121375948255
 30
0.0
 11
133.2645179748535
 21
52.47121375948254
 31
0.0
  0
ARC
  5
1AA
330
1F
100
AcDbEntity
  8
Geometries
  6
Continuous
370
    40
100
AcDbCircle
 10
109.7145179748548
 20
38.23495465475182
 30
0.0
 40
22.34999999999871
100
AcDbArc
 50
342.1416848166018
 51
0.0000000000002004
  0
LINE
  5
1AB
330
1F
100
AcDbEntity
  8
Geometries
  6
Continuous
370
    40
100
AcDbLine
 10
132.0645179748535
 20
53.27121375948255
 30
0.0
 11
132.0645179748535
 21
53.22121375948254
 31
0.0
  0
LINE
  5
1AC
330
1F
100
AcDbEntity
  8
Geometries
  6
Continuous
370
    40
100
AcDbLine
 10
132.0645179748535
 20
56.02397475810551
 30
0.0
 11
132.0645179748535
 21
55.97262566225665
 31
0.0
  0
ARC
  5
1AD
330
1F
100
AcDbEntity
  8
Geometries
  6
Continuous
370
    40
100
AcDbCircle
 10
126.3932671268498
 20
78.15427191917783
 30
0.0
 40
3.349999999999981
100
AcDbArc
 50
122.0855676127804
 51
303.0182906834247
  0
CIRCLE
  5
1AE
330
1F
100
AcDbEntity
  8
Geometries
  6
Continuous
370
    40
100
AcDbCircle
 10
86.20986492943771
 20
64.95121375948251
 30
0.0
 40
0.8999999999999999
  0
ARC
  5
1AF
330
1F
100
AcDbEntity
  8
Geometries
  6
Continuous
370
    40
100
AcDbCircle
 10
132.4266500092095
 20
52.62121375948255
 30
0.0
 40
0.1499999999999977
100
AcDbArc
 50
134.9999999999962
 51
270.0
  0
LINE
  5
1B0
330
1F
100
AcDbEntity
  8
Geometries
  6
Continuous
370
    40
100
AcDbLine
 10
132.1145179748535
 20
49.70121375948254
 30
0.0
 11
132.1145179748535
 21
48.70121375948254
 31
0.0
  0
ARC
  5
1B1
330
1F
100
AcDbEntity
  8
Geometries
  6
Continuous
370
    40
100
AcDbCircle
 10
118.3769360949809
 20
23.60749717533723
 30
0.0
 40
5.350000000000008
100
AcDbArc
 50
270.0
 51
300.6341269433386
  0
LINE
  5
1B2
330
1F
100
AcDbEntity
  8
Geometries
  6
Continuous
370
    40
100
AcDbLine
 10
128.5020179748535
 20
159.1445562753075
 30
0.0
 11
128.5020179748535
 21
159.0762108605171
 31
0.0
  0
LINE
  5
1B3
330
1F
100
AcDbEntity
  8
Geometries
  6
Continuous
370
    40
100
AcDbLine
 10
126.6145179748535
 20
158.6645562753075
 30
0.0
 11
126.6145179748535
 21
158.4645562753075
 31
0.0
  0
LINE
  5
1B4
330
1F
100
AcDbEntity
  8
Geometries
  6
Continuous
370
    40
100
AcDbLine
 10
128.5020179748535
 20
155.496210860517
 30
0.0
 11
128.5020179748535
 21
155.1959378553775
 31
0.0
  0
ELLIPSE
  5
1B5
330
1F
100
AcDbEntity
  8
Geometries
  6
Continuous
370
    40
100
AcDbEllipse
 10
130.5530659318714
 20
158.6194648247558
 30
0.0
 11
9.645259074361086E-14
 21
-0.09999999999999989
 31
0.0
210
0.0
220
0.0
230
1.0
 40
0.9975640502598107
 41
5.044003825294129
 42
6.283462185440485
  0
ELLIPSE
  5
1B6
330
1F
100
AcDbEntity
  8
Geometries
  6
Continuous
370
    40
100
AcDbEllipse
 10
130.5530659318714
 20
158.6194648247558
 30
0.0
 11
9.645259074361086E-14
 21
-0.09999999999999989
 31
0.0
210
0.0
220
0.0
230
1.0
 40
0.9975640502598107
 41
4.71203852035435
 42
5.044003825294129
  0
ELLIPSE
  5
1B7
330
1F
100
AcDbEntity
  8
Geometries
  6
Continuous
370
    40
100
AcDbEllipse
 10
130.5530659318714
 20
155.0096477258592
 30
0.0
 11
-1.414506671737924E-13
 21
0.09999999999999989
 31
0.0
210
0.0
220
0.0
230
1.0
 40
0.9975640502598107
 41
6.282908426523324
 42
7.522366789062671
  0
ELLIPSE
  5
1B8
330
1F
100
AcDbEntity
  8
Geometries
  6
Continuous
370
    40
100
AcDbEllipse
 10
130.5530659318714
 20
158.7693578923088
 30
0.0
 11
-8.310638971626530E-14
 21
-0.09999999999999989
 31
0.0
210
0.0
220
0.0
230
1.0
 40
0.9975640502598107
 41
4.380774135475115
 42
4.712264610101659
  0
ELLIPSE
  5
1B9
330
1F
100
AcDbEntity
  8
Geometries
  6
Continuous
370
    40
100
AcDbEllipse
 10
130.5530659318714
 20
154.8597546583061
 30
0.0
 11
-4.793935247939256E-14
 21
0.09999999999999989
 31
0.0
210
0.0
220
0.0
230
1.0
 40
0.9975640502598107
 41
1.902411171704818
 42
3.141586128748761
  0
ELLIPSE
  5
1BA
330
1F
100
AcDbEntity
  8
Geometries
  6
Continuous
370
    40
100
AcDbEllipse
 10
127.0645179748535
 20
159.1167129689022
 30
0.0
 11
0.1500000000000008
 21
9.594940469789149E-15
 31
0.0
210
0.0
220
0.0
230
1.0
 40
0.9848077530122036
 41
1.570796326794833
 42
3.141592653589719
  0
ELLIPSE
  5
1BB
330
1F
100
AcDbEntity
  8
Geometries
  6
Continuous
370
    40
100
AcDbEllipse
 10
127.0645179748535
 20
154.5123995817127
 30
0.0
 11
-0.1500000000000008
 21
9.871081558763681E-15
 31
0.0
210
0.0
220
0.0
230
1.0
 40
0.9848077530122038
 41
0.0000000000000698
 42
1.570796326794961
  0
ELLIPSE
  5
1BC
330
1F
100
AcDbEntity
  8
Geometries
  6
Continuous
370
    40
100
AcDbEllipse
 10
130.5530659318714
 20
154.8597546583061
 30
0.0
 11
-4.793935247939256E-14
 21
0.09999999999999989
 31
0.0
210
0.0
220
0.0
230
1.0
 40
0.9975640502598107
 41
1.570920697078045
 42
1.902411171704818
  0
ELLIPSE
  5
1BD
330
1F
100
AcDbEntity
  8
Geometries
  6
Continuous
370
    40
100
AcDbEllipse
 10
130.5530659318714
 20
158.7693578923088
 30
0.0
 11
-8.310638971626530E-14
 21
-0.09999999999999989
 31
0.0
210
0.0
220
0.0
230
1.0
 40
0.9975640502598107
 41
3.141635717535683
 42
4.380774135475115
  0
CIRCLE
  5
1BE
330
1F
100
AcDbEntity
  8
Geometries
  6
Continuous
370
    40
100
AcDbCircle
 10
104.7145179748535
 20
125.3008396911621
 30
0.0
 40
1.7
  0
CIRCLE
  5
1BF
330
1F
100
AcDbEntity
  8
Geometries
  6
Continuous
370
    40
100
AcDbCircle
 10
128.9645179748535
 20
147.8145562753075
 30
0.0
 40
1.7
  0
ARC
  5
1C0
330
1F
100
AcDbEntity
  8
Geometries
  6
Continuous
370
    40
100
AcDbCircle
 10
132.7145179748535
 20
155.4846477258592
 30
0.0
 40
0.0999999999999959
100
AcDbArc
 50
0.0
 51
90.0
  0
ARC
  5
1C1
330
1F
100
AcDbEntity
  8
Geometries
  6
Continuous
370
    40
100
AcDbCircle
 10
127.6145179748535
 20
154.3145562753075
 30
0.0
 40
0.3000000000000003
100
AcDbArc
 50
270.0
 51
0.0
  0
ARC
  5
1C2
330
1F
100
AcDbEntity
  8
Geometries
  6
Continuous
370
    40
100
AcDbCircle
 10
132.7145179748535
 20
155.3846477258592
 30
0.0
 40
0.1
100
AcDbArc
 50
270.0
 51
0.0
  0
ARC
  5
1C3
330
1F
100
AcDbEntity
  8
Geometries
  6
Continuous
370
    40
100
AcDbCircle
 10
80.20225378377559
 20
135.8916807406061
 30
0.0
 40
1.849999999999956
100
AcDbArc
 50
197.8583151833967
 51
303.0182906834262
  0
ARC
  5
1C4
330
1F
100
AcDbEntity
  8
Geometries
  6
Continuous
370
    40
100
AcDbCircle
 10
126.9645179748535
 20
157.4645562753075
 30
0.0
 40
0.1249999999999959
100
AcDbArc
 50
323.1301023541482
 51
90.0
  0
ARC
  5
1C5
330
1F
100
AcDbEntity
  8
Geometries
  6
Continuous
370
    40
100
AcDbCircle
 10
130.3645179748535
 20
158.9645562753075
 30
0.0
 40
0.2499999999999999
100
AcDbArc
 50
101.562940510779
 51
180.0
  0
ARC
  5
1C6
330
1F
100
AcDbEntity
  8
Geometries
  6
Continuous
370
    40
100
AcDbCircle
 10
130.3645179748535
 20
155.2047391764109
 30
0.0
 40
0.2500000000000024
100
AcDbArc
 50
90.0
 51
101.5629405107803
  0
ARC
  5
1C7
330
1F
100
AcDbEntity
  8
Geometries
  6
Continuous
370
    40
100
AcDbCircle
 10
126.3932671268498
 20
131.5314981156122
 30
0.0
 40
3.350000000000007
100
AcDbArc
 50
56.98170931657516
 51
237.9144323872197
  0
ARC
  5
1C8
330
1F
100
AcDbEntity
  8
Geometries
  6
Continuous
370
    40
100
AcDbCircle
 10
130.3645179748535
 20
158.9645562753075
 30
0.0
 40
0.2499999999999998
100
AcDbArc
 50
90.0
 51
101.562940510779
  0
ARC
  5
1C9
330
1F
100
AcDbEntity
  8
Geometries
  6
Continuous
370
    40
100
AcDbCircle
 10
130.3645179748535
 20
158.4243733742041
 30
0.0
 40
0.2499999999999999
100
AcDbArc
 50
258.4370594892197
 51
270.0
  0
ARC
  5
1CA
330
1F
100
AcDbEntity
  8
Geometries
  6
Continuous
370
    40
100
AcDbCircle
 10
127.8145179748535
 20
158.0145562753075
 30
0.0
 40
0.0999999999999987
100
AcDbArc
 50
270.0
 51
0.0
  0
ARC
  5
1CB
330
1F
100
AcDbEntity
  8
Geometries
  6
Continuous
370
    40
100
AcDbCircle
 10
132.7145179748535
 20
154.3846477258592
 30
0.0
 40
0.0999999999999998
100
AcDbArc
 50
270.0
 51
0.0
  0
ARC
  5
1CC
330
1F
100
AcDbEntity
  8
Geometries
  6
Continuous
370
    40
100
AcDbCircle
 10
127.7145179748535
 20
158.0145562753075
 30
0.0
 40
0.1000000000000029
100
AcDbArc
 50
180.0
 51
270.0
  0
ARC
  5
1CD
330
1F
100
AcDbEntity
  8
Geometries
  6
Continuous
370
    40
100
AcDbCircle
 10
130.3645179748535
 20
154.6645562753075
 30
0.0
 40
0.2499999999999999
100
AcDbArc
 50
258.437059489221
 51
270.0
  0
ARC
  5
1CE
330
1F
100
AcDbEntity
  8
Geometries
  6
Continuous
370
    40
100
AcDbCircle
 10
132.7145179748535
 20
159.2444648247558
 30
0.0
 40
0.0999999999999959
100
AcDbArc
 50
0.0
 51
90.0
  0
ARC
  5
1CF
330
1F
100
AcDbEntity
  8
Geometries
  6
Continuous
370
    40
100
AcDbCircle
 10
130.3645179748535
 20
158.4243733742041
 30
0.0
 40
0.2500000000000002
100
AcDbArc
 50
180.0
 51
258.4370594892197
  0
ARC
  5
1D0
330
1F
100
AcDbEntity
  8
Geometries
  6
Continuous
370
    40
100
AcDbCircle
 10
109.7145179748548
 20
171.4508153800382
 30
0.0
 40
22.3499999999987
100
AcDbArc
 50
0.0000000000002914
 51
17.85831518339818
  0
ARC
  5
1D1
330
1F
100
AcDbEntity
  8
Geometries
  6
Continuous
370
    40
100
AcDbCircle
 10
127.6145179748535
 20
159.3145562753075
 30
0.0
 40
0.2999999999999947
100
AcDbArc
 50
0.0
 51
90.0
  0
ARC
  5
1D2
330
1F
100
AcDbEntity
  8
Geometries
  6
Continuous
370
    40
100
AcDbCircle
 10
132.7145179748535
 20
158.1444648247558
 30
0.0
 40
0.1000000000000005
100
AcDbArc
 50
270.0
 51
0.0
  0
ARC
  5
1D3
330
1F
100
AcDbEntity
  8
Geometries
  6
Continuous
370
    40
100
AcDbCircle
 10
132.7145179748535
 20
159.1444648247558
 30
0.0
 40
0.0999999999999998
100
AcDbArc
 50
270.0
 51
0.0
  0
ARC
  5
1D4
330
1F
100
AcDbEntity
  8
Geometries
  6
Continuous
370
    40
100
AcDbCircle
 10
129.2267821659314
 20
135.8916807406061
 30
0.0
 40
1.850000000000015
100
AcDbArc
 50
236.9817093165744
 51
342.141684816602
  0
ARC
  5
1D5
330
1F
100
AcDbEntity
  8
Geometries
  6
Continuous
370
    40
100
AcDbCircle
 10
118.3769360949809
 20
127.5508396911621
 30
0.0
 40
5.350000000000004
100
AcDbArc
 50
270.0
 51
300.6341269433384
  0
ARC
  5
1D6
330
1F
100
AcDbEntity
  8
Geometries
  6
Continuous
370
    40
100
AcDbCircle
 10
85.7979317528987
 20
127.1257682160491
 30
0.0
 40
1.850000000000049
100
AcDbArc
 50
122.0855676127794
 51
227.2455431128063
  0
ARC
  5
1D7
330
1F
100
AcDbEntity
  8
Geometries
  6
Continuous
370
    40
100
AcDbCircle
 10
99.71451797485352
 20
142.178297170577
 30
0.0
 40
22.35000000000001
100
AcDbArc
 50
180.0
 51
197.8583151833976
  0
ARC
  5
1D8
330
1F
100
AcDbEntity
  8
Geometries
  6
Continuous
370
    40
100
AcDbCircle
 10
80.2022537837756
 20
177.7374318100089
 30
0.0
 40
1.849999999999964
100
AcDbArc
 50
56.98170931657432
 51
162.1416848166025
  0
ARC
  5
1D9
330
1F
100
AcDbEntity
  8
Geometries
  6
Continuous
370
    40
100
AcDbCircle
 10
91.05209985472611
 20
186.0782728594528
 30
0.0
 40
5.350000000000001
100
AcDbArc
 50
89.99999999999984
 51
120.6341269433382
  0
ARC
  5
1DA
330
1F
100
AcDbEntity
  8
Geometries
  6
Continuous
370
    40
100
AcDbCircle
 10
109.7145179748535
 20
171.450815380038
 30
0.0
 40
22.34999999999999
100
AcDbArc
 50
47.24554311280764
 51
59.36587305666165
  0
ARC
  5
1DB
330
1F
100
AcDbEntity
  8
Geometries
  6
Continuous
370
    40
100
AcDbCircle
 10
123.6311041968083
 20
186.5033443345658
 30
0.0
 40
1.849999999999983
100
AcDbArc
 50
302.0855676127814
 51
47.24554311280698
  0
ARC
  5
1DC
330
1F
100
AcDbEntity
  8
Geometries
  6
Continuous
370
    40
100
AcDbCircle
 10
126.3932671268498
 20
182.0976144350027
 30
0.0
 40
3.349999999999993
100
AcDbArc
 50
122.0855676127792
 51
303.0182906834258
  0
ARC
  5
1DD
330
1F
100
AcDbEntity
  8
Geometries
  6
Continuous
370
    40
100
AcDbCircle
 10
129.2267821659314
 20
177.7374318100089
 30
0.0
 40
1.849999999999984
100
AcDbArc
 50
17.85831518339743
 51
123.0182906834256
  0
ARC
  5
1DE
330
1F
100
AcDbEntity
  8
Geometries
  6
Continuous
370
    40
100
AcDbCircle
 10
126.9645179748535
 20
157.4645562753075
 30
0.0
 40
0.1249999999999841
100
AcDbArc
 50
270.0
 51
323.1301023541586
  0
LINE
  5
1DF
330
1F
100
AcDbEntity
  8
Geometries
  6
Continuous
370
    40
100
AcDbLine
 10
127.6145179748535
 20
158.0145562753075
 30
0.0
 11
127.6145179748535
 21
158.0645562753075
 31
0.0
  0
LINE
  5
1E0
330
1F
100
AcDbEntity
  8
Geometries
  6
Continuous
370
    40
100
AcDbLine
 10
128.5020179748535
 20
158.0645562753075
 30
0.0
 11
128.5020179748535
 21
158.0545562753075
 31
0.0
  0
LINE
  5
1E1
330
1F
100
AcDbEntity
  8
Geometries
  6
Continuous
370
    40
100
AcDbLine
 10
130.4587444721616
 20
158.1743733742041
 30
0.0
 11
131.6995179748535
 21
158.1743733742041
 31
0.0
  0
LINE
  5
1E2
330
1F
100
AcDbEntity
  8
Geometries
  6
Continuous
370
    40
100
AcDbLine
 10
128.8270179748535
 20
158.0645562753075
 30
0.0
 11
128.8270179748535
 21
158.0545562753075
 31
0.0
  0
LINE
  5
1E3
330
1F
100
AcDbEntity
  8
Geometries
  6
Continuous
370
    40
100
AcDbLine
 10
128.8270179748535
 20
158.0545562753075
 30
0.0
 11
128.8645179748535
 21
158.0545562753075
 31
0.0
  0
LINE
  5
1E4
330
1F
100
AcDbEntity
  8
Geometries
  6
Continuous
370
    40
100
AcDbLine
 10
126.6145179748535
 20
153.9395562753075
 30
0.0
 11
126.9145179748535
 21
153.9395562753075
 31
0.0
  0
LINE
  5
1E5
330
1F
100
AcDbEntity
  8
Geometries
  6
Continuous
370
    40
100
AcDbLine
 10
128.8270179748535
 20
159.1445562753075
 30
0.0
 11
128.5020179748535
 21
159.1445562753075
 31
0.0
  0
LINE
  5
1E6
330
1F
100
AcDbEntity
  8
Geometries
  6
Continuous
370
    40
100
AcDbLine
 10
128.8270179748535
 20
155.5645562753075
 30
0.0
 11
128.5020179748535
 21
155.5645562753075
 31
0.0
  0
LINE
  5
1E7
330
1F
100
AcDbEntity
  8
Geometries
  6
Continuous
370
    40
100
AcDbLine
 10
128.5020179748535
 20
159.1545562753075
 30
0.0
 11
128.5020179748535
 21
159.1445562753075
 31
0.0
  0
LINE
  5
1E8
330
1F
100
AcDbEntity
  8
Geometries
  6
Continuous
370
    40
100
AcDbLine
 10
128.4645179748535
 20
159.1545562753075
 30
0.0
 11
128.5020179748535
 21
159.1545562753075
 31
0.0
  0
LINE
  5
1E9
330
1F
100
AcDbEntity
  8
Geometries
  6
Continuous
370
    40
100
AcDbLine
 10
128.4645179748535
 20
158.0545562753075
 30
0.0
 11
128.4645179748535
 21
158.1329016900979
 31
0.0
  0
LINE
  5
1EA
330
1F
100
AcDbEntity
  8
Geometries
  6
Continuous
370
    40
100
AcDbLine
 10
128.4645179748535
 20
158.1329016900979
 30
0.0
 11
128.4645179748535
 21
159.0762108605171
 31
0.0
  0
LINE
  5
1EB
330
1F
100
AcDbEntity
  8
Geometries
  6
Continuous
370
    40
100
AcDbLine
 10
132.5029076168629
 20
159.0444648247558
 30
0.0
 11
132.6145179748535
 21
159.0444648247558
 31
0.0
  0
LINE
  5
1EC
330
1F
100
AcDbEntity
  8
Geometries
  6
Continuous
370
    40
100
AcDbLine
 10
128.5020179748535
 20
154.4845562753075
 30
0.0
 11
128.5020179748535
 21
154.4745562753075
 31
0.0
  0
LINE
  5
1ED
330
1F
100
AcDbEntity
  8
Geometries
  6
Continuous
370
    40
100
AcDbLine
 10
132.6145179748535
 20
158.3444648247558
 30
0.0
 11
132.6145179748535
 21
159.0444648247558
 31
0.0
  0
LINE
  5
1EE
330
1F
100
AcDbEntity
  8
Geometries
  6
Continuous
370
    40
100
AcDbLine
 10
128.5020179748535
 20
158.7274290819508
 30
0.0
 11
128.5020179748535
 21
158.4816834686642
 31
0.0
  0
LINE
  5
1EF
330
1F
100
AcDbEntity
  8
Geometries
  6
Continuous
370
    40
100
AcDbLine
 10
126.6145179748535
 20
153.4895562753075
 30
0.0
 11
126.9145179748535
 21
153.4895562753075
 31
0.0
  0
LINE
  5
1F0
330
1F
100
AcDbEntity
  8
Geometries
  6
Continuous
370
    40
100
AcDbLine
 10
126.9145179748535
 20
155.9645562753075
 30
0.0
 11
126.9145179748535
 21
156.0395562753075
 31
0.0
  0
LINE
  5
1F1
330
1F
100
AcDbEntity
  8
Geometries
  6
Continuous
370
    40
100
AcDbLine
 10
126.9145179748535
 20
158.6645562753075
 30
0.0
 11
126.9145179748535
 21
158.4645562753075
 31
0.0
  0
LINE
  5
1F2
330
1F
100
AcDbEntity
  8
Geometries
  6
Continuous
370
    40
100
AcDbLine
 10
128.5020179748535
 20
155.5745562753075
 30
0.0
 11
128.5020179748535
 21
155.5645562753075
 31
0.0
  0
LINE
  5
1F3
330
1F
100
AcDbEntity
  8
Geometries
  6
Continuous
370
    40
100
AcDbLine
 10
126.6145179748535
 20
158.6645562753075
 30
0.0
 11
126.9145179748535
 21
158.6645562753075
 31
0.0
  0
LINE
  5
1F4
330
1F
100
AcDbEntity
  8
Geometries
  6
Continuous
370
    40
100
AcDbLine
 10
128.4645179748535
 20
155.5745562753075
 30
0.0
 11
128.5020179748535
 21
155.5745562753075
 31
0.0
  0
LINE
  5
1F5
330
1F
100
AcDbEntity
  8
Geometries
  6
Continuous
370
    40
100
AcDbLine
 10
128.4645179748535
 20
155.496210860517
 30
0.0
 11
128.4645179748535
 21
154.5529016900979
 31
0.0
  0
LINE
  5
1F6
330
1F
100
AcDbEntity
  8
Geometries
  6
Continuous
370
    40
100
AcDbLine
 10
128.4645179748535
 20
154.5529016900979
 30
0.0
 11
128.4645179748535
 21
154.4745562753075
 31
0.0
  0
LINE
  5
1F7
330
1F
100
AcDbEntity
  8
Geometries
  6
Continuous
370
    40
100
AcDbLine
 10
126.9145179748535
 20
157.5895562753075
 30
0.0
 11
126.9145179748535
 21
157.6645562753075
 31
0.0
  0
LINE
  5
1F8
330
1F
100
AcDbEntity
  8
Geometries
  6
Continuous
370
    40
100
AcDbLine
 10
126.9145179748535
 20
157.6645562753075
 30
0.0
 11
126.9145179748535
 21
157.9645562753075
 31
0.0
  0
LINE
  5
1F9
330
1F
100
AcDbEntity
  8
Geometries
  6
Continuous
370
    40
100
AcDbLine
 10
128.8270179748535
 20
158.4816834686642
 30
0.0
 11
128.8270179748535
 21
158.4331746952375
 31
0.0
  0
LINE
  5
1FA
330
1F
100
AcDbEntity
  8
Geometries
  6
Continuous
370
    40
100
AcDbLine
 10
126.9145179748535
 20
157.9645562753075
 30
0.0
 11
126.9145179748535
 21
158.0645562753075
 31
0.0
  0
LINE
  5
1FB
330
1F
100
AcDbEntity
  8
Geometries
  6
Continuous
370
    40
100
AcDbLine
 10
127.0645179748535
 20
157.3895562753075
 30
0.0
 11
127.0645179748535
 21
156.2395562753075
 31
0.0
  0
LINE
  5
1FC
330
1F
100
AcDbEntity
  8
Geometries
  6
Continuous
370
    40
100
AcDbLine
 10
126.9145179748535
 20
158.0645562753075
 30
0.0
 11
127.6145179748535
 21
158.0645562753075
 31
0.0
  0
LINE
  5
1FD
330
1F
100
AcDbEntity
  8
Geometries
  6
Continuous
370
    40
100
AcDbLine
 10
127.9145179748535
 20
159.3145562753075
 30
0.0
 11
127.9145179748535
 21
158.0145562753075
 31
0.0
  0
LINE
  5
1FE
330
1F
100
AcDbEntity
  8
Geometries
  6
Continuous
370
    40
100
AcDbLine
 10
126.9145179748535
 20
159.6145562753075
 30
0.0
 11
127.6145179748535
 21
159.6145562753075
 31
0.0
  0
LINE
  5
1FF
330
1F
100
AcDbEntity
  8
Geometries
  6
Continuous
370
    40
100
AcDbLine
 10
126.9145179748535
 20
159.6145562753075
 30
0.0
 11
126.9145179748535
 21
159.6895562753075
 31
0.0
  0
LINE
  5
200
330
1F
100
AcDbEntity
  8
Geometries
  6
Continuous
370
    40
100
AcDbLine
 10
126.9145179748535
 20
154.5123995817127
 30
0.0
 11
126.9145179748535
 21
154.4895562753075
 31
0.0
  0
LINE
  5
201
330
1F
100
AcDbEntity
  8
Geometries
  6
Continuous
370
    40
100
AcDbLine
 10
126.9145179748535
 20
159.9395562753075
 30
0.0
 11
126.9145179748535
 21
159.9845562753075
 31
0.0
  0
LINE
  5
202
330
1F
100
AcDbEntity
  8
Geometries
  6
Continuous
370
    40
100
AcDbLine
 10
133.5145179748535
 20
159.9845562753075
 30
0.0
 11
126.9145179748535
 21
159.9845562753075
 31
0.0
  0
LINE
  5
203
330
1F
100
AcDbEntity
  8
Geometries
  6
Continuous
370
    40
100
AcDbLine
 10
131.6995179748535
 20
154.4145562753075
 30
0.0
 11
130.4587444721616
 21
154.4145562753075
 31
0.0
  0
LINE
  5
204
330
1F
100
AcDbEntity
  8
Geometries
  6
Continuous
370
    40
100
AcDbLine
 10
126.9145179748535
 20
159.1167129689022
 30
0.0
 11
126.9145179748535
 21
158.9395562753075
 31
0.0
  0
LINE
  5
205
330
1F
100
AcDbEntity
  8
Geometries
  6
Continuous
370
    40
100
AcDbLine
 10
133.5145179748535
 20
153.6445562753075
 30
0.0
 11
126.9145179748535
 21
153.6445562753075
 31
0.0
  0
LINE
  5
206
330
1F
100
AcDbEntity
  8
Geometries
  6
Continuous
370
    40
100
AcDbLine
 10
126.9145179748535
 20
159.3895562753075
 30
0.0
 11
126.9145179748535
 21
159.1945562753075
 31
0.0
  0
LINE
  5
207
330
1F
100
AcDbEntity
  8
Geometries
  6
Continuous
370
    40
100
AcDbLine
 10
127.9145179748535
 20
154.3145562753075
 30
0.0
 11
127.9145179748535
 21
155.6145562753075
 31
0.0
  0
LINE
  5
208
330
1F
100
AcDbEntity
  8
Geometries
  6
Continuous
370
    40
100
AcDbLine
 10
126.9145179748535
 20
155.5645562753075
 30
0.0
 11
126.9145179748535
 21
155.6645562753075
 31
0.0
  0
LINE
  5
209
330
1F
100
AcDbEntity
  8
Geometries
  6
Continuous
370
    40
100
AcDbLine
 10
126.6145179748535
 20
155.9645562753075
 30
0.0
 11
126.9145179748535
 21
155.9645562753075
 31
0.0
  0
LINE
  5
20A
330
1F
100
AcDbEntity
  8
Geometries
  6
Continuous
370
    40
100
AcDbLine
 10
131.6995179748535
 20
155.4547391764109
 30
0.0
 11
132.1695179748535
 21
155.5846477258592
 31
0.0
  0
LINE
  5
20B
330
1F
100
AcDbEntity
  8
Geometries
  6
Continuous
370
    40
100
AcDbLine
 10
126.6145179748535
 20
154.6895562753075
 30
0.0
 11
126.9145179748535
 21
154.6895562753075
 31
0.0
  0
LINE
  5
20C
330
1F
100
AcDbEntity
  8
Geometries
  6
Continuous
370
    40
100
AcDbLine
 10
133.5145179748535
 20
152.3445562753075
 30
0.0
 11
132.0645179748535
 21
152.3445562753075
 31
0.0
  0
LINE
  5
20D
330
1F
100
AcDbEntity
  8
Geometries
  6
Continuous
370
    40
100
AcDbLine
 10
132.6145179748535
 20
159.0444648247558
 30
0.0
 11
132.7145179748535
 21
159.0444648247558
 31
0.0
  0
LINE
  5
20E
330
1F
100
AcDbEntity
  8
Geometries
  6
Continuous
370
    40
100
AcDbLine
 10
132.8145179748535
 20
159.1444648247558
 30
0.0
 11
132.8145179748535
 21
159.2444648247558
 31
0.0
  0
LINE
  5
20F
330
1F
100
AcDbEntity
  8
Geometries
  6
Continuous
370
    40
100
AcDbLine
 10
128.8270179748535
 20
154.9016834686641
 30
0.0
 11
128.5020179748535
 21
154.9016834686641
 31
0.0
  0
LINE
  5
210
330
1F
100
AcDbEntity
  8
Geometries
  6
Continuous
370
    40
100
AcDbLine
 10
132.7145179748535
 20
159.3444648247558
 30
0.0
 11
132.1695179748535
 21
159.3444648247558
 31
0.0
  0
LINE
  5
211
330
1F
100
AcDbEntity
  8
Geometries
  6
Continuous
370
    40
100
AcDbLine
 10
131.6995179748535
 20
159.2145562753075
 30
0.0
 11
130.4587444721616
 21
159.2145562753075
 31
0.0
  0
LINE
  5
212
330
1F
100
AcDbEntity
  8
Geometries
  6
Continuous
370
    40
100
AcDbLine
 10
130.4587444721616
 20
159.2145562753075
 30
0.0
 11
130.3645179748535
 21
159.2145562753075
 31
0.0
  0
LINE
  5
213
330
1F
100
AcDbEntity
  8
Geometries
  6
Continuous
370
    40
100
AcDbLine
 10
126.6145179748535
 20
157.1645562753074
 30
0.0
 11
126.6145179748535
 21
156.9645562753075
 31
0.0
  0
LINE
  5
214
330
1F
100
AcDbEntity
  8
Geometries
  6
Continuous
370
    40
100
AcDbLine
 10
132.6145179748535
 20
154.5846477258592
 30
0.0
 11
132.7145179748535
 21
154.5846477258592
 31
0.0
  0
LINE
  5
215
330
1F
100
AcDbEntity
  8
Geometries
  6
Continuous
370
    40
100
AcDbLine
 10
126.6145179748535
 20
161.2845562753075
 30
0.0
 11
126.7645179748535
 21
161.2845562753075
 31
0.0
  0
LINE
  5
216
330
1F
100
AcDbEntity
  8
Geometries
  6
Continuous
370
    40
100
AcDbLine
 10
127.6145179748535
 20
158.3423933595746
 30
0.0
 11
126.9145179748535
 21
158.3423933595746
 31
0.0
  0
LINE
  5
217
330
1F
100
AcDbEntity
  8
Geometries
  6
Continuous
370
    40
100
AcDbLine
 10
132.8145179748535
 20
155.4846477258592
 30
0.0
 11
132.8145179748535
 21
155.3846477258592
 31
0.0
  0
LINE
  5
218
330
1F
100
AcDbEntity
  8
Geometries
  6
Continuous
370
    40
100
AcDbLine
 10
128.8270179748535
 20
158.7274290819508
 30
0.0
 11
128.5020179748535
 21
158.7274290819508
 31
0.0
  0
LINE
  5
219
330
1F
100
AcDbEntity
  8
Geometries
  6
Continuous
370
    40
100
AcDbLine
 10
130.4587444721616
 20
155.4547391764109
 30
0.0
 11
131.6995179748535
 21
155.4547391764109
 31
0.0
  0
LINE
  5
21A
330
1F
100
AcDbEntity
  8
Geometries
  6
Continuous
370
    40
100
AcDbLine
 10
130.1145179748535
 20
154.6645562753075
 30
0.0
 11
130.1145179748535
 21
155.2047391764109
 31
0.0
  0
LINE
  5
21B
330
1F
100
AcDbEntity
  8
Geometries
  6
Continuous
370
    40
100
AcDbLine
 10
126.6145179748535
 20
152.3445562753075
 30
0.0
 11
126.7645179748535
 21
152.3445562753075
 31
0.0
  0
LINE
  5
21C
330
1F
100
AcDbEntity
  8
Geometries
  6
Continuous
370
    40
100
AcDbLine
 10
130.4587444721616
 20
154.4145562753075
 30
0.0
 11
130.3645179748535
 21
154.4145562753075
 31
0.0
  0
LINE
  5
21D
330
1F
100
AcDbEntity
  8
Geometries
  6
Continuous
370
    40
100
AcDbLine
 10
132.7145179748535
 20
154.2846477258592
 30
0.0
 11
132.1695179748535
 21
154.2846477258592
 31
0.0
  0
LINE
  5
21E
330
1F
100
AcDbEntity
  8
Geometries
  6
Continuous
370
    40
100
AcDbLine
 10
132.8145179748535
 20
154.4846477258592
 30
0.0
 11
132.8145179748535
 21
154.3846477258592
 31
0.0
  0
LINE
  5
21F
330
1F
100
AcDbEntity
  8
Geometries
  6
Continuous
370
    40
100
AcDbLine
 10
132.0645179748535
 20
152.3445562753075
 30
0.0
 11
126.9145179748535
 21
152.3445562753075
 31
0.0
  0
LINE
  5
220
330
1F
100
AcDbEntity
  8
Geometries
  6
Continuous
370
    40
100
AcDbLine
 10
127.6145179748535
 20
154.5123995817127
 30
0.0
 11
127.6145179748535
 21
155.2867191910404
 31
0.0
  0
LINE
  5
221
330
1F
100
AcDbEntity
  8
Geometries
  6
Continuous
370
    40
100
AcDbLine
 10
133.5145179748535
 20
161.2845562753075
 30
0.0
 11
132.0645179748535
 21
161.2845562753075
 31
0.0
  0
LINE
  5
222
330
1F
100
AcDbEntity
  8
Geometries
  6
Continuous
370
    40
100
AcDbLine
 10
128.5020179748535
 20
154.5529016900979
 30
0.0
 11
128.5020179748535
 21
154.4845562753075
 31
0.0
  0
LINE
  5
223
330
1F
100
AcDbEntity
  8
Geometries
  6
Continuous
370
    40
100
AcDbLine
 10
126.9145179748535
 20
157.4645562753075
 30
0.0
 11
126.9145179748535
 21
157.3395562753075
 31
0.0
  0
LINE
  5
224
330
1F
100
AcDbEntity
  8
Geometries
  6
Continuous
370
    40
100
AcDbLine
 10
132.5029076168629
 20
159.0444648247558
 30
0.0
 11
132.5029076168629
 21
158.3444648247558
 31
0.0
  0
LINE
  5
225
330
1F
100
AcDbEntity
  8
Geometries
  6
Continuous
370
    40
100
AcDbLine
 10
126.9145179748535
 20
157.3395562753075
 30
0.0
 11
126.9645179748535
 21
157.3395562753075
 31
0.0
  0
LINE
  5
226
330
1F
100
AcDbEntity
  8
Geometries
  6
Continuous
370
    40
100
AcDbLine
 10
126.9145179748535
 20
157.1645562753075
 30
0.0
 11
126.9145179748535
 21
157.3395562753075
 31
0.0
  0
LINE
  5
227
330
1F
100
AcDbEntity
  8
Geometries
  6
Continuous
370
    40
100
AcDbLine
 10
126.9145179748535
 20
156.2895562753075
 30
0.0
 11
126.9145179748535
 21
156.4645562753075
 31
0.0
  0
LINE
  5
228
330
1F
100
AcDbEntity
  8
Geometries
  6
Continuous
370
    40
100
AcDbLine
 10
126.6145179748535
 20
157.9645562753075
 30
0.0
 11
126.9145179748535
 21
157.9645562753075
 31
0.0
  0
LINE
  5
229
330
1F
100
AcDbEntity
  8
Geometries
  6
Continuous
370
    40
100
AcDbLine
 10
126.6145179748535
 20
160.1395562753075
 30
0.0
 11
126.6145179748535
 21
159.9395562753075
 31
0.0
  0
LINE
  5
22A
330
1F
100
AcDbEntity
  8
Geometries
  6
Continuous
370
    40
100
AcDbLine
 10
126.9145179748535
 20
155.2867191910404
 30
0.0
 11
127.6145179748535
 21
155.2867191910404
 31
0.0
  0
LINE
  5
22B
330
1F
100
AcDbEntity
  8
Geometries
  6
Continuous
370
    40
100
AcDbLine
 10
77.36451797485351
 20
171.450815380038
 30
0.0
 11
77.3645179748535
 21
142.178297170577
 31
0.0
  0
LINE
  5
22C
330
1F
100
AcDbEntity
  8
Geometries
  6
Continuous
370
    40
100
AcDbLine
 10
128.8270179748535
 20
158.4331746952375
 30
0.0
 11
128.5020179748535
 21
158.4331746952375
 31
0.0
  0
LINE
  5
22D
330
1F
100
AcDbEntity
  8
Geometries
  6
Continuous
370
    40
100
AcDbLine
 10
128.8270179748535
 20
158.7759378553774
 30
0.0
 11
128.5020179748535
 21
158.7759378553775
 31
0.0
  0
LINE
  5
22E
330
1F
100
AcDbEntity
  8
Geometries
  6
Continuous
370
    40
100
AcDbLine
 10
130.55309355249
 20
155.1096477229843
 30
0.0
 11
131.6502006355208
 21
155.1096477258592
 31
0.0
  0
LINE
  5
22F
330
1F
100
AcDbEntity
  8
Geometries
  6
Continuous
370
    40
100
AcDbLine
 10
131.6502006355208
 20
155.1096477258592
 30
0.0
 11
132.3033095268454
 21
155.2846477258592
 31
0.0
  0
LINE
  5
230
330
1F
100
AcDbEntity
  8
Geometries
  6
Continuous
370
    40
100
AcDbLine
 10
131.6498015581957
 20
154.7597546583062
 30
0.0
 11
130.5530652809767
 21
154.7597546583104
 31
0.0
  0
LINE
  5
231
330
1F
100
AcDbEntity
  8
Geometries
  6
Continuous
370
    40
100
AcDbLine
 10
132.6145179748535
 20
154.5846477258592
 30
0.0
 11
132.5029076168629
 21
154.5846477258592
 31
0.0
  0
LINE
  5
232
330
1F
100
AcDbEntity
  8
Geometries
  6
Continuous
370
    40
100
AcDbLine
 10
130.453309527424
 20
154.8597422212778
 30
0.0
 11
130.4533095299085
 21
155.0096126798554
 31
0.0
  0
LINE
  5
233
330
1F
100
AcDbEntity
  8
Geometries
  6
Continuous
370
    40
100
AcDbLine
 10
126.6145179748535
 20
159.9395562753075
 30
0.0
 11
126.9145179748535
 21
159.9395562753075
 31
0.0
  0
LINE
  5
234
330
1F
100
AcDbEntity
  8
Geometries
  6
Continuous
370
    40
100
AcDbLine
 10
132.5029076168629
 20
154.5846477258592
 30
0.0
 11
132.3033095268453
 21
154.5846477258592
 31
0.0
  0
LINE
  5
235
330
1F
100
AcDbEntity
  8
Geometries
  6
Continuous
370
    40
100
AcDbLine
 10
130.553061635967
 20
158.8693578921402
 30
0.0
 11
131.6498015581957
 21
158.8693578923088
 31
0.0
  0
LINE
  5
236
330
1F
100
AcDbEntity
  8
Geometries
  6
Continuous
370
    40
100
AcDbLine
 10
131.6502006355208
 20
158.5194648247558
 30
0.0
 11
130.5530935522521
 21
158.5194648247558
 31
0.0
  0
LINE
  5
237
330
1F
100
AcDbEntity
  8
Geometries
  6
Continuous
370
    40
100
AcDbLine
 10
130.45330953144
 20
158.6194998707586
 30
0.0
 11
130.4533095268454
 21
158.7693703293373
 31
0.0
  0
ELLIPSE
  5
238
330
1F
100
AcDbEntity
  8
Geometries
  6
Continuous
370
    40
100
AcDbEllipse
 10
127.4645179748535
 20
154.5123995817127
 30
0.0
 11
-0.1500000000000008
 21
9.871081558763681E-15
 31
0.0
210
0.0
220
0.0
230
1.0
 40
0.9848077530122038
 41
1.570796326794961
 42
3.141592653589857
  0
LINE
  5
239
330
1F
100
AcDbEntity
  8
Geometries
  6
Continuous
370
    40
100
AcDbLine
 10
128.8270179748535
 20
155.1474290819508
 30
0.0
 11
128.8270179748535
 21
154.9016834686641
 31
0.0
  0
LINE
  5
23A
330
1F
100
AcDbEntity
  8
Geometries
  6
Continuous
370
    40
100
AcDbLine
 10
127.6145179748535
 20
158.3423933595746
 30
0.0
 11
127.6145179748535
 21
159.1167129689022
 31
0.0
  0
LINE
  5
23B
330
1F
100
AcDbEntity
  8
Geometries
  6
Continuous
370
    40
100
AcDbLine
 10
126.9145179748535
 20
158.9395562753075
 30
0.0
 11
126.9145179748535
 21
158.6645562753075
 31
0.0
  0
CIRCLE
  5
23C
330
1F
100
AcDbEntity
  8
Geometries
  6
Continuous
370
    40
100
AcDbCircle
 10
104.7145179748535
 20
188.3282728594528
 30
0.0
 40
1.7
  0
LINE
  5
23D
330
1F
100
AcDbEntity
  8
Geometries
  6
Continuous
370
    40
100
AcDbLine
 10
127.0645179748535
 20
154.3646784187609
 30
0.0
 11
127.4645179748535
 21
154.3646784187609
 31
0.0
  0
CIRCLE
  5
23E
330
1F
100
AcDbEntity
  8
Geometries
  6
Continuous
370
    40
100
AcDbCircle
 10
80.4645179748535
 20
156.8145562753075
 30
0.0
 40
1.7
  0
LINE
  5
23F
330
1F
100
AcDbEntity
  8
Geometries
  6
Continuous
370
    40
100
AcDbLine
 10
126.9145179748535
 20
154.9645562753075
 30
0.0
 11
126.9145179748535
 21
154.6895562753075
 31
0.0
  0
LINE
  5
240
330
1F
100
AcDbEntity
  8
Geometries
  6
Continuous
370
    40
100
AcDbLine
 10
126.9145179748535
 20
155.2867191910404
 30
0.0
 11
126.9145179748535
 21
155.1645562753075
 31
0.0
  0
LINE
  5
241
330
1F
100
AcDbEntity
  8
Geometries
  6
Continuous
370
    40
100
AcDbLine
 10
128.8270179748535
 20
155.1959378553775
 30
0.0
 11
128.8270179748535
 21
155.1474290819508
 31
0.0
  0
LINE
  5
242
330
1F
100
AcDbEntity
  8
Geometries
  6
Continuous
370
    40
100
AcDbLine
 10
127.6145179748535
 20
155.5645562753075
 30
0.0
 11
127.6145179748535
 21
155.2867191910404
 31
0.0
  0
LINE
  5
243
330
1F
100
AcDbEntity
  8
Geometries
  6
Continuous
370
    40
100
AcDbLine
 10
128.8270179748535
 20
158.4816834686642
 30
0.0
 11
128.5020179748535
 21
158.4816834686642
 31
0.0
  0
LINE
  5
244
330
1F
100
AcDbEntity
  8
Geometries
  6
Continuous
370
    40
100
AcDbLine
 10
128.5020179748535
 20
155.5645562753075
 30
0.0
 11
128.5020179748535
 21
155.496210860517
 31
0.0
  0
LINE
  5
245
330
1F
100
AcDbEntity
  8
Geometries
  6
Continuous
370
    40
100
AcDbLine
 10
132.3033095268454
 20
158.3444648247558
 30
0.0
 11
131.6502006355208
 21
158.5194648247558
 31
0.0
  0
LINE
  5
246
330
1F
100
AcDbEntity
  8
Geometries
  6
Continuous
370
    40
100
AcDbLine
 10
126.9145179748535
 20
152.6445562753075
 30
0.0
 11
126.9145179748535
 21
152.3445562753075
 31
0.0
  0
ARC
  5
247
330
1F
100
AcDbEntity
  8
Geometries
  6
Continuous
370
    40
100
AcDbCircle
 10
132.7145179748535
 20
154.4846477258592
 30
0.0
 40
0.0999999999999959
100
AcDbArc
 50
0.0
 51
90.0
  0
LINE
  5
248
330
1F
100
AcDbEntity
  8
Geometries
  6
Continuous
370
    40
100
AcDbLine
 10
128.5020179748535
 20
158.7759378553775
 30
0.0
 11
128.5020179748535
 21
158.7274290819508
 31
0.0
  0
ARC
  5
249
330
1F
100
AcDbEntity
  8
Geometries
  6
Continuous
370
    40
100
AcDbCircle
 10
127.8145179748535
 20
155.6145562753075
 30
0.0
 40
0.1000000000000029
100
AcDbArc
 50
0.0
 51
90.0
  0
LINE
  5
24A
330
1F
100
AcDbEntity
  8
Geometries
  6
Continuous
370
    40
100
AcDbLine
 10
128.5020179748535
 20
158.4331746952375
 30
0.0
 11
128.5020179748535
 21
158.1329016900979
 31
0.0
  0
LINE
  5
24B
330
1F
100
AcDbEntity
  8
Geometries
  6
Continuous
370
    40
100
AcDbLine
 10
126.9145179748535
 20
155.5645562753075
 30
0.0
 11
127.6145179748535
 21
155.5645562753075
 31
0.0
  0
ARC
  5
24C
330
1F
100
AcDbEntity
  8
Geometries
  6
Continuous
370
    40
100
AcDbCircle
 10
126.9645179748535
 20
156.1645562753075
 30
0.0
 40
0.1250000000000001
100
AcDbArc
 50
270.0
 51
36.86989764585184
  0
LINE
  5
24D
330
1F
100
AcDbEntity
  8
Geometries
  6
Continuous
370
    40
100
AcDbLine
 10
128.4645179748535
 20
154.5529016900979
 30
0.0
 11
128.5020179748535
 21
154.5529016900979
 31
0.0
  0
LINE
  5
24E
330
1F
100
AcDbEntity
  8
Geometries
  6
Continuous
370
    40
100
AcDbLine
 10
128.5020179748535
 20
155.1959378553775
 30
0.0
 11
128.5020179748535
 21
155.1474290819508
 31
0.0
  0
LINE
  5
24F
330
1F
100
AcDbEntity
  8
Geometries
  6
Continuous
370
    40
100
AcDbLine
 10
126.6145179748535
 20
158.1645562753075
 30
0.0
 11
126.6145179748535
 21
157.9645562753075
 31
0.0
  0
LINE
  5
250
330
1F
100
AcDbEntity
  8
Geometries
  6
Continuous
370
    40
100
AcDbLine
 10
128.4645179748535
 20
158.1329016900979
 30
0.0
 11
128.5020179748535
 21
158.1329016900979
 31
0.0
  0
LINE
  5
251
330
1F
100
AcDbEntity
  8
Geometries
  6
Continuous
370
    40
100
AcDbLine
 10
130.1145179748535
 20
158.9645562753075
 30
0.0
 11
130.1145179748535
 21
158.4243733742041
 31
0.0
  0
ARC
  5
252
330
1F
100
AcDbEntity
  8
Geometries
  6
Continuous
370
    40
100
AcDbCircle
 10
130.3645179748535
 20
154.6645562753075
 30
0.0
 40
0.2500000000000002
100
AcDbArc
 50
180.0
 51
258.437059489221
  0
LINE
  5
253
330
1F
100
AcDbEntity
  8
Geometries
  6
Continuous
370
    40
100
AcDbLine
 10
126.6145179748535
 20
155.4645562753075
 30
0.0
 11
126.9145179748535
 21
155.4645562753075
 31
0.0
  0
LINE
  5
254
330
1F
100
AcDbEntity
  8
Geometries
  6
Continuous
370
    40
100
AcDbLine
 10
130.3645179748535
 20
158.1743733742041
 30
0.0
 11
130.4587444721616
 21
158.1743733742041
 31
0.0
  0
ARC
  5
255
330
1F
100
AcDbEntity
  8
Geometries
  6
Continuous
370
    40
100
AcDbCircle
 10
130.3645179748535
 20
155.2047391764109
 30
0.0
 40
0.2499999999999999
100
AcDbArc
 50
101.5629405107803
 51
180.0
  0
LINE
  5
256
330
1F
100
AcDbEntity
  8
Geometries
  6
Continuous
370
    40
100
AcDbLine
 10
126.9145179748535
 20
158.0645562753075
 30
0.0
 11
126.9145179748535
 21
158.1645562753075
 31
0.0
  0
LINE
  5
257
330
1F
100
AcDbEntity
  8
Geometries
  6
Continuous
370
    40
100
AcDbLine
 10
133.5145179748535
 20
159.9845562753075
 30
0.0
 11
133.5145179748535
 21
153.6445562753075
 31
0.0
  0
LINE
  5
258
330
1F
100
AcDbEntity
  8
Geometries
  6
Continuous
370
    40
100
AcDbLine
 10
126.6145179748535
 20
159.1395562753075
 30
0.0
 11
126.6145179748535
 21
158.9395562753075
 31
0.0
  0
LINE
  5
259
330
1F
100
AcDbEntity
  8
Geometries
  6
Continuous
370
    40
100
AcDbLine
 10
132.1695179748535
 20
158.0444648247558
 30
0.0
 11
132.7145179748535
 21
158.0444648247558
 31
0.0
  0
ARC
  5
25A
330
1F
100
AcDbEntity
  8
Geometries
  6
Continuous
370
    40
100
AcDbCircle
 10
109.7145179748517
 20
142.1782971705772
 30
0.0
 40
22.35000000000177
100
AcDbArc
 50
342.1416848166031
 51
0.0000000000003643
  0
LINE
  5
25B
330
1F
100
AcDbEntity
  8
Geometries
  6
Continuous
370
    40
100
AcDbLine
 10
127.6145179748535
 20
159.1167129689022
 30
0.0
 11
127.6145179748535
 21
159.6145562753075
 31
0.0
  0
LINE
  5
25C
330
1F
100
AcDbEntity
  8
Geometries
  6
Continuous
370
    40
100
AcDbLine
 10
130.3144069048642
 20
158.179447098226
 30
0.0
 11
130.3144069048642
 21
159.2094825512856
 31
0.0
  0
LINE
  5
25D
330
1F
100
AcDbEntity
  8
Geometries
  6
Continuous
370
    40
100
AcDbLine
 10
126.9145179748535
 20
154.4895562753075
 30
0.0
 11
126.9145179748535
 21
154.4345562753075
 31
0.0
  0
ARC
  5
25E
330
1F
100
AcDbEntity
  8
Geometries
  6
Continuous
370
    40
100
AcDbCircle
 10
118.3769360949809
 20
186.0782728594528
 30
0.0
 40
5.350000000000012
100
AcDbArc
 50
59.36587305666144
 51
90.0
  0
LINE
  5
25F
330
1F
100
AcDbEntity
  8
Geometries
  6
Continuous
370
    40
100
AcDbLine
 10
126.9145179748535
 20
159.1945562753075
 30
0.0
 11
126.9145179748535
 21
159.1395562753075
 31
0.0
  0
LINE
  5
260
330
1F
100
AcDbEntity
  8
Geometries
  6
Continuous
370
    40
100
AcDbLine
 10
130.3144069048642
 20
154.4196299993293
 30
0.0
 11
130.3144069048642
 21
155.449665452389
 31
0.0
  0
LINE
  5
261
330
1F
100
AcDbEntity
  8
Geometries
  6
Continuous
370
    40
100
AcDbLine
 10
126.9145179748535
 20
159.6145562753075
 30
0.0
 11
126.9145179748535
 21
159.3895562753075
 31
0.0
  0
LINE
  5
262
330
1F
100
AcDbEntity
  8
Geometries
  6
Continuous
370
    40
100
AcDbLine
 10
130.4587444721616
 20
155.4547391764109
 30
0.0
 11
130.4587444721616
 21
155.0422047575479
 31
0.0
  0
LINE
  5
263
330
1F
100
AcDbEntity
  8
Geometries
  6
Continuous
370
    40
100
AcDbLine
 10
130.4587444721616
 20
158.5869077930671
 30
0.0
 11
130.4587444721616
 21
158.1743733742041
 31
0.0
  0
LINE
  5
264
330
1F
100
AcDbEntity
  8
Geometries
  6
Continuous
370
    40
100
AcDbLine
 10
132.1695179748535
 20
159.3444648247558
 30
0.0
 11
131.6995179748535
 21
159.2145562753075
 31
0.0
  0
ARC
  5
265
330
1F
100
AcDbEntity
  8
Geometries
  6
Continuous
370
    40
100
AcDbCircle
 10
123.6311041968083
 20
127.1257682160491
 30
0.0
 40
1.849999999999927
100
AcDbArc
 50
312.7544568871917
 51
57.91443238722105
  0
LINE
  5
266
330
1F
100
AcDbEntity
  8
Geometries
  6
Continuous
370
    40
100
AcDbLine
 10
130.4587444721616
 20
159.2145562753075
 30
0.0
 11
130.4587444721616
 21
158.8019149239975
 31
0.0
  0
LINE
  5
267
330
1F
100
AcDbEntity
  8
Geometries
  6
Continuous
370
    40
100
AcDbLine
 10
126.9145179748535
 20
154.4345562753075
 30
0.0
 11
126.9145179748535
 21
154.2395562753075
 31
0.0
  0
LINE
  5
268
330
1F
100
AcDbEntity
  8
Geometries
  6
Continuous
370
    40
100
AcDbLine
 10
126.6145179748535
 20
157.6645562753075
 30
0.0
 11
126.6145179748535
 21
157.4645562753075
 31
0.0
  0
LINE
  5
269
330
1F
100
AcDbEntity
  8
Geometries
  6
Continuous
370
    40
100
AcDbLine
 10
126.6145179748535
 20
153.9395562753075
 30
0.0
 11
126.6145179748535
 21
153.7395562753075
 31
0.0
  0
LINE
  5
26A
330
1F
100
AcDbEntity
  8
Geometries
  6
Continuous
370
    40
100
AcDbLine
 10
126.9145179748535
 20
155.1645562753075
 30
0.0
 11
126.9145179748535
 21
154.9645562753075
 31
0.0
  0
LINE
  5
26B
330
1F
100
AcDbEntity
  8
Geometries
  6
Continuous
370
    40
100
AcDbLine
 10
128.8270179748535
 20
154.8531746952376
 30
0.0
 11
128.8270179748535
 21
154.4845562753075
 31
0.0
  0
LINE
  5
26C
330
1F
100
AcDbEntity
  8
Geometries
  6
Continuous
370
    40
100
AcDbLine
 10
132.1695179748535
 20
155.5846477258592
 30
0.0
 11
132.7145179748535
 21
155.5846477258592
 31
0.0
  0
LINE
  5
26D
330
1F
100
AcDbEntity
  8
Geometries
  6
Continuous
370
    40
100
AcDbLine
 10
126.6145179748535
 20
153.7395562753075
 30
0.0
 11
126.9145179748535
 21
153.7395562753075
 31
0.0
  0
CIRCLE
  5
26E
330
1F
100
AcDbEntity
  8
Geometries
  6
Continuous
370
    40
100
AcDbCircle
 10
128.9645179748535
 20
165.8145562753075
 30
0.0
 40
1.7
  0
LINE
  5
26F
330
1F
100
AcDbEntity
  8
Geometries
  6
Continuous
370
    40
100
AcDbLine
 10
126.9145179748535
 20
154.6895562753075
 30
0.0
 11
126.9145179748535
 21
154.5123995817127
 31
0.0
  0
LINE
  5
270
330
1F
100
AcDbEntity
  8
Geometries
  6
Continuous
370
    40
100
AcDbLine
 10
126.7645179748535
 20
152.3445562753075
 30
0.0
 11
126.9145179748535
 21
152.3445562753075
 31
0.0
  0
LINE
  5
271
330
1F
100
AcDbEntity
  8
Geometries
  6
Continuous
370
    40
100
AcDbLine
 10
126.6145179748535
 20
155.1645562753075
 30
0.0
 11
126.6145179748535
 21
154.9645562753075
 31
0.0
  0
LINE
  5
272
330
1F
100
AcDbEntity
  8
Geometries
  6
Continuous
370
    40
100
AcDbLine
 10
126.6145179748535
 20
156.4645562753075
 30
0.0
 11
126.9145179748535
 21
156.4645562753075
 31
0.0
  0
LINE
  5
273
330
1F
100
AcDbEntity
  8
Geometries
  6
Continuous
370
    40
100
AcDbLine
 10
126.6145179748535
 20
154.9645562753075
 30
0.0
 11
126.9145179748535
 21
154.9645562753075
 31
0.0
  0
LINE
  5
274
330
1F
100
AcDbEntity
  8
Geometries
  6
Continuous
370
    40
100
AcDbLine
 10
132.6145179748535
 20
158.3444648247558
 30
0.0
 11
132.5029076168629
 21
158.3444648247558
 31
0.0
  0
LINE
  5
275
330
1F
100
AcDbEntity
  8
Geometries
  6
Continuous
370
    40
100
AcDbLine
 10
126.6145179748535
 20
154.6895562753075
 30
0.0
 11
126.6145179748535
 21
154.4895562753075
 31
0.0
  0
LINE
  5
276
330
1F
100
AcDbEntity
  8
Geometries
  6
Continuous
370
    40
100
AcDbLine
 10
126.9145179748535
 20
153.6445562753075
 30
0.0
 11
126.9145179748535
 21
153.6895562753075
 31
0.0
  0
ARC
  5
277
330
1F
100
AcDbEntity
  8
Geometries
  6
Continuous
370
    40
100
AcDbCircle
 10
132.7145179748535
 20
158.2444648247558
 30
0.0
 40
0.0999999999999959
100
AcDbArc
 50
0.0
 51
90.0
  0
LINE
  5
278
330
1F
100
AcDbEntity
  8
Geometries
  6
Continuous
370
    40
100
AcDbLine
 10
128.5020179748535
 20
154.9016834686641
 30
0.0
 11
128.5020179748535
 21
154.8531746952376
 31
0.0
  0
ARC
  5
279
330
1F
100
AcDbEntity
  8
Geometries
  6
Continuous
370
    40
100
AcDbCircle
 10
126.9645179748535
 20
156.1645562753075
 30
0.0
 40
0.1249999999999608
100
AcDbArc
 50
36.86989764583491
 51
90.00000000000651
  0
LINE
  5
27A
330
1F
100
AcDbEntity
  8
Geometries
  6
Continuous
370
    40
100
AcDbLine
 10
132.0645179748535
 20
161.2845562753075
 30
0.0
 11
132.0645179748535
 21
171.4508153800381
 31
0.0
  0
LINE
  5
27B
330
1F
100
AcDbEntity
  8
Geometries
  6
Continuous
370
    40
100
AcDbLine
 10
126.9145179748535
 20
153.6895562753075
 30
0.0
 11
126.9145179748535
 21
153.7395562753075
 31
0.0
  0
ARC
  5
27C
330
1F
100
AcDbEntity
  8
Geometries
  6
Continuous
370
    40
100
AcDbCircle
 10
83.03576882285718
 20
131.5314981156123
 30
0.0
 40
3.350000000000026
100
AcDbArc
 50
302.0855676127791
 51
123.0182906834257
  0
LINE
  5
27D
330
1F
100
AcDbEntity
  8
Geometries
  6
Continuous
370
    40
100
AcDbLine
 10
128.5020179748535
 20
158.4816834686642
 30
0.0
 11
128.5020179748535
 21
158.4331746952375
 31
0.0
  0
LINE
  5
27E
330
1F
100
AcDbEntity
  8
Geometries
  6
Continuous
370
    40
100
AcDbLine
 10
128.4645179748535
 20
158.0545562753075
 30
0.0
 11
128.5020179748535
 21
158.0545562753075
 31
0.0
  0
LINE
  5
27F
330
1F
100
AcDbEntity
  8
Geometries
  6
Continuous
370
    40
100
AcDbLine
 10
132.0645179748535
 20
142.1782971705771
 30
0.0
 11
132.0645179748535
 21
152.3445562753075
 31
0.0
  0
LINE
  5
280
330
1F
100
AcDbEntity
  8
Geometries
  6
Continuous
370
    40
100
AcDbLine
 10
126.9145179748535
 20
154.0145562753075
 30
0.0
 11
127.6145179748535
 21
154.0145562753075
 31
0.0
  0
ARC
  5
281
330
1F
100
AcDbEntity
  8
Geometries
  6
Continuous
370
    40
100
AcDbCircle
 10
127.7145179748535
 20
155.6145562753075
 30
0.0
 40
0.0999999999999996
100
AcDbArc
 50
90.0
 51
180.0
  0
LINE
  5
282
330
1F
100
AcDbEntity
  8
Geometries
  6
Continuous
370
    40
100
AcDbLine
 10
128.8270179748535
 20
158.7759378553774
 30
0.0
 11
128.8270179748535
 21
158.7274290819508
 31
0.0
  0
LINE
  5
283
330
1F
100
AcDbEntity
  8
Geometries
  6
Continuous
370
    40
100
AcDbLine
 10
132.5029076168629
 20
154.5846477258592
 30
0.0
 11
132.5029076168629
 21
155.2846477258592
 31
0.0
  0
LINE
  5
284
330
1F
100
AcDbEntity
  8
Geometries
  6
Continuous
370
    40
100
AcDbLine
 10
126.6145179748535
 20
154.4895562753075
 30
0.0
 11
126.9145179748535
 21
154.4895562753075
 31
0.0
  0
LINE
  5
285
330
1F
100
AcDbEntity
  8
Geometries
  6
Continuous
370
    40
100
AcDbLine
 10
128.8270179748535
 20
158.0645562753075
 30
0.0
 11
128.5020179748535
 21
158.0645562753075
 31
0.0
  0
LINE
  5
286
330
1F
100
AcDbEntity
  8
Geometries
  6
Continuous
370
    40
100
AcDbLine
 10
126.6145179748535
 20
156.1645562753075
 30
0.0
 11
126.9145179748535
 21
156.1645562753075
 31
0.0
  0
LINE
  5
287
330
1F
100
AcDbEntity
  8
Geometries
  6
Continuous
370
    40
100
AcDbLine
 10
127.6145179748535
 20
155.5645562753075
 30
0.0
 11
127.6145179748535
 21
155.6145562753075
 31
0.0
  0
LINE
  5
288
330
1F
100
AcDbEntity
  8
Geometries
  6
Continuous
370
    40
100
AcDbLine
 10
132.5029076168629
 20
155.2846477258592
 30
0.0
 11
132.6145179748535
 21
155.2846477258592
 31
0.0
  0
LINE
  5
289
330
1F
100
AcDbEntity
  8
Geometries
  6
Continuous
370
    40
100
AcDbLine
 10
128.8270179748535
 20
155.1959378553775
 30
0.0
 11
128.5020179748535
 21
155.1959378553775
 31
0.0
  0
LINE
  5
28A
330
1F
100
AcDbEntity
  8
Geometries
  6
Continuous
370
    40
100
AcDbLine
 10
128.8645179748535
 20
158.0545562753075
 30
0.0
 11
128.8645179748535
 21
159.1545562753075
 31
0.0
  0
LINE
  5
28B
330
1F
100
AcDbEntity
  8
Geometries
  6
Continuous
370
    40
100
AcDbLine
 10
126.6145179748535
 20
154.4345562753075
 30
0.0
 11
126.6145179748535
 21
154.2395562753075
 31
0.0
  0
LINE
  5
28C
330
1F
100
AcDbEntity
  8
Geometries
  6
Continuous
370
    40
100
AcDbLine
 10
126.9145179748535
 20
156.9645562753075
 30
0.0
 11
126.9145179748535
 21
157.1645562753075
 31
0.0
  0
LINE
  5
28D
330
1F
100
AcDbEntity
  8
Geometries
  6
Continuous
370
    40
100
AcDbLine
 10
128.8270179748535
 20
159.1545562753075
 30
0.0
 11
128.8645179748535
 21
159.1545562753075
 31
0.0
  0
LINE
  5
28E
330
1F
100
AcDbEntity
  8
Geometries
  6
Continuous
370
    40
100
AcDbLine
 10
126.6145179748535
 20
154.2395562753075
 30
0.0
 11
126.9145179748535
 21
154.2395562753075
 31
0.0
  0
LINE
  5
28F
330
1F
100
AcDbEntity
  8
Geometries
  6
Continuous
370
    40
100
AcDbLine
 10
131.6995179748535
 20
158.1743733742041
 30
0.0
 11
132.1695179748535
 21
158.0444648247558
 31
0.0
  0
ARC
  5
290
330
1F
100
AcDbEntity
  8
Geometries
  6
Continuous
370
    40
100
AcDbCircle
 10
99.71451797485352
 20
171.450815380038
 30
0.0
 40
22.34999999999998
100
AcDbArc
 50
120.6341269433383
 51
132.7544568871922
  0
LINE
  5
291
330
1F
100
AcDbEntity
  8
Geometries
  6
Continuous
370
    40
100
AcDbLine
 10
128.4645179748535
 20
159.0762108605171
 30
0.0
 11
128.5020179748535
 21
159.0762108605171
 31
0.0
  0
LINE
  5
292
330
1F
100
AcDbEntity
  8
Geometries
  6
Continuous
370
    40
100
AcDbLine
 10
126.7645179748535
 20
161.2845562753075
 30
0.0
 11
126.9145179748535
 21
161.2845562753075
 31
0.0
  0
LINE
  5
293
330
1F
100
AcDbEntity
  8
Geometries
  6
Continuous
370
    40
100
AcDbLine
 10
128.4645179748535
 20
159.0762108605171
 30
0.0
 11
128.4645179748535
 21
159.1545562753075
 31
0.0
  0
LINE
  5
294
330
1F
100
AcDbEntity
  8
Geometries
  6
Continuous
370
    40
100
AcDbLine
 10
126.6145179748535
 20
158.4645562753075
 30
0.0
 11
126.9145179748535
 21
158.4645562753075
 31
0.0
  0
LINE
  5
295
330
1F
100
AcDbEntity
  8
Geometries
  6
Continuous
370
    40
100
AcDbLine
 10
128.8270179748535
 20
155.5745562753075
 30
0.0
 11
128.8270179748535
 21
155.5645562753075
 31
0.0
  0
LINE
  5
296
330
1F
100
AcDbEntity
  8
Geometries
  6
Continuous
370
    40
100
AcDbLine
 10
126.6145179748535
 20
159.1945562753075
 30
0.0
 11
126.9145179748535
 21
159.1945562753075
 31
0.0
  0
LINE
  5
297
330
1F
100
AcDbEntity
  8
Geometries
  6
Continuous
370
    40
100
AcDbLine
 10
126.6145179748535
 20
159.3895562753075
 30
0.0
 11
126.6145179748535
 21
159.1945562753075
 31
0.0
  0
LINE
  5
298
330
1F
100
AcDbEntity
  8
Geometries
  6
Continuous
370
    40
100
AcDbLine
 10
126.6145179748535
 20
159.6895562753075
 30
0.0
 11
126.9145179748535
 21
159.6895562753075
 31
0.0
  0
LINE
  5
299
330
1F
100
AcDbEntity
  8
Geometries
  6
Continuous
370
    40
100
AcDbLine
 10
128.4645179748535
 20
155.5745562753075
 30
0.0
 11
128.4645179748535
 21
155.496210860517
 31
0.0
  0
LINE
  5
29A
330
1F
100
AcDbEntity
  8
Geometries
  6
Continuous
370
    40
100
AcDbLine
 10
91.05209985472612
 20
122.2008396911621
 30
0.0
 11
118.3769360949809
 21
122.2008396911621
 31
0.0
  0
LINE
  5
29B
330
1F
100
AcDbEntity
  8
Geometries
  6
Continuous
370
    40
100
AcDbLine
 10
126.9145179748535
 20
160.1395562753075
 30
0.0
 11
126.9145179748535
 21
159.9845562753075
 31
0.0
  0
LINE
  5
29C
330
1F
100
AcDbEntity
  8
Geometries
  6
Continuous
370
    40
100
AcDbLine
 10
126.7645179748535
 20
160.9845562753075
 30
0.0
 11
126.7645179748535
 21
161.2845562753075
 31
0.0
  0
LINE
  5
29D
330
1F
100
AcDbEntity
  8
Geometries
  6
Continuous
370
    40
100
AcDbLine
 10
126.6145179748535
 20
152.6445562753075
 30
0.0
 11
126.7645179748535
 21
152.6445562753075
 31
0.0
  0
LINE
  5
29E
330
1F
100
AcDbEntity
  8
Geometries
  6
Continuous
370
    40
100
AcDbLine
 10
118.3769360949809
 20
191.4282728594528
 30
0.0
 11
91.05209985472612
 21
191.4282728594528
 31
0.0
  0
LINE
  5
29F
330
1F
100
AcDbEntity
  8
Geometries
  6
Continuous
370
    40
100
AcDbLine
 10
128.5020179748535
 20
159.0762108605171
 30
0.0
 11
128.5020179748535
 21
158.7759378553775
 31
0.0
  0
LINE
  5
2A0
330
1F
100
AcDbEntity
  8
Geometries
  6
Continuous
370
    40
100
AcDbLine
 10
127.8145179748535
 20
155.7145562753075
 30
0.0
 11
127.7145179748535
 21
155.7145562753075
 31
0.0
  0
ARC
  5
2A1
330
1F
100
AcDbEntity
  8
Geometries
  6
Continuous
370
    40
100
AcDbCircle
 10
91.05209985472611
 20
127.5508396911621
 30
0.0
 40
5.349999999999931
100
AcDbArc
 50
239.3658730566615
 51
270.0000000000002
  0
LINE
  5
2A2
330
1F
100
AcDbEntity
  8
Geometries
  6
Continuous
370
    40
100
AcDbLine
 10
126.6145179748535
 20
152.6445562753075
 30
0.0
 11
126.6145179748535
 21
152.3445562753075
 31
0.0
  0
LINE
  5
2A3
330
1F
100
AcDbEntity
  8
Geometries
  6
Continuous
370
    40
100
AcDbLine
 10
128.4645179748535
 20
154.4745562753075
 30
0.0
 11
128.5020179748535
 21
154.4745562753075
 31
0.0
  0
LINE
  5
2A4
330
1F
100
AcDbEntity
  8
Geometries
  6
Continuous
370
    40
100
AcDbLine
 10
126.9145179748535
 20
155.6645562753075
 30
0.0
 11
126.9145179748535
 21
155.9645562753075
 31
0.0
  0
LINE
  5
2A5
330
1F
100
AcDbEntity
  8
Geometries
  6
Continuous
370
    40
100
AcDbLine
 10
126.9145179748535
 20
156.2895562753075
 30
0.0
 11
126.9145179748535
 21
156.1645562753075
 31
0.0
  0
LINE
  5
2A6
330
1F
100
AcDbEntity
  8
Geometries
  6
Continuous
370
    40
100
AcDbLine
 10
126.9145179748535
 20
156.6645562753075
 30
0.0
 11
126.9145179748535
 21
156.9645562753075
 31
0.0
  0
LINE
  5
2A7
330
1F
100
AcDbEntity
  8
Geometries
  6
Continuous
370
    40
100
AcDbLine
 10
132.8145179748535
 20
158.1444648247558
 30
0.0
 11
132.8145179748535
 21
158.2444648247558
 31
0.0
  0
LINE
  5
2A8
330
1F
100
AcDbEntity
  8
Geometries
  6
Continuous
370
    40
100
AcDbLine
 10
126.6145179748535
 20
154.4345562753075
 30
0.0
 11
126.9145179748535
 21
154.4345562753075
 31
0.0
  0
LINE
  5
2A9
330
1F
100
AcDbEntity
  8
Geometries
  6
Continuous
370
    40
100
AcDbLine
 10
131.6498015581957
 20
158.8693578923088
 30
0.0
 11
132.3033095268454
 21
159.0444648247558
 31
0.0
  0
ARC
  5
2AA
330
1F
100
AcDbEntity
  8
Geometries
  6
Continuous
370
    40
100
AcDbCircle
 10
99.71451797485352
 20
142.178297170577
 30
0.0
 40
22.35000000000007
100
AcDbArc
 50
227.2455431128077
 51
239.3658730566618
  0
LINE
  5
2AB
330
1F
100
AcDbEntity
  8
Geometries
  6
Continuous
370
    40
100
AcDbLine
 10
126.6145179748535
 20
160.9845562753075
 30
0.0
 11
126.6145179748535
 21
161.2845562753075
 31
0.0
  0
ELLIPSE
  5
2AC
330
1F
100
AcDbEntity
  8
Geometries
  6
Continuous
370
    40
100
AcDbEllipse
 10
130.5530659318714
 20
155.0096477258592
 30
0.0
 11
-1.414506671737924E-13
 21
0.09999999999999989
 31
0.0
210
0.0
220
0.0
230
1.0
 40
0.9975640502598107
 41
1.239181481883085
 42
1.571146786828239
  0
LINE
  5
2AD
330
1F
100
AcDbEntity
  8
Geometries
  6
Continuous
370
    40
100
AcDbLine
 10
132.3033095268454
 20
159.0444648247558
 30
0.0
 11
132.5029076168629
 21
159.0444648247558
 31
0.0
  0
LINE
  5
2AE
330
1F
100
AcDbEntity
  8
Geometries
  6
Continuous
370
    40
100
AcDbLine
 10
126.9145179748535
 20
157.5895562753075
 30
0.0
 11
126.9645179748535
 21
157.5895562753075
 31
0.0
  0
LINE
  5
2AF
330
1F
100
AcDbEntity
  8
Geometries
  6
Continuous
370
    40
100
AcDbLine
 10
126.9145179748535
 20
153.6445562753075
 30
0.0
 11
126.9145179748535
 21
153.4895562753075
 31
0.0
  0
ARC
  5
2B0
330
1F
100
AcDbEntity
  8
Geometries
  6
Continuous
370
    40
100
AcDbCircle
 10
99.71451797485352
 20
171.450815380038
 30
0.0
 40
22.35000000000003
100
AcDbArc
 50
162.1416848166024
 51
180.0
  0
LINE
  5
2B1
330
1F
100
AcDbEntity
  8
Geometries
  6
Continuous
370
    40
100
AcDbLine
 10
126.9145179748535
 20
154.2395562753075
 30
0.0
 11
126.9145179748535
 21
154.0145562753075
 31
0.0
  0
LINE
  5
2B2
330
1F
100
AcDbEntity
  8
Geometries
  6
Continuous
370
    40
100
AcDbLine
 10
128.8270179748535
 20
154.4845562753075
 30
0.0
 11
128.8270179748535
 21
154.4745562753075
 31
0.0
  0
LINE
  5
2B3
330
1F
100
AcDbEntity
  8
Geometries
  6
Continuous
370
    40
100
AcDbLine
 10
126.6145179748535
 20
156.9645562753075
 30
0.0
 11
126.9145179748535
 21
156.9645562753075
 31
0.0
  0
LINE
  5
2B4
330
1F
100
AcDbEntity
  8
Geometries
  6
Continuous
370
    40
100
AcDbLine
 10
128.8270179748535
 20
155.1474290819508
 30
0.0
 11
128.5020179748535
 21
155.1474290819508
 31
0.0
  0
LINE
  5
2B5
330
1F
100
AcDbEntity
  8
Geometries
  6
Continuous
370
    40
100
AcDbLine
 10
126.9145179748535
 20
159.8895562753075
 30
0.0
 11
126.9145179748535
 21
159.9395562753075
 31
0.0
  0
LINE
  5
2B6
330
1F
100
AcDbEntity
  8
Geometries
  6
Continuous
370
    40
100
AcDbLine
 10
128.8270179748535
 20
158.7274290819508
 30
0.0
 11
128.8270179748535
 21
158.4816834686642
 31
0.0
  0
LINE
  5
2B7
330
1F
100
AcDbEntity
  8
Geometries
  6
Continuous
370
    40
100
AcDbLine
 10
126.9145179748535
 20
156.1645562753075
 30
0.0
 11
126.9145179748535
 21
156.0395562753075
 31
0.0
  0
LINE
  5
2B8
330
1F
100
AcDbEntity
  8
Geometries
  6
Continuous
370
    40
100
AcDbLine
 10
128.8270179748535
 20
159.1545562753075
 30
0.0
 11
128.8270179748535
 21
159.1445562753075
 31
0.0
  0
LINE
  5
2B9
330
1F
100
AcDbEntity
  8
Geometries
  6
Continuous
370
    40
100
AcDbLine
 10
126.6145179748535
 20
156.6645562753075
 30
0.0
 11
126.6145179748535
 21
156.4645562753075
 31
0.0
  0
LINE
  5
2BA
330
1F
100
AcDbEntity
  8
Geometries
  6
Continuous
370
    40
100
AcDbLine
 10
126.6145179748535
 20
153.6895562753075
 30
0.0
 11
126.6145179748535
 21
153.4895562753075
 31
0.0
  0
LINE
  5
2BB
330
1F
100
AcDbEntity
  8
Geometries
  6
Continuous
370
    40
100
AcDbLine
 10
132.5029076168629
 20
158.3444648247558
 30
0.0
 11
132.3033095268454
 21
158.3444648247558
 31
0.0
  0
LINE
  5
2BC
330
1F
100
AcDbEntity
  8
Geometries
  6
Continuous
370
    40
100
AcDbLine
 10
126.9145179748535
 20
160.9845562753075
 30
0.0
 11
126.9145179748535
 21
160.1395562753075
 31
0.0
  0
LINE
  5
2BD
330
1F
100
AcDbEntity
  8
Geometries
  6
Continuous
370
    40
100
AcDbLine
 10
133.5145179748535
 20
161.2845562753075
 30
0.0
 11
133.5145179748535
 21
159.9845562753075
 31
0.0
  0
LINE
  5
2BE
330
1F
100
AcDbEntity
  8
Geometries
  6
Continuous
370
    40
100
AcDbLine
 10
126.6145179748535
 20
159.8895562753075
 30
0.0
 11
126.9145179748535
 21
159.8895562753075
 31
0.0
  0
LINE
  5
2BF
330
1F
100
AcDbEntity
  8
Geometries
  6
Continuous
370
    40
100
AcDbLine
 10
126.9145179748535
 20
153.4895562753075
 30
0.0
 11
126.9145179748535
 21
152.6445562753075
 31
0.0
  0
LINE
  5
2C0
330
1F
100
AcDbEntity
  8
Geometries
  6
Continuous
370
    40
100
AcDbLine
 10
128.4645179748535
 20
155.496210860517
 30
0.0
 11
128.5020179748535
 21
155.496210860517
 31
0.0
  0
LINE
  5
2C1
330
1F
100
AcDbEntity
  8
Geometries
  6
Continuous
370
    40
100
AcDbLine
 10
128.8270179748535
 20
154.4745562753075
 30
0.0
 11
128.8645179748535
 21
154.4745562753075
 31
0.0
  0
LINE
  5
2C2
330
1F
100
AcDbEntity
  8
Geometries
  6
Continuous
370
    40
100
AcDbLine
 10
126.6145179748535
 20
158.9395562753075
 30
0.0
 11
126.9145179748535
 21
158.9395562753075
 31
0.0
  0
LINE
  5
2C3
330
1F
100
AcDbEntity
  8
Geometries
  6
Continuous
370
    40
100
AcDbLine
 10
126.6145179748535
 20
157.1645562753074
 30
0.0
 11
126.9145179748535
 21
157.1645562753075
 31
0.0
  0
LINE
  5
2C4
330
1F
100
AcDbEntity
  8
Geometries
  6
Continuous
370
    40
100
AcDbLine
 10
128.8270179748535
 20
155.5645562753075
 30
0.0
 11
128.8270179748535
 21
155.1959378553775
 31
0.0
  0
LINE
  5
2C5
330
1F
100
AcDbEntity
  8
Geometries
  6
Continuous
370
    40
100
AcDbLine
 10
127.6145179748535
 20
158.3423933595746
 30
0.0
 11
127.6145179748535
 21
158.0645562753075
 31
0.0
  0
LINE
  5
2C6
330
1F
100
AcDbEntity
  8
Geometries
  6
Continuous
370
    40
100
AcDbLine
 10
126.9145179748535
 20
155.4645562753075
 30
0.0
 11
126.9145179748535
 21
155.5645562753075
 31
0.0
  0
LINE
  5
2C7
330
1F
100
AcDbEntity
  8
Geometries
  6
Continuous
370
    40
100
AcDbLine
 10
128.8270179748535
 20
154.9016834686641
 30
0.0
 11
128.8270179748535
 21
154.8531746952376
 31
0.0
  0
LINE
  5
2C8
330
1F
100
AcDbEntity
  8
Geometries
  6
Continuous
370
    40
100
AcDbLine
 10
126.9145179748535
 20
159.6895562753075
 30
0.0
 11
126.9145179748535
 21
159.8895562753075
 31
0.0
  0
LINE
  5
2C9
330
1F
100
AcDbEntity
  8
Geometries
  6
Continuous
370
    40
100
AcDbLine
 10
128.5020179748535
 20
154.8531746952376
 30
0.0
 11
128.5020179748535
 21
154.5529016900979
 31
0.0
  0
LINE
  5
2CA
330
1F
100
AcDbEntity
  8
Geometries
  6
Continuous
370
    40
100
AcDbLine
 10
126.9145179748535
 20
156.0395562753075
 30
0.0
 11
126.9645179748535
 21
156.0395562753075
 31
0.0
  0
LINE
  5
2CB
330
1F
100
AcDbEntity
  8
Geometries
  6
Continuous
370
    40
100
AcDbLine
 10
127.6145179748535
 20
154.0145562753075
 30
0.0
 11
127.6145179748535
 21
154.5123995817127
 31
0.0
  0
LINE
  5
2CC
330
1F
100
AcDbEntity
  8
Geometries
  6
Continuous
370
    40
100
AcDbLine
 10
126.9145179748535
 20
156.4645562753075
 30
0.0
 11
126.9145179748535
 21
156.6645562753075
 31
0.0
  0
LINE
  5
2CD
330
1F
100
AcDbEntity
  8
Geometries
  6
Continuous
370
    40
100
AcDbLine
 10
132.1695179748535
 20
154.2846477258592
 30
0.0
 11
131.6995179748535
 21
154.4145562753075
 31
0.0
  0
LINE
  5
2CE
330
1F
100
AcDbEntity
  8
Geometries
  6
Continuous
370
    40
100
AcDbLine
 10
126.6145179748535
 20
156.6645562753075
 30
0.0
 11
126.9145179748535
 21
156.6645562753075
 31
0.0
  0
LINE
  5
2CF
330
1F
100
AcDbEntity
  8
Geometries
  6
Continuous
370
    40
100
AcDbLine
 10
132.6145179748535
 20
155.2846477258592
 30
0.0
 11
132.6145179748535
 21
154.5846477258592
 31
0.0
  0
LINE
  5
2D0
330
1F
100
AcDbEntity
  8
Geometries
  6
Continuous
370
    40
100
AcDbLine
 10
126.6145179748535
 20
153.6895562753075
 30
0.0
 11
126.9145179748535
 21
153.6895562753075
 31
0.0
  0
ELLIPSE
  5
2D1
330
1F
100
AcDbEntity
  8
Geometries
  6
Continuous
370
    40
100
AcDbEllipse
 10
127.4645179748535
 20
159.1167129689022
 30
0.0
 11
0.1500000000000008
 21
9.594940469789149E-15
 31
0.0
210
0.0
220
0.0
230
1.0
 40
0.9848077530122036
 41
6.283185307179524
 42
7.85398163397442
  0
LINE
  5
2D2
330
1F
100
AcDbEntity
  8
Geometries
  6
Continuous
370
    40
100
AcDbLine
 10
127.4645179748535
 20
159.2644341318541
 30
0.0
 11
127.0645179748535
 21
159.2644341318541
 31
0.0
  0
LINE
  5
2D3
330
1F
100
AcDbEntity
  8
Geometries
  6
Continuous
370
    40
100
AcDbLine
 10
126.6145179748535
 20
156.1645562753075
 30
0.0
 11
126.6145179748535
 21
155.9645562753075
 31
0.0
  0
LINE
  5
2D4
330
1F
100
AcDbEntity
  8
Geometries
  6
Continuous
370
    40
100
AcDbLine
 10
126.6145179748535
 20
160.9845562753075
 30
0.0
 11
126.7645179748535
 21
160.9845562753075
 31
0.0
  0
LINE
  5
2D5
330
1F
100
AcDbEntity
  8
Geometries
  6
Continuous
370
    40
100
AcDbLine
 10
132.7145179748535
 20
158.3444648247558
 30
0.0
 11
132.6145179748535
 21
158.3444648247558
 31
0.0
  0
ARC
  5
2D6
330
1F
100
AcDbEntity
  8
Geometries
  6
Continuous
370
    40
100
AcDbCircle
 10
85.7979317528987
 20
186.5033443345659
 30
0.0
 40
1.849999999999924
100
AcDbArc
 50
132.7544568871917
 51
237.914432387222
  0
LINE
  5
2D7
330
1F
100
AcDbEntity
  8
Geometries
  6
Continuous
370
    40
100
AcDbLine
 10
126.9145179748535
 20
159.1395562753075
 30
0.0
 11
126.9145179748535
 21
159.1167129689022
 31
0.0
  0
LINE
  5
2D8
330
1F
100
AcDbEntity
  8
Geometries
  6
Continuous
370
    40
100
AcDbLine
 10
128.8645179748535
 20
155.5745562753075
 30
0.0
 11
128.8645179748535
 21
154.4745562753075
 31
0.0
  0
LINE
  5
2D9
330
1F
100
AcDbEntity
  8
Geometries
  6
Continuous
370
    40
100
AcDbLine
 10
126.6145179748535
 20
159.1395562753075
 30
0.0
 11
126.9145179748535
 21
159.1395562753075
 31
0.0
  0
LINE
  5
2DA
330
1F
100
AcDbEntity
  8
Geometries
  6
Continuous
370
    40
100
AcDbLine
 10
128.8270179748535
 20
159.1445562753075
 30
0.0
 11
128.8270179748535
 21
158.7759378553774
 31
0.0
  0
LINE
  5
2DB
330
1F
100
AcDbEntity
  8
Geometries
  6
Continuous
370
    40
100
AcDbLine
 10
133.5145179748535
 20
153.6445562753075
 30
0.0
 11
133.5145179748535
 21
152.3445562753075
 31
0.0
  0
LINE
  5
2DC
330
1F
100
AcDbEntity
  8
Geometries
  6
Continuous
370
    40
100
AcDbLine
 10
126.6145179748535
 20
155.1645562753075
 30
0.0
 11
126.9145179748535
 21
155.1645562753075
 31
0.0
  0
LINE
  5
2DD
330
1F
100
AcDbEntity
  8
Geometries
  6
Continuous
370
    40
100
AcDbLine
 10
126.7645179748535
 20
152.6445562753075
 30
0.0
 11
126.7645179748535
 21
152.3445562753075
 31
0.0
  0
LINE
  5
2DE
330
1F
100
AcDbEntity
  8
Geometries
  6
Continuous
370
    40
100
AcDbLine
 10
126.6145179748535
 20
160.1395562753075
 30
0.0
 11
126.9145179748535
 21
160.1395562753075
 31
0.0
  0
LINE
  5
2DF
330
1F
100
AcDbEntity
  8
Geometries
  6
Continuous
370
    40
100
AcDbLine
 10
130.3645179748535
 20
155.4547391764109
 30
0.0
 11
130.4587444721616
 21
155.4547391764109
 31
0.0
  0
LINE
  5
2E0
330
1F
100
AcDbEntity
  8
Geometries
  6
Continuous
370
    40
100
AcDbLine
 10
126.6145179748535
 20
157.4645562753075
 30
0.0
 11
126.9145179748535
 21
157.4645562753075
 31
0.0
  0
LINE
  5
2E1
330
1F
100
AcDbEntity
  8
Geometries
  6
Continuous
370
    40
100
AcDbLine
 10
132.7145179748535
 20
155.2846477258592
 30
0.0
 11
132.6145179748535
 21
155.2846477258592
 31
0.0
  0
LINE
  5
2E2
330
1F
100
AcDbEntity
  8
Geometries
  6
Continuous
370
    40
100
AcDbLine
 10
126.6145179748535
 20
159.3895562753075
 30
0.0
 11
126.9145179748535
 21
159.3895562753075
 31
0.0
  0
LINE
  5
2E3
330
1F
100
AcDbEntity
  8
Geometries
  6
Continuous
370
    40
100
AcDbLine
 10
126.9145179748535
 20
158.4645562753075
 30
0.0
 11
126.9145179748535
 21
158.3423933595746
 31
0.0
  0
LINE
  5
2E4
330
1F
100
AcDbEntity
  8
Geometries
  6
Continuous
370
    40
100
AcDbLine
 10
128.5020179748535
 20
158.1329016900979
 30
0.0
 11
128.5020179748535
 21
158.0645562753075
 31
0.0
  0
LINE
  5
2E5
330
1F
100
AcDbEntity
  8
Geometries
  6
Continuous
370
    40
100
AcDbLine
 10
130.4587444721616
 20
154.8271976266174
 30
0.0
 11
130.4587444721616
 21
154.4145562753075
 31
0.0
  0
LINE
  5
2E6
330
1F
100
AcDbEntity
  8
Geometries
  6
Continuous
370
    40
100
AcDbLine
 10
132.3033095268454
 20
155.2846477258592
 30
0.0
 11
132.5029076168629
 21
155.2846477258592
 31
0.0
  0
LINE
  5
2E7
330
1F
100
AcDbEntity
  8
Geometries
  6
Continuous
370
    40
100
AcDbLine
 10
128.8270179748535
 20
155.5745562753075
 30
0.0
 11
128.8645179748535
 21
155.5745562753075
 31
0.0
  0
LINE
  5
2E8
330
1F
100
AcDbEntity
  8
Geometries
  6
Continuous
370
    40
100
AcDbLine
 10
128.8270179748535
 20
154.4845562753075
 30
0.0
 11
128.5020179748535
 21
154.4845562753075
 31
0.0
  0
LINE
  5
2E9
330
1F
100
AcDbEntity
  8
Geometries
  6
Continuous
370
    40
100
AcDbLine
 10
127.8145179748535
 20
157.9145562753075
 30
0.0
 11
127.7145179748535
 21
157.9145562753075
 31
0.0
  0
LINE
  5
2EA
330
1F
100
AcDbEntity
  8
Geometries
  6
Continuous
370
    40
100
AcDbLine
 10
128.5020179748535
 20
155.1474290819508
 30
0.0
 11
128.5020179748535
 21
154.9016834686641
 31
0.0
  0
LINE
  5
2EB
330
1F
100
AcDbEntity
  8
Geometries
  6
Continuous
370
    40
100
AcDbLine
 10
128.8270179748535
 20
154.8531746952376
 30
0.0
 11
128.5020179748535
 21
154.8531746952376
 31
0.0
  0
LINE
  5
2EC
330
1F
100
AcDbEntity
  8
Geometries
  6
Continuous
370
    40
100
AcDbLine
 10
126.6145179748535
 20
155.6645562753075
 30
0.0
 11
126.9145179748535
 21
155.6645562753075
 31
0.0
  0
LINE
  5
2ED
330
1F
100
AcDbEntity
  8
Geometries
  6
Continuous
370
    40
100
AcDbLine
 10
132.0645179748535
 20
161.2845562753075
 30
0.0
 11
126.9145179748535
 21
161.2845562753075
 31
0.0
  0
LINE
  5
2EE
330
1F
100
AcDbEntity
  8
Geometries
  6
Continuous
370
    40
100
AcDbLine
 10
126.9145179748535
 20
158.1645562753075
 30
0.0
 11
126.9145179748535
 21
158.3423933595746
 31
0.0
  0
LINE
  5
2EF
330
1F
100
AcDbEntity
  8
Geometries
  6
Continuous
370
    40
100
AcDbLine
 10
126.6145179748535
 20
155.6645562753075
 30
0.0
 11
126.6145179748535
 21
155.4645562753075
 31
0.0
  0
ARC
  5
2F0
330
1F
100
AcDbEntity
  8
Geometries
  6
Continuous
370
    40
100
AcDbCircle
 10
109.7145179748535
 20
142.178297170577
 30
0.0
 40
22.35000000000007
100
AcDbArc
 50
300.6341269433381
 51
312.7544568871921
  0
LINE
  5
2F1
330
1F
100
AcDbEntity
  8
Geometries
  6
Continuous
370
    40
100
AcDbLine
 10
126.6145179748535
 20
159.8895562753075
 30
0.0
 11
126.6145179748535
 21
159.6895562753075
 31
0.0
  0
LINE
  5
2F2
330
1F
100
AcDbEntity
  8
Geometries
  6
Continuous
370
    40
100
AcDbLine
 10
126.9145179748535
 20
153.7395562753075
 30
0.0
 11
126.9145179748535
 21
153.9395562753075
 31
0.0
  0
LINE
  5
2F3
330
1F
100
AcDbEntity
  8
Geometries
  6
Continuous
370
    40
100
AcDbLine
 10
126.6145179748535
 20
157.6645562753075
 30
0.0
 11
126.9145179748535
 21
157.6645562753075
 31
0.0
  0
LINE
  5
2F4
330
1F
100
AcDbEntity
  8
Geometries
  6
Continuous
370
    40
100
AcDbLine
 10
128.8270179748535
 20
158.4331746952375
 30
0.0
 11
128.8270179748535
 21
158.0645562753075
 31
0.0
  0
LINE
  5
2F5
330
1F
100
AcDbEntity
  8
Geometries
  6
Continuous
370
    40
100
AcDbLine
 10
126.9145179748535
 20
153.9395562753075
 30
0.0
 11
126.9145179748535
 21
154.0145562753075
 31
0.0
  0
LINE
  5
2F6
330
1F
100
AcDbEntity
  8
Geometries
  6
Continuous
370
    40
100
AcDbLine
 10
126.7645179748535
 20
152.6445562753075
 30
0.0
 11
126.9145179748535
 21
152.6445562753075
 31
0.0
  0
LINE
  5
2F7
330
1F
100
AcDbEntity
  8
Geometries
  6
Continuous
370
    40
100
AcDbLine
 10
126.7645179748535
 20
160.9845562753075
 30
0.0
 11
126.9145179748535
 21
160.9845562753075
 31
0.0
  0
ARC
  5
2F8
330
1F
100
AcDbEntity
  8
Geometries
  6
Continuous
370
    40
100
AcDbCircle
 10
83.03576882285721
 20
182.0976144350027
 30
0.0
 40
3.349999999999981
100
AcDbArc
 50
236.9817093165742
 51
57.91443238722033
  0
LINE
  5
2F9
330
1F
100
AcDbEntity
  8
Geometries
  6
Continuous
370
    40
100
AcDbLine
 10
126.9145179748535
 20
157.5895562753075
 30
0.0
 11
126.9145179748535
 21
157.4645562753075
 31
0.0
  0
LINE
  5
2FA
330
1F
100
AcDbEntity
  8
Geometries
  6
Continuous
370
    40
100
AcDbLine
 10
132.3033095268453
 20
154.5846477258592
 30
0.0
 11
131.6498015581957
 21
154.7597546583062
 31
0.0
  0
LINE
  5
2FB
330
1F
100
AcDbEntity
  8
Geometries
  6
Continuous
370
    40
100
AcDbLine
 10
126.6145179748535
 20
158.1645562753075
 30
0.0
 11
126.9145179748535
 21
158.1645562753075
 31
0.0
  0
LINE
  5
2FC
330
1F
100
AcDbEntity
  8
Geometries
  6
Continuous
370
    40
100
AcDbLine
 10
126.9145179748535
 20
155.2867191910404
 30
0.0
 11
126.9145179748535
 21
155.4645562753075
 31
0.0
  0
LINE
  5
2FD
330
1F
100
AcDbEntity
  8
Geometries
  6
Continuous
370
    40
100
AcDbLine
 10
126.9645179748535
 20
156.2895562753075
 30
0.0
 11
126.9145179748535
 21
156.2895562753075
 31
0.0
  0
LINE
  5
2FE
330
1F
100
AcDbEntity
  8
Geometries
  6
Continuous
370
    40
100
AcDbLine
 10
126.9145179748535
 20
161.2845562753075
 30
0.0
 11
126.9145179748535
 21
160.9845562753075
 31
0.0
  0
LINE
  5
2FF
330
1F
100
AcDbEntity
  8
Geometries
  6
Continuous
370
    40
100
AcDbLine
 10
229.1314461682782
 20
142.2042669048739
 30
0.0
 11
228.9193141339222
 21
142.0817924177347
 31
0.0
  0
LINE
  5
300
330
1F
100
AcDbEntity
  8
Geometries
  6
Continuous
370
    40
100
AcDbLine
 10
238.811738002722
 20
143.9068193527934
 30
0.0
 11
246.1771454502731
 21
148.1592393253284
 31
0.0
  0
LWPOLYLINE
  5
301
330
1F
100
AcDbEntity
  8
Geometries
  6
Continuous
370
    40
100
AcDbPolyline
 90
        4
 70
   128
 43
0.0
 10
231.8856270809998
 20
141.2879065694678
 10
231.8864252981334
 20
141.2955123274783
 10
231.8868318473593
 20
141.303478684054
 10
231.886883394011
 20
141.3075839703016
  0
LWPOLYLINE
  5
302
330
1F
100
AcDbEntity
  8
Geometries
  6
Continuous
370
    40
100
AcDbPolyline
 90
       16
 70
   128
 43
0.0
 10
232.5927338621863
 20
141.8594541761172
 10
232.5986007511629
 20
141.8497149230953
 10
232.6048932934093
 20
141.8401039683972
 10
232.6115850067317
 20
141.8306904527509
 10
232.6186428238384
 20
141.8215439631012
 10
232.6260275055957
 20
141.812732979675
 10
232.6336942871574
 20
141.8043232760854
 10
232.6415937390825
 20
141.7963763462782
 10
232.6486549840446
 20
141.7898463908459
 10
232.6558166655378
 20
141.7837464951431
 10
232.6630408772621
 20
141.7781049362494
 10
232.6702895893708
 20
141.772944879338
 10
232.6775252992833
 20
141.7682840917571
 10
232.6847116493623
 20
141.7641348025213
 10
232.6918139911454
 20
141.760503706191
 10
232.6987998793643
 20
141.7573921035012
  0
LWPOLYLINE
  5
303
330
1F
100
AcDbEntity
  8
Geometries
  6
Continuous
370
    40
100
AcDbPolyline
 90
       21
 70
   128
 43
0.0
 10
236.3510889154568
 20
144.671981534036
 10
236.3532377141223
 20
144.6609155027443
 10
236.3547518474302
 20
144.6500516234696
 10
236.3556333199617
 20
144.6393203043944
 10
236.3558666084475
 20
144.628845414866
 10
236.3554321310779
 20
144.6183679475622
 10
236.3543198618485
 20
144.608215891221
 10
236.3531928853755
 20
144.6015808772703
 10
236.3517648135773
 20
144.5951119515325
 10
236.3500398059914
 20
144.5888205367575
 10
236.3474240704082
 20
144.5810939926309
 10
236.3443409540349
 20
144.5736736530508
 10
236.3408038686532
 20
144.5665806175766
 10
236.3368262260452
 20
144.5598359857678
 10
236.3322872620154
 20
144.5532778126627
 10
236.3273028293328
 20
144.5471058321459
 10
236.3218930474829
 20
144.5413386475893
 10
236.3160780359514
 20
144.5359948623649
 10
236.3101991939172
 20
144.531326056736
 10
236.3039799364269
 20
144.5270523664308
 10
236.3028539858711
 20
144.5263430548311
  0
LWPOLYLINE
  5
304
330
1F
100
AcDbEntity
  8
Geometries
  6
Continuous
370
    40
100
AcDbPolyline
 90
       11
 70
   128
 43
0.0
 10
236.135428683366
 20
144.4338501904197
 10
236.1369607098642
 20
144.4368447837099
 10
236.1394471043446
 20
144.4425280557239
 10
236.1415311746056
 20
144.4484915138511
 10
236.1432013165783
 20
144.4547148391431
 10
236.1445153124673
 20
144.4616082651439
 10
236.1453487397766
 20
144.4687705322903
 10
236.1456949180264
 20
144.4761740970251
 10
236.1455396122122
 20
144.4839757454853
 10
236.1448689742861
 20
144.4919976236473
 10
236.1436835578369
 20
144.500208621153
  0
LWPOLYLINE
  5
305
330
1F
100
AcDbEntity
  8
Geometries
  6
Continuous
370
    40
100
AcDbPolyline
 90
        5
 70
   128
 43
0.0
 10
236.3028539858711
 20
144.5263430548311
 10
236.2974404466558
 20
144.5231857724659
 10
236.290498784893
 20
144.5196896155348
 10
236.2832565351295
 20
144.516624439242
 10
236.2797811174497
 20
144.5153440357296
  0
ELLIPSE
  5
306
330
1F
100
AcDbEntity
  8
Geometries
  6
Continuous
370
    40
100
AcDbEllipse
 10
230.8072892396903
 20
143.2250447077188
 30
0.0
 11
0.07500000000000112
 21
-0.1299038105676666
 31
0.0
210
0.0
220
0.0
230
1.0
 40
0.5773502691896202
 41
1.471251128016171
 42
2.356194490192335
  0
ELLIPSE
  5
307
330
1F
100
AcDbEntity
  8
Geometries
  6
Continuous
370
    40
100
AcDbEllipse
 10
202.6034449505717
 20
150.6403608766411
 30
0.0
 11
22.34999999999999
 21
5.204170427930421E-15
 31
0.0
210
0.0
220
0.0
230
1.0
 40
0.5773502691896257
 41
2.356194490192345
 42
2.667880889001529
  0
ELLIPSE
  5
308
330
1F
100
AcDbEntity
  8
Geometries
  6
Continuous
370
    40
100
AcDbEllipse
 10
238.811738002722
 20
144.2334179851645
 30
0.0
 11
-0.09999999999999883
 21
0.1732050807568875
 31
0.0
210
0.0
220
0.0
230
1.0
 40
0.5773502691896264
 41
1.633460242378937
 42
1.771509190774237
  0
ELLIPSE
  5
309
330
1F
100
AcDbEntity
  8
Geometries
  6
Continuous
370
    40
100
AcDbEllipse
 10
184.3608815164059
 20
154.8149640939987
 30
0.0
 11
1.85
 21
2.276824562219559E-15
 31
0.0
210
0.0
220
0.0
230
1.0
 40
0.5773502691896251
 41
2.667880889001515
 42
3.141592653589793
  0
ELLIPSE
  5
30A
330
1F
100
AcDbEntity
  8
Geometries
  6
Continuous
370
    40
100
AcDbEllipse
 10
235.134782740552
 20
145.5806373436953
 30
0.0
 11
-0.1500000000000031
 21
0.2598076211353313
 31
0.0
210
0.0
220
0.0
230
1.0
 40
0.5773502691896256
 41
3.926990816987223
 42
4.97418836818383
  0
ELLIPSE
  5
30B
330
1F
100
AcDbEntity
  8
Geometries
  6
Continuous
370
    40
100
AcDbEllipse
 10
230.9133552568683
 20
140.522441024848
 30
0.0
 11
0.2999999999999984
 21
5.014435047745457E-16
 31
0.0
210
0.0
220
0.0
230
1.0
 40
0.5773502691896256
 41
3.926990816987234
 42
5.497787143782135
  0
ELLIPSE
  5
30C
330
1F
100
AcDbEntity
  8
Geometries
  6
Continuous
370
    40
100
AcDbEllipse
 10
231.7618833942921
 20
141.5430617510077
 30
0.0
 11
0.1249999999999995
 21
-2.981555974335138E-16
 31
0.0
210
0.0
220
0.0
230
1.0
 40
0.5773502691896298
 41
3.92699081698724
 42
5.213993034573821
  0
ELLIPSE
  5
30D
330
1F
100
AcDbEntity
  8
Geometries
  6
Continuous
370
    40
100
AcDbEllipse
 10
194.2048142236225
 20
140.4841813895825
 30
0.0
 11
1.7
 21
1.084202172485504E-16
 31
0.0
210
0.0
220
0.0
230
0.9999999999999999
 40
0.5773502691896257
 41
6.283185307179586
 42
6.95693121628734
  0
ELLIPSE
  5
30E
330
1F
100
AcDbEntity
  8
Geometries
  6
Continuous
370
    40
100
AcDbEllipse
 10
194.2048142236225
 20
140.4841813895825
 30
0.0
 11
1.7
 21
1.084202172485504E-16
 31
0.0
210
0.0
220
0.0
230
0.9999999999999999
 40
0.5773502691896257
 41
2.467846744482038
 42
6.283185307179586
  0
ELLIPSE
  5
30F
330
1F
100
AcDbEntity
  8
Geometries
  6
Continuous
370
    40
100
AcDbEllipse
 10
234.569161980908
 20
138.2240404840679
 30
0.0
 11
0.09999999999999953
 21
2.405573570202213E-16
 31
0.0
210
0.0
220
0.0
230
1.0
 40
0.5773502691896257
 41
3.926990816987215
 42
5.497787143782134
  0
ELLIPSE
  5
310
330
1F
100
AcDbEntity
  8
Geometries
  6
Continuous
370
    40
100
AcDbEllipse
 10
235.3469147749079
 20
145.882426925268
 30
0.0
 11
0.1500000000000018
 21
-0.2598076211353311
 31
0.0
210
0.0
220
0.0
230
0.9999999999999999
 40
0.577350269189627
 41
3.926990816987233
 42
4.974188368183846
  0
ELLIPSE
  5
311
330
1F
100
AcDbEntity
  8
Geometries
  6
Continuous
370
    40
100
AcDbEllipse
 10
238.7719396177028
 20
166.2150232328626
 30
0.0
 11
1.7
 21
1.084202172485504E-16
 31
0.0
210
0.0
220
0.0
230
0.9999999999999999
 40
0.5773502691896257
 41
0.673745909107875
 42
2.467846744481925
  0
ELLIPSE
  5
312
330
1F
100
AcDbEntity
  8
Geometries
  6
Continuous
370
    40
100
AcDbEllipse
 10
239.0945807151966
 20
141.245040498969
 30
0.0
 11
-0.649999999999999
 21
-1.125833024919771
 31
0.0
210
0.0
220
0.0
230
0.9999999999999999
 40
0.5773502691896265
 41
0.7853981633974468
 42
2.356194490192348
  0
ELLIPSE
  5
313
330
1F
100
AcDbEntity
  8
Geometries
  6
Continuous
370
    40
100
AcDbEllipse
 10
232.6811222098347
 20
141.8288355543324
 30
0.0
 11
-0.1250000000000001
 21
7.453889935837843E-17
 31
0.0
210
0.0
220
0.0
230
1.0
 40
0.5773502691896256
 41
1.712693381399049
 42
3.926990816987257
  0
ELLIPSE
  5
314
330
1F
100
AcDbEntity
  8
Geometries
  6
Continuous
370
    40
100
AcDbEllipse
 10
238.9178040199
 20
142.8821161437291
 30
0.0
 11
0.07500000000000112
 21
-0.1299038105676666
 31
0.0
210
0.0
220
0.0
230
1.0
 40
0.5773502691896202
 41
3.926990816987241
 42
5.497787143782193
  0
ELLIPSE
  5
315
330
1F
100
AcDbEntity
  8
Geometries
  6
Continuous
370
    40
100
AcDbEllipse
 10
238.9178040199
 20
142.8821161437291
 30
0.0
 11
0.07500000000000112
 21
-0.1299038105676666
 31
0.0
210
0.0
220
0.0
230
1.0
 40
0.5773502691896202
 41
5.497787143782193
 42
7.068583470577037
  0
ELLIPSE
  5
316
330
1F
100
AcDbEntity
  8
Geometries
  6
Continuous
370
    40
100
AcDbEllipse
 10
237.6450118137642
 20
143.6169630665641
 30
0.0
 11
0.07500000000000112
 21
-0.1299038105676666
 31
0.0
210
0.0
220
0.0
230
1.0
 40
0.5773502691896202
 41
3.926990816987245
 42
5.497787143782128
  0
ELLIPSE
  5
317
330
1F
100
AcDbEntity
  8
Geometries
  6
Continuous
370
    40
100
AcDbEllipse
 10
235.2762687620945
 20
138.6322887745317
 30
0.0
 11
-0.09999999999999959
 21
-3.489775742687718E-16
 31
0.0
210
0.0
220
0.0
230
0.9999999999999999
 40
0.5773502691896255
 41
0.7853981633974207
 42
2.356194490192337
  0
ELLIPSE
  5
318
330
1F
100
AcDbEntity
  8
Geometries
  6
Continuous
370
    40
100
AcDbEllipse
 10
233.6003610253772
 20
141.7471858962396
 30
0.0
 11
-0.09999999999999939
 21
0.0
 31
0.0
210
0.0
220
0.0
230
1.0
 40
0.5773502691896256
 41
5.497787143782141
 42
7.068583470577035
  0
ELLIPSE
  5
319
330
1F
100
AcDbEntity
  8
Geometries
  6
Continuous
370
    40
100
AcDbEllipse
 10
231.9740154286481
 20
140.72656517008
 30
0.0
 11
0.09999999999999926
 21
-2.236166980751353E-16
 31
0.0
210
0.0
220
0.0
230
1.0
 40
0.5773502691896256
 41
5.497787143782142
 42
7.068583470577105
  0
ELLIPSE
  5
31A
330
1F
100
AcDbEntity
  8
Geometries
  6
Continuous
370
    40
100
AcDbEllipse
 10
234.448889162801
 20
142.318733502889
 30
0.0
 11
-0.2999999999999986
 21
-7.318364664277156E-16
 31
0.0
210
0.0
220
0.0
230
1.0
 40
0.5773502691896255
 41
2.356194490192349
 42
3.92699081698726
  0
ELLIPSE
  5
31B
330
1F
100
AcDbEntity
  8
Geometries
  6
Continuous
370
    40
100
AcDbEllipse
 10
232.765975023577
 20
144.3558924723037
 30
0.0
 11
-0.01750000000000017
 21
0.03031088913245564
 31
0.0
210
0.0
220
0.0
230
1.0
 40
0.5773502691896257
 41
4.468090342944231
 42
5.497787143782137
  0
ELLIPSE
  5
31C
330
1F
100
AcDbEntity
  8
Geometries
  6
Continuous
370
    40
100
AcDbEllipse
 10
233.8832477483862
 20
142.8137872028148
 30
0.0
 11
-0.1479398139358751
 21
-0.02477521851808048
 31
0.0
210
0.0
220
0.0
230
1.0
 40
0.668834843421916
 41
3.823101269883488
 42
5.393897596678358
  0
ELLIPSE
  5
31D
330
1F
100
AcDbEntity
  8
Geometries
  6
Continuous
370
    40
100
AcDbEllipse
 10
237.9348609287455
 20
140.1672276776131
 30
0.0
 11
0.09999999999999953
 21
2.405573570202213E-16
 31
0.0
210
0.0
220
0.0
230
1.0
 40
0.5773502691896257
 41
3.92699081698726
 42
5.497787143782134
  0
ELLIPSE
  5
31E
330
1F
100
AcDbEntity
  8
Geometries
  6
Continuous
370
    40
100
AcDbEllipse
 10
234.4347470271773
 20
139.3385209825028
 30
0.0
 11
-0.4999999999999988
 21
-0.8660254037844397
 31
0.0
210
0.0
220
0.0
230
1.0
 40
0.5773502691896265
 41
5.311478591388608
 42
5.43945491104566
  0
ELLIPSE
  5
31F
330
1F
100
AcDbEntity
  8
Geometries
  6
Continuous
370
    40
100
AcDbEllipse
 10
233.4873532709978
 20
139.5182248993697
 30
0.0
 11
-0.2500000000000001
 21
1.490777987167569E-16
 31
0.0
210
0.0
220
0.0
230
1.0
 40
0.5773502691896256
 41
4.98258785282904
 42
5.465549033155453
  0
ELLIPSE
  5
320
330
1F
100
AcDbEntity
  8
Geometries
  6
Continuous
370
    40
100
AcDbEllipse
 10
235.3469794402132
 20
138.6731136035781
 30
0.0
 11
-0.09999999999999959
 21
-3.489775742687718E-16
 31
0.0
210
0.0
220
0.0
230
0.9999999999999999
 40
0.5773502691896255
 41
2.35619449019234
 42
3.926990816987234
  0
ELLIPSE
  5
321
330
1F
100
AcDbEntity
  8
Geometries
  6
Continuous
370
    40
100
AcDbEllipse
 10
235.7639784451975
 20
140.8326350565378
 30
0.0
 11
0.2500000000000007
 21
-5.963111948670274E-16
 31
0.0
210
0.0
220
0.0
230
1.0
 40
0.5773502691896217
 41
2.356194490192345
 42
3.926990816987252
  0
ELLIPSE
  5
322
330
1F
100
AcDbEntity
  8
Geometries
  6
Continuous
370
    40
100
AcDbEllipse
 10
208.8712799531952
 20
133.5065413535611
 30
0.0
 11
1.85
 21
2.276824562219559E-15
 31
0.0
210
0.0
220
0.0
230
1.0
 40
0.5773502691896251
 41
4.673196859570698
 42
6.283185307179584
  0
ELLIPSE
  5
323
330
1F
100
AcDbEntity
  8
Geometries
  6
Continuous
370
    40
100
AcDbEllipse
 10
250.8575666770187
 20
158.972080167225
 30
0.0
 11
1.85
 21
2.276824562219559E-15
 31
0.0
210
0.0
220
0.0
230
1.0
 40
0.5773502691896251
 41
6.283185307179583
 42
6.322377427993552
  0
ELLIPSE
  5
324
330
1F
100
AcDbEntity
  8
Geometries
  6
Continuous
370
    40
100
AcDbEllipse
 10
233.9200840895769
 20
142.5938270253556
 30
0.0
 11
0.1479398139358758
 21
0.0247752185180794
 31
0.0
210
0.0
220
0.0
230
1.0
 40
0.6688348434219153
 41
0.6815086162936811
 42
2.252304943088612
  0
ELLIPSE
  5
325
330
1F
100
AcDbEntity
  8
Geometries
  6
Continuous
370
    40
100
AcDbEllipse
 10
236.1459454376487
 20
141.0531638024511
 30
0.0
 11
0.2500000000000007
 21
-5.963111948670274E-16
 31
0.0
210
0.0
220
0.0
230
1.0
 40
0.5773502691896217
 41
2.324186331926639
 42
2.356194490192344
  0
ELLIPSE
  5
326
330
1F
100
AcDbEntity
  8
Geometries
  6
Continuous
370
    40
100
AcDbEllipse
 10
230.7011792119779
 20
140.9766190767396
 30
0.0
 11
0.1485444921641787
 21
-0.02084547547277692
 31
0.0
210
0.0
220
0.0
230
1.0
 40
0.4683231991813496
 41
2.429474741585403
 42
3.14159265358976
  0
ELLIPSE
  5
327
330
1F
100
AcDbEntity
  8
Geometries
  6
Continuous
370
    40
100
AcDbEllipse
 10
235.134782740552
 20
145.7599524381289
 30
0.0
 11
0.1500000000000018
 21
-0.2598076211353311
 31
0.0
210
0.0
220
0.0
230
0.9999999999999999
 40
0.577350269189627
 41
4.593350030937957
 42
4.974188368183846
  0
ELLIPSE
  5
328
330
1F
100
AcDbEntity
  8
Geometries
  6
Continuous
370
    40
100
AcDbEllipse
 10
238.0055716068641
 20
140.2080525066595
 30
0.0
 11
-0.09999999999999959
 21
-3.489775742687718E-16
 31
0.0
210
0.0
220
0.0
230
0.9999999999999999
 40
0.5773502691896255
 41
2.356194490192336
 42
3.92699081698726
  0
ELLIPSE
  5
329
330
1F
100
AcDbEntity
  8
Geometries
  6
Continuous
370
    40
100
AcDbEllipse
 10
230.6234414765818
 20
143.1189001521982
 30
0.0
 11
-0.01750000000000017
 21
0.03031088913245564
 31
0.0
210
0.0
220
0.0
230
1.0
 40
0.5773502691896257
 41
3.926990816987218
 42
5.497787143782137
  0
ELLIPSE
  5
32A
330
1F
100
AcDbEntity
  8
Geometries
  6
Continuous
370
    40
100
AcDbEllipse
 10
183.2813645137896
 20
153.1028941919176
 30
0.0
 11
-3.35
 21
-1.084202172485504E-15
 31
0.0
210
0.0
220
0.0
230
1.0
 40
0.5773502691896256
 41
1.345396960611704
 42
2.819433915567094
  0
ELLIPSE
  5
32B
330
1F
100
AcDbEntity
  8
Geometries
  6
Continuous
370
    40
100
AcDbEllipse
 10
235.4529807920859
 20
143.9272317673166
 30
0.0
 11
-0.649999999999999
 21
-1.125833024919771
 31
0.0
210
0.0
220
0.0
230
0.9999999999999999
 40
0.5773502691896265
 41
2.570958718959134
 42
3.135305505662698
  0
ELLIPSE
  5
32C
330
1F
100
AcDbEntity
  8
Geometries
  6
Continuous
370
    40
100
AcDbEllipse
 10
227.2717553337576
 20
141.0000915246908
 30
0.0
 11
1.7
 21
1.084202172485504E-16
 31
0.0
210
0.0
220
0.0
230
0.9999999999999999
 40
0.5773502691896257
 41
3.81533856269761
 42
5.609439398071767
  0
ELLIPSE
  5
32D
330
1F
100
AcDbEntity
  8
Geometries
  6
Continuous
370
    40
100
AcDbEllipse
 10
236.0186662170352
 20
145.8459987324968
 30
0.0
 11
-0.09999999999999883
 21
0.1732050807568875
 31
0.0
210
0.0
220
0.0
230
1.0
 40
0.5773502691896264
 41
1.633460242378961
 42
1.771509190774269
  0
ELLIPSE
  5
32E
330
1F
100
AcDbEntity
  8
Geometries
  6
Continuous
370
    40
100
AcDbEllipse
 10
234.922650706196
 20
145.4581628565561
 30
0.0
 11
-0.1500000000000031
 21
0.2598076211353313
 31
0.0
210
0.0
220
0.0
230
1.0
 40
0.5773502691896256
 41
3.926990816987231
 42
4.974188368183819
  0
ELLIPSE
  5
32F
330
1F
100
AcDbEntity
  8
Geometries
  6
Continuous
370
    40
100
AcDbEllipse
 10
224.1054738881303
 20
174.4174081402757
 30
0.0
 11
1.85
 21
2.276824562219559E-15
 31
0.0
210
0.0
220
0.0
230
1.0
 40
0.5773502691896251
 41
1.531604205980909
 42
3.141592653589793
  0
ELLIPSE
  5
330
330
1F
100
AcDbEntity
  8
Geometries
  6
Continuous
370
    40
100
AcDbEllipse
 10
235.134782740552
 20
146.3563090955766
 30
0.0
 11
-0.09999999999999883
 21
0.1732050807568875
 31
0.0
210
0.0
220
0.0
230
1.0
 40
0.5773502691896264
 41
2.940879789610451
 42
3.078928738005736
  0
ELLIPSE
  5
331
330
1F
100
AcDbEntity
  8
Geometries
  6
Continuous
370
    40
100
AcDbEllipse
 10
229.9552255683605
 20
142.7331055177098
 30
0.0
 11
-0.01750000000000017
 21
0.03031088913245564
 31
0.0
210
0.0
220
0.0
230
1.0
 40
0.5773502691896257
 41
3.926990816987218
 42
5.497787143782137
  0
ELLIPSE
  5
332
330
1F
100
AcDbEntity
  8
Geometries
  6
Continuous
370
    40
100
AcDbEllipse
 10
234.8042103203473
 20
141.6768707181617
 30
0.0
 11
0.07499999999999978
 21
0.129903810567666
 31
0.0
210
0.0
220
0.0
230
1.0
 40
0.5773502691896379
 41
1.734449656121302
 42
1.745329251994336
  0
ELLIPSE
  5
333
330
1F
100
AcDbEntity
  8
Geometries
  6
Continuous
370
    40
100
AcDbEllipse
 10
230.6643428707872
 20
140.7141239562756
 30
0.0
 11
-0.1485444921641783
 21
0.02084547547277641
 31
0.0
210
0.0
220
0.0
230
0.9999999999999999
 40
0.4683231991813508
 41
5.571067395175172
 42
6.283185307179568
  0
ELLIPSE
  5
334
330
1F
100
AcDbEntity
  8
Geometries
  6
Continuous
370
    40
100
AcDbEllipse
 10
233.6710717034958
 20
141.9513100414715
 30
0.0
 11
-0.09999999999999917
 21
3.422013106907373E-16
 31
0.0
210
0.0
220
0.0
230
1.0
 40
0.5773502691896257
 41
1.871023846206798
 42
2.356194490192351
  0
ELLIPSE
  5
335
330
1F
100
AcDbEntity
  8
Geometries
  6
Continuous
370
    40
100
AcDbEllipse
 10
234.3392876117171
 20
145.2642449185858
 30
0.0
 11
-0.01750000000000017
 21
0.03031088913245564
 31
0.0
210
0.0
220
0.0
230
1.0
 40
0.5773502691896257
 41
3.926990816987218
 42
5.497787143782137
  0
ELLIPSE
  5
336
330
1F
100
AcDbEntity
  8
Geometries
  6
Continuous
370
    40
100
AcDbEllipse
 10
233.9503788820645
 20
145.0397083588307
 30
0.0
 11
-0.01750000000000017
 21
0.03031088913245564
 31
0.0
210
0.0
220
0.0
230
1.0
 40
0.5773502691896257
 41
3.926990816987227
 42
5.497787143782137
  0
ELLIPSE
  5
337
330
1F
100
AcDbEntity
  8
Geometries
  6
Continuous
370
    40
100
AcDbEllipse
 10
233.6180386949068
 20
144.8478316623126
 30
0.0
 11
0.07500000000000112
 21
-0.1299038105676666
 31
0.0
210
0.0
220
0.0
230
1.0
 40
0.5773502691896202
 41
1.471251128016164
 42
2.356194490192335
  0
ELLIPSE
  5
338
330
1F
100
AcDbEntity
  8
Geometries
  6
Continuous
370
    40
100
AcDbEllipse
 10
239.9996773951154
 20
148.3485607530403
 30
0.0
 11
1.7
 21
1.084202172485504E-16
 31
0.0
210
0.0
220
0.0
230
0.9999999999999999
 40
0.5773502691896257
 41
3.815338562697665
 42
5.609439398071707
  0
ELLIPSE
  5
339
330
1F
100
AcDbEntity
  8
Geometries
  6
Continuous
370
    40
100
AcDbEllipse
 10
234.5160643070137
 20
145.3663069912018
 30
0.0
 11
-0.01750000000000017
 21
0.03031088913245564
 31
0.0
210
0.0
220
0.0
230
1.0
 40
0.5773502691896257
 41
4.468090342944231
 42
5.497787143782137
  0
ELLIPSE
  5
33A
330
1F
100
AcDbEntity
  8
Geometries
  6
Continuous
370
    40
100
AcDbEllipse
 10
199.3410374768889
 20
164.4743682263629
 30
0.0
 11
1.7
 21
1.084202172485504E-16
 31
0.0
210
0.0
220
0.0
230
0.9999999999999999
 40
0.5773502691896257
 41
3.815338562697603
 42
5.609439398071774
  0
ELLIPSE
  5
33B
330
1F
100
AcDbEntity
  8
Geometries
  6
Continuous
370
    40
100
AcDbEllipse
 10
229.9446189666427
 20
141.3511850544897
 30
0.0
 11
-0.649999999999999
 21
-1.125833024919771
 31
0.0
210
0.0
220
0.0
230
0.9999999999999999
 40
0.5773502691896265
 41
6.283185307179583
 42
7.068583470577033
  0
ELLIPSE
  5
33C
330
1F
100
AcDbEntity
  8
Geometries
  6
Continuous
370
    40
100
AcDbEllipse
 10
236.0352524718203
 20
140.9498149545962
 30
0.0
 11
-0.09980368620239882
 21
0.006262924270090851
 31
0.0
210
0.0
220
0.0
230
1.0
 40
0.6162177918452943
 41
0.0000000000000271
 42
0.8231054918884438
  0
ELLIPSE
  5
33D
330
1F
100
AcDbEntity
  8
Geometries
  6
Continuous
370
    40
100
AcDbEllipse
 10
237.7510778309422
 20
144.8457904208603
 30
0.0
 11
-0.09999999999999883
 21
0.1732050807568875
 31
0.0
210
0.0
220
0.0
230
1.0
 40
0.5773502691896264
 41
2.940879789610433
 42
3.078928738005736
  0
ELLIPSE
  5
33E
330
1F
100
AcDbEntity
  8
Geometries
  6
Continuous
370
    40
100
AcDbEllipse
 10
234.2029268020515
 20
142.43052770917
 30
0.0
 11
0.1479398139358758
 21
0.0247752185180794
 31
0.0
210
0.0
220
0.0
230
1.0
 40
0.6688348434219153
 41
0.0000000000000253
 42
0.681508616293681
  0
ELLIPSE
  5
33F
330
1F
100
AcDbEntity
  8
Geometries
  6
Continuous
370
    40
100
AcDbEllipse
 10
233.6710717034958
 20
141.7063610671932
 30
0.0
 11
-0.09999999999999917
 21
3.422013106907373E-16
 31
0.0
210
0.0
220
0.0
230
1.0
 40
0.5773502691896257
 41
0.7853981633974533
 42
2.356194490192369
  0
ELLIPSE
  5
340
330
1F
100
AcDbEntity
  8
Geometries
  6
Continuous
370
    40
100
AcDbEllipse
 10
246.8417378601812
 20
159.7188057381744
 30
0.0
 11
5.349999999999999
 21
-2.168404344971009E-16
 31
0.0
210
0.0
220
0.0
230
0.9999999999999999
 40
0.5773502691896258
 41
0.2507317847622818
 42
0.7853981633974482
  0
ELLIPSE
  5
341
330
1F
100
AcDbEntity
  8
Geometries
  6
Continuous
370
    40
100
AcDbEllipse
 10
233.4730818047636
 20
144.7641407627676
 30
0.0
 11
-0.01750000000000017
 21
0.03031088913245564
 31
0.0
210
0.0
220
0.0
230
1.0
 40
0.5773502691896257
 41
4.468090342944219
 42
5.497787143782137
  0
ELLIPSE
  5
342
330
1F
100
AcDbEntity
  8
Geometries
  6
Continuous
370
    40
100
AcDbEllipse
 10
194.2048142236225
 20
140.4841813895825
 30
0.0
 11
1.7
 21
1.084202172485504E-16
 31
0.0
210
0.0
220
0.0
230
0.9999999999999999
 40
0.5773502691896257
 41
0.6737459091077547
 42
2.467846744482038
  0
ELLIPSE
  5
343
330
1F
100
AcDbEntity
  8
Geometries
  6
Continuous
370
    40
100
AcDbEllipse
 10
250.8575666770187
 20
157.7473352958334
 30
0.0
 11
1.85
 21
2.276824562219559E-15
 31
0.0
210
0.0
220
0.0
230
1.0
 40
0.5773502691896251
 41
6.283185307179583
 42
6.322377427993556
  0
ELLIPSE
  5
344
330
1F
100
AcDbEntity
  8
Geometries
  6
Continuous
370
    40
100
AcDbEllipse
 10
233.1195284141703
 20
144.5600166175356
 30
0.0
 11
-0.01750000000000017
 21
0.03031088913245564
 31
0.0
210
0.0
220
0.0
230
1.0
 40
0.5773502691896257
 41
3.926990816987278
 42
5.497787143782137
  0
ELLIPSE
  5
345
330
1F
100
AcDbEntity
  8
Geometries
  6
Continuous
370
    40
100
AcDbEllipse
 10
236.6197069810437
 20
143.2536220880513
 30
0.0
 11
-0.649999999999999
 21
-1.125833024919771
 31
0.0
210
0.0
220
0.0
230
0.9999999999999999
 40
0.5773502691896265
 41
2.356194490192346
 42
3.141592653589789
  0
ELLIPSE
  5
346
330
1F
100
AcDbEntity
  8
Geometries
  6
Continuous
370
    40
100
AcDbEllipse
 10
213.9502958614248
 20
173.1231653026503
 30
0.0
 11
1.85
 21
2.276824562219559E-15
 31
0.0
210
0.0
220
0.0
230
1.0
 40
0.5773502691896251
 41
0.2091202775910947
 42
2.044508091383173
  0
ELLIPSE
  5
347
330
1F
100
AcDbEntity
  8
Geometries
  6
Continuous
370
    40
100
AcDbEllipse
 10
232.2038251325337
 20
144.0313350813849
 30
0.0
 11
0.07500000000000112
 21
-0.1299038105676666
 31
0.0
210
0.0
220
0.0
230
1.0
 40
0.5773502691896202
 41
1.712693381399063
 42
2.356194490192335
  0
ELLIPSE
  5
348
330
1F
100
AcDbEntity
  8
Geometries
  6
Continuous
370
    40
100
AcDbEllipse
 10
229.0253801511002
 20
142.8290438659689
 30
0.0
 11
-0.09999999999999883
 21
0.1732050807568875
 31
0.0
210
0.0
220
0.0
230
1.0
 40
0.5773502691896264
 41
2.940879789610449
 42
3.078928738005756
  0
ELLIPSE
  5
349
330
1F
100
AcDbEntity
  8
Geometries
  6
Continuous
370
    40
100
AcDbEllipse
 10
238.7719396177028
 20
166.2150232328626
 30
0.0
 11
1.7
 21
1.084202172485504E-16
 31
0.0
210
0.0
220
0.0
230
0.9999999999999999
 40
0.5773502691896257
 41
6.283185307179586
 42
6.956931216287461
  0
ELLIPSE
  5
34A
330
1F
100
AcDbEntity
  8
Geometries
  6
Continuous
370
    40
100
AcDbEllipse
 10
238.7719396177028
 20
166.2150232328626
 30
0.0
 11
1.7
 21
1.084202172485504E-16
 31
0.0
210
0.0
220
0.0
230
0.9999999999999999
 40
0.5773502691896257
 41
2.467846744481924
 42
6.283185307179586
  0
ELLIPSE
  5
34B
330
1F
100
AcDbEntity
  8
Geometries
  6
Continuous
370
    40
100
AcDbEllipse
 10
232.0588682423905
 20
143.9476441818398
 30
0.0
 11
-0.01750000000000017
 21
0.03031088913245564
 31
0.0
210
0.0
220
0.0
230
1.0
 40
0.5773502691896257
 41
4.468090342943901
 42
5.497787143782068
  0
ELLIPSE
  5
34C
330
1F
100
AcDbEntity
  8
Geometries
  6
Continuous
370
    40
100
AcDbEllipse
 10
230.6623323495471
 20
143.1413538081737
 30
0.0
 11
-0.01750000000000017
 21
0.03031088913245564
 31
0.0
210
0.0
220
0.0
230
1.0
 40
0.5773502691896257
 41
4.468090342944278
 42
5.497787143782137
  0
ELLIPSE
  5
34D
330
1F
100
AcDbEntity
  8
Geometries
  6
Continuous
370
    40
100
AcDbEllipse
 10
232.6546057055401
 20
140.6602248228796
 30
0.0
 11
-0.2249999999999994
 21
-0.3897114317029977
 31
0.0
210
0.0
220
0.0
230
1.0
 40
0.5773502691896271
 41
6.283185307179584
 42
7.068583470576999
  0
ELLIPSE
  5
34E
330
1F
100
AcDbEntity
  8
Geometries
  6
Continuous
370
    40
100
AcDbEllipse
 10
219.0264579799006
 20
134.8007841911865
 30
0.0
 11
1.85
 21
2.276824562219559E-15
 31
0.0
210
0.0
220
0.0
230
1.0
 40
0.5773502691896251
 41
3.350712931180895
 42
5.186100744972946
  0
ELLIPSE
  5
34F
330
1F
100
AcDbEntity
  8
Geometries
  6
Continuous
370
    40
100
AcDbEllipse
 10
224.1054738881303
 20
173.1926632688841
 30
0.0
 11
1.85
 21
2.276824562219559E-15
 31
0.0
210
0.0
220
0.0
230
1.0
 40
0.5773502691896251
 41
1.53160420598091
 42
3.141592653589791
  0
ELLIPSE
  5
350
330
1F
100
AcDbEntity
  8
Geometries
  6
Continuous
370
    40
100
AcDbEllipse
 10
234.4223726585065
 20
141.6808455490392
 30
0.0
 11
-0.2249999999999994
 21
-0.3897114317029977
 31
0.0
210
0.0
220
0.0
230
1.0
 40
0.5773502691896271
 41
0.7853981633974783
 42
0.8465473758404212
  0
ELLIPSE
  5
351
330
1F
100
AcDbEntity
  8
Geometries
  6
Continuous
370
    40
100
AcDbEllipse
 10
231.7618833942921
 20
141.2981127767294
 30
0.0
 11
0.1249999999999995
 21
-2.981555974335138E-16
 31
0.0
210
0.0
220
0.0
230
1.0
 40
0.5773502691896298
 41
3.92699081698724
 42
6.141288252575436
  0
ELLIPSE
  5
352
330
1F
100
AcDbEntity
  8
Geometries
  6
Continuous
370
    40
100
AcDbEllipse
 10
230.9982080706107
 20
143.335271746144
 30
0.0
 11
-0.01750000000000017
 21
0.03031088913245564
 31
0.0
210
0.0
220
0.0
230
1.0
 40
0.5773502691896257
 41
4.468090342944283
 42
5.497787143782137
  0
ELLIPSE
  5
353
330
1F
100
AcDbEntity
  8
Geometries
  6
Continuous
370
    40
100
AcDbEllipse
 10
227.2717553337576
 20
139.7753466532992
 30
0.0
 11
1.7
 21
1.084202172485504E-16
 31
0.0
210
0.0
220
0.0
230
0.9999999999999999
 40
0.5773502691896257
 41
0.6737459091078022
 42
2.46784674448199
  0
ELLIPSE
  5
354
330
1F
100
AcDbEntity
  8
Geometries
  6
Continuous
370
    40
100
AcDbEllipse
 10
184.3608815164059
 20
154.8149640939987
 30
0.0
 11
1.85
 21
2.276824562219559E-15
 31
0.0
210
0.0
220
0.0
230
1.0
 40
0.5773502691896251
 41
3.141592653589794
 42
4.503268702793592
  0
ELLIPSE
  5
355
330
1F
100
AcDbEntity
  8
Geometries
  6
Continuous
370
    40
100
AcDbEllipse
 10
199.3410374768889
 20
163.2496233549713
 30
0.0
 11
1.7
 21
1.084202172485504E-16
 31
0.0
210
0.0
220
0.0
230
0.9999999999999999
 40
0.5773502691896257
 41
6.283185307179586
 42
6.956931216287397
  0
ELLIPSE
  5
356
330
1F
100
AcDbEntity
  8
Geometries
  6
Continuous
370
    40
100
AcDbEllipse
 10
249.6953893275358
 20
154.8210553019192
 30
0.0
 11
-3.35
 21
-1.084202172485504E-15
 31
0.0
210
0.0
220
0.0
230
1.0
 40
0.5773502691896256
 41
4.486989614201494
 42
5.961026569156854
  0
ELLIPSE
  5
357
330
1F
100
AcDbEntity
  8
Geometries
  6
Continuous
370
    40
100
AcDbEllipse
 10
237.2277541475589
 20
139.7589793871492
 30
0.0
 11
0.09999999999999953
 21
2.405573570202213E-16
 31
0.0
210
0.0
220
0.0
230
1.0
 40
0.5773502691896257
 41
3.92699081698726
 42
5.497787143782134
  0
ELLIPSE
  5
358
330
1F
100
AcDbEntity
  8
Geometries
  6
Continuous
370
    40
100
AcDbEllipse
 10
231.1431649607539
 20
143.4189626456891
 30
0.0
 11
0.07500000000000112
 21
-0.1299038105676666
 31
0.0
210
0.0
220
0.0
230
1.0
 40
0.5773502691896202
 41
1.712693381399063
 42
2.356194490192335
  0
ELLIPSE
  5
359
330
1F
100
AcDbEntity
  8
Geometries
  6
Continuous
370
    40
100
AcDbEllipse
 10
237.2277541475589
 20
140.0039283614275
 30
0.0
 11
0.09999999999999953
 21
2.405573570202213E-16
 31
0.0
210
0.0
220
0.0
230
1.0
 40
0.5773502691896257
 41
3.92699081698726
 42
4.30378022355526
  0
ELLIPSE
  5
35A
330
1F
100
AcDbEntity
  8
Geometries
  6
Continuous
370
    40
100
AcDbEllipse
 10
230.3733088907537
 20
158.5083334885873
 30
0.0
 11
22.34999999999999
 21
5.204170427930421E-15
 31
0.0
210
0.0
220
0.0
230
1.0
 40
0.5773502691896257
 41
0.0391921208139751
 42
0.2507317847622872
  0
ELLIPSE
  5
35B
330
1F
100
AcDbEntity
  8
Geometries
  6
Continuous
370
    40
100
AcDbEllipse
 10
248.6158723249196
 20
151.8842405284465
 30
0.0
 11
1.85
 21
2.276824562219559E-15
 31
0.0
210
0.0
220
0.0
230
1.0
 40
0.5773502691896251
 41
6.283185307179583
 42
7.644861356383382
  0
ELLIPSE
  5
35C
330
1F
100
AcDbEntity
  8
Geometries
  6
Continuous
370
    40
100
AcDbEllipse
 10
230.9471855832618
 20
140.55082464009
 30
0.0
 11
-0.1485444921641783
 21
0.02084547547277641
 31
0.0
210
0.0
220
0.0
230
0.9999999999999999
 40
0.4683231991813508
 41
1.101880385402028
 42
2.42947474158531
  0
ELLIPSE
  5
35D
330
1F
100
AcDbEntity
  8
Geometries
  6
Continuous
370
    40
100
AcDbEllipse
 10
233.4827263223474
 20
139.4761132950844
 30
0.0
 11
0.09980368620239863
 21
-0.006262924270091026
 31
0.0
210
0.0
220
0.0
230
1.0
 40
0.6162177918452957
 41
0.8225517329716507
 42
2.393975400456231
  0
ELLIPSE
  5
35E
330
1F
100
AcDbEntity
  8
Geometries
  6
Continuous
370
    40
100
AcDbEllipse
 10
234.6398726590266
 20
138.2648653131143
 30
0.0
 11
-0.09999999999999959
 21
-3.489775742687718E-16
 31
0.0
210
0.0
220
0.0
230
0.9999999999999999
 40
0.5773502691896255
 41
2.35619449019234
 42
3.926990816987256
  0
ELLIPSE
  5
35F
330
1F
100
AcDbEntity
  8
Geometries
  6
Continuous
370
    40
100
AcDbEllipse
 10
233.3767359178278
 20
139.4149197065035
 30
0.0
 11
0.09980368620239888
 21
-0.006262924270091009
 31
0.0
210
0.0
220
0.0
230
1.0
 40
0.616217791845293
 41
2.393749310705062
 42
3.141592653589794
  0
ELLIPSE
  5
360
330
1F
100
AcDbEntity
  8
Geometries
  6
Continuous
370
    40
100
AcDbEllipse
 10
233.3767359178278
 20
139.4149197065035
 30
0.0
 11
0.09980368620239888
 21
-0.006262924270091009
 31
0.0
210
0.0
220
0.0
230
1.0
 40
0.616217791845293
 41
3.141592653589794
 42
3.964414742375791
  0
ELLIPSE
  5
361
330
1F
100
AcDbEntity
  8
Geometries
  6
Continuous
370
    40
100
AcDbEllipse
 10
230.4855556542504
 20
143.0392917355577
 30
0.0
 11
-0.01750000000000017
 21
0.03031088913245564
 31
0.0
210
0.0
220
0.0
230
1.0
 40
0.5773502691896257
 41
3.926990816987278
 42
5.497787143782137
  0
ELLIPSE
  5
362
330
1F
100
AcDbEntity
  8
Geometries
  6
Continuous
370
    40
100
AcDbEllipse
 10
229.2375121854562
 20
142.3551616956603
 30
0.0
 11
0.1500000000000018
 21
-0.2598076211353311
 31
0.0
210
0.0
220
0.0
230
0.9999999999999999
 40
0.577350269189627
 41
3.92699081698723
 42
4.974188368183849
  0
ELLIPSE
  5
363
330
1F
100
AcDbEntity
  8
Geometries
  6
Continuous
370
    40
100
AcDbEllipse
 10
228.8132481167442
 20
141.9308976269483
 30
0.0
 11
-0.1500000000000031
 21
0.2598076211353313
 31
0.0
210
0.0
220
0.0
230
1.0
 40
0.5773502691896256
 41
3.926990816987234
 42
4.974188368183825
  0
ELLIPSE
  5
364
330
1F
100
AcDbEntity
  8
Geometries
  6
Continuous
370
    40
100
AcDbEllipse
 10
229.0253801511002
 20
142.2326872085211
 30
0.0
 11
0.1500000000000018
 21
-0.2598076211353311
 31
0.0
210
0.0
220
0.0
230
0.9999999999999999
 40
0.577350269189627
 41
3.926990816987237
 42
4.974188368183849
  0
ELLIPSE
  5
365
330
1F
100
AcDbEntity
  8
Geometries
  6
Continuous
370
    40
100
AcDbEllipse
 10
183.2813645137896
 20
151.878149320526
 30
0.0
 11
-3.35
 21
-1.084202172485504E-15
 31
0.0
210
0.0
220
0.0
230
1.0
 40
0.5773502691896256
 41
1.345396960611704
 42
3.463751391612484
  0
ELLIPSE
  5
366
330
1F
100
AcDbEntity
  8
Geometries
  6
Continuous
370
    40
100
AcDbEllipse
 10
213.939745579827
 20
134.1775247591312
 30
0.0
 11
-3.35
 21
-1.084202172485504E-15
 31
0.0
210
0.0
220
0.0
230
1.0
 40
0.5773502691896256
 41
6.057785940996387
 42
6.508584673362761
  0
ELLIPSE
  5
367
330
1F
100
AcDbEntity
  8
Geometries
  6
Continuous
370
    40
100
AcDbEllipse
 10
234.569161980908
 20
138.4689894583462
 30
0.0
 11
0.09999999999999953
 21
2.405573570202213E-16
 31
0.0
210
0.0
220
0.0
230
1.0
 40
0.5773502691896257
 41
3.926990816987215
 42
4.30378022355526
  0
ELLIPSE
  5
368
330
1F
100
AcDbEntity
  8
Geometries
  6
Continuous
370
    40
100
AcDbEllipse
 10
250.8575666770187
 20
157.7473352958334
 30
0.0
 11
1.85
 21
2.276824562219559E-15
 31
0.0
210
0.0
220
0.0
230
1.0
 40
0.5773502691896251
 41
4.486989614201523
 42
6.283185307179583
  0
ELLIPSE
  5
369
330
1F
100
AcDbEntity
  8
Geometries
  6
Continuous
370
    40
100
AcDbEllipse
 10
234.6115237224739
 20
139.2364589098869
 30
0.0
 11
0.5749999999999992
 21
0.9959292143521051
 31
0.0
210
0.0
220
0.0
230
1.0
 40
0.5773502691896254
 41
2.08937378897747
 42
2.18705110114303
  0
ELLIPSE
  5
36A
330
1F
100
AcDbEntity
  8
Geometries
  6
Continuous
370
    40
100
AcDbEllipse
 10
183.2813645137896
 20
151.878149320526
 30
0.0
 11
-3.35
 21
-1.084202172485504E-15
 31
0.0
210
0.0
220
0.0
230
1.0
 40
0.5773502691896256
 41
3.463751391612484
 42
4.503268702793587
  0
ELLIPSE
  5
36B
330
1F
100
AcDbEntity
  8
Geometries
  6
Continuous
370
    40
100
AcDbEllipse
 10
205.4565929814403
 20
135.8250812019817
 30
0.0
 11
5.349999999999999
 21
-2.168404344971009E-16
 31
0.0
210
0.0
220
0.0
230
0.9999999999999999
 40
0.5773502691896258
 41
3.926990816987241
 42
4.461657195622401
  0
ELLIPSE
  5
36C
330
1F
100
AcDbEntity
  8
Geometries
  6
Continuous
370
    40
100
AcDbEllipse
 10
186.1350159811442
 20
146.9803988842708
 30
0.0
 11
5.349999999999999
 21
-2.168404344971009E-16
 31
0.0
210
0.0
220
0.0
230
0.9999999999999999
 40
0.5773502691896258
 41
3.39232443835208
 42
3.926990816987241
  0
ELLIPSE
  5
36D
330
1F
100
AcDbEntity
  8
Geometries
  6
Continuous
370
    40
100
AcDbEllipse
 10
202.6034449505717
 20
149.4156160052495
 30
0.0
 11
22.34999999999999
 21
5.204170427930421E-15
 31
0.0
210
0.0
220
0.0
230
1.0
 40
0.5773502691896257
 41
3.180784774403769
 42
3.392324438352083
  0
ELLIPSE
  5
36E
330
1F
100
AcDbEntity
  8
Geometries
  6
Continuous
370
    40
100
AcDbEllipse
 10
223.3022410788883
 20
161.3660715218343
 30
0.0
 11
22.34999999999999
 21
5.204170427930421E-15
 31
0.0
210
0.0
220
0.0
230
1.0
 40
0.5773502691896257
 41
2.044508091383161
 42
2.356194490192344
  0
ELLIPSE
  5
36F
330
1F
100
AcDbEntity
  8
Geometries
  6
Continuous
370
    40
100
AcDbEllipse
 10
213.9502958614248
 20
171.8984204312588
 30
0.0
 11
1.85
 21
2.276824562219559E-15
 31
0.0
210
0.0
220
0.0
230
1.0
 40
0.5773502691896251
 41
0.2091202775910947
 42
2.044508091383173
  0
ELLIPSE
  5
370
330
1F
100
AcDbEntity
  8
Geometries
  6
Continuous
370
    40
100
AcDbEllipse
 10
223.3022410788883
 20
161.3660715218343
 30
0.0
 11
22.34999999999999
 21
5.204170427930421E-15
 31
0.0
210
0.0
220
0.0
230
1.0
 40
0.5773502691896257
 41
1.320064542032607
 42
1.531604205980917
  0
ELLIPSE
  5
371
330
1F
100
AcDbEntity
  8
Geometries
  6
Continuous
370
    40
100
AcDbEllipse
 10
227.520160859885
 20
170.8741234204634
 30
0.0
 11
5.349999999999999
 21
-2.168404344971009E-16
 31
0.0
210
0.0
220
0.0
230
0.9999999999999999
 40
0.5773502691896258
 41
0.7853981633974473
 42
1.320064542032605
  0
ELLIPSE
  5
372
330
1F
100
AcDbEntity
  8
Geometries
  6
Continuous
370
    40
100
AcDbEllipse
 10
230.3733088907548
 20
157.2835886171952
 30
0.0
 11
22.34999999999869
 21
-4.336808689942017E-15
 31
0.0
210
0.0
220
0.0
230
0.9999999999999998
 40
0.5773502691896257
 41
5.497787143782134
 42
5.809473542591332
  0
ELLIPSE
  5
373
330
1F
100
AcDbEntity
  8
Geometries
  6
Continuous
370
    40
100
AcDbEllipse
 10
239.9996773951154
 20
147.1238158816487
 30
0.0
 11
1.7
 21
1.084202172485504E-16
 31
0.0
210
0.0
220
0.0
230
0.9999999999999999
 40
0.5773502691896257
 41
0.6737459091077427
 42
2.467846744482046
  0
ELLIPSE
  5
374
330
1F
100
AcDbEntity
  8
Geometries
  6
Continuous
370
    40
100
AcDbEllipse
 10
227.2717553337576
 20
139.7753466532992
 30
0.0
 11
1.7
 21
1.084202172485504E-16
 31
0.0
210
0.0
220
0.0
230
0.9999999999999999
 40
0.5773502691896257
 41
6.283185307179586
 42
6.956931216287388
  0
ELLIPSE
  5
375
330
1F
100
AcDbEntity
  8
Geometries
  6
Continuous
370
    40
100
AcDbEllipse
 10
227.2717553337576
 20
139.7753466532992
 30
0.0
 11
1.7
 21
1.084202172485504E-16
 31
0.0
210
0.0
220
0.0
230
0.9999999999999999
 40
0.5773502691896257
 41
2.46784674448199
 42
6.283185307179586
  0
ELLIPSE
  5
376
330
1F
100
AcDbEntity
  8
Geometries
  6
Continuous
370
    40
100
AcDbEllipse
 10
199.3410374768889
 20
163.2496233549713
 30
0.0
 11
1.7
 21
1.084202172485504E-16
 31
0.0
210
0.0
220
0.0
230
0.9999999999999999
 40
0.5773502691896257
 41
0.6737459091078106
 42
2.467846744481983
  0
ELLIPSE
  5
377
330
1F
100
AcDbEntity
  8
Geometries
  6
Continuous
370
    40
100
AcDbEllipse
 10
223.3022410788883
 20
162.5908163932259
 30
0.0
 11
22.34999999999999
 21
5.204170427930421E-15
 31
0.0
210
0.0
220
0.0
230
1.0
 40
0.5773502691896257
 41
2.044508091383161
 42
2.356194490192344
  0
ELLIPSE
  5
378
330
1F
100
AcDbEntity
  8
Geometries
  6
Continuous
370
    40
100
AcDbEllipse
 10
246.8417378601812
 20
160.943550609566
 30
0.0
 11
5.349999999999999
 21
-2.168404344971009E-16
 31
0.0
210
0.0
220
0.0
230
0.9999999999999999
 40
0.5773502691896258
 41
0.2507317847622818
 42
0.7853981633974482
  0
ELLIPSE
  5
379
330
1F
100
AcDbEntity
  8
Geometries
  6
Continuous
370
    40
100
AcDbEllipse
 10
249.6953893275358
 20
156.0458001733108
 30
0.0
 11
-3.35
 21
-1.084202172485504E-15
 31
0.0
210
0.0
220
0.0
230
1.0
 40
0.5773502691896256
 41
0.3221587380226578
 42
1.361676049203796
  0
ELLIPSE
  5
37A
330
1F
100
AcDbEntity
  8
Geometries
  6
Continuous
370
    40
100
AcDbEllipse
 10
213.939745579827
 20
134.1775247591312
 30
0.0
 11
-3.35
 21
-1.084202172485504E-15
 31
0.0
210
0.0
220
0.0
230
1.0
 40
0.5773502691896256
 41
3.350712931180908
 42
6.002031753770624
  0
ELLIPSE
  5
37B
330
1F
100
AcDbEntity
  8
Geometries
  6
Continuous
370
    40
100
AcDbEllipse
 10
213.939745579827
 20
134.1775247591312
 30
0.0
 11
-3.35
 21
-1.084202172485504E-15
 31
0.0
210
0.0
220
0.0
230
1.0
 40
0.5773502691896256
 41
6.002031753770624
 42
6.057785940996387
  0
LINE
  5
37C
330
1F
100
AcDbEntity
  8
Geometries
  6
Continuous
370
    40
100
AcDbLine
 10
229.2375121854562
 20
142.3963006780772
 30
0.0
 11
229.7643067374401
 21
142.7004456544727
 31
0.0
  0
LINE
  5
37D
330
1F
100
AcDbEntity
  8
Geometries
  6
Continuous
370
    40
100
AcDbLine
 10
229.8350174155588
 20
142.6596208254263
 30
0.0
 11
229.7643067374401
 21
142.7004456544727
 31
0.0
  0
LINE
  5
37E
330
1F
100
AcDbEntity
  8
Geometries
  6
Continuous
370
    40
100
AcDbLine
 10
229.8350174155588
 20
142.5779711673336
 30
0.0
 11
229.8350174155588
 21
142.6596208254263
 31
0.0
  0
LINE
  5
37F
330
1F
100
AcDbEntity
  8
Geometries
  6
Continuous
370
    40
100
AcDbLine
 10
230.4360581795674
 20
142.9249822142278
 30
0.0
 11
230.3653475014487
 21
142.9658070432743
 31
0.0
  0
LINE
  5
380
330
1F
100
AcDbEntity
  8
Geometries
  6
Continuous
370
    40
100
AcDbLine
 10
234.505457705296
 20
145.2744511258474
 30
0.0
 11
234.5372775104493
 21
145.2928222989183
 31
0.0
  0
LINE
  5
381
330
1F
100
AcDbEntity
  8
Geometries
  6
Continuous
370
    40
100
AcDbLine
 10
234.4984513027893
 20
138.1832156550215
 30
0.0
 11
234.1130781070427
 21
138.4057109733243
 31
0.0
  0
LINE
  5
382
330
1F
100
AcDbEntity
  8
Geometries
  6
Continuous
370
    40
100
AcDbLine
 10
229.9057280936775
 20
142.61879599638
 30
0.0
 11
229.979974305702
 21
142.6616620668786
 31
0.0
  0
LINE
  5
383
330
1F
100
AcDbEntity
  8
Geometries
  6
Continuous
370
    40
100
AcDbLine
 10
232.6457668707753
 20
144.2007581219274
 30
0.0
 11
232.6457668707753
 21
144.2824077800202
 31
0.0
  0
LINE
  5
384
330
1F
100
AcDbEntity
  8
Geometries
  6
Continuous
370
    40
100
AcDbLine
 10
230.1213956619393
 20
142.7433117249714
 30
0.0
 11
230.1532154670927
 21
142.7616828980423
 31
0.0
  0
LINE
  5
385
330
1F
100
AcDbEntity
  8
Geometries
  6
Continuous
370
    40
100
AcDbLine
 10
230.1532154670927
 20
142.7616828980423
 30
0.0
 11
230.1532154670927
 21
142.8376397430558
 31
0.0
  0
LINE
  5
386
330
1F
100
AcDbEntity
  8
Geometries
  6
Continuous
370
    40
100
AcDbLine
 10
234.1589753825145
 20
141.4573296100103
 30
0.0
 11
234.185491886809
 21
141.4420202991179
 31
0.0
  0
LINE
  5
387
330
1F
100
AcDbEntity
  8
Geometries
  6
Continuous
370
    40
100
AcDbLine
 10
230.2239261452114
 20
142.9658070432743
 30
0.0
 11
230.1814997383402
 21
142.8923223509908
 31
0.0
  0
LINE
  5
388
330
1F
100
AcDbEntity
  8
Geometries
  6
Continuous
370
    40
100
AcDbLine
 10
230.1814997383402
 20
142.8923223509908
 30
0.0
 11
230.1532154670927
 21
142.8433325561351
 31
0.0
  0
LINE
  5
389
330
1F
100
AcDbEntity
  8
Geometries
  6
Continuous
370
    40
100
AcDbLine
 10
238.811738002722
 20
142.9433533872987
 30
0.0
 11
238.811738002722
 21
143.4827819668535
 31
0.0
  0
LINE
  5
38A
330
1F
100
AcDbEntity
  8
Geometries
  6
Continuous
370
    40
100
AcDbLine
 10
230.2309972130233
 20
142.9698895261789
 30
0.0
 11
230.2946368233301
 21
143.0066318723206
 31
0.0
  0
LINE
  5
38B
330
1F
100
AcDbEntity
  8
Geometries
  6
Continuous
370
    40
100
AcDbLine
 10
230.3653475014487
 20
142.9658070432743
 30
0.0
 11
230.3405987641072
 21
142.9800957334405
 31
0.0
  0
LINE
  5
38C
330
1F
100
AcDbEntity
  8
Geometries
  6
Continuous
370
    40
100
AcDbLine
 10
230.3405987641072
 20
142.9800957334405
 30
0.0
 11
230.2946368233301
 21
143.0066318723206
 31
0.0
  0
LINE
  5
38D
330
1F
100
AcDbEntity
  8
Geometries
  6
Continuous
370
    40
100
AcDbLine
 10
232.557378523127
 20
144.357933713756
 30
0.0
 11
232.2215028020634
 21
144.5518516517263
 31
0.0
  0
LINE
  5
38E
330
1F
100
AcDbEntity
  8
Geometries
  6
Continuous
370
    40
100
AcDbLine
 10
230.3653475014487
 20
142.8841573851815
 30
0.0
 11
230.4360581795674
 21
142.9249822142279
 31
0.0
  0
LINE
  5
38F
330
1F
100
AcDbEntity
  8
Geometries
  6
Continuous
370
    40
100
AcDbLine
 10
232.0800814458261
 20
144.4702019936336
 30
0.0
 11
232.0800814458261
 21
144.3722224039223
 31
0.0
  0
LINE
  5
390
330
1F
100
AcDbEntity
  8
Geometries
  6
Continuous
370
    40
100
AcDbLine
 10
233.7614661726682
 20
141.9416967228441
 30
0.0
 11
234.3089928192295
 21
142.3692904656004
 31
0.0
  0
LINE
  5
391
330
1F
100
AcDbEntity
  8
Geometries
  6
Continuous
370
    40
100
AcDbLine
 10
230.3299921623894
 20
143.4148801627845
 30
0.0
 11
230.2911012894241
 21
143.43733381876
 31
0.0
  0
LINE
  5
392
330
1F
100
AcDbEntity
  8
Geometries
  6
Continuous
370
    40
100
AcDbLine
 10
230.6481902139233
 20
143.047456701367
 30
0.0
 11
230.6835455529827
 21
143.0678691158902
 31
0.0
  0
LINE
  5
393
330
1F
100
AcDbEntity
  8
Geometries
  6
Continuous
370
    40
100
AcDbLine
 10
230.6835455529827
 20
143.0678691158902
 30
0.0
 11
230.6835455529827
 21
143.1438259609037
 31
0.0
  0
LINE
  5
394
330
1F
100
AcDbEntity
  8
Geometries
  6
Continuous
370
    40
100
AcDbLine
 10
235.1931190499999
 20
141.7584127242274
 30
0.0
 11
235.2196355542944
 21
141.743103413335
 31
0.0
  0
LINE
  5
395
330
1F
100
AcDbEntity
  8
Geometries
  6
Continuous
370
    40
100
AcDbLine
 10
230.6835455529827
 20
143.1438259609037
 30
0.0
 11
230.6835455529827
 21
143.149518773983
 31
0.0
  0
LINE
  5
396
330
1F
100
AcDbEntity
  8
Geometries
  6
Continuous
370
    40
100
AcDbLine
 10
231.7265280552328
 20
143.7459921893379
 30
0.0
 11
231.7265280552328
 21
143.7516850024172
 31
0.0
  0
LINE
  5
397
330
1F
100
AcDbEntity
  8
Geometries
  6
Continuous
370
    40
100
AcDbLine
 10
230.7542562311013
 20
143.2719932611221
 30
0.0
 11
230.7118298242301
 21
143.1985085688387
 31
0.0
  0
LINE
  5
398
330
1F
100
AcDbEntity
  8
Geometries
  6
Continuous
370
    40
100
AcDbLine
 10
230.7613272989132
 20
143.2760757440268
 30
0.0
 11
230.8072892396903
 21
143.3026118829069
 31
0.0
  0
LINE
  5
399
330
1F
100
AcDbEntity
  8
Geometries
  6
Continuous
370
    40
100
AcDbLine
 10
232.2953277594151
 20
140.3480387995181
 30
0.0
 11
232.3371882270126
 21
140.3238706472823
 31
0.0
  0
LINE
  5
39A
330
1F
100
AcDbEntity
  8
Geometries
  6
Continuous
370
    40
100
AcDbLine
 10
230.8779999178089
 20
143.2617870538605
 30
0.0
 11
230.8072892396903
 21
143.3026118829069
 31
0.0
  0
LINE
  5
39B
330
1F
100
AcDbEntity
  8
Geometries
  6
Continuous
370
    40
100
AcDbLine
 10
234.4153015906947
 20
141.3093396047171
 30
0.0
 11
234.4418180949891
 21
141.2940302938247
 31
0.0
  0
LINE
  5
39C
330
1F
100
AcDbEntity
  8
Geometries
  6
Continuous
370
    40
100
AcDbLine
 10
230.8779999178089
 20
143.1801373957678
 30
0.0
 11
230.9487105959276
 21
143.2209622248141
 31
0.0
  0
LINE
  5
39D
330
1F
100
AcDbEntity
  8
Geometries
  6
Continuous
370
    40
100
AcDbLine
 10
230.9487105959276
 20
143.2209622248141
 30
0.0
 11
231.0194212740463
 21
143.2617870538605
 31
0.0
  0
LINE
  5
39E
330
1F
100
AcDbEntity
  8
Geometries
  6
Continuous
370
    40
100
AcDbLine
 10
231.0194212740463
 20
143.2617870538605
 30
0.0
 11
231.0194212740463
 21
143.337743898874
 31
0.0
  0
LINE
  5
39F
330
1F
100
AcDbEntity
  8
Geometries
  6
Continuous
370
    40
100
AcDbLine
 10
233.8337062631687
 20
144.8866152499067
 30
0.0
 11
233.975127619406
 21
144.9682649079995
 31
0.0
  0
LINE
  5
3A0
330
1F
100
AcDbEntity
  8
Geometries
  6
Continuous
370
    40
100
AcDbLine
 10
231.0194212740463
 20
143.337743898874
 30
0.0
 11
231.0194212740463
 21
143.3434367119533
 31
0.0
  0
LINE
  5
3A1
330
1F
100
AcDbEntity
  8
Geometries
  6
Continuous
370
    40
100
AcDbLine
 10
231.2315533084022
 20
143.4659111990925
 30
0.0
 11
231.2068045710607
 21
143.4801998892587
 31
0.0
  0
LINE
  5
3A2
330
1F
100
AcDbEntity
  8
Geometries
  6
Continuous
370
    40
100
AcDbLine
 10
231.8679494114701
 20
144.3477275064944
 30
0.0
 11
231.8679494114701
 21
144.2497479167831
 31
0.0
  0
LINE
  5
3A3
330
1F
100
AcDbEntity
  8
Geometries
  6
Continuous
370
    40
100
AcDbLine
 10
235.3469794402132
 20
138.7547632616709
 30
0.0
 11
235.4176901183318
 21
138.7139384326245
 31
0.0
  0
LINE
  5
3A4
330
1F
100
AcDbEntity
  8
Geometries
  6
Continuous
370
    40
100
AcDbLine
 10
238.9178040199
 20
142.75964165659
 30
0.0
 11
239.023870037078
 21
142.8208789001596
 31
0.0
  0
LINE
  5
3A5
330
1F
100
AcDbEntity
  8
Geometries
  6
Continuous
370
    40
100
AcDbLine
 10
230.4714135186267
 20
143.5414371328283
 30
0.0
 11
230.3299921623894
 21
143.4597874747355
 31
0.0
  0
LINE
  5
3A6
330
1F
100
AcDbEntity
  8
Geometries
  6
Continuous
370
    40
100
AcDbLine
 10
231.3729746646395
 20
143.5418680441059
 30
0.0
 11
231.3729746646395
 21
143.5475608571853
 31
0.0
  0
LINE
  5
3A7
330
1F
100
AcDbEntity
  8
Geometries
  6
Continuous
370
    40
100
AcDbLine
 10
231.2953222493195
 20
143.4210785562042
 30
0.0
 11
231.3729746646395
 21
143.4659111990925
 31
0.0
  0
LINE
  5
3A8
330
1F
100
AcDbEntity
  8
Geometries
  6
Continuous
370
    40
100
AcDbLine
 10
230.5103043915919
 20
143.0250030453915
 30
0.0
 11
230.5103043915919
 21
142.9678482847266
 31
0.0
  0
LINE
  5
3A9
330
1F
100
AcDbEntity
  8
Geometries
  6
Continuous
370
    40
100
AcDbLine
 10
231.5143960208769
 20
144.0456237715512
 30
0.0
 11
231.8043098011633
 21
143.878241972461
 31
0.0
  0
LINE
  5
3AA
330
1F
100
AcDbEntity
  8
Geometries
  6
Continuous
370
    40
100
AcDbLine
 10
231.4436853427582
 20
143.6700353443244
 30
0.0
 11
231.401258935887
 21
143.5965506520409
 31
0.0
  0
LINE
  5
3AB
330
1F
100
AcDbEntity
  8
Geometries
  6
Continuous
370
    40
100
AcDbLine
 10
230.9487105959276
 20
143.2209622248142
 30
0.0
 11
230.8893715154872
 21
143.2552216588799
 31
0.0
  0
LINE
  5
3AC
330
1F
100
AcDbEntity
  8
Geometries
  6
Continuous
370
    40
100
AcDbLine
 10
231.401258935887
 20
143.5965506520409
 30
0.0
 11
231.3729746646395
 21
143.5475608571853
 31
0.0
  0
LINE
  5
3AD
330
1F
100
AcDbEntity
  8
Geometries
  6
Continuous
370
    40
100
AcDbLine
 10
230.8072892396903
 20
143.347519194858
 30
0.0
 11
230.4714135186267
 21
143.5414371328283
 31
0.0
  0
LINE
  5
3AE
330
1F
100
AcDbEntity
  8
Geometries
  6
Continuous
370
    40
100
AcDbLine
 10
233.6641299662944
 20
139.6202869719856
 30
0.0
 11
234.3431506567982
 21
139.228254193538
 31
0.0
  0
LINE
  5
3AF
330
1F
100
AcDbEntity
  8
Geometries
  6
Continuous
370
    40
100
AcDbLine
 10
231.5851066989955
 20
143.6700353443244
 30
0.0
 11
231.560357961654
 21
143.6843240344906
 31
0.0
  0
LINE
  5
3B0
330
1F
100
AcDbEntity
  8
Geometries
  6
Continuous
370
    40
100
AcDbLine
 10
231.1608426302836
 20
143.8414996263192
 30
0.0
 11
231.0194212740463
 21
143.7598499682265
 31
0.0
  0
LINE
  5
3B1
330
1F
100
AcDbEntity
  8
Geometries
  6
Continuous
370
    40
100
AcDbLine
 10
231.560357961654
 20
143.6843240344906
 30
0.0
 11
231.5143960208769
 21
143.7108601733708
 31
0.0
  0
LINE
  5
3B2
330
1F
100
AcDbEntity
  8
Geometries
  6
Continuous
370
    40
100
AcDbLine
 10
231.6558173771141
 20
143.629210515278
 30
0.0
 11
231.7265280552328
 21
143.6700353443244
 31
0.0
  0
LINE
  5
3B3
330
1F
100
AcDbEntity
  8
Geometries
  6
Continuous
370
    40
100
AcDbLine
 10
234.1483687807967
 20
145.6643282432404
 30
0.0
 11
234.1483687807967
 21
145.566348653529
 31
0.0
  0
LINE
  5
3B4
330
1F
100
AcDbEntity
  8
Geometries
  6
Continuous
370
    40
100
AcDbLine
 10
231.7265280552328
 20
143.6700353443244
 30
0.0
 11
231.7265280552328
 21
143.7459921893379
 31
0.0
  0
LINE
  5
3B5
330
1F
100
AcDbEntity
  8
Geometries
  6
Continuous
370
    40
100
AcDbLine
 10
231.7972387333515
 20
143.8741594895563
 30
0.0
 11
231.7548123264803
 21
143.8006747972728
 31
0.0
  0
LINE
  5
3B6
330
1F
100
AcDbEntity
  8
Geometries
  6
Continuous
370
    40
100
AcDbLine
 10
231.1608426302836
 20
143.9394792160305
 30
0.0
 11
231.0194212740463
 21
143.8578295579378
 31
0.0
  0
LINE
  5
3B7
330
1F
100
AcDbEntity
  8
Geometries
  6
Continuous
370
    40
100
AcDbLine
 10
231.7548123264803
 20
143.8006747972728
 30
0.0
 11
231.7265280552328
 21
143.7516850024172
 31
0.0
  0
LINE
  5
3B8
330
1F
100
AcDbEntity
  8
Geometries
  6
Continuous
370
    40
100
AcDbLine
 10
231.8149164028811
 20
141.6145052018389
 30
0.0
 11
231.6381397075845
 21
141.5124431292229
 31
0.0
  0
LINE
  5
3B9
330
1F
100
AcDbEntity
  8
Geometries
  6
Continuous
370
    40
100
AcDbLine
 10
231.7972387333515
 20
143.8741594895563
 30
0.0
 11
231.8043098011633
 21
143.878241972461
 31
0.0
  0
LINE
  5
3BA
330
1F
100
AcDbEntity
  8
Geometries
  6
Continuous
370
    40
100
AcDbLine
 10
234.6115237224739
 20
137.5953007822221
 30
0.0
 11
229.9446189666427
 21
140.2897394992836
 31
0.0
  0
LINE
  5
3BB
330
1F
100
AcDbEntity
  8
Geometries
  6
Continuous
370
    40
100
AcDbLine
 10
231.9386600895888
 20
143.8741594895563
 30
0.0
 11
231.9139113522473
 21
143.8884481797226
 31
0.0
  0
LINE
  5
3BC
330
1F
100
AcDbEntity
  8
Geometries
  6
Continuous
370
    40
100
AcDbLine
 10
231.9139113522473
 20
143.8884481797226
 30
0.0
 11
231.8679494114701
 21
143.9149843186027
 31
0.0
  0
LINE
  5
3BD
330
1F
100
AcDbEntity
  8
Geometries
  6
Continuous
370
    40
100
AcDbLine
 10
230.8893715154872
 20
143.2552216588799
 30
0.0
 11
230.8779999178089
 21
143.2617870538605
 31
0.0
  0
LINE
  5
3BE
330
1F
100
AcDbEntity
  8
Geometries
  6
Continuous
370
    40
100
AcDbLine
 10
233.7001209707038
 20
144.8780086134738
 30
0.0
 11
233.6887493730255
 21
144.8845740084544
 31
0.0
  0
LINE
  5
3BF
330
1F
100
AcDbEntity
  8
Geometries
  6
Continuous
370
    40
100
AcDbLine
 10
232.7871882270126
 20
144.8784502840975
 30
0.0
 11
232.7871882270126
 21
144.7804706943861
 31
0.0
  0
LINE
  5
3C0
330
1F
100
AcDbEntity
  8
Geometries
  6
Continuous
370
    40
100
AcDbLine
 10
231.9386600895888
 20
143.7925098314636
 30
0.0
 11
232.0093707677074
 21
143.83333466051
 31
0.0
  0
LINE
  5
3C1
330
1F
100
AcDbEntity
  8
Geometries
  6
Continuous
370
    40
100
AcDbLine
 10
232.0093707677074
 20
143.83333466051
 30
0.0
 11
232.0800814458261
 21
143.8741594895563
 31
0.0
  0
LINE
  5
3C2
330
1F
100
AcDbEntity
  8
Geometries
  6
Continuous
370
    40
100
AcDbLine
 10
232.0800814458261
 20
143.8741594895563
 30
0.0
 11
232.0800814458261
 21
143.9501163345698
 31
0.0
  0
LINE
  5
3C3
330
1F
100
AcDbEntity
  8
Geometries
  6
Continuous
370
    40
100
AcDbLine
 10
236.7409705752797
 20
140.2168641663963
 30
0.0
 11
236.7716702736936
 21
140.1855988506839
 31
0.0
  0
LINE
  5
3C4
330
1F
100
AcDbEntity
  8
Geometries
  6
Continuous
370
    40
100
AcDbLine
 10
232.1507921239447
 20
144.0782836347883
 30
0.0
 11
232.1083657170736
 21
144.0047989425048
 31
0.0
  0
LINE
  5
3C5
330
1F
100
AcDbEntity
  8
Geometries
  6
Continuous
370
    40
100
AcDbLine
 10
232.1083657170736
 20
144.0047989425048
 30
0.0
 11
232.0800814458261
 21
143.9558091476491
 31
0.0
  0
LINE
  5
3C6
330
1F
100
AcDbEntity
  8
Geometries
  6
Continuous
370
    40
100
AcDbLine
 10
236.5311893027849
 20
140.4305104904309
 30
0.0
 11
236.5311893027849
 21
140.1855615161526
 31
0.0
  0
LINE
  5
3C7
330
1F
100
AcDbEntity
  8
Geometries
  6
Continuous
370
    40
100
AcDbLine
 10
232.1507921239447
 20
144.0782836347883
 30
0.0
 11
232.1578631917566
 21
144.0823661176929
 31
0.0
  0
LINE
  5
3C8
330
1F
100
AcDbEntity
  8
Geometries
  6
Continuous
370
    40
100
AcDbLine
 10
250.6247591395292
 20
163.1276789635477
 30
0.0
 11
231.3031821392331
 21
174.2829966458367
 31
0.0
  0
LINE
  5
3C9
330
1F
100
AcDbEntity
  8
Geometries
  6
Continuous
370
    40
100
AcDbLine
 10
232.5927338621863
 20
142.0227534923027
 30
0.0
 11
232.5927338621863
 21
141.8594541761172
 31
0.0
  0
LINE
  5
3CA
330
1F
100
AcDbEntity
  8
Geometries
  6
Continuous
370
    40
100
AcDbLine
 10
235.9647388258747
 20
140.9962502339745
 30
0.0
 11
236.0707132401864
 21
141.0574345946183
 31
0.0
  0
LINE
  5
3CB
330
1F
100
AcDbEntity
  8
Geometries
  6
Continuous
370
    40
100
AcDbLine
 10
232.2674647428405
 20
144.0925723249545
 30
0.0
 11
232.2215028020634
 21
144.1191084638347
 31
0.0
  0
LINE
  5
3CC
330
1F
100
AcDbEntity
  8
Geometries
  6
Continuous
370
    40
100
AcDbLine
 10
232.2922134801821
 20
143.9966339766955
 30
0.0
 11
232.2922134801821
 21
144.0782836347883
 31
0.0
  0
LINE
  5
3CD
330
1F
100
AcDbEntity
  8
Geometries
  6
Continuous
370
    40
100
AcDbLine
 10
232.2922134801821
 20
143.9966339766955
 30
0.0
 11
232.3629241583007
 21
144.0374588057419
 31
0.0
  0
LINE
  5
3CE
330
1F
100
AcDbEntity
  8
Geometries
  6
Continuous
370
    40
100
AcDbLine
 10
234.0776581026781
 20
145.1907602263023
 30
0.0
 11
234.0847291704899
 21
145.1948427092069
 31
0.0
  0
LINE
  5
3CF
330
1F
100
AcDbEntity
  8
Geometries
  6
Continuous
370
    40
100
AcDbLine
 10
232.3629241583007
 20
144.0374588057419
 30
0.0
 11
232.4336348364193
 21
144.0782836347882
 31
0.0
  0
LINE
  5
3D0
330
1F
100
AcDbEntity
  8
Geometries
  6
Continuous
370
    40
100
AcDbLine
 10
231.1058035001705
 20
140.9799967706502
 30
0.0
 11
231.6007782470011
 21
140.6942229673255
 31
0.0
  0
LINE
  5
3D1
330
1F
100
AcDbEntity
  8
Geometries
  6
Continuous
370
    40
100
AcDbLine
 10
233.5225792794466
 20
144.8212955234325
 30
0.0
 11
233.4730818047636
 21
144.7927181431
 31
0.0
  0
LINE
  5
3D2
330
1F
100
AcDbEntity
  8
Geometries
  6
Continuous
370
    40
100
AcDbLine
 10
232.504345514538
 20
144.2824077800202
 30
0.0
 11
232.4619191076668
 21
144.2089230877367
 31
0.0
  0
LINE
  5
3D3
330
1F
100
AcDbEntity
  8
Geometries
  6
Continuous
370
    40
100
AcDbLine
 10
232.504345514538
 20
144.2824077800202
 30
0.0
 11
232.5114165823499
 21
144.2864902629248
 31
0.0
  0
LINE
  5
3D4
330
1F
100
AcDbEntity
  8
Geometries
  6
Continuous
370
    40
100
AcDbLine
 10
232.6457668707753
 20
144.2824077800202
 30
0.0
 11
232.6210181334337
 21
144.2966964701865
 31
0.0
  0
LINE
  5
3D5
330
1F
100
AcDbEntity
  8
Geometries
  6
Continuous
370
    40
100
AcDbLine
 10
232.6210181334337
 20
144.2966964701865
 30
0.0
 11
232.5750561926567
 21
144.3232326090666
 31
0.0
  0
LINE
  5
3D6
330
1F
100
AcDbEntity
  8
Geometries
  6
Continuous
370
    40
100
AcDbLine
 10
232.716477548894
 20
144.2415829509738
 30
0.0
 11
232.7871882270126
 21
144.2824077800202
 31
0.0
  0
LINE
  5
3D7
330
1F
100
AcDbEntity
  8
Geometries
  6
Continuous
370
    40
100
AcDbLine
 10
237.0013889362532
 20
140.7633974134872
 30
0.0
 11
236.3227221329454
 21
141.155225875067
 31
0.0
  0
LINE
  5
3D8
330
1F
100
AcDbEntity
  8
Geometries
  6
Continuous
370
    40
100
AcDbLine
 10
232.8578989051313
 20
144.4865319252521
 30
0.0
 11
232.8154724982601
 21
144.4130472329686
 31
0.0
  0
LINE
  5
3D9
330
1F
100
AcDbEntity
  8
Geometries
  6
Continuous
370
    40
100
AcDbLine
 10
229.7996620764995
 20
143.1536012568876
 30
0.0
 11
229.7996620764995
 21
143.1127764278412
 31
0.0
  0
LINE
  5
3DA
330
1F
100
AcDbEntity
  8
Geometries
  6
Continuous
370
    40
100
AcDbLine
 10
232.8154724982601
 20
144.4130472329686
 30
0.0
 11
232.7871882270126
 21
144.364057438113
 31
0.0
  0
LINE
  5
3DB
330
1F
100
AcDbEntity
  8
Geometries
  6
Continuous
370
    40
100
AcDbLine
 10
235.9647388258747
 20
140.9962502339745
 30
0.0
 11
235.9749166207602
 21
141.1584398582816
 31
0.0
  0
LINE
  5
3DC
330
1F
100
AcDbEntity
  8
Geometries
  6
Continuous
370
    40
100
AcDbLine
 10
232.8578989051313
 20
144.4865319252521
 30
0.0
 11
232.8649699729432
 21
144.4906144081568
 31
0.0
  0
LINE
  5
3DD
330
1F
100
AcDbEntity
  8
Geometries
  6
Continuous
370
    40
100
AcDbLine
 10
232.9745715240271
 20
144.5008206154184
 30
0.0
 11
232.9286095832499
 21
144.5273567542985
 31
0.0
  0
LINE
  5
3DE
330
1F
100
AcDbEntity
  8
Geometries
  6
Continuous
370
    40
100
AcDbLine
 10
232.8649699729432
 20
144.4906144081568
 30
0.0
 11
232.9286095832499
 21
144.5273567542985
 31
0.0
  0
LINE
  5
3DF
330
1F
100
AcDbEntity
  8
Geometries
  6
Continuous
370
    40
100
AcDbLine
 10
182.7146014016153
 20
156.5269672075457
 30
0.0
 11
182.7146014016154
 21
155.3022223361541
 31
0.0
  0
LINE
  5
3E0
330
1F
100
AcDbEntity
  8
Geometries
  6
Continuous
370
    40
100
AcDbLine
 10
232.9993202613686
 20
144.4865319252521
 30
0.0
 11
232.9745715240271
 21
144.5008206154184
 31
0.0
  0
LINE
  5
3E1
330
1F
100
AcDbEntity
  8
Geometries
  6
Continuous
370
    40
100
AcDbLine
 10
232.9993202613686
 20
144.4048822671594
 30
0.0
 11
232.9993202613686
 21
144.4865319252521
 31
0.0
  0
LINE
  5
3E2
330
1F
100
AcDbEntity
  8
Geometries
  6
Continuous
370
    40
100
AcDbLine
 10
233.0700309394873
 20
144.4457070962058
 30
0.0
 11
233.1442771515118
 21
144.4885731667044
 31
0.0
  0
LINE
  5
3E3
330
1F
100
AcDbEntity
  8
Geometries
  6
Continuous
370
    40
100
AcDbLine
 10
233.1476833548073
 20
144.490539739094
 30
0.0
 11
233.1476833548073
 21
144.5476944997589
 31
0.0
  0
LINE
  5
3E4
330
1F
100
AcDbEntity
  8
Geometries
  6
Continuous
370
    40
100
AcDbLine
 10
233.2114522957246
 20
144.6906560704841
 30
0.0
 11
233.1690258888534
 21
144.6171713782006
 31
0.0
  0
LINE
  5
3E5
330
1F
100
AcDbEntity
  8
Geometries
  6
Continuous
370
    40
100
AcDbLine
 10
233.1690258888534
 20
144.6171713782006
 30
0.0
 11
233.1407416176059
 21
144.5681815833449
 31
0.0
  0
LINE
  5
3E6
330
1F
100
AcDbEntity
  8
Geometries
  6
Continuous
370
    40
100
AcDbLine
 10
233.2114522957246
 20
144.6906560704841
 30
0.0
 11
233.2185233635364
 21
144.6947385533887
 31
0.0
  0
LINE
  5
3E7
330
1F
100
AcDbEntity
  8
Geometries
  6
Continuous
370
    40
100
AcDbLine
 10
233.2185233635364
 20
144.6947385533887
 30
0.0
 11
233.2821629738432
 21
144.7314808995305
 31
0.0
  0
LINE
  5
3E8
330
1F
100
AcDbEntity
  8
Geometries
  6
Continuous
370
    40
100
AcDbLine
 10
233.3528736519619
 20
144.6090064123913
 30
0.0
 11
233.4235843300805
 21
144.6498312414377
 31
0.0
  0
LINE
  5
3E9
330
1F
100
AcDbEntity
  8
Geometries
  6
Continuous
370
    40
100
AcDbLine
 10
233.3281249146203
 20
144.7049447606503
 30
0.0
 11
233.2821629738432
 21
144.7314808995305
 31
0.0
  0
LINE
  5
3EA
330
1F
100
AcDbEntity
  8
Geometries
  6
Continuous
370
    40
100
AcDbLine
 10
232.1858838488985
 20
140.2354277049216
 30
0.0
 11
232.1515829662615
 21
140.1590590693169
 31
0.0
  0
LINE
  5
3EB
330
1F
100
AcDbEntity
  8
Geometries
  6
Continuous
370
    40
100
AcDbLine
 10
233.3528736519619
 20
144.6090064123913
 30
0.0
 11
233.3528736519619
 21
144.6906560704841
 31
0.0
  0
LINE
  5
3EC
330
1F
100
AcDbEntity
  8
Geometries
  6
Continuous
370
    40
100
AcDbLine
 10
233.5650056863178
 20
144.894780215716
 30
0.0
 11
233.5225792794466
 21
144.8212955234325
 31
0.0
  0
LINE
  5
3ED
330
1F
100
AcDbEntity
  8
Geometries
  6
Continuous
370
    40
100
AcDbLine
 10
238.811738002722
 20
144.0375886379516
 30
0.0
 11
238.7336823257017
 21
144.1423104667836
 31
0.0
  0
LINE
  5
3EE
330
1F
100
AcDbEntity
  8
Geometries
  6
Continuous
370
    40
100
AcDbLine
 10
234.2826722062636
 20
142.6596478817681
 30
0.0
 11
234.3202817097404
 21
142.6379340248117
 31
0.0
  0
LINE
  5
3EF
330
1F
100
AcDbEntity
  8
Geometries
  6
Continuous
370
    40
100
AcDbLine
 10
233.5650056863178
 20
144.894780215716
 30
0.0
 11
233.5720767541297
 21
144.8988626986206
 31
0.0
  0
LINE
  5
3F0
330
1F
100
AcDbEntity
  8
Geometries
  6
Continuous
370
    40
100
AcDbLine
 10
234.4984513027893
 20
138.4281646292998
 30
0.0
 11
234.1130781070426
 21
138.6506599476026
 31
0.0
  0
LINE
  5
3F1
330
1F
100
AcDbEntity
  8
Geometries
  6
Continuous
370
    40
100
AcDbLine
 10
233.6887493730255
 20
144.8845740084544
 30
0.0
 11
233.6180386949068
 21
144.9253988375008
 31
0.0
  0
LINE
  5
3F2
330
1F
100
AcDbEntity
  8
Geometries
  6
Continuous
370
    40
100
AcDbLine
 10
233.6887493730255
 20
144.8029243503616
 30
0.0
 11
233.6887493730255
 21
144.8845740084544
 31
0.0
  0
LINE
  5
3F3
330
1F
100
AcDbEntity
  8
Geometries
  6
Continuous
370
    40
100
AcDbLine
 10
222.2554738881303
 20
174.4174081402757
 30
0.0
 11
222.2554738881303
 21
173.2097749388459
 31
0.0
  0
LINE
  5
3F4
330
1F
100
AcDbEntity
  8
Geometries
  6
Continuous
370
    40
100
AcDbLine
 10
233.6887493730255
 20
144.8029243503616
 30
0.0
 11
233.7594600511441
 21
144.843749179408
 31
0.0
  0
LINE
  5
3F5
330
1F
100
AcDbEntity
  8
Geometries
  6
Continuous
370
    40
100
AcDbLine
 10
237.573381968559
 20
140.3088563594268
 30
0.0
 11
237.585740329392
 21
140.5057947085677
 31
0.0
  0
LINE
  5
3F6
330
1F
100
AcDbEntity
  8
Geometries
  6
Continuous
370
    40
100
AcDbLine
 10
233.975127619406
 20
144.9682649079995
 30
0.0
 11
234.0069474245594
 21
144.9866360810704
 31
0.0
  0
LINE
  5
3F7
330
1F
100
AcDbEntity
  8
Geometries
  6
Continuous
370
    40
100
AcDbLine
 10
234.0069474245594
 20
144.9866360810704
 30
0.0
 11
234.0069474245594
 21
145.0682857391631
 31
0.0
  0
LINE
  5
3F8
330
1F
100
AcDbEntity
  8
Geometries
  6
Continuous
370
    40
100
AcDbLine
 10
231.8909303818587
 20
139.8518932077611
 30
0.0
 11
231.8838593140468
 21
139.8478107248565
 31
0.0
  0
LINE
  5
3F9
330
1F
100
AcDbEntity
  8
Geometries
  6
Continuous
370
    40
100
AcDbLine
 10
234.0352316958069
 20
145.1172755340188
 30
0.0
 11
234.0079775605541
 21
145.0700699870447
 31
0.0
  0
LINE
  5
3FA
330
1F
100
AcDbEntity
  8
Geometries
  6
Continuous
370
    40
100
AcDbLine
 10
234.0079775605541
 20
145.0700699870447
 30
0.0
 11
234.0069474245594
 21
145.0682857391631
 31
0.0
  0
LINE
  5
3FB
330
1F
100
AcDbEntity
  8
Geometries
  6
Continuous
370
    40
100
AcDbLine
 10
234.2190794589154
 20
145.1907602263023
 30
0.0
 11
234.1943307215739
 21
145.2050489164685
 31
0.0
  0
LINE
  5
3FC
330
1F
100
AcDbEntity
  8
Geometries
  6
Continuous
370
    40
100
AcDbLine
 10
229.979974305702
 20
142.7188168275436
 30
0.0
 11
229.9799743057021
 21
142.6616620668786
 31
0.0
  0
LINE
  5
3FD
330
1F
100
AcDbEntity
  8
Geometries
  6
Continuous
370
    40
100
AcDbLine
 10
234.2190794589154
 20
145.1091105682095
 30
0.0
 11
234.289790137034
 21
145.1499353972559
 31
0.0
  0
LINE
  5
3FE
330
1F
100
AcDbEntity
  8
Geometries
  6
Continuous
370
    40
100
AcDbLine
 10
237.5389457965862
 20
144.5274865865082
 30
0.0
 11
237.7510778309422
 21
144.6499610736474
 31
0.0
  0
LINE
  5
3FF
330
1F
100
AcDbEntity
  8
Geometries
  6
Continuous
370
    40
100
AcDbLine
 10
234.289790137034
 20
145.1499353972559
 30
0.0
 11
234.3640363490586
 21
145.1928014677546
 31
0.0
  0
LINE
  5
400
330
1F
100
AcDbEntity
  8
Geometries
  6
Continuous
370
    40
100
AcDbLine
 10
234.5372775104493
 20
145.3687791439317
 30
0.0
 11
234.5372775104493
 21
145.374471957011
 31
0.0
  0
LINE
  5
401
330
1F
100
AcDbEntity
  8
Geometries
  6
Continuous
370
    40
100
AcDbLine
 10
236.7409705752797
 20
140.2168641663963
 30
0.0
 11
236.8481456747159
 21
140.2787417389062
 31
0.0
  0
LINE
  5
402
330
1F
100
AcDbEntity
  8
Geometries
  6
Continuous
370
    40
100
AcDbLine
 10
234.5655617816968
 20
145.4234617518667
 30
0.0
 11
234.5372775104493
 21
145.374471957011
 31
0.0
  0
LINE
  5
403
330
1F
100
AcDbEntity
  8
Geometries
  6
Continuous
370
    40
100
AcDbLine
 10
231.6381397075845
 20
141.5124431292229
 30
0.0
 11
231.6734950466438
 21
141.4920307146997
 31
0.0
  0
LINE
  5
404
330
1F
100
AcDbEntity
  8
Geometries
  6
Continuous
370
    40
100
AcDbLine
 10
233.872597136134
 20
138.6506226130712
 30
0.0
 11
232.92860958325
 21
139.1956340808405
 31
0.0
  0
LINE
  5
405
330
1F
100
AcDbEntity
  8
Geometries
  6
Continuous
370
    40
100
AcDbLine
 10
232.7341552184236
 20
142.0084329155217
 30
0.0
 11
232.7341552184236
 21
141.9002790051636
 31
0.0
  0
LINE
  5
406
330
1F
100
AcDbEntity
  8
Geometries
  6
Continuous
370
    40
100
AcDbLine
 10
233.5296503472585
 20
141.788010725286
 30
0.0
 11
233.5296503472585
 21
141.7063610671932
 31
0.0
  0
LINE
  5
407
330
1F
100
AcDbEntity
  8
Geometries
  6
Continuous
370
    40
100
AcDbLine
 10
232.7871882270126
 20
144.7804706943861
 30
0.0
 11
233.1195284141703
 21
144.5885939978681
 31
0.0
  0
LINE
  5
408
330
1F
100
AcDbEntity
  8
Geometries
  6
Continuous
370
    40
100
AcDbLine
 10
231.8149164028811
 20
141.6145052018389
 30
0.0
 11
231.8149164028811
 21
141.4920307146997
 31
0.0
  0
LINE
  5
409
330
1F
100
AcDbEntity
  8
Geometries
  6
Continuous
370
    40
100
AcDbLine
 10
237.2195443846918
 20
139.9302009235508
 30
0.0
 11
237.188020847104
 21
139.9509463996073
 31
0.0
  0
LINE
  5
40A
330
1F
100
AcDbEntity
  8
Geometries
  6
Continuous
370
    40
100
AcDbLine
 10
231.1058035001705
 20
140.9799967706502
 30
0.0
 11
230.5582768536092
 21
140.7753611998452
 31
0.0
  0
LINE
  5
40B
330
1F
100
AcDbEntity
  8
Geometries
  6
Continuous
370
    40
100
AcDbLine
 10
230.5951131947999
 20
141.0378563203092
 30
0.0
 11
230.5582768536092
 21
140.7753611998452
 31
0.0
  0
LINE
  5
40C
330
1F
100
AcDbEntity
  8
Geometries
  6
Continuous
370
    40
100
AcDbLine
 10
230.7118298242301
 20
143.1985085688387
 30
0.0
 11
230.6623323495471
 21
143.1699311885062
 31
0.0
  0
LINE
  5
40D
330
1F
100
AcDbEntity
  8
Geometries
  6
Continuous
370
    40
100
AcDbLine
 10
229.9446189666427
 20
140.2897394992836
 30
0.0
 11
230.2062484756817
 21
140.4407913667553
 31
0.0
  0
LINE
  5
40E
330
1F
100
AcDbEntity
  8
Geometries
  6
Continuous
370
    40
100
AcDbLine
 10
233.4766173386695
 20
145.2764923672997
 30
0.0
 11
233.4766173386695
 21
145.1785127775884
 31
0.0
  0
LINE
  5
40F
330
1F
100
AcDbEntity
  8
Geometries
  6
Continuous
370
    40
100
AcDbLine
 10
236.0186662170352
 20
144.555934134631
 30
0.0
 11
236.0186662170352
 21
145.2826160916567
 31
0.0
  0
LINE
  5
410
330
1F
100
AcDbEntity
  8
Geometries
  6
Continuous
370
    40
100
AcDbLine
 10
229.2375121854562
 20
141.9308976269483
 30
0.0
 11
229.2375121854562
 21
142.3963006780772
 31
0.0
  0
LINE
  5
411
330
1F
100
AcDbEntity
  8
Geometries
  6
Continuous
370
    40
100
AcDbLine
 10
239.0945807151966
 20
140.183594943763
 30
0.0
 11
234.4276759593654
 21
142.8780336608245
 31
0.0
  0
LINE
  5
412
330
1F
100
AcDbEntity
  8
Geometries
  6
Continuous
370
    40
100
AcDbLine
 10
240.0138195307391
 20
141.7757632765721
 30
0.0
 11
235.3469147749079
 21
144.4702019936336
 31
0.0
  0
LINE
  5
413
330
1F
100
AcDbEntity
  8
Geometries
  6
Continuous
370
    40
100
AcDbLine
 10
234.9271481627411
 20
138.9708558054864
 30
0.0
 11
235.0323169225852
 21
138.9364337509273
 31
0.0
  0
LINE
  5
414
330
1F
100
AcDbEntity
  8
Geometries
  6
Continuous
370
    40
100
AcDbLine
 10
238.811738002722
 20
143.4827819668535
 30
0.0
 11
238.811738002722
 21
143.4891630875063
 31
0.0
  0
LINE
  5
415
330
1F
100
AcDbEntity
  8
Geometries
  6
Continuous
370
    40
100
AcDbLine
 10
224.1779607514034
 20
175.4846859320826
 30
0.0
 11
224.1779607514034
 21
174.259941060691
 31
0.0
  0
LINE
  5
416
330
1F
100
AcDbEntity
  8
Geometries
  6
Continuous
370
    40
100
AcDbLine
 10
238.811738002722
 20
143.4891630875063
 30
0.0
 11
238.811738002722
 21
143.9068193527934
 31
0.0
  0
LINE
  5
417
330
1F
100
AcDbEntity
  8
Geometries
  6
Continuous
370
    40
100
AcDbLine
 10
236.0707132401864
 20
141.0574345946183
 30
0.0
 11
236.0791737334885
 21
141.1922579426626
 31
0.0
  0
LINE
  5
418
330
1F
100
AcDbEntity
  8
Geometries
  6
Continuous
370
    40
100
AcDbLine
 10
232.266477548894
 20
140.3646954763286
 30
0.0
 11
232.2953277594151
 21
140.3480387995181
 31
0.0
  0
LINE
  5
419
330
1F
100
AcDbEntity
  8
Geometries
  6
Continuous
370
    40
100
AcDbLine
 10
248.9999312585426
 20
154.1538137327082
 30
0.0
 11
248.9999312585426
 21
152.9290688613166
 31
0.0
  0
LINE
  5
41A
330
1F
100
AcDbEntity
  8
Geometries
  6
Continuous
370
    40
100
AcDbLine
 10
239.023870037078
 20
142.8208789001596
 30
0.0
 11
239.023870037078
 21
142.9270234556802
 31
0.0
  0
LINE
  5
41B
330
1F
100
AcDbEntity
  8
Geometries
  6
Continuous
370
    40
100
AcDbLine
 10
235.134782740552
 20
146.1604797483637
 30
0.0
 11
235.134782740552
 21
146.0049014124072
 31
0.0
  0
LINE
  5
41C
330
1F
100
AcDbEntity
  8
Geometries
  6
Continuous
370
    40
100
AcDbLine
 10
232.8154724982601
 20
144.4130472329686
 30
0.0
 11
232.765975023577
 21
144.3844698526362
 31
0.0
  0
ELLIPSE
  5
41D
330
1F
100
AcDbEntity
  8
Geometries
  6
Continuous
370
    40
100
AcDbEllipse
 10
236.3462199853222
 20
144.367173068762
 30
0.0
 11
-0.08159830056250551
 21
0.1413324023855365
 31
0.0
210
0.0
220
0.0
230
1.0
 40
0.5773502691896195
 41
6.283185307179578
 42
7.071225998419792
  0
LINE
  5
41E
330
1F
100
AcDbEntity
  8
Geometries
  6
Continuous
370
    40
100
AcDbLine
 10
235.2128384175723
 20
146.1750706449168
 30
0.0
 11
235.134782740552
 21
146.1604797483637
 31
0.0
  0
ELLIPSE
  5
41F
330
1F
100
AcDbEntity
  8
Geometries
  6
Continuous
370
    40
100
AcDbEllipse
 10
231.7972387333515
 20
142.0941969431339
 30
0.0
 11
-0.7999999999999964
 21
-1.385640646055104
 31
0.0
210
0.0
220
0.0
230
1.0
 40
0.5773502691896276
 41
0.610865238198017
 42
0.7853981633974403
  0
LINE
  5
420
330
1F
100
AcDbEntity
  8
Geometries
  6
Continuous
370
    40
100
AcDbLine
 10
236.0186662170352
 20
145.2826160916567
 30
0.0
 11
236.0186662170352
 21
145.6501693852838
 31
0.0
  0
LINE
  5
421
330
1F
100
AcDbEntity
  8
Geometries
  6
Continuous
370
    40
100
AcDbLine
 10
236.7403331825273
 20
140.3984458493259
 30
0.0
 11
235.9645613242602
 21
140.9089772725908
 31
0.0
  0
ELLIPSE
  5
422
330
1F
100
AcDbEntity
  8
Geometries
  6
Continuous
370
    40
100
AcDbEllipse
 10
231.8502717419404
 20
143.827210936153
 30
0.0
 11
0.07500000000000112
 21
-0.1299038105676666
 31
0.0
210
0.0
220
0.0
230
1.0
 40
0.5773502691896202
 41
1.712693381399063
 42
2.356194490192335
  0
LINE
  5
423
330
1F
100
AcDbEntity
  8
Geometries
  6
Continuous
370
    40
100
AcDbLine
 10
237.5389457965862
 20
143.7843448656543
 30
0.0
 11
236.2759815129397
 21
144.5134910962596
 31
0.0
  0
LINE
  5
424
330
1F
100
AcDbEntity
  8
Geometries
  6
Continuous
370
    40
100
AcDbLine
 10
237.5389457965862
 20
143.6782003101337
 30
0.0
 11
237.5389457965862
 21
143.7843448656543
 31
0.0
  0
LINE
  5
425
330
1F
100
AcDbEntity
  8
Geometries
  6
Continuous
370
    40
100
AcDbLine
 10
237.7510778309422
 20
143.5557258229945
 30
0.0
 11
237.7510778309422
 21
144.6499610736474
 31
0.0
  0
ELLIPSE
  5
426
330
1F
100
AcDbEntity
  8
Geometries
  6
Continuous
370
    40
100
AcDbEllipse
 10
234.9562382783024
 20
142.254434397141
 30
0.0
 11
-0.2249999999999994
 21
-0.3897114317029977
 31
0.0
210
0.0
220
0.0
230
1.0
 40
0.5773502691896271
 41
0.3742603010750871
 42
0.7853981633974456
  0
LINE
  5
427
330
1F
100
AcDbEntity
  8
Geometries
  6
Continuous
370
    40
100
AcDbLine
 10
228.8475650262576
 20
175.0911081540707
 30
0.0
 11
228.8475650262576
 21
173.8663632826791
 31
0.0
  0
ELLIPSE
  5
428
330
1F
100
AcDbEntity
  8
Geometries
  6
Continuous
370
    40
100
AcDbEllipse
 10
236.1247322342131
 20
144.4946968910614
 30
0.0
 11
0.07500000000000112
 21
-0.1299038105676666
 31
0.0
210
0.0
220
0.0
230
1.0
 40
0.5773502691896202
 41
5.498685466024189
 42
7.068583778362175
  0
LINE
  5
429
330
1F
100
AcDbEntity
  8
Geometries
  6
Continuous
370
    40
100
AcDbLine
 10
237.8291335079626
 20
144.6645519702004
 30
0.0
 11
237.7510778309422
 21
144.6499610736474
 31
0.0
  0
ELLIPSE
  5
42A
330
1F
100
AcDbEntity
  8
Geometries
  6
Continuous
370
    40
100
AcDbEllipse
 10
234.4807089679544
 20
145.3458945766786
 30
0.0
 11
-0.01750000000000017
 21
0.03031088913245564
 31
0.0
210
0.0
220
0.0
230
1.0
 40
0.5773502691896257
 41
3.926990816987227
 42
5.497787143782137
  0
LINE
  5
42B
330
1F
100
AcDbEntity
  8
Geometries
  6
Continuous
370
    40
100
AcDbLine
 10
231.3729746646395
 20
144.0619537031697
 30
0.0
 11
231.3729746646395
 21
143.9639741134584
 31
0.0
  0
ELLIPSE
  5
42C
330
1F
100
AcDbEntity
  8
Geometries
  6
Continuous
370
    40
100
AcDbEllipse
 10
234.2029268020515
 20
142.43052770917
 30
0.0
 11
0.1479398139358758
 21
0.0247752185180794
 31
0.0
210
0.0
220
0.0
230
1.0
 40
0.6688348434219153
 41
5.393897596678368
 42
6.283185307179611
  0
LINE
  5
42D
330
1F
100
AcDbEntity
  8
Geometries
  6
Continuous
370
    40
100
AcDbLine
 10
231.4967183513472
 20
143.7455612780602
 30
0.0
 11
231.1608426302836
 21
143.9394792160305
 31
0.0
  0
ELLIPSE
  5
42E
330
1F
100
AcDbEntity
  8
Geometries
  6
Continuous
370
    40
100
AcDbEllipse
 10
233.0700309394873
 20
143.4005914726183
 30
0.0
 11
0.7999999999999967
 21
1.385640646055104
 31
0.0
210
0.0
220
0.0
230
1.0
 40
0.5773502691896276
 41
3.926990816987237
 42
4.101523742186664
  0
LINE
  5
42F
330
1F
100
AcDbEntity
  8
Geometries
  6
Continuous
370
    40
100
AcDbLine
 10
234.4223726585065
 20
141.3134220876218
 30
0.0
 11
234.4153015906947
 21
141.3093396047171
 31
0.0
  0
ELLIPSE
  5
430
330
1F
100
AcDbEntity
  8
Geometries
  6
Continuous
370
    40
100
AcDbEllipse
 10
209.6745127624372
 20
145.3331331006109
 30
0.0
 11
22.34999999999999
 21
5.204170427930421E-15
 31
0.0
210
0.0
220
0.0
230
1.0
 40
0.5773502691896257
 41
4.461657195622397
 42
4.67319685957071
  0
LINE
  5
431
330
1F
100
AcDbEntity
  8
Geometries
  6
Continuous
370
    40
100
AcDbLine
 10
234.4418180949891
 20
141.2940302938247
 30
0.0
 11
235.2196355542944
 21
141.743103413335
 31
0.0
  0
ELLIPSE
  5
432
330
1F
100
AcDbEntity
  8
Geometries
  6
Continuous
370
    40
100
AcDbEllipse
 10
235.134782740552
 20
145.7599524381289
 30
0.0
 11
0.1500000000000018
 21
-0.2598076211353311
 31
0.0
210
0.0
220
0.0
230
0.9999999999999999
 40
0.577350269189627
 41
3.926990816987234
 42
4.593350030937957
  0
LINE
  5
433
330
1F
100
AcDbEntity
  8
Geometries
  6
Continuous
370
    40
100
AcDbLine
 10
234.289790137034
 20
145.1499353972559
 30
0.0
 11
234.2190794589154
 21
145.1907602263023
 31
0.0
  0
LINE
  5
434
330
1F
100
AcDbEntity
  8
Geometries
  6
Continuous
370
    40
100
AcDbLine
 10
235.5872017499009
 20
140.9346971291538
 30
0.0
 11
235.5872017499009
 21
140.7305729839218
 31
0.0
  0
ELLIPSE
  5
435
330
1F
100
AcDbEntity
  8
Geometries
  6
Continuous
370
    40
100
AcDbEllipse
 10
236.1459454376487
 20
141.0531638024511
 30
0.0
 11
0.2500000000000007
 21
-5.963111948670274E-16
 31
0.0
210
0.0
220
0.0
230
1.0
 40
0.5773502691896217
 41
1.267238686306689
 42
1.841165084657149
  0
LINE
  5
436
330
1F
100
AcDbEntity
  8
Geometries
  6
Continuous
370
    40
100
AcDbLine
 10
232.3371882270126
 20
140.3238706472823
 30
0.0
 11
232.1865508594683
 21
140.2369001225806
 31
0.0
  0
LINE
  5
437
330
1F
100
AcDbEntity
  8
Geometries
  6
Continuous
370
    40
100
AcDbLine
 10
234.185491886809
 20
141.4726389209027
 30
0.0
 11
234.3197316418045
 21
141.5501422795853
 31
0.0
  0
LINE
  5
438
330
1F
100
AcDbEntity
  8
Geometries
  6
Continuous
370
    40
100
AcDbLine
 10
234.3197316418045
 20
141.5501422795853
 30
0.0
 11
234.5623861818105
 21
141.6902389435778
 31
0.0
  0
LINE
  5
439
330
1F
100
AcDbEntity
  8
Geometries
  6
Continuous
370
    40
100
AcDbLine
 10
233.2821629738432
 20
145.1642240874222
 30
0.0
 11
233.2821629738432
 21
145.0662444977108
 31
0.0
  0
ELLIPSE
  5
43A
330
1F
100
AcDbEntity
  8
Geometries
  6
Continuous
370
    40
100
AcDbEllipse
 10
237.2984648256776
 20
141.1878484037727
 30
0.0
 11
-0.8000000000000014
 21
1.385640646055101
 31
0.0
210
0.0
220
0.0
230
0.9999999999999999
 40
0.5773502691896256
 41
2.286381320112581
 42
2.356194490192344
  0
LINE
  5
43B
330
1F
100
AcDbEntity
  8
Geometries
  6
Continuous
370
    40
100
AcDbLine
 10
234.7979198255418
 20
141.8262243561893
 30
0.0
 11
234.8290695911188
 21
141.8442086817303
 31
0.0
  0
ELLIPSE
  5
43C
330
1F
100
AcDbEntity
  8
Geometries
  6
Continuous
370
    40
100
AcDbEllipse
 10
235.186047982188
 20
142.1217537027402
 30
0.0
 11
-0.2249999999999994
 21
-0.3897114317029977
 31
0.0
210
0.0
220
0.0
230
1.0
 40
0.5773502691896271
 41
6.283185307179584
 42
7.068583470577032
  0
LINE
  5
43D
330
1F
100
AcDbEntity
  8
Geometries
  6
Continuous
370
    40
100
AcDbLine
 10
236.1438429639065
 20
144.5001106514881
 30
0.0
 11
236.3511016154526
 21
144.6719743167396
 31
0.0
  0
ELLIPSE
  5
43E
330
1F
100
AcDbEntity
  8
Geometries
  6
Continuous
370
    40
100
AcDbEllipse
 10
233.4873532709978
 20
139.5182248993697
 30
0.0
 11
-0.2500000000000001
 21
1.490777987167569E-16
 31
0.0
210
0.0
220
0.0
230
1.0
 40
0.5773502691896256
 41
5.465549033155453
 42
5.497787143782149
  0
LINE
  5
43F
330
1F
100
AcDbEntity
  8
Geometries
  6
Continuous
370
    40
100
AcDbLine
 10
231.8909303818587
 20
139.8518932077611
 30
0.0
 11
231.6611206779731
 21
139.9845739021619
 31
0.0
  0
LINE
  5
440
330
1F
100
AcDbEntity
  8
Geometries
  6
Continuous
370
    40
100
AcDbLine
 10
232.6881932776465
 20
140.2815745334744
 30
0.0
 11
231.9103758183413
 21
139.8325014139641
 31
0.0
  0
LINE
  5
441
330
1F
100
AcDbEntity
  8
Geometries
  6
Continuous
370
    40
100
AcDbLine
 10
232.661676773352
 20
140.2968838443667
 30
0.0
 11
232.6881932776465
 21
140.2815745334744
 31
0.0
  0
LINE
  5
442
330
1F
100
AcDbEntity
  8
Geometries
  6
Continuous
370
    40
100
AcDbLine
 10
230.1814997383402
 20
142.8923223509908
 30
0.0
 11
230.1320022636571
 21
142.8637449706583
 31
0.0
  0
ELLIPSE
  5
443
330
1F
100
AcDbEntity
  8
Geometries
  6
Continuous
370
    40
100
AcDbEllipse
 10
233.2644853043136
 20
144.6437075170807
 30
0.0
 11
0.07500000000000112
 21
-0.1299038105676666
 31
0.0
210
0.0
220
0.0
230
1.0
 40
0.5773502691896202
 41
1.712693381399054
 42
2.356194490192335
  0
LINE
  5
444
330
1F
100
AcDbEntity
  8
Geometries
  6
Continuous
370
    40
100
AcDbLine
 10
232.4053505651719
 20
140.4448738496599
 30
0.0
 11
232.2976273144709
 21
140.3826798018697
 31
0.0
  0
ELLIPSE
  5
445
330
1F
100
AcDbEntity
  8
Geometries
  6
Continuous
370
    40
100
AcDbEllipse
 10
233.1053862785466
 20
139.2976961534564
 30
0.0
 11
-0.2500000000000001
 21
1.490777987167569E-16
 31
0.0
210
0.0
220
0.0
230
1.0
 40
0.5773502691896256
 41
5.497787143782138
 42
7.068583470577035
  0
LINE
  5
446
330
1F
100
AcDbEntity
  8
Geometries
  6
Continuous
370
    40
100
AcDbLine
 10
233.288631438451
 20
139.6076169410869
 30
0.0
 11
233.2810094895205
 21
139.486156331554
 31
0.0
  0
ELLIPSE
  5
447
330
1F
100
AcDbEntity
  8
Geometries
  6
Continuous
370
    40
100
AcDbEllipse
 10
233.5650056863178
 20
143.1148176692936
 30
0.0
 11
-0.7999999999999964
 21
-1.385640646055104
 31
0.0
210
0.0
220
0.0
230
1.0
 40
0.5773502691896276
 41
0.905576998039572
 42
0.9599310885968722
  0
LINE
  5
448
330
1F
100
AcDbEntity
  8
Geometries
  6
Continuous
370
    40
100
AcDbLine
 10
232.1142315249671
 20
140.2767961934314
 30
0.0
 11
232.0309439051626
 21
140.2287100637172
 31
0.0
  0
LINE
  5
449
330
1F
100
AcDbEntity
  8
Geometries
  6
Continuous
370
    40
100
AcDbLine
 10
231.6540496101612
 20
140.011110041042
 30
0.0
 11
231.6275331058667
 21
139.9958007301497
 31
0.0
  0
LINE
  5
44A
330
1F
100
AcDbEntity
  8
Geometries
  6
Continuous
370
    40
100
AcDbLine
 10
231.6275331058667
 20
139.9958007301497
 30
0.0
 11
231.6540496101612
 21
139.9804914192572
 31
0.0
  0
LINE
  5
44B
330
1F
100
AcDbEntity
  8
Geometries
  6
Continuous
370
    40
100
AcDbLine
 10
233.0700309394873
 20
142.0941969431339
 30
0.0
 11
233.5650056863178
 21
141.8084231398092
 31
0.0
  0
LINE
  5
44C
330
1F
100
AcDbEntity
  8
Geometries
  6
Continuous
370
    40
100
AcDbLine
 10
232.0447261067667
 20
140.7673899991264
 30
0.0
 11
231.9740154286481
 21
140.8082148281727
 31
0.0
  0
ELLIPSE
  5
44D
330
1F
100
AcDbEntity
  8
Geometries
  6
Continuous
370
    40
100
AcDbEllipse
 10
237.7934395725081
 20
141.4736222070974
 30
0.0
 11
0.7999999999999979
 21
-1.385640646055102
 31
0.0
210
0.0
220
0.0
230
1.0
 40
0.5773502691896254
 41
5.427973973702375
 42
5.497787143782142
  0
LINE
  5
44E
330
1F
100
AcDbEntity
  8
Geometries
  6
Continuous
370
    40
100
AcDbLine
 10
230.6481902139234
 20
143.104611462032
 30
0.0
 11
230.5103043915919
 21
143.0250030453915
 31
0.0
  0
LINE
  5
44F
330
1F
100
AcDbEntity
  8
Geometries
  6
Continuous
370
    40
100
AcDbLine
 10
233.5296503472585
 20
141.788010725286
 30
0.0
 11
233.5650056863178
 21
141.8084231398092
 31
0.0
  0
ELLIPSE
  5
450
330
1F
100
AcDbEntity
  8
Geometries
  6
Continuous
370
    40
100
AcDbEllipse
 10
233.4873532709978
 20
139.5182248993697
 30
0.0
 11
-0.2500000000000001
 21
1.490777987167569E-16
 31
0.0
210
0.0
220
0.0
230
1.0
 40
0.5773502691896256
 41
4.408421169574689
 42
4.98258785282904
  0
LINE
  5
451
330
1F
100
AcDbEntity
  8
Geometries
  6
Continuous
370
    40
100
AcDbLine
 10
233.6003610253772
 20
141.6655362381468
 30
0.0
 11
233.5296503472585
 21
141.7063610671932
 31
0.0
  0
LINE
  5
452
330
1F
100
AcDbEntity
  8
Geometries
  6
Continuous
370
    40
100
AcDbLine
 10
252.0244493299716
 20
161.7099277623446
 30
0.0
 11
252.0244493299716
 21
160.485182890953
 31
0.0
  0
ELLIPSE
  5
453
330
1F
100
AcDbEntity
  8
Geometries
  6
Continuous
370
    40
100
AcDbEllipse
 10
234.661021197157
 20
145.4499978907469
 30
0.0
 11
0.07500000000000112
 21
-0.1299038105676666
 31
0.0
210
0.0
220
0.0
230
1.0
 40
0.5773502691896202
 41
2.035138019149319
 42
2.356194490192335
  0
LINE
  5
454
330
1F
100
AcDbEntity
  8
Geometries
  6
Continuous
370
    40
100
AcDbLine
 10
234.1660464503264
 20
142.7269817933529
 30
0.0
 11
234.2826722062636
 21
142.6596478817681
 31
0.0
  0
ELLIPSE
  5
455
330
1F
100
AcDbEntity
  8
Geometries
  6
Continuous
370
    40
100
AcDbEllipse
 10
233.4873532709978
 20
139.5182248993697
 30
0.0
 11
-0.2500000000000001
 21
1.490777987167569E-16
 31
0.0
210
0.0
220
0.0
230
1.0
 40
0.5773502691896256
 41
3.92699081698725
 42
4.408421169574689
  0
LINE
  5
456
330
1F
100
AcDbEntity
  8
Geometries
  6
Continuous
370
    40
100
AcDbLine
 10
234.3202817097404
 20
142.6379340248117
 30
0.0
 11
234.3284534620205
 21
142.633216061433
 31
0.0
  0
ELLIPSE
  5
457
330
1F
100
AcDbEntity
  8
Geometries
  6
Continuous
370
    40
100
AcDbEllipse
 10
233.9892697550298
 20
145.0621620148062
 30
0.0
 11
-0.01750000000000017
 21
0.03031088913245564
 31
0.0
210
0.0
220
0.0
230
1.0
 40
0.5773502691896257
 41
4.640744908661664
 42
5.497787143782137
  0
LINE
  5
458
330
1F
100
AcDbEntity
  8
Geometries
  6
Continuous
370
    40
100
AcDbLine
 10
238.0055716068641
 20
140.2897021647522
 30
0.0
 11
238.0055716068641
 21
140.1264028485667
 31
0.0
  0
LINE
  5
459
330
1F
100
AcDbEntity
  8
Geometries
  6
Continuous
370
    40
100
AcDbLine
 10
230.2062484756817
 20
140.4407913667553
 30
0.0
 11
230.7012232225123
 21
140.1550175634306
 31
0.0
  0
LINE
  5
45A
330
1F
100
AcDbEntity
  8
Geometries
  6
Continuous
370
    40
100
AcDbLine
 10
230.6234414765818
 20
143.1474775325307
 30
0.0
 11
230.4855556542504
 21
143.0678691158902
 31
0.0
  0
ELLIPSE
  5
45B
330
1F
100
AcDbEntity
  8
Geometries
  6
Continuous
370
    40
100
AcDbEllipse
 10
230.9133552568683
 20
140.2774920505697
 30
0.0
 11
0.2999999999999984
 21
5.014435047745457E-16
 31
0.0
210
0.0
220
0.0
230
1.0
 40
0.5773502691896256
 41
3.926990816987234
 42
5.497787143782141
  0
LINE
  5
45C
330
1F
100
AcDbEntity
  8
Geometries
  6
Continuous
370
    40
100
AcDbLine
 10
231.3022639865209
 20
141.0735762169742
 30
0.0
 11
231.7972387333515
 21
140.7878024136495
 31
0.0
  0
LINE
  5
45D
330
1F
100
AcDbEntity
  8
Geometries
  6
Continuous
370
    40
100
AcDbLine
 10
210.6744840703623
 20
134.6097929146427
 30
0.0
 11
210.6744840703623
 21
133.7452566036197
 31
0.0
  0
ELLIPSE
  5
45E
330
1F
100
AcDbEntity
  8
Geometries
  6
Continuous
370
    40
100
AcDbEllipse
 10
236.3462199853222
 20
144.367173068762
 30
0.0
 11
-0.08159830056250551
 21
0.1413324023855365
 31
0.0
210
0.0
220
0.0
230
1.0
 40
0.5773502691896195
 41
6.151972688105924
 42
6.283185307179578
  0
LINE
  5
45F
330
1F
100
AcDbEntity
  8
Geometries
  6
Continuous
370
    40
100
AcDbLine
 10
231.6381397075845
 20
141.2674941549446
 30
0.0
 11
231.6734950466438
 21
141.2470817404214
 31
0.0
  0
ELLIPSE
  5
460
330
1F
100
AcDbEntity
  8
Geometries
  6
Continuous
370
    40
100
AcDbEllipse
 10
232.6811222098347
 20
142.0737845286107
 30
0.0
 11
-0.1250000000000001
 21
7.453889935837843E-17
 31
0.0
210
0.0
220
0.0
230
1.0
 40
0.5773502691896256
 41
0.7853981633974487
 42
2.008945357379053
  0
LINE
  5
461
330
1F
100
AcDbEntity
  8
Geometries
  6
Continuous
370
    40
100
AcDbLine
 10
236.2119505166763
 20
141.0518353712249
 30
0.0
 11
236.9874627530014
 21
140.5414748039564
 31
0.0
  0
LINE
  5
462
330
1F
100
AcDbEntity
  8
Geometries
  6
Continuous
370
    40
100
AcDbLine
 10
232.6987998793643
 20
141.7573921035012
 30
0.0
 11
231.8856270809998
 21
141.2879065694678
 31
0.0
  0
LINE
  5
463
330
1F
100
AcDbEntity
  8
Geometries
  6
Continuous
370
    40
100
AcDbLine
 10
235.9691687423521
 20
141.155225875067
 30
0.0
 11
235.9471479924435
 21
141.1425121891795
 31
0.0
  0
ELLIPSE
  5
464
330
1F
100
AcDbEntity
  8
Geometries
  6
Continuous
370
    40
100
AcDbEllipse
 10
236.1412428763399
 20
141.0110085431771
 30
0.0
 11
-0.09980368620239924
 21
0.006262924270090814
 31
0.0
210
0.0
220
0.0
230
1.0
 40
0.6162177918452891
 41
3.964464331161388
 42
5.535093223727392
  0
LINE
  5
465
330
1F
100
AcDbEntity
  8
Geometries
  6
Continuous
370
    40
100
AcDbLine
 10
235.9471479924435
 20
141.1425121891795
 30
0.0
 11
235.6225570889602
 21
140.9551095436769
 31
0.0
  0
ELLIPSE
  5
466
330
1F
100
AcDbEntity
  8
Geometries
  6
Continuous
370
    40
100
AcDbEllipse
 10
236.0352524718203
 20
140.9498149545962
 30
0.0
 11
-0.09980368620239882
 21
0.006262924270090851
 31
0.0
210
0.0
220
0.0
230
1.0
 40
0.6162177918452943
 41
5.534867133981923
 42
6.283185307179613
  0
LINE
  5
467
330
1F
100
AcDbEntity
  8
Geometries
  6
Continuous
370
    40
100
AcDbLine
 10
235.6225570889602
 20
140.9551095436769
 30
0.0
 11
235.5872017499009
 21
140.9346971291538
 31
0.0
  0
ELLIPSE
  5
468
330
1F
100
AcDbEntity
  8
Geometries
  6
Continuous
370
    40
100
AcDbEllipse
 10
236.1459454376487
 20
141.0531638024511
 30
0.0
 11
0.2500000000000007
 21
-5.963111948670274E-16
 31
0.0
210
0.0
220
0.0
230
1.0
 40
0.5773502691896217
 41
0.785398163397454
 42
1.26723868630669
  0
LINE
  5
469
330
1F
100
AcDbEntity
  8
Geometries
  6
Continuous
370
    40
100
AcDbLine
 10
233.975127619406
 20
145.0254196686644
 30
0.0
 11
233.8337062631687
 21
144.9437700105717
 31
0.0
  0
ELLIPSE
  5
46A
330
1F
100
AcDbEntity
  8
Geometries
  6
Continuous
370
    40
100
AcDbEllipse
 10
248.6158723249196
 20
153.1089853998381
 30
0.0
 11
1.85
 21
2.276824562219559E-15
 31
0.0
210
0.0
220
0.0
230
1.0
 40
0.5773502691896251
 41
6.283185307179583
 42
7.644861356383381
  0
LINE
  5
46B
330
1F
100
AcDbEntity
  8
Geometries
  6
Continuous
370
    40
100
AcDbLine
 10
230.2769591538004
 20
143.0413329770101
 30
0.0
 11
229.9410834327368
 21
143.2352509149804
 31
0.0
  0
LINE
  5
46C
330
1F
100
AcDbEntity
  8
Geometries
  6
Continuous
370
    40
100
AcDbLine
 10
237.2984648256776
 20
139.7181545581028
 30
0.0
 11
237.3691755037962
 21
139.7589793871492
 31
0.0
  0
ELLIPSE
  5
46D
330
1F
100
AcDbEntity
  8
Geometries
  6
Continuous
370
    40
100
AcDbEllipse
 10
234.8042103203473
 20
141.6768707181617
 30
0.0
 11
0.07499999999999978
 21
0.129903810567666
 31
0.0
210
0.0
220
0.0
230
1.0
 40
0.5773502691896379
 41
0.5710658778585782
 42
1.734449656121301
  0
LINE
  5
46E
330
1F
100
AcDbEntity
  8
Geometries
  6
Continuous
370
    40
100
AcDbLine
 10
237.3691755037962
 20
139.840629045242
 30
0.0
 11
237.2984648256776
 21
139.8814538742884
 31
0.0
  0
ELLIPSE
  5
46F
330
1F
100
AcDbEntity
  8
Geometries
  6
Continuous
370
    40
100
AcDbEllipse
 10
232.9109319137203
 20
144.4395833718488
 30
0.0
 11
0.07500000000000112
 21
-0.1299038105676666
 31
0.0
210
0.0
220
0.0
230
1.0
 40
0.5773502691896202
 41
1.712693381399054
 42
2.356194490192335
  0
LINE
  5
470
330
1F
100
AcDbEntity
  8
Geometries
  6
Continuous
370
    40
100
AcDbLine
 10
237.2984648256776
 20
139.8814538742884
 30
0.0
 11
237.7934395725081
 21
140.1672276776131
 31
0.0
  0
LINE
  5
471
330
1F
100
AcDbEntity
  8
Geometries
  6
Continuous
370
    40
100
AcDbLine
 10
238.0055716068641
 20
140.1264028485667
 30
0.0
 11
238.0762822849828
 21
140.1672276776131
 31
0.0
  0
ELLIPSE
  5
472
330
1F
100
AcDbEntity
  8
Geometries
  6
Continuous
370
    40
100
AcDbEllipse
 10
234.6115237224739
 20
138.6567463374282
 30
0.0
 11
-0.649999999999999
 21
-1.125833024919771
 31
0.0
210
0.0
220
0.0
230
0.9999999999999999
 40
0.5773502691896265
 41
6.283185307179583
 42
7.068583470577033
  0
LINE
  5
473
330
1F
100
AcDbEntity
  8
Geometries
  6
Continuous
370
    40
100
AcDbLine
 10
230.5208882849864
 20
140.7108625379701
 30
0.0
 11
230.2062484756817
 21
140.8925199165699
 31
0.0
  0
LINE
  5
474
330
1F
100
AcDbEntity
  8
Geometries
  6
Continuous
370
    40
100
AcDbLine
 10
237.8641502506268
 20
140.371351822845
 30
0.0
 11
237.6909090892361
 21
140.4713726540087
 31
0.0
  0
ELLIPSE
  5
475
330
1F
100
AcDbEntity
  8
Geometries
  6
Continuous
370
    40
100
AcDbEllipse
 10
232.557378523127
 20
144.2354592266168
 30
0.0
 11
0.07500000000000112
 21
-0.1299038105676666
 31
0.0
210
0.0
220
0.0
230
1.0
 40
0.5773502691896202
 41
1.712693381399598
 42
2.356194490192335
  0
LINE
  5
476
330
1F
100
AcDbEntity
  8
Geometries
  6
Continuous
370
    40
100
AcDbLine
 10
237.6909090892361
 20
140.4713726540087
 30
0.0
 11
237.585740329392
 21
140.5057947085677
 31
0.0
  0
ELLIPSE
  5
477
330
1F
100
AcDbEntity
  8
Geometries
  6
Continuous
370
    40
100
AcDbEllipse
 10
230.6643428707872
 20
140.7141239562756
 30
0.0
 11
-0.1485444921641783
 21
0.02084547547277641
 31
0.0
210
0.0
220
0.0
230
0.9999999999999999
 40
0.4683231991813508
 41
6.28318530717957
 42
6.619242086681933
  0
LINE
  5
478
330
1F
100
AcDbEntity
  8
Geometries
  6
Continuous
370
    40
100
AcDbLine
 10
234.6398726590266
 20
138.346514971207
 30
0.0
 11
234.7105833371453
 21
138.3056901421606
 31
0.0
  0
LINE
  5
479
330
1F
100
AcDbEntity
  8
Geometries
  6
Continuous
370
    40
100
AcDbLine
 10
235.4176901183318
 20
138.6322887745317
 30
0.0
 11
235.3469794402132
 21
138.5914639454853
 31
0.0
  0
LINE
  5
47A
330
1F
100
AcDbEntity
  8
Geometries
  6
Continuous
370
    40
100
AcDbLine
 10
228.8132481167442
 20
142.5107400316167
 30
0.0
 11
228.8132481167442
 21
142.3551616956603
 31
0.0
  0
LINE
  5
47B
330
1F
100
AcDbEntity
  8
Geometries
  6
Continuous
370
    40
100
AcDbLine
 10
235.2055580839759
 20
138.8364129197637
 30
0.0
 11
235.3469794402132
 21
138.7547632616709
 31
0.0
  0
LINE
  5
47C
330
1F
100
AcDbEntity
  8
Geometries
  6
Continuous
370
    40
100
AcDbLine
 10
234.3431506567982
 20
139.228254193538
 30
0.0
 11
234.6081175191785
 21
139.0752755042164
 31
0.0
  0
LINE
  5
47D
330
1F
100
AcDbEntity
  8
Geometries
  6
Continuous
370
    40
100
AcDbLine
 10
233.872597136134
 20
138.8955715873495
 30
0.0
 11
233.8099554457905
 21
138.9317377841319
 31
0.0
  0
ELLIPSE
  5
47E
330
1F
100
AcDbEntity
  8
Geometries
  6
Continuous
370
    40
100
AcDbEllipse
 10
239.0945807151966
 20
141.8247530714278
 30
0.0
 11
-0.649999999999999
 21
-1.125833024919771
 31
0.0
210
0.0
220
0.0
230
0.9999999999999999
 40
0.5773502691896265
 41
2.356194490192346
 42
3.141592653589791
  0
LINE
  5
47F
330
1F
100
AcDbEntity
  8
Geometries
  6
Continuous
370
    40
100
AcDbLine
 10
232.9639649223093
 20
139.4201706405956
 30
0.0
 11
233.1796324905712
 21
139.5446863691871
 31
0.0
  0
ELLIPSE
  5
480
330
1F
100
AcDbEntity
  8
Geometries
  6
Continuous
370
    40
100
AcDbEllipse
 10
236.1247322342131
 20
144.4946968910614
 30
0.0
 11
0.07500000000000112
 21
-0.1299038105676666
 31
0.0
210
0.0
220
0.0
230
1.0
 40
0.5773502691896202
 41
3.926990816987241
 42
5.109303192785949
  0
LINE
  5
481
330
1F
100
AcDbEntity
  8
Geometries
  6
Continuous
370
    40
100
AcDbLine
 10
234.7979198255418
 20
141.8262243561893
 30
0.0
 11
234.826770036063
 21
141.8095676793787
 31
0.0
  0
LINE
  5
482
330
1F
100
AcDbEntity
  8
Geometries
  6
Continuous
370
    40
100
AcDbLine
 10
233.288631438451
 20
139.6076169410869
 30
0.0
 11
233.3105765757012
 21
139.6202869719856
 31
0.0
  0
ELLIPSE
  5
483
330
1F
100
AcDbEntity
  8
Geometries
  6
Continuous
370
    40
100
AcDbEllipse
 10
231.6611206779731
 20
140.3519973635794
 30
0.0
 11
-0.2249999999999994
 21
-0.3897114317029977
 31
0.0
210
0.0
220
0.0
230
1.0
 40
0.5773502691896271
 41
0.7853981633974456
 42
1.196536025719805
  0
LINE
  5
484
330
1F
100
AcDbEntity
  8
Geometries
  6
Continuous
370
    40
100
AcDbLine
 10
234.3429586736351
 20
142.502523480732
 30
0.0
 11
234.3219255701652
 21
142.6281180708087
 31
0.0
  0
ELLIPSE
  5
485
330
1F
100
AcDbEntity
  8
Geometries
  6
Continuous
370
    40
100
AcDbEllipse
 10
232.4247960016545
 20
140.7929055172803
 30
0.0
 11
-0.2249999999999994
 21
-0.3897114317029977
 31
0.0
210
0.0
220
0.0
230
1.0
 40
0.5773502691896271
 41
0.3742603010750871
 42
0.7853981633974128
  0
LINE
  5
486
330
1F
100
AcDbEntity
  8
Geometries
  6
Continuous
370
    40
100
AcDbLine
 10
234.1130781070427
 20
138.4057109733243
 30
0.0
 11
233.872597136134
 21
138.6506226130712
 31
0.0
  0
ELLIPSE
  5
487
330
1F
100
AcDbEntity
  8
Geometries
  6
Continuous
370
    40
100
AcDbEllipse
 10
233.5650056863178
 20
143.1148176692936
 30
0.0
 11
-0.7999999999999964
 21
-1.385640646055104
 31
0.0
210
0.0
220
0.0
230
1.0
 40
0.5773502691896276
 41
0.7853981633974437
 42
0.8166532518969385
  0
LINE
  5
488
330
1F
100
AcDbEntity
  8
Geometries
  6
Continuous
370
    40
100
AcDbLine
 10
234.7105833371453
 20
138.2240404840679
 30
0.0
 11
234.6398726590266
 21
138.1832156550215
 31
0.0
  0
LINE
  5
489
330
1F
100
AcDbEntity
  8
Geometries
  6
Continuous
370
    40
100
AcDbLine
 10
233.7614661726682
 20
141.9416967228441
 30
0.0
 11
233.2664914258376
 21
142.2274705261688
 31
0.0
  0
LINE
  5
48A
330
1F
100
AcDbEntity
  8
Geometries
  6
Continuous
370
    40
100
AcDbLine
 10
234.3073814380995
 20
142.5121020929128
 30
0.0
 11
234.0245387256249
 21
142.6754014090984
 31
0.0
  0
LINE
  5
48B
330
1F
100
AcDbEntity
  8
Geometries
  6
Continuous
370
    40
100
AcDbLine
 10
234.1660464503264
 20
142.7923945921064
 30
0.0
 11
233.9877023844342
 21
142.8953615865577
 31
0.0
  0
ELLIPSE
  5
48C
330
1F
100
AcDbEntity
  8
Geometries
  6
Continuous
370
    40
100
AcDbEllipse
 10
232.2727680436994
 20
140.2153418383011
 30
0.0
 11
0.07499999999999978
 21
0.129903810567666
 31
0.0
210
0.0
220
0.0
230
1.0
 40
0.5773502691896379
 41
1.734449656121302
 42
1.745329251994329
  0
LINE
  5
48D
330
1F
100
AcDbEntity
  8
Geometries
  6
Continuous
370
    40
100
AcDbLine
 10
233.9877023844342
 20
142.8953615865577
 30
0.0
 11
234.0245387256249
 21
142.6754014090984
 31
0.0
  0
ELLIPSE
  5
48E
330
1F
100
AcDbEntity
  8
Geometries
  6
Continuous
370
    40
100
AcDbEllipse
 10
231.8909303818587
 20
140.2193166691786
 30
0.0
 11
-0.2249999999999994
 21
-0.3897114317029977
 31
0.0
210
0.0
220
0.0
230
1.0
 40
0.5773502691896271
 41
0.7853981633974456
 42
0.8465473758404212
  0
LINE
  5
48F
330
1F
100
AcDbEntity
  8
Geometries
  6
Continuous
370
    40
100
AcDbLine
 10
233.7948153902035
 20
145.3622245082971
 30
0.0
 11
234.08472917049
 21
145.1948427092069
 31
0.0
  0
ELLIPSE
  5
490
330
1F
100
AcDbEntity
  8
Geometries
  6
Continuous
370
    40
100
AcDbEllipse
 10
231.7053148517972
 20
143.7435200366079
 30
0.0
 11
-0.01750000000000017
 21
0.03031088913245564
 31
0.0
210
0.0
220
0.0
230
1.0
 40
0.5773502691896257
 41
4.468090342944231
 42
5.497787143782137
  0
LINE
  5
491
330
1F
100
AcDbEntity
  8
Geometries
  6
Continuous
370
    40
100
AcDbLine
 10
234.3073814380995
 20
142.5121020929128
 30
0.0
 11
234.2826722062636
 21
142.6596478817681
 31
0.0
  0
ELLIPSE
  5
492
330
1F
100
AcDbEntity
  8
Geometries
  6
Continuous
370
    40
100
AcDbEllipse
 10
199.3410374768889
 20
163.2496233549713
 30
0.0
 11
1.7
 21
1.084202172485504E-16
 31
0.0
210
0.0
220
0.0
230
0.9999999999999999
 40
0.5773502691896257
 41
2.467846744481984
 42
6.283185307179586
  0
LINE
  5
493
330
1F
100
AcDbEntity
  8
Geometries
  6
Continuous
370
    40
100
AcDbLine
 10
235.028716723374
 20
145.6090576473425
 30
0.0
 11
235.24084875773
 21
145.7315321344817
 31
0.0
  0
LINE
  5
494
330
1F
100
AcDbEntity
  8
Geometries
  6
Continuous
370
    40
100
AcDbLine
 10
233.1407416176059
 20
144.984594839618
 30
0.0
 11
233.4730818047636
 21
144.7927181431
 31
0.0
  0
LINE
  5
495
330
1F
100
AcDbEntity
  8
Geometries
  6
Continuous
370
    40
100
AcDbLine
 10
234.3429586736351
 20
142.502523480732
 30
0.0
 11
234.448889162801
 21
142.5636824771673
 31
0.0
  0
ELLIPSE
  5
496
330
1F
100
AcDbEntity
  8
Geometries
  6
Continuous
370
    40
100
AcDbEllipse
 10
230.0966469245978
 20
142.8147551758026
 30
0.0
 11
-0.01750000000000017
 21
0.03031088913245564
 31
0.0
210
0.0
220
0.0
230
1.0
 40
0.5773502691896257
 41
3.926990816987263
 42
5.497787143782137
  0
LINE
  5
497
330
1F
100
AcDbEntity
  8
Geometries
  6
Continuous
370
    40
100
AcDbLine
 10
233.7417823816145
 20
141.9104852124252
 30
0.0
 11
233.7417823816145
 21
141.6655362381468
 31
0.0
  0
ELLIPSE
  5
498
330
1F
100
AcDbEntity
  8
Geometries
  6
Continuous
370
    40
100
AcDbEllipse
 10
230.1320022636571
 20
142.8351675903258
 30
0.0
 11
-0.01750000000000017
 21
0.03031088913245564
 31
0.0
210
0.0
220
0.0
230
1.0
 40
0.5773502691896257
 41
4.468090342944226
 42
5.497787143782137
  0
LINE
  5
499
330
1F
100
AcDbEntity
  8
Geometries
  6
Continuous
370
    40
100
AcDbLine
 10
237.2697069810437
 20
144.379455112971
 30
0.0
 11
236.1070545646835
 21
145.0507127985306
 31
0.0
  0
LINE
  5
49A
330
1F
100
AcDbEntity
  8
Geometries
  6
Continuous
370
    40
100
AcDbLine
 10
236.0716992256241
 20
145.2519974698719
 30
0.0
 11
236.0716992256241
 21
145.1989251921116
 31
0.0
  0
LINE
  5
49B
330
1F
100
AcDbEntity
  8
Geometries
  6
Continuous
370
    40
100
AcDbLine
 10
236.1070545646835
 20
145.1785127775884
 30
0.0
 11
236.0716992256241
 21
145.1989251921116
 31
0.0
  0
ELLIPSE
  5
49C
330
1F
100
AcDbEntity
  8
Geometries
  6
Continuous
370
    40
100
AcDbEllipse
 10
235.1348474058572
 20
139.9386833040161
 30
0.0
 11
0.7999999999999979
 21
-1.385640646055102
 31
0.0
210
0.0
220
0.0
230
1.0
 40
0.5773502691896254
 41
5.427973973702369
 42
5.497787143782138
  0
LINE
  5
49D
330
1F
100
AcDbEntity
  8
Geometries
  6
Continuous
370
    40
100
AcDbLine
 10
234.6830252429093
 20
141.6205879491776
 30
0.0
 11
234.5623861818105
 21
141.6902389435778
 31
0.0
  0
ELLIPSE
  5
49E
330
1F
100
AcDbEntity
  8
Geometries
  6
Continuous
370
    40
100
AcDbEllipse
 10
234.6398726590266
 20
139.6529095006914
 30
0.0
 11
-0.8000000000000014
 21
1.385640646055101
 31
0.0
210
0.0
220
0.0
230
0.9999999999999999
 40
0.5773502691896256
 41
2.286381320112578
 42
2.356194490192344
  0
LINE
  5
49F
330
1F
100
AcDbEntity
  8
Geometries
  6
Continuous
370
    40
100
AcDbLine
 10
236.1070545646835
 20
145.0507127985306
 30
0.0
 11
236.1070545646835
 21
145.0506831305045
 31
0.0
  0
LINE
  5
4A0
330
1F
100
AcDbEntity
  8
Geometries
  6
Continuous
370
    40
100
AcDbLine
 10
234.0847291704899
 20
145.1948427092069
 30
0.0
 11
234.1483687807967
 21
145.2315850553487
 31
0.0
  0
LINE
  5
4A1
330
1F
100
AcDbEntity
  8
Geometries
  6
Continuous
370
    40
100
AcDbLine
 10
229.9410834327368
 20
143.2352509149804
 30
0.0
 11
229.9410834327368
 21
143.1372713252691
 31
0.0
  0
LINE
  5
4A2
330
1F
100
AcDbEntity
  8
Geometries
  6
Continuous
370
    40
100
AcDbLine
 10
232.5750561926567
 20
144.657996207247
 30
0.0
 11
232.8649699729432
 21
144.4906144081568
 31
0.0
  0
LINE
  5
4A3
330
1F
100
AcDbEntity
  8
Geometries
  6
Continuous
370
    40
100
AcDbLine
 10
229.9410834327368
 20
143.1372713252691
 30
0.0
 11
229.7996620764995
 21
143.0556216671763
 31
0.0
  0
LINE
  5
4A4
330
1F
100
AcDbEntity
  8
Geometries
  6
Continuous
370
    40
100
AcDbLine
 10
234.5372775104493
 20
145.2928222989183
 30
0.0
 11
234.5372775104493
 21
145.3687791439317
 31
0.0
  0
LINE
  5
4A5
330
1F
100
AcDbEntity
  8
Geometries
  6
Continuous
370
    40
100
AcDbLine
 10
236.1070545646835
 20
144.417534051956
 30
0.0
 11
236.0845559360889
 21
144.4045444626805
 31
0.0
  0
LINE
  5
4A6
330
1F
100
AcDbEntity
  8
Geometries
  6
Continuous
370
    40
100
AcDbLine
 10
229.7996620764995
 20
143.0556216671763
 30
0.0
 11
230.1320022636571
 21
142.8637449706583
 31
0.0
  0
LINE
  5
4A7
330
1F
100
AcDbEntity
  8
Geometries
  6
Continuous
370
    40
100
AcDbLine
 10
234.607988188568
 20
145.4969464441502
 30
0.0
 11
234.5655617816968
 21
145.4234617518667
 31
0.0
  0
LINE
  5
4A8
330
1F
100
AcDbEntity
  8
Geometries
  6
Continuous
370
    40
100
AcDbLine
 10
236.2797811174497
 20
144.5153440357296
 30
0.0
 11
236.27573644089
 21
144.5139989277249
 31
0.0
  0
LINE
  5
4A9
330
1F
100
AcDbEntity
  8
Geometries
  6
Continuous
370
    40
100
AcDbLine
 10
231.5143960208769
 20
144.0456237715512
 30
0.0
 11
231.3729746646395
 21
143.9639741134584
 31
0.0
  0
LINE
  5
4AA
330
1F
100
AcDbEntity
  8
Geometries
  6
Continuous
370
    40
100
AcDbLine
 10
229.1034358281206
 20
142.647805415309
 30
0.0
 11
229.0253801511002
 21
142.6332145187559
 31
0.0
  0
LINE
  5
4AB
330
1F
100
AcDbEntity
  8
Geometries
  6
Continuous
370
    40
100
AcDbLine
 10
230.0966469245978
 20
142.8433325561351
 30
0.0
 11
229.9552255683605
 21
142.7616828980423
 31
0.0
  0
LINE
  5
4AC
330
1F
100
AcDbEntity
  8
Geometries
  6
Continuous
370
    40
100
AcDbLine
 10
234.6150592563799
 20
145.5010289270548
 30
0.0
 11
234.6944923679556
 21
145.5468896554057
 31
0.0
  0
LINE
  5
4AD
330
1F
100
AcDbEntity
  8
Geometries
  6
Continuous
370
    40
100
AcDbLine
 10
234.826770036063
 20
141.8095676793787
 30
0.0
 11
234.8686305036605
 21
141.7853995271429
 31
0.0
  0
ELLIPSE
  5
4AE
330
1F
100
AcDbEntity
  8
Geometries
  6
Continuous
370
    40
100
AcDbEllipse
 10
249.6953893275358
 20
154.8210553019192
 30
0.0
 11
-3.35
 21
-1.084202172485504E-15
 31
0.0
210
0.0
220
0.0
230
1.0
 40
0.5773502691896256
 41
5.961026569156854
 42
7.644861356383382
  0
LINE
  5
4AF
330
1F
100
AcDbEntity
  8
Geometries
  6
Continuous
370
    40
100
AcDbLine
 10
234.3251454760934
 20
145.7663903158563
 30
0.0
 11
234.3251454760934
 21
145.668410726145
 31
0.0
  0
LINE
  5
4B0
330
1F
100
AcDbEntity
  8
Geometries
  6
Continuous
370
    40
100
AcDbLine
 10
235.1348474058572
 20
138.6322887745317
 30
0.0
 11
234.6398726590266
 21
138.346514971207
 31
0.0
  0
LINE
  5
4B1
330
1F
100
AcDbEntity
  8
Geometries
  6
Continuous
370
    40
100
AcDbLine
 10
232.557378523127
 20
141.9206914196868
 30
0.0
 11
232.5927338621863
 21
141.8594541761172
 31
0.0
  0
LINE
  5
4B2
330
1F
100
AcDbEntity
  8
Geometries
  6
Continuous
370
    40
100
AcDbLine
 10
232.9109319137203
 20
144.5620578589879
 30
0.0
 11
232.5750561926567
 21
144.7559757969583
 31
0.0
  0
LINE
  5
4B3
330
1F
100
AcDbEntity
  8
Geometries
  6
Continuous
370
    40
100
AcDbLine
 10
233.8099554457905
 20
138.9317377841319
 30
0.0
 11
233.7288429231326
 21
138.9785681209231
 31
0.0
  0
LINE
  5
4B4
330
1F
100
AcDbEntity
  8
Geometries
  6
Continuous
370
    40
100
AcDbLine
 10
233.6180386949068
 20
145.2601624356811
 30
0.0
 11
233.4766173386695
 21
145.1785127775884
 31
0.0
  0
LINE
  5
4B5
330
1F
100
AcDbEntity
  8
Geometries
  6
Continuous
370
    40
100
AcDbLine
 10
232.557378523127
 20
142.0431659068259
 30
0.0
 11
232.557378523127
 21
141.9206914196868
 31
0.0
  0
LINE
  5
4B6
330
1F
100
AcDbEntity
  8
Geometries
  6
Continuous
370
    40
100
AcDbLine
 10
235.3469794402132
 20
138.7547632616709
 30
0.0
 11
235.3469794402132
 21
138.5914639454853
 31
0.0
  0
LINE
  5
4B7
330
1F
100
AcDbEntity
  8
Geometries
  6
Continuous
370
    40
100
AcDbLine
 10
234.1837241198561
 20
145.5867610680523
 30
0.0
 11
234.5160643070137
 21
145.3948843715342
 31
0.0
  0
LINE
  5
4B8
330
1F
100
AcDbEntity
  8
Geometries
  6
Continuous
370
    40
100
AcDbLine
 10
231.3022639865209
 20
141.0735762169742
 30
0.0
 11
231.6381397075845
 21
141.2674941549446
 31
0.0
  0
LINE
  5
4B9
330
1F
100
AcDbEntity
  8
Geometries
  6
Continuous
370
    40
100
AcDbLine
 10
234.4418180949891
 20
141.3253356412978
 30
0.0
 11
234.4418180949891
 21
141.2940302938247
 31
0.0
  0
LINE
  5
4BA
330
1F
100
AcDbEntity
  8
Geometries
  6
Continuous
370
    40
100
AcDbLine
 10
232.4318670694664
 20
140.4295645387675
 30
0.0
 11
232.4247960016545
 21
140.4254820558629
 31
0.0
  0
ELLIPSE
  5
4BB
330
1F
100
AcDbEntity
  8
Geometries
  6
Continuous
370
    40
100
AcDbEllipse
 10
182.1191871643067
 20
148.9518693266117
 30
0.0
 11
1.85
 21
2.276824562219559E-15
 31
0.0
210
0.0
220
0.0
230
1.0
 40
0.5773502691896251
 41
3.141592653589792
 42
3.180784774403742
  0
LINE
  5
4BC
330
1F
100
AcDbEntity
  8
Geometries
  6
Continuous
370
    40
100
AcDbLine
 10
233.6003610253772
 20
141.8294735980967
 30
0.0
 11
233.6003610253772
 21
141.6655362381468
 31
0.0
  0
ELLIPSE
  5
4BD
330
1F
100
AcDbEntity
  8
Geometries
  6
Continuous
370
    40
100
AcDbEllipse
 10
182.1191871643067
 20
150.1766141980033
 30
0.0
 11
1.85
 21
2.276824562219559E-15
 31
0.0
210
0.0
220
0.0
230
1.0
 40
0.5773502691896251
 41
1.345396960611714
 42
3.141592653589793
  0
LINE
  5
4BE
330
1F
100
AcDbEntity
  8
Geometries
  6
Continuous
370
    40
100
AcDbLine
 10
234.1483687807967
 20
145.566348653529
 30
0.0
 11
234.0069474245594
 21
145.4846989954363
 31
0.0
  0
LINE
  5
4BF
330
1F
100
AcDbEntity
  8
Geometries
  6
Continuous
370
    40
100
AcDbLine
 10
233.1796324905712
 20
139.5446863691871
 30
0.0
 11
233.2810094895205
 21
139.486156331554
 31
0.0
  0
LINE
  5
4C0
330
1F
100
AcDbEntity
  8
Geometries
  6
Continuous
370
    40
100
AcDbLine
 10
234.4807089679544
 20
145.3744719570111
 30
0.0
 11
234.3392876117171
 21
145.2928222989183
 31
0.0
  0
LINE
  5
4C1
330
1F
100
AcDbEntity
  8
Geometries
  6
Continuous
370
    40
100
AcDbLine
 10
230.5951131947999
 20
141.0378563203092
 30
0.0
 11
230.2062484756817
 21
140.8925199165699
 31
0.0
  0
LINE
  5
4C2
330
1F
100
AcDbEntity
  8
Geometries
  6
Continuous
370
    40
100
AcDbLine
 10
234.0069474245594
 20
145.4846989954363
 30
0.0
 11
234.3392876117171
 21
145.2928222989183
 31
0.0
  0
LINE
  5
4C3
330
1F
100
AcDbEntity
  8
Geometries
  6
Continuous
370
    40
100
AcDbLine
 10
230.2062484756817
 20
140.8925199165699
 30
0.0
 11
230.2062484756817
 21
140.4407913667553
 31
0.0
  0
LINE
  5
4C4
330
1F
100
AcDbEntity
  8
Geometries
  6
Continuous
370
    40
100
AcDbLine
 10
234.1483687807967
 20
145.6643282432404
 30
0.0
 11
234.0069474245594
 21
145.5826785851476
 31
0.0
  0
ARC
  5
4C5
330
1F
100
AcDbEntity
  8
Geometries
  6
Continuous
370
    40
100
AcDbCircle
 10
231.6310111832908
 20
141.2985959680365
 30
0.0
 40
0.2560300224652826
100
AcDbArc
 50
2.011796990964813
 51
31.08679315198449
  0
LINE
  5
4C6
330
1F
100
AcDbEntity
  8
Geometries
  6
Continuous
370
    40
100
AcDbLine
 10
234.0069474245594
 20
145.5826785851476
 30
0.0
 11
234.0069474245594
 21
145.4846989954363
 31
0.0
  0
LINE
  5
4C7
330
1F
100
AcDbEntity
  8
Geometries
  6
Continuous
370
    40
100
AcDbLine
 10
234.3640363490586
 20
145.2499562284196
 30
0.0
 11
234.3640363490586
 21
145.1928014677546
 31
0.0
  0
LINE
  5
4C8
330
1F
100
AcDbEntity
  8
Geometries
  6
Continuous
370
    40
100
AcDbLine
 10
231.8838593140468
 20
139.8478107248565
 30
0.0
 11
231.9103758183413
 21
139.8325014139641
 31
0.0
  0
LINE
  5
4C9
330
1F
100
AcDbEntity
  8
Geometries
  6
Continuous
370
    40
100
AcDbLine
 10
234.1306911112671
 20
145.2662861600381
 30
0.0
 11
233.7948153902035
 21
145.4602040980085
 31
0.0
  0
LINE
  5
4CA
330
1F
100
AcDbEntity
  8
Geometries
  6
Continuous
370
    40
100
AcDbLine
 10
229.979974305702
 20
142.6616620668786
 30
0.0
 11
230.1213956619393
 21
142.7433117249714
 31
0.0
  0
LINE
  5
4CB
330
1F
100
AcDbEntity
  8
Geometries
  6
Continuous
370
    40
100
AcDbLine
 10
234.7173261255463
 20
141.6969565847822
 30
0.0
 11
234.6830252429093
 21
141.6205879491776
 31
0.0
  0
LINE
  5
4CC
330
1F
100
AcDbEntity
  8
Geometries
  6
Continuous
370
    40
100
AcDbLine
 10
233.4942950081992
 20
144.7666129154975
 30
0.0
 11
233.4942950081992
 21
144.7723057285768
 31
0.0
  0
LINE
  5
4CD
330
1F
100
AcDbEntity
  8
Geometries
  6
Continuous
370
    40
100
AcDbLine
 10
233.6180386949068
 20
145.2601624356811
 30
0.0
 11
233.9503788820645
 21
145.0682857391631
 31
0.0
  0
LINE
  5
4CE
330
1F
100
AcDbEntity
  8
Geometries
  6
Continuous
370
    40
100
AcDbLine
 10
230.1532154670927
 20
142.8376397430558
 30
0.0
 11
230.1532154670927
 21
142.8433325561351
 31
0.0
  0
LINE
  5
4CF
330
1F
100
AcDbEntity
  8
Geometries
  6
Continuous
370
    40
100
AcDbLine
 10
234.5609522180408
 20
138.3952620204694
 30
0.0
 11
235.0559269648714
 21
138.6810358237941
 31
0.0
  0
LINE
  5
4D0
330
1F
100
AcDbEntity
  8
Geometries
  6
Continuous
370
    40
100
AcDbLine
 10
238.811738002722
 20
143.9068193527934
 30
0.0
 11
238.811738002722
 21
144.0375886379516
 31
0.0
  0
LINE
  5
4D1
330
1F
100
AcDbEntity
  8
Geometries
  6
Continuous
370
    40
100
AcDbLine
 10
231.0972030199768
 20
143.4699936819971
 30
0.0
 11
231.1608426302836
 21
143.5067360281388
 31
0.0
  0
LINE
  5
4D2
330
1F
100
AcDbEntity
  8
Geometries
  6
Continuous
370
    40
100
AcDbLine
 10
233.6569295678721
 20
145.335688369417
 30
0.0
 11
233.6180386949068
 21
145.3581420253925
 31
0.0
  0
LINE
  5
4D3
330
1F
100
AcDbEntity
  8
Geometries
  6
Continuous
370
    40
100
AcDbLine
 10
233.2821629738432
 20
145.0662444977108
 30
0.0
 11
233.5720767541297
 21
144.8988626986206
 31
0.0
  0
LINE
  5
4D4
330
1F
100
AcDbEntity
  8
Geometries
  6
Continuous
370
    40
100
AcDbLine
 10
239.0945807151966
 20
140.183594943763
 30
0.0
 11
234.6115237224739
 21
137.5953007822221
 31
0.0
  0
LINE
  5
4D5
330
1F
100
AcDbEntity
  8
Geometries
  6
Continuous
370
    40
100
AcDbLine
 10
233.7948153902035
 20
145.4602040980085
 30
0.0
 11
233.6569295678721
 21
145.380595681368
 31
0.0
  0
LINE
  5
4D6
330
1F
100
AcDbEntity
  8
Geometries
  6
Continuous
370
    40
100
AcDbLine
 10
234.1130781070426
 20
138.6506599476026
 30
0.0
 11
233.872597136134
 21
138.8955715873495
 31
0.0
  0
LINE
  5
4D7
330
1F
100
AcDbEntity
  8
Geometries
  6
Continuous
370
    40
100
AcDbLine
 10
250.6247591395292
 20
163.1276789635477
 30
0.0
 11
250.6247591395292
 21
161.9029340921561
 31
0.0
  0
LINE
  5
4D8
330
1F
100
AcDbEntity
  8
Geometries
  6
Continuous
370
    40
100
AcDbLine
 10
230.2239261452114
 20
142.9658070432743
 30
0.0
 11
230.2309972130233
 21
142.9698895261789
 31
0.0
  0
LINE
  5
4D9
330
1F
100
AcDbEntity
  8
Geometries
  6
Continuous
370
    40
100
AcDbLine
 10
233.6569295678721
 20
145.380595681368
 30
0.0
 11
233.6569295678721
 21
145.335688369417
 31
0.0
  0
LINE
  5
4DA
330
1F
100
AcDbEntity
  8
Geometries
  6
Continuous
370
    40
100
AcDbLine
 10
233.2821629738432
 20
145.1642240874222
 30
0.0
 11
233.1407416176059
 21
145.0825744293294
 31
0.0
  0
LINE
  5
4DB
330
1F
100
AcDbEntity
  8
Geometries
  6
Continuous
370
    40
100
AcDbLine
 10
235.6225570889602
 20
140.9551095436769
 30
0.0
 11
236.5311893027849
 21
140.4305104904309
 31
0.0
  0
ELLIPSE
  5
4DC
330
1F
100
AcDbEntity
  8
Geometries
  6
Continuous
370
    40
100
AcDbEllipse
 10
231.3022639865209
 20
142.3799707464586
 30
0.0
 11
0.7999999999999967
 21
1.385640646055104
 31
0.0
210
0.0
220
0.0
230
1.0
 40
0.5773502691896276
 41
3.75245789178781
 42
3.926990816987233
  0
LINE
  5
4DD
330
1F
100
AcDbEntity
  8
Geometries
  6
Continuous
370
    40
100
AcDbLine
 10
240.0138195307391
 20
142.3554758490308
 30
0.0
 11
239.023870037078
 21
142.9270234556802
 31
0.0
  0
LINE
  5
4DE
330
1F
100
AcDbEntity
  8
Geometries
  6
Continuous
370
    40
100
AcDbLine
 10
233.6569295678721
 20
145.335688369417
 30
0.0
 11
233.6569295678721
 21
145.2826160916567
 31
0.0
  0
LINE
  5
4DF
330
1F
100
AcDbEntity
  8
Geometries
  6
Continuous
370
    40
100
AcDbLine
 10
240.0138195307391
 20
142.3554758490308
 30
0.0
 11
240.0138195307391
 21
141.7757632765721
 31
0.0
  0
LINE
  5
4E0
330
1F
100
AcDbEntity
  8
Geometries
  6
Continuous
370
    40
100
AcDbLine
 10
234.0352316958069
 20
145.1172755340188
 30
0.0
 11
233.9892697550298
 21
145.0907393951387
 31
0.0
  0
LINE
  5
4E1
330
1F
100
AcDbEntity
  8
Geometries
  6
Continuous
370
    40
100
AcDbLine
 10
231.6734950466438
 20
141.4920307146997
 30
0.0
 11
231.6734950466438
 21
141.2470817404214
 31
0.0
  0
LINE
  5
4E2
330
1F
100
AcDbEntity
  8
Geometries
  6
Continuous
370
    40
100
AcDbLine
 10
230.7118298242301
 20
143.1985085688387
 30
0.0
 11
230.6835455529827
 21
143.149518773983
 31
0.0
  0
LINE
  5
4E3
330
1F
100
AcDbEntity
  8
Geometries
  6
Continuous
370
    40
100
AcDbLine
 10
233.6180386949068
 20
144.9703061494518
 30
0.0
 11
233.2821629738432
 21
145.1642240874222
 31
0.0
  0
LINE
  5
4E4
330
1F
100
AcDbEntity
  8
Geometries
  6
Continuous
370
    40
100
AcDbLine
 10
230.7542562311013
 20
143.2719932611221
 30
0.0
 11
230.7613272989132
 21
143.2760757440268
 31
0.0
  0
LINE
  5
4E5
330
1F
100
AcDbEntity
  8
Geometries
  6
Continuous
370
    40
100
AcDbLine
 10
233.2821629738432
 20
145.0662444977108
 30
0.0
 11
233.1407416176059
 21
144.984594839618
 31
0.0
  0
LINE
  5
4E6
330
1F
100
AcDbEntity
  8
Geometries
  6
Continuous
370
    40
100
AcDbLine
 10
233.4235843300805
 20
144.6498312414377
 30
0.0
 11
233.3528736519619
 21
144.6906560704841
 31
0.0
  0
LINE
  5
4E7
330
1F
100
AcDbEntity
  8
Geometries
  6
Continuous
370
    40
100
AcDbLine
 10
232.9286095832499
 20
144.8621203524789
 30
0.0
 11
233.2185233635364
 21
144.6947385533887
 31
0.0
  0
LINE
  5
4E8
330
1F
100
AcDbEntity
  8
Geometries
  6
Continuous
370
    40
100
AcDbLine
 10
233.2644853043136
 20
144.7661820042199
 30
0.0
 11
232.9286095832499
 21
144.9600999421902
 31
0.0
  0
LINE
  5
4E9
330
1F
100
AcDbEntity
  8
Geometries
  6
Continuous
370
    40
100
AcDbLine
 10
231.0901319521649
 20
143.4659111990925
 30
0.0
 11
231.0477055452937
 21
143.392426506809
 31
0.0
  0
LINE
  5
4EA
330
1F
100
AcDbEntity
  8
Geometries
  6
Continuous
370
    40
100
AcDbLine
 10
231.8502717419404
 20
143.9496854232922
 30
0.0
 11
231.5143960208769
 21
144.1436033612625
 31
0.0
  0
LINE
  5
4EB
330
1F
100
AcDbEntity
  8
Geometries
  6
Continuous
370
    40
100
AcDbLine
 10
230.665867883453
 20
143.6537054127058
 30
0.0
 11
230.665867883453
 21
143.5557258229945
 31
0.0
  0
LINE
  5
4EC
330
1F
100
AcDbEntity
  8
Geometries
  6
Continuous
370
    40
100
AcDbLine
 10
231.0901319521649
 20
143.4659111990925
 30
0.0
 11
231.0972030199768
 21
143.4699936819971
 31
0.0
  0
LINE
  5
4ED
330
1F
100
AcDbEntity
  8
Geometries
  6
Continuous
370
    40
100
AcDbLine
 10
237.573381968559
 20
140.3088563594268
 30
0.0
 11
237.7145191315223
 21
140.2159747268755
 31
0.0
  0
ELLIPSE
  5
4EE
330
1F
100
AcDbEntity
  8
Geometries
  6
Continuous
370
    40
100
AcDbEllipse
 10
230.2769591538004
 20
142.9188584898709
 30
0.0
 11
0.07500000000000112
 21
-0.1299038105676666
 31
0.0
210
0.0
220
0.0
230
1.0
 40
0.5773502691896202
 41
1.712693381399055
 42
2.356194490192335
  0
LINE
  5
4EF
330
1F
100
AcDbEntity
  8
Geometries
  6
Continuous
370
    40
100
AcDbLine
 10
234.9633093461142
 20
141.8910934186281
 30
0.0
 11
234.9562382783024
 21
141.8870109357235
 31
0.0
  0
LINE
  5
4F0
330
1F
100
AcDbEntity
  8
Geometries
  6
Continuous
370
    40
100
AcDbLine
 10
234.3219255701652
 20
142.6281180708087
 30
0.0
 11
234.3202817097404
 21
142.6379340248117
 31
0.0
  0
LINE
  5
4F1
330
1F
100
AcDbEntity
  8
Geometries
  6
Continuous
370
    40
100
AcDbLine
 10
237.7145191315223
 20
140.2159747268755
 30
0.0
 11
237.2195443846918
 21
139.9302009235508
 31
0.0
  0
ELLIPSE
  5
4F2
330
1F
100
AcDbEntity
  8
Geometries
  6
Continuous
370
    40
100
AcDbEllipse
 10
238.7719396177028
 20
167.4397681042542
 30
0.0
 11
1.7
 21
1.084202172485504E-16
 31
0.0
210
0.0
220
0.0
230
0.9999999999999999
 40
0.5773502691896257
 41
3.815338562697545
 42
5.609439398071842
  0
LINE
  5
4F3
330
1F
100
AcDbEntity
  8
Geometries
  6
Continuous
370
    40
100
AcDbLine
 10
232.2215028020634
 20
144.5518516517263
 30
0.0
 11
232.0800814458261
 21
144.4702019936336
 31
0.0
  0
LINE
  5
4F4
330
1F
100
AcDbEntity
  8
Geometries
  6
Continuous
370
    40
100
AcDbLine
 10
207.4984045193689
 20
171.7151656850932
 30
0.0
 11
207.4984045193689
 21
170.4904208137016
 31
0.0
  0
ELLIPSE
  5
4F5
330
1F
100
AcDbEntity
  8
Geometries
  6
Continuous
370
    40
100
AcDbEllipse
 10
234.1306911112671
 20
145.1438116728989
 30
0.0
 11
0.07500000000000112
 21
-0.1299038105676666
 31
0.0
210
0.0
220
0.0
230
1.0
 40
0.5773502691896202
 41
1.712693381399046
 42
2.356194490192335
  0
LINE
  5
4F6
330
1F
100
AcDbEntity
  8
Geometries
  6
Continuous
370
    40
100
AcDbLine
 10
234.9367928418197
 20
141.9064027295205
 30
0.0
 11
234.9633093461142
 21
141.8910934186281
 31
0.0
  0
LINE
  5
4F7
330
1F
100
AcDbEntity
  8
Geometries
  6
Continuous
370
    40
100
AcDbLine
 10
231.2068045710607
 20
143.4801998892587
 30
0.0
 11
231.1608426302836
 21
143.5067360281388
 31
0.0
  0
LINE
  5
4F8
330
1F
100
AcDbEntity
  8
Geometries
  6
Continuous
370
    40
100
AcDbLine
 10
237.188020847104
 20
139.9509463996073
 30
0.0
 11
237.0784072217285
 21
140.0230825561021
 31
0.0
  0
LINE
  5
4F9
330
1F
100
AcDbEntity
  8
Geometries
  6
Continuous
370
    40
100
AcDbLine
 10
231.7265280552328
 20
144.2660778484016
 30
0.0
 11
231.7265280552328
 21
144.1680982586903
 31
0.0
  0
LINE
  5
4FA
330
1F
100
AcDbEntity
  8
Geometries
  6
Continuous
370
    40
100
AcDbLine
 10
237.0784072217285
 20
140.0230825561021
 30
0.0
 11
236.8481456747159
 21
140.2787417389062
 31
0.0
  0
ELLIPSE
  5
4FB
330
1F
100
AcDbEntity
  8
Geometries
  6
Continuous
370
    40
100
AcDbEllipse
 10
229.0253801511002
 20
142.0533721140875
 30
0.0
 11
-0.1500000000000031
 21
0.2598076211353313
 31
0.0
210
0.0
220
0.0
230
1.0
 40
0.5773502691896256
 41
3.926990816987228
 42
4.974188368183821
  0
LINE
  5
4FC
330
1F
100
AcDbEntity
  8
Geometries
  6
Continuous
370
    40
100
AcDbLine
 10
234.5623861818105
 20
141.6902389435778
 30
0.0
 11
234.645673801615
 21
141.7383250732921
 31
0.0
  0
LINE
  5
4FD
330
1F
100
AcDbEntity
  8
Geometries
  6
Continuous
370
    40
100
AcDbLine
 10
231.2246115712009
 20
143.3802537271579
 30
0.0
 11
231.2246115712009
 21
143.4619033852506
 31
0.0
  0
LINE
  5
4FE
330
1F
100
AcDbEntity
  8
Geometries
  6
Continuous
370
    40
100
AcDbLine
 10
232.2215028020634
 20
144.453872062015
 30
0.0
 11
232.5114165823499
 21
144.2864902629248
 31
0.0
  0
LINE
  5
4FF
330
1F
100
AcDbEntity
  8
Geometries
  6
Continuous
370
    40
100
AcDbLine
 10
230.5598882347392
 20
140.6750845155375
 30
0.0
 11
230.7012232225123
 21
140.5934847223008
 31
0.0
  0
LINE
  5
500
330
1F
100
AcDbEntity
  8
Geometries
  6
Continuous
370
    40
100
AcDbLine
 10
231.7265280552328
 20
144.1680982586903
 30
0.0
 11
232.0588682423905
 21
143.9762215621723
 31
0.0
  0
LINE
  5
501
330
1F
100
AcDbEntity
  8
Geometries
  6
Continuous
370
    40
100
AcDbLine
 10
231.3729746646395
 20
143.4659111990925
 30
0.0
 11
231.3729746646395
 21
143.5418680441059
 31
0.0
  0
LINE
  5
502
330
1F
100
AcDbEntity
  8
Geometries
  6
Continuous
370
    40
100
AcDbLine
 10
229.0253801511002
 20
142.4776361827994
 30
0.0
 11
228.8132481167442
 21
142.3551616956603
 31
0.0
  0
LINE
  5
503
330
1F
100
AcDbEntity
  8
Geometries
  6
Continuous
370
    40
100
AcDbLine
 10
232.661676773352
 20
140.2968838443667
 30
0.0
 11
232.6546057055401
 21
140.2928013614621
 31
0.0
  0
LINE
  5
504
330
1F
100
AcDbEntity
  8
Geometries
  6
Continuous
370
    40
100
AcDbLine
 10
236.2119505166763
 20
141.0518353712249
 30
0.0
 11
236.2206747059228
 21
141.1909021249606
 31
0.0
  0
LINE
  5
505
330
1F
100
AcDbEntity
  8
Geometries
  6
Continuous
370
    40
100
AcDbLine
 10
236.1353802329313
 20
144.4338878841439
 30
0.0
 11
236.1070545646835
 21
144.417534051956
 31
0.0
  0
ELLIPSE
  5
506
330
1F
100
AcDbEntity
  8
Geometries
  6
Continuous
370
    40
100
AcDbEllipse
 10
237.6450118137642
 20
143.6169630665641
 30
0.0
 11
0.07500000000000112
 21
-0.1299038105676666
 31
0.0
210
0.0
220
0.0
230
1.0
 40
0.5773502691896202
 41
5.497787143782128
 42
7.068583470577034
  0
LINE
  5
507
330
1F
100
AcDbEntity
  8
Geometries
  6
Continuous
370
    40
100
AcDbLine
 10
231.7882893651567
 20
140.0886133997246
 30
0.0
 11
231.6540496101612
 21
140.011110041042
 31
0.0
  0
LINE
  5
508
330
1F
100
AcDbEntity
  8
Geometries
  6
Continuous
370
    40
100
AcDbLine
 10
231.4507564105701
 20
143.6741178272291
 30
0.0
 11
231.5143960208769
 21
143.7108601733708
 31
0.0
  0
LINE
  5
509
330
1F
100
AcDbEntity
  8
Geometries
  6
Continuous
370
    40
100
AcDbLine
 10
233.0700309394873
 20
144.4457070962058
 30
0.0
 11
232.9993202613686
 21
144.4865319252521
 31
0.0
  0
ELLIPSE
  5
50A
330
1F
100
AcDbEntity
  8
Geometries
  6
Continuous
370
    40
100
AcDbEllipse
 10
231.9033047505295
 20
140.7673899991264
 30
0.0
 11
0.09999999999999939
 21
1.016439536705160E-17
 31
0.0
210
0.0
220
0.0
230
1.0
 40
0.5773502691896257
 41
0.7853981633974371
 42
2.356194490192348
  0
LINE
  5
50B
330
1F
100
AcDbEntity
  8
Geometries
  6
Continuous
370
    40
100
AcDbLine
 10
230.7012232225123
 20
140.3999665377089
 30
0.0
 11
230.8713467778968
 21
140.4981874182056
 31
0.0
  0
LINE
  5
50C
330
1F
100
AcDbEntity
  8
Geometries
  6
Continuous
370
    40
100
AcDbLine
 10
231.5851066989955
 20
143.5883856862316
 30
0.0
 11
231.5851066989955
 21
143.6700353443244
 31
0.0
  0
LINE
  5
50D
330
1F
100
AcDbEntity
  8
Geometries
  6
Continuous
370
    40
100
AcDbLine
 10
232.0447261067668
 20
140.7673899991264
 30
0.0
 11
232.0447261067668
 21
140.6857403410336
 31
0.0
  0
LINE
  5
50E
330
1F
100
AcDbEntity
  8
Geometries
  6
Continuous
370
    40
100
AcDbLine
 10
232.7871882270126
 20
144.2824077800202
 30
0.0
 11
232.7871882270126
 21
144.3583646250337
 31
0.0
  0
LINE
  5
50F
330
1F
100
AcDbEntity
  8
Geometries
  6
Continuous
370
    40
100
AcDbLine
 10
232.4336348364194
 20
144.5763465491542
 30
0.0
 11
232.765975023577
 21
144.3844698526362
 31
0.0
  0
LINE
  5
510
330
1F
100
AcDbEntity
  8
Geometries
  6
Continuous
370
    40
100
AcDbLine
 10
233.6569295678721
 20
145.2826160916567
 30
0.0
 11
233.9892697550298
 21
145.0907393951387
 31
0.0
  0
LINE
  5
511
330
1F
100
AcDbEntity
  8
Geometries
  6
Continuous
370
    40
100
AcDbLine
 10
231.0477055452937
 20
143.392426506809
 30
0.0
 11
230.9982080706107
 21
143.3638491264765
 31
0.0
  0
LINE
  5
512
330
1F
100
AcDbEntity
  8
Geometries
  6
Continuous
370
    40
100
AcDbLine
 10
229.6228853812028
 20
142.9535595945603
 30
0.0
 11
229.9552255683605
 21
142.7616828980423
 31
0.0
  0
LINE
  5
513
330
1F
100
AcDbEntity
  8
Geometries
  6
Continuous
370
    40
100
AcDbLine
 10
234.8686305036605
 20
141.7853995271429
 30
0.0
 11
234.961047982188
 21
141.7320422710372
 31
0.0
  0
LINE
  5
514
330
1F
100
AcDbEntity
  8
Geometries
  6
Continuous
370
    40
100
AcDbLine
 10
233.4206224962761
 20
139.6573255867692
 30
0.0
 11
233.4121631127857
 21
139.5225199602335
 31
0.0
  0
LINE
  5
515
330
1F
100
AcDbEntity
  8
Geometries
  6
Continuous
370
    40
100
AcDbLine
 10
232.5750561926567
 20
144.7559757969583
 30
0.0
 11
232.4336348364193
 21
144.6743261388655
 31
0.0
  0
LINE
  5
516
330
1F
100
AcDbEntity
  8
Geometries
  6
Continuous
370
    40
100
AcDbLine
 10
231.1254872912243
 20
140.3999665377089
 30
0.0
 11
231.7972387333515
 21
140.7878024136496
 31
0.0
  0
LINE
  5
517
330
1F
100
AcDbEntity
  8
Geometries
  6
Continuous
370
    40
100
AcDbLine
 10
232.4336348364193
 20
144.6743261388655
 30
0.0
 11
232.4336348364194
 21
144.5763465491542
 31
0.0
  0
LINE
  5
518
330
1F
100
AcDbEntity
  8
Geometries
  6
Continuous
370
    40
100
AcDbLine
 10
234.1660464503264
 20
142.7923945921064
 30
0.0
 11
234.1660464503264
 21
142.7269817933529
 31
0.0
  0
ELLIPSE
  5
519
330
1F
100
AcDbEntity
  8
Geometries
  6
Continuous
370
    40
100
AcDbEllipse
 10
209.6745127624361
 20
145.3331331006117
 30
0.0
 11
22.3500000000018
 21
2.602085213965211E-15
 31
0.0
210
0.0
220
0.0
230
1.0
 40
0.5773502691896256
 41
5.186100744972967
 42
5.497787143782134
  0
LINE
  5
51A
330
1F
100
AcDbEntity
  8
Geometries
  6
Continuous
370
    40
100
AcDbLine
 10
234.1483687807967
 20
145.566348653529
 30
0.0
 11
234.4807089679544
 21
145.3744719570111
 31
0.0
  0
ELLIPSE
  5
51B
330
1F
100
AcDbEntity
  8
Geometries
  6
Continuous
370
    40
100
AcDbEllipse
 10
233.8089575258272
 20
144.9580587007379
 30
0.0
 11
-0.01750000000000017
 21
0.03031088913245564
 31
0.0
210
0.0
220
0.0
230
1.0
 40
0.5773502691896257
 41
3.926990816987218
 42
5.497787143782137
  0
LINE
  5
51C
330
1F
100
AcDbEntity
  8
Geometries
  6
Continuous
370
    40
100
AcDbLine
 10
234.661021197157
 20
142.1962590157499
 30
0.0
 11
233.7417823816145
 21
141.6655362381468
 31
0.0
  0
LINE
  5
51D
330
1F
100
AcDbEntity
  8
Geometries
  6
Continuous
370
    40
100
AcDbLine
 10
230.8072892396903
 20
143.7353550707986
 30
0.0
 11
230.665867883453
 21
143.6537054127058
 31
0.0
  0
LINE
  5
51E
330
1F
100
AcDbEntity
  8
Geometries
  6
Continuous
370
    40
100
AcDbLine
 10
232.7341552184236
 20
141.9002790051636
 30
0.0
 11
233.0700309394873
 21
142.0941969431339
 31
0.0
  0
LINE
  5
51F
330
1F
100
AcDbEntity
  8
Geometries
  6
Continuous
370
    40
100
AcDbLine
 10
233.6180386949068
 20
145.3581420253925
 30
0.0
 11
233.6180386949068
 21
145.2601624356811
 31
0.0
  0
LINE
  5
520
330
1F
100
AcDbEntity
  8
Geometries
  6
Continuous
370
    40
100
AcDbLine
 10
232.557378523127
 20
142.0431659068259
 30
0.0
 11
232.5927338621863
 21
142.0227534923027
 31
0.0
  0
LINE
  5
521
330
1F
100
AcDbEntity
  8
Geometries
  6
Continuous
370
    40
100
AcDbLine
 10
230.5526347198137
 20
140.9974645522124
 30
0.0
 11
230.515798378623
 21
140.7349694317483
 31
0.0
  0
LINE
  5
522
330
1F
100
AcDbEntity
  8
Geometries
  6
Continuous
370
    40
100
AcDbLine
 10
232.0800814458261
 20
144.3722224039223
 30
0.0
 11
232.4124216329838
 21
144.1803457074042
 31
0.0
  0
ELLIPSE
  5
523
330
1F
100
AcDbEntity
  8
Geometries
  6
Continuous
370
    40
100
AcDbEllipse
 10
227.520160859885
 20
172.098868291855
 30
0.0
 11
5.349999999999999
 21
-2.168404344971009E-16
 31
0.0
210
0.0
220
0.0
230
0.9999999999999999
 40
0.5773502691896258
 41
0.7853981633974472
 42
1.320064542032606
  0
LINE
  5
524
330
1F
100
AcDbEntity
  8
Geometries
  6
Continuous
370
    40
100
AcDbLine
 10
234.5655617816968
 20
145.4234617518667
 30
0.0
 11
234.5160643070137
 21
145.3948843715342
 31
0.0
  0
LINE
  5
525
330
1F
100
AcDbEntity
  8
Geometries
  6
Continuous
370
    40
100
AcDbLine
 10
230.1532154670927
 20
143.2597458124082
 30
0.0
 11
230.4855556542504
 21
143.0678691158902
 31
0.0
  0
LINE
  5
526
330
1F
100
AcDbEntity
  8
Geometries
  6
Continuous
370
    40
100
AcDbLine
 10
231.6540496101612
 20
139.9804914192572
 30
0.0
 11
231.6540496101612
 21
140.011110041042
 31
0.0
  0
LINE
  5
527
330
1F
100
AcDbEntity
  8
Geometries
  6
Continuous
370
    40
100
AcDbLine
 10
231.3031821392331
 20
174.2829966458367
 30
0.0
 11
231.3031821392331
 21
173.0582517744451
 31
0.0
  0
LINE
  5
528
330
1F
100
AcDbEntity
  8
Geometries
  6
Continuous
370
    40
100
AcDbLine
 10
234.7173261255463
 20
141.6969565847822
 30
0.0
 11
234.645673801615
 21
141.7383250732921
 31
0.0
  0
LINE
  5
529
330
1F
100
AcDbEntity
  8
Geometries
  6
Continuous
370
    40
100
AcDbLine
 10
229.9057280936775
 20
142.61879599638
 30
0.0
 11
229.8350174155588
 21
142.6596208254263
 31
0.0
  0
ELLIPSE
  5
52A
330
1F
100
AcDbEntity
  8
Geometries
  6
Continuous
370
    40
100
AcDbEllipse
 10
184.3608815164059
 20
156.0397089653903
 30
0.0
 11
1.85
 21
2.276824562219559E-15
 31
0.0
210
0.0
220
0.0
230
1.0
 40
0.5773502691896251
 41
2.667880889001513
 42
3.141592653589793
  0
LINE
  5
52B
330
1F
100
AcDbEntity
  8
Geometries
  6
Continuous
370
    40
100
AcDbLine
 10
234.3251454760934
 20
145.668410726145
 30
0.0
 11
234.6150592563799
 21
145.5010289270548
 31
0.0
  0
LINE
  5
52C
330
1F
100
AcDbEntity
  8
Geometries
  6
Continuous
370
    40
100
AcDbLine
 10
231.5143960208769
 20
144.1436033612625
 30
0.0
 11
231.3729746646395
 21
144.0619537031697
 31
0.0
  0
LINE
  5
52D
330
1F
100
AcDbEntity
  8
Geometries
  6
Continuous
370
    40
100
AcDbLine
 10
234.7105833371453
 20
138.3056901421606
 30
0.0
 11
234.7105833371453
 21
138.2240404840679
 31
0.0
  0
LINE
  5
52E
330
1F
100
AcDbEntity
  8
Geometries
  6
Continuous
370
    40
100
AcDbLine
 10
229.8350174155588
 20
142.5779711673336
 30
0.0
 11
229.9057280936775
 21
142.61879599638
 31
0.0
  0
LINE
  5
52F
330
1F
100
AcDbEntity
  8
Geometries
  6
Continuous
370
    40
100
AcDbLine
 10
233.7948153902035
 20
145.4602040980085
 30
0.0
 11
233.7948153902035
 21
145.3622245082971
 31
0.0
  0
LINE
  5
530
330
1F
100
AcDbEntity
  8
Geometries
  6
Continuous
370
    40
100
AcDbLine
 10
234.505457705296
 20
145.3316058865123
 30
0.0
 11
234.505457705296
 21
145.2744511258474
 31
0.0
  0
LINE
  5
531
330
1F
100
AcDbEntity
  8
Geometries
  6
Continuous
370
    40
100
AcDbLine
 10
237.2984648256776
 20
139.8814538742884
 30
0.0
 11
237.2984648256776
 21
139.7181545581028
 31
0.0
  0
LINE
  5
532
330
1F
100
AcDbEntity
  8
Geometries
  6
Continuous
370
    40
100
AcDbLine
 10
230.8649342595685
 20
139.3187300724866
 30
0.0
 11
233.9615237224739
 21
137.5309133125084
 31
0.0
  0
LINE
  5
533
330
1F
100
AcDbEntity
  8
Geometries
  6
Continuous
370
    40
100
AcDbLine
 10
232.4619191076668
 20
144.2089230877367
 30
0.0
 11
232.4336348364193
 21
144.159933292881
 31
0.0
  0
LINE
  5
534
330
1F
100
AcDbEntity
  8
Geometries
  6
Continuous
370
    40
100
AcDbLine
 10
231.9103758183413
 20
139.8638067614371
 30
0.0
 11
231.9103758183413
 21
139.8325014139641
 31
0.0
  0
LINE
  5
535
330
1F
100
AcDbEntity
  8
Geometries
  6
Continuous
370
    40
100
AcDbLine
 10
238.0762822849828
 20
140.2488773357059
 30
0.0
 11
238.0055716068641
 21
140.2897021647522
 31
0.0
  0
LINE
  5
536
330
1F
100
AcDbEntity
  8
Geometries
  6
Continuous
370
    40
100
AcDbLine
 10
232.5114165823499
 20
144.2864902629248
 30
0.0
 11
232.5750561926567
 21
144.3232326090666
 31
0.0
  0
LINE
  5
537
330
1F
100
AcDbEntity
  8
Geometries
  6
Continuous
370
    40
100
AcDbLine
 10
238.0762822849828
 20
140.2488773357059
 30
0.0
 11
238.0762822849828
 21
140.1672276776131
 31
0.0
  0
LINE
  5
538
330
1F
100
AcDbEntity
  8
Geometries
  6
Continuous
370
    40
100
AcDbLine
 10
182.5108815164059
 20
156.0397089653903
 30
0.0
 11
182.5108815164059
 21
154.8149640939987
 31
0.0
  0
LINE
  5
539
330
1F
100
AcDbEntity
  8
Geometries
  6
Continuous
370
    40
100
AcDbLine
 10
238.0055716068641
 20
140.2897021647522
 30
0.0
 11
237.8641502506268
 21
140.371351822845
 31
0.0
  0
LINE
  5
53A
330
1F
100
AcDbEntity
  8
Geometries
  6
Continuous
370
    40
100
AcDbLine
 10
230.2911012894241
 20
143.43733381876
 30
0.0
 11
230.2911012894241
 21
143.3393542290487
 31
0.0
  0
LINE
  5
53B
330
1F
100
AcDbEntity
  8
Geometries
  6
Continuous
370
    40
100
AcDbLine
 10
231.5143960208769
 20
144.1436033612625
 30
0.0
 11
231.5143960208769
 21
144.0456237715512
 31
0.0
  0
LINE
  5
53C
330
1F
100
AcDbEntity
  8
Geometries
  6
Continuous
370
    40
100
AcDbLine
 10
234.9147898019081
 20
138.7739174563454
 30
0.0
 11
234.9271481627411
 21
138.9708558054864
 31
0.0
  0
ELLIPSE
  5
53D
330
1F
100
AcDbEntity
  8
Geometries
  6
Continuous
370
    40
100
AcDbEllipse
 10
234.4223726585065
 20
141.6808455490392
 30
0.0
 11
-0.2249999999999994
 21
-0.3897114317029977
 31
0.0
210
0.0
220
0.0
230
1.0
 40
0.5773502691896271
 41
0.8465473758404208
 42
1.745329251994331
  0
LINE
  5
53E
330
1F
100
AcDbEntity
  8
Geometries
  6
Continuous
370
    40
100
AcDbLine
 10
236.0186662170352
 20
145.6501693852838
 30
0.0
 11
235.9406105400148
 21
145.7548912141159
 31
0.0
  0
LINE
  5
53F
330
1F
100
AcDbEntity
  8
Geometries
  6
Continuous
370
    40
100
AcDbLine
 10
232.4336348364193
 20
144.0782836347882
 30
0.0
 11
232.4336348364193
 21
144.1542404798018
 31
0.0
  0
LINE
  5
540
330
1F
100
AcDbEntity
  8
Geometries
  6
Continuous
370
    40
100
AcDbLine
 10
237.5389457965862
 20
143.7843448656543
 30
0.0
 11
237.5389457965862
 21
144.5274865865082
 31
0.0
  0
LINE
  5
541
330
1F
100
AcDbEntity
  8
Geometries
  6
Continuous
370
    40
100
AcDbLine
 10
232.9993202613686
 20
144.4048822671594
 30
0.0
 11
233.0700309394873
 21
144.4457070962058
 31
0.0
  0
LINE
  5
542
330
1F
100
AcDbEntity
  8
Geometries
  6
Continuous
370
    40
100
AcDbLine
 10
231.0194212740463
 20
143.8578295579378
 30
0.0
 11
231.0194212740463
 21
143.7598499682265
 31
0.0
  0
LINE
  5
543
330
1F
100
AcDbEntity
  8
Geometries
  6
Continuous
370
    40
100
AcDbLine
 10
235.3469147749079
 20
144.4702019936336
 30
0.0
 11
235.3469147749079
 21
145.4581628565561
 31
0.0
  0
LINE
  5
544
330
1F
100
AcDbEntity
  8
Geometries
  6
Continuous
370
    40
100
AcDbLine
 10
225.4783493219566
 20
136.2087838087436
 30
0.0
 11
230.8649342595685
 21
139.3187300724866
 31
0.0
  0
LINE
  5
545
330
1F
100
AcDbEntity
  8
Geometries
  6
Continuous
370
    40
100
AcDbLine
 10
231.1254872912243
 20
140.3999665377089
 30
0.0
 11
231.1254872912243
 21
140.1550175634306
 31
0.0
  0
LINE
  5
546
330
1F
100
AcDbEntity
  8
Geometries
  6
Continuous
370
    40
100
AcDbLine
 10
236.5311893027849
 20
140.1855615161526
 30
0.0
 11
236.7716702736936
 21
139.9406498764056
 31
0.0
  0
LINE
  5
547
330
1F
100
AcDbEntity
  8
Geometries
  6
Continuous
370
    40
100
AcDbLine
 10
230.4360581795674
 20
142.9249822142279
 30
0.0
 11
230.5103043915919
 21
142.9678482847266
 31
0.0
  0
LINE
  5
548
330
1F
100
AcDbEntity
  8
Geometries
  6
Continuous
370
    40
100
AcDbLine
 10
233.4766173386695
 20
145.1785127775884
 30
0.0
 11
233.8089575258272
 21
144.9866360810704
 31
0.0
  0
LINE
  5
549
330
1F
100
AcDbEntity
  8
Geometries
  6
Continuous
370
    40
100
AcDbLine
 10
233.1442771515118
 20
144.4885731667044
 30
0.0
 11
233.1476833548073
 21
144.490539739094
 31
0.0
  0
LINE
  5
54A
330
1F
100
AcDbEntity
  8
Geometries
  6
Continuous
370
    40
100
AcDbLine
 10
231.2953222493195
 20
143.4210785562042
 30
0.0
 11
231.2246115712009
 21
143.4619033852506
 31
0.0
  0
ELLIPSE
  5
54B
330
1F
100
AcDbEntity
  8
Geometries
  6
Continuous
370
    40
100
AcDbEllipse
 10
239.9996773951154
 20
147.1238158816487
 30
0.0
 11
1.7
 21
1.084202172485504E-16
 31
0.0
210
0.0
220
0.0
230
0.9999999999999999
 40
0.5773502691896257
 41
6.283185307179586
 42
6.956931216287328
  0
LINE
  5
54C
330
1F
100
AcDbEntity
  8
Geometries
  6
Continuous
370
    40
100
AcDbLine
 10
234.1837241198561
 20
145.6439158287172
 30
0.0
 11
234.1483687807967
 21
145.6643282432404
 31
0.0
  0
LINE
  5
54D
330
1F
100
AcDbEntity
  8
Geometries
  6
Continuous
370
    40
100
AcDbLine
 10
231.8043098011633
 20
143.878241972461
 30
0.0
 11
231.8679494114701
 21
143.9149843186027
 31
0.0
  0
LINE
  5
54E
330
1F
100
AcDbEntity
  8
Geometries
  6
Continuous
370
    40
100
AcDbLine
 10
232.716477548894
 20
144.2415829509738
 30
0.0
 11
232.6457668707753
 21
144.2824077800202
 31
0.0
  0
ELLIPSE
  5
54F
330
1F
100
AcDbEntity
  8
Geometries
  6
Continuous
370
    40
100
AcDbEllipse
 10
232.4124216329838
 20
144.1517683270718
 30
0.0
 11
-0.01750000000000017
 21
0.03031088913245564
 31
0.0
210
0.0
220
0.0
230
1.0
 40
0.5773502691896257
 41
4.468090342947331
 42
5.497787143782137
  0
LINE
  5
550
330
1F
100
AcDbEntity
  8
Geometries
  6
Continuous
370
    40
100
AcDbLine
 10
234.4984513027893
 20
138.4281646292998
 30
0.0
 11
234.4984513027893
 21
138.1832156550215
 31
0.0
  0
LINE
  5
551
330
1F
100
AcDbEntity
  8
Geometries
  6
Continuous
370
    40
100
AcDbLine
 10
233.1476833548073
 20
144.5476944997589
 30
0.0
 11
233.1476833548073
 21
144.5721893971868
 31
0.0
  0
LINE
  5
552
330
1F
100
AcDbEntity
  8
Geometries
  6
Continuous
370
    40
100
AcDbLine
 10
230.8072892396903
 20
143.6373754810873
 30
0.0
 11
231.0972030199768
 21
143.4699936819971
 31
0.0
  0
LINE
  5
553
330
1F
100
AcDbEntity
  8
Geometries
  6
Continuous
370
    40
100
AcDbLine
 10
234.1660464503264
 20
143.1787103431675
 30
0.0
 11
233.7771817312082
 21
142.8750244463844
 31
0.0
  0
LINE
  5
554
330
1F
100
AcDbEntity
  8
Geometries
  6
Continuous
370
    40
100
AcDbLine
 10
234.3251454760934
 20
145.7663903158563
 30
0.0
 11
234.1837241198561
 21
145.6847406577636
 31
0.0
  0
LINE
  5
555
330
1F
100
AcDbEntity
  8
Geometries
  6
Continuous
370
    40
100
AcDbLine
 10
234.448889162801
 20
142.5636824771673
 30
0.0
 11
234.661021197157
 21
142.4412079900282
 31
0.0
  0
LINE
  5
556
330
1F
100
AcDbEntity
  8
Geometries
  6
Continuous
370
    40
100
AcDbLine
 10
233.3061886934692
 20
139.4613356028843
 30
0.0
 11
233.4121631127857
 21
139.5225199602335
 31
0.0
  0
LINE
  5
557
330
1F
100
AcDbEntity
  8
Geometries
  6
Continuous
370
    40
100
AcDbLine
 10
230.8072892396903
 20
143.7353550707986
 30
0.0
 11
230.8072892396903
 21
143.6373754810873
 31
0.0
  0
ELLIPSE
  5
558
330
1F
100
AcDbEntity
  8
Geometries
  6
Continuous
370
    40
100
AcDbEllipse
 10
231.3517614612039
 20
143.539395891376
 30
0.0
 11
-0.01750000000000017
 21
0.03031088913245564
 31
0.0
210
0.0
220
0.0
230
1.0
 40
0.5773502691896257
 41
4.468090342944283
 42
5.497787143782137
  0
LINE
  5
559
330
1F
100
AcDbEntity
  8
Geometries
  6
Continuous
370
    40
100
AcDbLine
 10
231.7972387333515
 20
140.7878024136495
 30
0.0
 11
231.8325940724108
 21
140.8082148281727
 31
0.0
  0
LINE
  5
55A
330
1F
100
AcDbEntity
  8
Geometries
  6
Continuous
370
    40
100
AcDbLine
 10
231.9386600895888
 20
143.7925098314636
 30
0.0
 11
231.9386600895888
 21
143.8741594895563
 31
0.0
  0
LINE
  5
55B
330
1F
100
AcDbEntity
  8
Geometries
  6
Continuous
370
    40
100
AcDbLine
 10
232.4619191076668
 20
144.2089230877367
 30
0.0
 11
232.4124216329838
 21
144.1803457074042
 31
0.0
  0
ELLIPSE
  5
55C
330
1F
100
AcDbEntity
  8
Geometries
  6
Continuous
370
    40
100
AcDbEllipse
 10
229.9446189666427
 20
141.3511850544897
 30
0.0
 11
-0.649999999999999
 21
-1.125833024919771
 31
0.0
210
0.0
220
0.0
230
0.9999999999999999
 40
0.5773502691896265
 41
5.497787143782137
 42
6.283185307179583
  0
LINE
  5
55D
330
1F
100
AcDbEntity
  8
Geometries
  6
Continuous
370
    40
100
AcDbLine
 10
231.0532516004398
 20
140.4895873965204
 30
0.0
 11
231.6007782470011
 21
140.6942229673255
 31
0.0
  0
LINE
  5
55E
330
1F
100
AcDbEntity
  8
Geometries
  6
Continuous
370
    40
100
AcDbLine
 10
234.3284534620205
 20
142.633216061433
 30
0.0
 11
234.448889162801
 21
142.5636824771673
 31
0.0
  0
LINE
  5
55F
330
1F
100
AcDbEntity
  8
Geometries
  6
Continuous
370
    40
100
AcDbLine
 10
230.4714135186267
 20
143.4434575431169
 30
0.0
 11
230.7613272989132
 21
143.2760757440268
 31
0.0
  0
LINE
  5
560
330
1F
100
AcDbEntity
  8
Geometries
  6
Continuous
370
    40
100
AcDbLine
 10
234.0815344382519
 20
138.86373630919
 30
0.0
 11
233.8271258217823
 21
139.0311612958958
 31
0.0
  0
LINE
  5
561
330
1F
100
AcDbEntity
  8
Geometries
  6
Continuous
370
    40
100
AcDbLine
 10
233.975127619406
 20
145.0254196686644
 30
0.0
 11
233.975127619406
 21
144.9682649079995
 31
0.0
  0
LINE
  5
562
330
1F
100
AcDbEntity
  8
Geometries
  6
Continuous
370
    40
100
AcDbLine
 10
232.3629241583007
 20
144.0374588057419
 30
0.0
 11
232.2922134801821
 21
144.0782836347883
 31
0.0
  0
LINE
  5
563
330
1F
100
AcDbEntity
  8
Geometries
  6
Continuous
370
    40
100
AcDbLine
 10
234.4223726585065
 20
141.3134220876218
 30
0.0
 11
234.1925629546209
 21
141.4461027820225
 31
0.0
  0
LINE
  5
564
330
1F
100
AcDbEntity
  8
Geometries
  6
Continuous
370
    40
100
AcDbLine
 10
233.1407416176059
 20
145.0825744293294
 30
0.0
 11
233.1407416176059
 21
144.984594839618
 31
0.0
  0
LINE
  5
565
330
1F
100
AcDbEntity
  8
Geometries
  6
Continuous
370
    40
100
AcDbLine
 10
232.9286095832499
 20
144.9600999421902
 30
0.0
 11
232.9286095832499
 21
144.8621203524789
 31
0.0
  0
LINE
  5
566
330
1F
100
AcDbEntity
  8
Geometries
  6
Continuous
370
    40
100
AcDbLine
 10
231.7548123264803
 20
143.8006747972728
 30
0.0
 11
231.7053148517972
 21
143.7720974169404
 31
0.0
  0
LINE
  5
567
330
1F
100
AcDbEntity
  8
Geometries
  6
Continuous
370
    40
100
AcDbLine
 10
230.4714135186267
 20
143.4434575431169
 30
0.0
 11
230.3299921623894
 21
143.3618078850242
 31
0.0
  0
LINE
  5
568
330
1F
100
AcDbEntity
  8
Geometries
  6
Continuous
370
    40
100
AcDbLine
 10
234.6081175191785
 20
139.0752755042164
 30
0.0
 11
234.9271481627411
 21
138.9708558054864
 31
0.0
  0
LINE
  5
569
330
1F
100
AcDbEntity
  8
Geometries
  6
Continuous
370
    40
100
AcDbLine
 10
232.0800814458261
 20
143.9501163345698
 30
0.0
 11
232.0800814458261
 21
143.9558091476491
 31
0.0
  0
LINE
  5
56A
330
1F
100
AcDbEntity
  8
Geometries
  6
Continuous
370
    40
100
AcDbLine
 10
231.1431649607539
 20
143.5414371328283
 30
0.0
 11
230.8072892396903
 21
143.7353550707986
 31
0.0
  0
LINE
  5
56B
330
1F
100
AcDbEntity
  8
Geometries
  6
Continuous
370
    40
100
AcDbLine
 10
233.4235843300805
 20
144.6498312414377
 30
0.0
 11
233.4942950081992
 21
144.6906560704841
 31
0.0
  0
LINE
  5
56C
330
1F
100
AcDbEntity
  8
Geometries
  6
Continuous
370
    40
100
AcDbLine
 10
230.6481902139234
 20
143.104611462032
 30
0.0
 11
230.6481902139234
 21
143.047456701367
 31
0.0
  0
ELLIPSE
  5
56D
330
1F
100
AcDbEntity
  8
Geometries
  6
Continuous
370
    40
100
AcDbEllipse
 10
194.2048142236225
 20
141.7089262609742
 30
0.0
 11
1.7
 21
1.084202172485504E-16
 31
0.0
210
0.0
220
0.0
230
0.9999999999999999
 40
0.5773502691896257
 41
3.815338562697652
 42
5.609439398071721
  0
LINE
  5
56E
330
1F
100
AcDbEntity
  8
Geometries
  6
Continuous
370
    40
100
AcDbLine
 10
207.4984045193689
 20
171.7151656850932
 30
0.0
 11
186.7996083910523
 21
159.7647101685085
 31
0.0
  0
ELLIPSE
  5
56F
330
1F
100
AcDbEntity
  8
Geometries
  6
Continuous
370
    40
100
AcDbEllipse
 10
230.9471855832618
 20
140.55082464009
 30
0.0
 11
-0.1485444921641783
 21
0.02084547547277641
 31
0.0
210
0.0
220
0.0
230
0.9999999999999999
 40
0.4683231991813508
 41
0.8586784147904869
 42
1.101880385402028
  0
LINE
  5
570
330
1F
100
AcDbEntity
  8
Geometries
  6
Continuous
370
    40
100
AcDbLine
 10
236.7716702736936
 20
139.9406498764056
 30
0.0
 11
237.1570434694403
 21
139.7181545581028
 31
0.0
  0
LINE
  5
571
330
1F
100
AcDbEntity
  8
Geometries
  6
Continuous
370
    40
100
AcDbLine
 10
207.4984045193689
 20
170.4904208137016
 30
0.0
 11
186.7996083910524
 21
158.5399652971169
 31
0.0
  0
LINE
  5
572
330
1F
100
AcDbEntity
  8
Geometries
  6
Continuous
370
    40
100
AcDbLine
 10
234.922650706196
 20
146.0380052612245
 30
0.0
 11
235.134782740552
 21
146.1604797483637
 31
0.0
  0
LINE
  5
573
330
1F
100
AcDbEntity
  8
Geometries
  6
Continuous
370
    40
100
AcDbLine
 10
234.5294286804531
 20
138.416007496526
 30
0.0
 11
234.4198150550775
 21
138.4881436530207
 31
0.0
  0
LINE
  5
574
330
1F
100
AcDbEntity
  8
Geometries
  6
Continuous
370
    40
100
AcDbLine
 10
234.3508666159874
 20
142.4553029276881
 30
0.0
 11
234.3429586736351
 21
142.502523480732
 31
0.0
  0
LINE
  5
575
330
1F
100
AcDbEntity
  8
Geometries
  6
Continuous
370
    40
100
AcDbLine
 10
233.7398769370985
 20
139.0885793329143
 30
0.0
 11
233.3060247794601
 21
139.3740951803483
 31
0.0
  0
LINE
  5
576
330
1F
100
AcDbEntity
  8
Geometries
  6
Continuous
370
    40
100
AcDbLine
 10
237.7934395725081
 20
140.1672276776131
 30
0.0
 11
237.8641502506268
 21
140.1264028485667
 31
0.0
  0
LINE
  5
577
330
1F
100
AcDbEntity
  8
Geometries
  6
Continuous
370
    40
100
AcDbLine
 10
232.4336348364193
 20
144.1542404798018
 30
0.0
 11
232.4336348364193
 21
144.159933292881
 31
0.0
  0
LINE
  5
578
330
1F
100
AcDbEntity
  8
Geometries
  6
Continuous
370
    40
100
AcDbLine
 10
229.2946189666427
 20
140.2253520295699
 30
0.0
 11
230.8649342595685
 21
139.3187300724866
 31
0.0
  0
LINE
  5
579
330
1F
100
AcDbEntity
  8
Geometries
  6
Continuous
370
    40
100
AcDbLine
 10
231.6611206779731
 20
139.9845739021619
 30
0.0
 11
231.6540496101612
 21
139.9804914192572
 31
0.0
  0
LINE
  5
57A
330
1F
100
AcDbEntity
  8
Geometries
  6
Continuous
370
    40
100
AcDbLine
 10
233.1690258888534
 20
144.6171713782006
 30
0.0
 11
233.1195284141703
 21
144.5885939978681
 31
0.0
  0
LINE
  5
57B
330
1F
100
AcDbEntity
  8
Geometries
  6
Continuous
370
    40
100
AcDbLine
 10
232.9286095832499
 20
144.9600999421902
 30
0.0
 11
232.7871882270126
 21
144.8784502840975
 31
0.0
  0
LINE
  5
57C
330
1F
100
AcDbEntity
  8
Geometries
  6
Continuous
370
    40
100
AcDbLine
 10
230.1532154670927
 20
143.3577254021195
 30
0.0
 11
230.1532154670927
 21
143.2597458124082
 31
0.0
  0
LINE
  5
57D
330
1F
100
AcDbEntity
  8
Geometries
  6
Continuous
370
    40
100
AcDbLine
 10
236.1070545646835
 20
145.1785127775884
 30
0.0
 11
236.1070545646835
 21
145.0507127985306
 31
0.0
  0
LINE
  5
57E
330
1F
100
AcDbEntity
  8
Geometries
  6
Continuous
370
    40
100
AcDbLine
 10
232.92860958325
 20
139.3997582260724
 30
0.0
 11
232.92860958325
 21
139.1956340808405
 31
0.0
  0
LINE
  5
57F
330
1F
100
AcDbEntity
  8
Geometries
  6
Continuous
370
    40
100
AcDbLine
 10
232.6457668707753
 20
144.2007581219274
 30
0.0
 11
232.716477548894
 21
144.2415829509738
 31
0.0
  0
LINE
  5
580
330
1F
100
AcDbEntity
  8
Geometries
  6
Continuous
370
    40
100
AcDbLine
 10
230.7012232225123
 20
140.5934847223008
 30
0.0
 11
230.8427309472138
 21
140.511785199352
 31
0.0
  0
LINE
  5
581
330
1F
100
AcDbEntity
  8
Geometries
  6
Continuous
370
    40
100
AcDbLine
 10
234.0776581026781
 20
145.1907602263023
 30
0.0
 11
234.0352316958069
 21
145.1172755340188
 31
0.0
  0
LINE
  5
582
330
1F
100
AcDbEntity
  8
Geometries
  6
Continuous
370
    40
100
AcDbLine
 10
233.5534565291599
 20
139.5169252698875
 30
0.0
 11
233.5621803872234
 21
139.6559455135098
 31
0.0
  0
LINE
  5
583
330
1F
100
AcDbEntity
  8
Geometries
  6
Continuous
370
    40
100
AcDbLine
 10
232.7341552184236
 20
142.1452279794419
 30
0.0
 11
232.557378523127
 21
142.0431659068259
 31
0.0
  0
LINE
  5
584
330
1F
100
AcDbEntity
  8
Geometries
  6
Continuous
370
    40
100
AcDbLine
 10
234.1130781070426
 20
138.6506599476026
 30
0.0
 11
234.1130781070427
 21
138.4057109733243
 31
0.0
  0
LINE
  5
585
330
1F
100
AcDbEntity
  8
Geometries
  6
Continuous
370
    40
100
AcDbLine
 10
236.1070545646835
 20
145.0506831305045
 30
0.0
 11
236.1070545646835
 21
144.417534051956
 31
0.0
  0
LINE
  5
586
330
1F
100
AcDbEntity
  8
Geometries
  6
Continuous
370
    40
100
AcDbLine
 10
233.3061886934692
 20
139.4613356028843
 30
0.0
 11
233.3163663889439
 21
139.6235236587253
 31
0.0
  0
LINE
  5
587
330
1F
100
AcDbEntity
  8
Geometries
  6
Continuous
370
    40
100
AcDbLine
 10
230.2911012894241
 20
143.3393542290487
 30
0.0
 11
230.6234414765818
 21
143.1474775325307
 31
0.0
  0
LINE
  5
588
330
1F
100
AcDbEntity
  8
Geometries
  6
Continuous
370
    40
100
AcDbLine
 10
232.6546057055401
 20
140.2928013614621
 30
0.0
 11
232.4247960016545
 21
140.4254820558629
 31
0.0
  0
LINE
  5
589
330
1F
100
AcDbEntity
  8
Geometries
  6
Continuous
370
    40
100
AcDbLine
 10
231.4436853427582
 20
143.6700353443244
 30
0.0
 11
231.4507564105701
 21
143.6741178272291
 31
0.0
  0
LINE
  5
58A
330
1F
100
AcDbEntity
  8
Geometries
  6
Continuous
370
    40
100
AcDbLine
 10
236.9874627530014
 20
140.5414748039564
 30
0.0
 11
237.0013889362532
 21
140.7633974134872
 31
0.0
  0
LINE
  5
58B
330
1F
100
AcDbEntity
  8
Geometries
  6
Continuous
370
    40
100
AcDbLine
 10
234.1943307215739
 20
145.2050489164685
 30
0.0
 11
234.1483687807967
 21
145.2315850553487
 31
0.0
  0
LINE
  5
58C
330
1F
100
AcDbEntity
  8
Geometries
  6
Continuous
370
    40
100
AcDbLine
 10
229.7643067374401
 20
143.0352092526531
 30
0.0
 11
230.0966469245978
 21
142.8433325561351
 31
0.0
  0
ELLIPSE
  5
58D
330
1F
100
AcDbEntity
  8
Geometries
  6
Continuous
370
    40
100
AcDbEllipse
 10
232.2727680436994
 20
140.2153418383011
 30
0.0
 11
0.07499999999999978
 21
0.129903810567666
 31
0.0
210
0.0
220
0.0
230
1.0
 40
0.5773502691896379
 41
0.5710658778585782
 42
1.734449656121301
  0
LINE
  5
58E
330
1F
100
AcDbEntity
  8
Geometries
  6
Continuous
370
    40
100
AcDbLine
 10
237.2667096858294
 20
140.6102144072977
 30
0.0
 11
237.0013889362532
 21
140.7633974134872
 31
0.0
  0
LINE
  5
58F
330
1F
100
AcDbEntity
  8
Geometries
  6
Continuous
370
    40
100
AcDbLine
 10
232.7871882270126
 20
144.3583646250337
 30
0.0
 11
232.7871882270126
 21
144.364057438113
 31
0.0
  0
LINE
  5
590
330
1F
100
AcDbEntity
  8
Geometries
  6
Continuous
370
    40
100
AcDbLine
 10
182.3519947017962
 20
144.7962705302891
 30
0.0
 11
201.6735717020923
 21
133.6409528480001
 31
0.0
  0
LINE
  5
591
330
1F
100
AcDbEntity
  8
Geometries
  6
Continuous
370
    40
100
AcDbLine
 10
234.2190794589154
 20
145.1091105682095
 30
0.0
 11
234.2190794589154
 21
145.1907602263023
 31
0.0
  0
LINE
  5
592
330
1F
100
AcDbEntity
  8
Geometries
  6
Continuous
370
    40
100
AcDbLine
 10
229.7996620764995
 20
143.1127764278412
 30
0.0
 11
229.7643067374401
 21
143.1331888423644
 31
0.0
  0
LINE
  5
593
330
1F
100
AcDbEntity
  8
Geometries
  6
Continuous
370
    40
100
AcDbLine
 10
236.2646216847597
 20
144.5085054711475
 30
0.0
 11
236.1353802329313
 21
144.4338878841439
 31
0.0
  0
LINE
  5
594
330
1F
100
AcDbEntity
  8
Geometries
  6
Continuous
370
    40
100
AcDbLine
 10
233.8140180723989
 20
142.6550642689251
 30
0.0
 11
233.7771817312082
 21
142.8750244463844
 31
0.0
  0
LINE
  5
595
330
1F
100
AcDbEntity
  8
Geometries
  6
Continuous
370
    40
100
AcDbLine
 10
229.7643067374401
 20
143.1331888423644
 30
0.0
 11
229.7643067374401
 21
143.0352092526531
 31
0.0
  0
LINE
  5
596
330
1F
100
AcDbEntity
  8
Geometries
  6
Continuous
370
    40
100
AcDbLine
 10
233.7948153902035
 20
145.3622245082971
 30
0.0
 11
233.6569295678721
 21
145.2826160916567
 31
0.0
  0
ELLIPSE
  5
597
330
1F
100
AcDbEntity
  8
Geometries
  6
Continuous
370
    40
100
AcDbEllipse
 10
230.6643428707872
 20
140.7141239562756
 30
0.0
 11
-0.1485444921641783
 21
0.02084547547277641
 31
0.0
210
0.0
220
0.0
230
0.9999999999999999
 40
0.4683231991813508
 41
0.336056779502347
 42
0.8586784147904867
  0
LINE
  5
598
330
1F
100
AcDbEntity
  8
Geometries
  6
Continuous
370
    40
100
AcDbLine
 10
235.2055580839759
 20
138.5914639454853
 30
0.0
 11
235.1348474058572
 21
138.6322887745317
 31
0.0
  0
LINE
  5
599
330
1F
100
AcDbEntity
  8
Geometries
  6
Continuous
370
    40
100
AcDbLine
 10
234.9147898019081
 20
138.7739174563454
 30
0.0
 11
235.0559269648714
 21
138.6810358237941
 31
0.0
  0
LINE
  5
59A
330
1F
100
AcDbEntity
  8
Geometries
  6
Continuous
370
    40
100
AcDbLine
 10
232.1858838488985
 20
140.2354277049216
 30
0.0
 11
232.1142315249671
 21
140.2767961934314
 31
0.0
  0
LINE
  5
59B
330
1F
100
AcDbEntity
  8
Geometries
  6
Continuous
370
    40
100
AcDbLine
 10
235.186047982188
 20
141.7543302413227
 30
0.0
 11
234.9562382783024
 21
141.8870109357235
 31
0.0
  0
LINE
  5
59C
330
1F
100
AcDbEntity
  8
Geometries
  6
Continuous
370
    40
100
AcDbLine
 10
232.5750561926567
 20
144.7559757969583
 30
0.0
 11
232.5750561926567
 21
144.657996207247
 31
0.0
  0
LINE
  5
59D
330
1F
100
AcDbEntity
  8
Geometries
  6
Continuous
370
    40
100
AcDbLine
 10
235.0323169225852
 20
138.9364337509273
 30
0.0
 11
235.2055580839759
 21
138.8364129197637
 31
0.0
  0
LINE
  5
59E
330
1F
100
AcDbEntity
  8
Geometries
  6
Continuous
370
    40
100
AcDbLine
 10
232.1515829662615
 20
140.1590590693169
 30
0.0
 11
232.0309439051626
 21
140.2287100637172
 31
0.0
  0
LINE
  5
59F
330
1F
100
AcDbEntity
  8
Geometries
  6
Continuous
370
    40
100
AcDbLine
 10
232.2976273144709
 20
140.3826798018697
 30
0.0
 11
232.266477548894
 21
140.3646954763286
 31
0.0
  0
LINE
  5
5A0
330
1F
100
AcDbEntity
  8
Geometries
  6
Continuous
370
    40
100
AcDbLine
 10
230.7012232225123
 20
140.3999665377089
 30
0.0
 11
230.7012232225123
 21
140.1550175634306
 31
0.0
  0
LINE
  5
5A1
330
1F
100
AcDbEntity
  8
Geometries
  6
Continuous
370
    40
100
AcDbLine
 10
230.7012232225123
 20
140.5934847223008
 30
0.0
 11
230.7012232225123
 21
140.3999665377089
 31
0.0
  0
LINE
  5
5A2
330
1F
100
AcDbEntity
  8
Geometries
  6
Continuous
370
    40
100
AcDbLine
 10
230.1213956619393
 20
142.8004664856364
 30
0.0
 11
230.1213956619393
 21
142.7433117249714
 31
0.0
  0
LINE
  5
5A3
330
1F
100
AcDbEntity
  8
Geometries
  6
Continuous
370
    40
100
AcDbLine
 10
234.3640363490586
 20
145.1928014677546
 30
0.0
 11
234.505457705296
 21
145.2744511258474
 31
0.0
  0
LINE
  5
5A4
330
1F
100
AcDbEntity
  8
Geometries
  6
Continuous
370
    40
100
AcDbLine
 10
232.4053505651719
 20
140.4448738496599
 30
0.0
 11
232.4318670694664
 21
140.4295645387675
 31
0.0
  0
LINE
  5
5A5
330
1F
100
AcDbEntity
  8
Geometries
  6
Continuous
370
    40
100
AcDbLine
 10
222.2554738881303
 20
173.2097749388459
 30
0.0
 11
222.2554738881303
 21
173.1926632688841
 31
0.0
  0
LINE
  5
5A6
330
1F
100
AcDbEntity
  8
Geometries
  6
Continuous
370
    40
100
AcDbLine
 10
231.6558173771141
 20
143.629210515278
 30
0.0
 11
231.5851066989955
 21
143.6700353443244
 31
0.0
  0
ELLIPSE
  5
5A7
330
1F
100
AcDbEntity
  8
Geometries
  6
Continuous
370
    40
100
AcDbEllipse
 10
234.1925629546209
 20
141.81352624344
 30
0.0
 11
-0.2249999999999994
 21
-0.3897114317029977
 31
0.0
210
0.0
220
0.0
230
1.0
 40
0.5773502691896271
 41
0.7853981633974783
 42
1.196536025719805
  0
LINE
  5
5A8
330
1F
100
AcDbEntity
  8
Geometries
  6
Continuous
370
    40
100
AcDbLine
 10
232.266477548894
 20
140.3646954763286
 30
0.0
 11
232.1142315249671
 21
140.2767961934314
 31
0.0
  0
LINE
  5
5A9
330
1F
100
AcDbEntity
  8
Geometries
  6
Continuous
370
    40
100
AcDbLine
 10
235.9471479924435
 20
141.1425121891795
 30
0.0
 11
235.9354487856179
 21
140.9560778788663
 31
0.0
  0
ELLIPSE
  5
5AA
330
1F
100
AcDbEntity
  8
Geometries
  6
Continuous
370
    40
100
AcDbEllipse
 10
208.8712799531952
 20
133.5065413535611
 30
0.0
 11
1.85
 21
2.276824562219559E-15
 31
0.0
210
0.0
220
0.0
230
1.0
 40
0.5773502691896251
 41
6.283185307179584
 42
6.508584673362786
  0
LINE
  5
5AB
330
1F
100
AcDbEntity
  8
Geometries
  6
Continuous
370
    40
100
AcDbLine
 10
229.7996620764995
 20
143.1127764278412
 30
0.0
 11
229.7996620764995
 21
143.0556216671763
 31
0.0
  0
LINE
  5
5AC
330
1F
100
AcDbEntity
  8
Geometries
  6
Continuous
370
    40
100
AcDbLine
 10
234.922650706196
 20
145.882426925268
 30
0.0
 11
235.134782740552
 21
146.0049014124072
 31
0.0
  0
LINE
  5
5AD
330
1F
100
AcDbEntity
  8
Geometries
  6
Continuous
370
    40
100
AcDbLine
 10
232.1083657170736
 20
144.0047989425048
 30
0.0
 11
232.0588682423905
 21
143.9762215621723
 31
0.0
  0
ELLIPSE
  5
5AE
330
1F
100
AcDbEntity
  8
Geometries
  6
Continuous
370
    40
100
AcDbEllipse
 10
233.5650056863178
 20
143.1148176692936
 30
0.0
 11
-0.7999999999999964
 21
-1.385640646055104
 31
0.0
210
0.0
220
0.0
230
1.0
 40
0.5773502691896276
 41
0.8166532518969382
 42
0.9055769980395718
  0
LINE
  5
5AF
330
1F
100
AcDbEntity
  8
Geometries
  6
Continuous
370
    40
100
AcDbLine
 10
234.8290695911188
 20
141.8442086817303
 30
0.0
 11
234.9367928418197
 21
141.9064027295205
 31
0.0
  0
LINE
  5
5B0
330
1F
100
AcDbEntity
  8
Geometries
  6
Continuous
370
    40
100
AcDbLine
 10
234.1589753825145
 20
141.4573296100103
 30
0.0
 11
234.185491886809
 21
141.4726389209027
 31
0.0
  0
LINE
  5
5B1
330
1F
100
AcDbEntity
  8
Geometries
  6
Continuous
370
    40
100
AcDbLine
 10
229.7643067374401
 20
143.1331888423644
 30
0.0
 11
229.6228853812028
 21
143.0515391842717
 31
0.0
  0
ELLIPSE
  5
5B2
330
1F
100
AcDbEntity
  8
Geometries
  6
Continuous
370
    40
100
AcDbEllipse
 10
223.3022410788883
 20
162.5908163932259
 30
0.0
 11
22.34999999999999
 21
5.204170427930421E-15
 31
0.0
210
0.0
220
0.0
230
1.0
 40
0.5773502691896257
 41
1.320064542032607
 42
1.531604205980917
  0
LINE
  5
5B3
330
1F
100
AcDbEntity
  8
Geometries
  6
Continuous
370
    40
100
AcDbLine
 10
234.922650706196
 20
146.0380052612245
 30
0.0
 11
234.922650706196
 21
145.882426925268
 31
0.0
  0
LINE
  5
5B4
330
1F
100
AcDbEntity
  8
Geometries
  6
Continuous
370
    40
100
AcDbLine
 10
231.3729746646395
 20
143.9639741134584
 30
0.0
 11
231.7053148517972
 21
143.7720974169404
 31
0.0
  0
LINE
  5
5B5
330
1F
100
AcDbEntity
  8
Geometries
  6
Continuous
370
    40
100
AcDbLine
 10
234.4198150550775
 20
138.4881436530207
 30
0.0
 11
234.0815344382519
 21
138.86373630919
 31
0.0
  0
LINE
  5
5B6
330
1F
100
AcDbEntity
  8
Geometries
  6
Continuous
370
    40
100
AcDbLine
 10
233.4942950081992
 20
144.6906560704841
 30
0.0
 11
233.4942950081992
 21
144.7666129154975
 31
0.0
  0
LINE
  5
5B7
330
1F
100
AcDbEntity
  8
Geometries
  6
Continuous
370
    40
100
AcDbLine
 10
233.9503788820645
 20
145.0682857391631
 30
0.0
 11
233.8089575258272
 21
144.9866360810704
 31
0.0
  0
LINE
  5
5B8
330
1F
100
AcDbEntity
  8
Geometries
  6
Continuous
370
    40
100
AcDbLine
 10
234.1925629546209
 20
141.4461027820225
 30
0.0
 11
234.185491886809
 21
141.4420202991179
 31
0.0
  0
LINE
  5
5B9
330
1F
100
AcDbEntity
  8
Geometries
  6
Continuous
370
    40
100
AcDbLine
 10
231.0194212740463
 20
143.7598499682265
 30
0.0
 11
231.3517614612039
 21
143.5679732717084
 31
0.0
  0
LINE
  5
5BA
330
1F
100
AcDbEntity
  8
Geometries
  6
Continuous
370
    40
100
AcDbLine
 10
231.8502717419404
 20
141.4307934711301
 30
0.0
 11
231.821987470693
 21
141.4797832659858
 31
0.0
  0
ELLIPSE
  5
5BB
330
1F
100
AcDbEntity
  8
Geometries
  6
Continuous
370
    40
100
AcDbEllipse
 10
231.8909303818587
 20
140.2193166691786
 30
0.0
 11
-0.2249999999999994
 21
-0.3897114317029977
 31
0.0
210
0.0
220
0.0
230
1.0
 40
0.5773502691896271
 41
0.8465473758404208
 42
1.745329251994331
  0
LINE
  5
5BC
330
1F
100
AcDbEntity
  8
Geometries
  6
Continuous
370
    40
100
AcDbLine
 10
233.872597136134
 20
138.8955715873495
 30
0.0
 11
233.872597136134
 21
138.6506226130712
 31
0.0
  0
LINE
  5
5BD
330
1F
100
AcDbEntity
  8
Geometries
  6
Continuous
370
    40
100
AcDbLine
 10
230.5103043915919
 20
142.9678482847266
 30
0.0
 11
230.6481902139233
 21
143.047456701367
 31
0.0
  0
LINE
  5
5BE
330
1F
100
AcDbEntity
  8
Geometries
  6
Continuous
370
    40
100
AcDbLine
 10
233.6180386949068
 20
145.3581420253925
 30
0.0
 11
233.4766173386695
 21
145.2764923672997
 31
0.0
  0
LINE
  5
5BF
330
1F
100
AcDbEntity
  8
Geometries
  6
Continuous
370
    40
100
AcDbLine
 10
237.3691755037962
 20
139.840629045242
 30
0.0
 11
237.3691755037962
 21
139.7589793871492
 31
0.0
  0
LINE
  5
5C0
330
1F
100
AcDbEntity
  8
Geometries
  6
Continuous
370
    40
100
AcDbLine
 10
235.4176901183318
 20
138.7139384326245
 30
0.0
 11
235.4176901183318
 21
138.6322887745317
 31
0.0
  0
LINE
  5
5C1
330
1F
100
AcDbEntity
  8
Geometries
  6
Continuous
370
    40
100
AcDbLine
 10
234.1660464503264
 20
143.1787103431675
 30
0.0
 11
234.1660464503264
 21
142.7923945921064
 31
0.0
  0
ELLIPSE
  5
5C2
330
1F
100
AcDbEntity
  8
Geometries
  6
Continuous
370
    40
100
AcDbEllipse
 10
236.1459454376487
 20
141.0531638024511
 30
0.0
 11
0.2500000000000007
 21
-5.963111948670274E-16
 31
0.0
210
0.0
220
0.0
230
1.0
 40
0.5773502691896217
 41
1.841165084657149
 42
2.324186331926639
  0
LINE
  5
5C3
330
1F
100
AcDbEntity
  8
Geometries
  6
Continuous
370
    40
100
AcDbLine
 10
229.9410834327368
 20
143.1372713252691
 30
0.0
 11
230.2309972130233
 21
142.9698895261789
 31
0.0
  0
LINE
  5
5C4
330
1F
100
AcDbEntity
  8
Geometries
  6
Continuous
370
    40
100
AcDbLine
 10
233.7594600511441
 20
144.843749179408
 30
0.0
 11
233.7001209707038
 21
144.8780086134738
 31
0.0
  0
ELLIPSE
  5
5C5
330
1F
100
AcDbEntity
  8
Geometries
  6
Continuous
370
    40
100
AcDbEllipse
 10
231.4967183513472
 20
143.6230867909211
 30
0.0
 11
0.07500000000000112
 21
-0.1299038105676666
 31
0.0
210
0.0
220
0.0
230
1.0
 40
0.5773502691896202
 41
1.712693381399063
 42
2.356194490192335
  0
LINE
  5
5C6
330
1F
100
AcDbEntity
  8
Geometries
  6
Continuous
370
    40
100
AcDbLine
 10
234.3284534620205
 20
142.633216061433
 30
0.0
 11
234.3219255701652
 21
142.6281180708087
 31
0.0
  0
LINE
  5
5C7
330
1F
100
AcDbEntity
  8
Geometries
  6
Continuous
370
    40
100
AcDbLine
 10
230.8072892396903
 20
143.6373754810873
 30
0.0
 11
230.665867883453
 21
143.5557258229945
 31
0.0
  0
LINE
  5
5C8
330
1F
100
AcDbEntity
  8
Geometries
  6
Continuous
370
    40
100
AcDbLine
 10
213.1063398296049
 20
174.0736455700862
 30
0.0
 11
213.1063398296049
 21
172.8489006986946
 31
0.0
  0
LINE
  5
5C9
330
1F
100
AcDbEntity
  8
Geometries
  6
Continuous
370
    40
100
AcDbLine
 10
234.6398726590266
 20
138.346514971207
 30
0.0
 11
234.6398726590266
 21
138.1832156550215
 31
0.0
  0
LINE
  5
5CA
330
1F
100
AcDbEntity
  8
Geometries
  6
Continuous
370
    40
100
AcDbLine
 10
232.7341552184236
 20
142.1452279794419
 30
0.0
 11
232.7341552184236
 21
142.0084329155217
 31
0.0
  0
LINE
  5
5CB
330
1F
100
AcDbEntity
  8
Geometries
  6
Continuous
370
    40
100
AcDbLine
 10
233.8140180723989
 20
142.6550642689251
 30
0.0
 11
233.2664914258376
 21
142.2274705261688
 31
0.0
  0
LINE
  5
5CC
330
1F
100
AcDbEntity
  8
Geometries
  6
Continuous
370
    40
100
AcDbLine
 10
215.7599916191433
 20
173.3449018313623
 30
0.0
 11
215.7599916191433
 21
172.1201569599707
 31
0.0
  0
LINE
  5
5CD
330
1F
100
AcDbEntity
  8
Geometries
  6
Continuous
370
    40
100
AcDbLine
 10
234.1837241198561
 20
145.6847406577636
 30
0.0
 11
234.1837241198561
 21
145.6439158287172
 31
0.0
  0
ELLIPSE
  5
5CE
330
1F
100
AcDbEntity
  8
Geometries
  6
Continuous
370
    40
100
AcDbEllipse
 10
239.9996773951154
 20
147.1238158816487
 30
0.0
 11
1.7
 21
1.084202172485504E-16
 31
0.0
210
0.0
220
0.0
230
0.9999999999999999
 40
0.5773502691896257
 41
2.467846744482045
 42
6.283185307179586
  0
LINE
  5
5CF
330
1F
100
AcDbEntity
  8
Geometries
  6
Continuous
370
    40
100
AcDbLine
 10
234.3251454760934
 20
145.668410726145
 30
0.0
 11
234.1837241198561
 21
145.5867610680523
 31
0.0
  0
LINE
  5
5D0
330
1F
100
AcDbEntity
  8
Geometries
  6
Continuous
370
    40
100
AcDbLine
 10
250.6247591395292
 20
161.9029340921561
 30
0.0
 11
231.3031821392331
 21
173.0582517744451
 31
0.0
  0
LINE
  5
5D1
330
1F
100
AcDbEntity
  8
Geometries
  6
Continuous
370
    40
100
AcDbLine
 10
229.0253801511002
 20
142.6332145187559
 30
0.0
 11
228.8132481167442
 21
142.5107400316167
 31
0.0
  0
ELLIPSE
  5
5D2
330
1F
100
AcDbEntity
  8
Geometries
  6
Continuous
370
    40
100
AcDbEllipse
 10
236.1247322342131
 20
144.4946968910614
 30
0.0
 11
0.07500000000000112
 21
-0.1299038105676666
 31
0.0
210
0.0
220
0.0
230
1.0
 40
0.5773502691896202
 41
5.109303192785949
 42
5.498685466024189
  0
LINE
  5
5D3
330
1F
100
AcDbEntity
  8
Geometries
  6
Continuous
370
    40
100
AcDbLine
 10
231.1254872912243
 20
140.1550175634306
 30
0.0
 11
232.0447261067668
 21
140.6857403410336
 31
0.0
  0
LINE
  5
5D4
330
1F
100
AcDbEntity
  8
Geometries
  6
Continuous
370
    40
100
AcDbLine
 10
232.2215028020634
 20
144.453872062015
 30
0.0
 11
232.0800814458261
 21
144.3722224039223
 31
0.0
  0
LINE
  5
5D5
330
1F
100
AcDbEntity
  8
Geometries
  6
Continuous
370
    40
100
AcDbLine
 10
236.5311893027849
 20
140.4305104904309
 30
0.0
 11
236.7409705752797
 21
140.2168641663963
 31
0.0
  0
LINE
  5
5D6
330
1F
100
AcDbEntity
  8
Geometries
  6
Continuous
370
    40
100
AcDbLine
 10
233.8337062631687
 20
144.9437700105717
 30
0.0
 11
233.8337062631687
 21
144.8866152499067
 31
0.0
  0
LINE
  5
5D7
330
1F
100
AcDbEntity
  8
Geometries
  6
Continuous
370
    40
100
AcDbLine
 10
233.3528736519619
 20
144.6906560704841
 30
0.0
 11
233.3281249146203
 21
144.7049447606503
 31
0.0
  0
LINE
  5
5D8
330
1F
100
AcDbEntity
  8
Geometries
  6
Continuous
370
    40
100
AcDbLine
 10
230.665867883453
 20
143.5557258229945
 30
0.0
 11
230.9982080706107
 21
143.3638491264765
 31
0.0
  0
LINE
  5
5D9
330
1F
100
AcDbEntity
  8
Geometries
  6
Continuous
370
    40
100
AcDbLine
 10
237.1570434694403
 20
139.9631035323812
 30
0.0
 11
237.1570434694403
 21
139.7181545581028
 31
0.0
  0
LINE
  5
5DA
330
1F
100
AcDbEntity
  8
Geometries
  6
Continuous
370
    40
100
AcDbLine
 10
237.585740329392
 20
140.5057947085677
 30
0.0
 11
237.2667096858294
 21
140.6102144072977
 31
0.0
  0
LINE
  5
5DB
330
1F
100
AcDbEntity
  8
Geometries
  6
Continuous
370
    40
100
AcDbLine
 10
180.2691871643067
 20
150.1766141980033
 30
0.0
 11
180.2691871643067
 21
148.9518693266117
 31
0.0
  0
LINE
  5
5DC
330
1F
100
AcDbEntity
  8
Geometries
  6
Continuous
370
    40
100
AcDbLine
 10
235.5872017499009
 20
140.7305729839218
 30
0.0
 11
236.5311893027849
 21
140.1855615161526
 31
0.0
  0
LINE
  5
5DD
330
1F
100
AcDbEntity
  8
Geometries
  6
Continuous
370
    40
100
AcDbLine
 10
232.2922134801821
 20
144.0782836347883
 30
0.0
 11
232.2674647428405
 21
144.0925723249545
 31
0.0
  0
LINE
  5
5DE
330
1F
100
AcDbEntity
  8
Geometries
  6
Continuous
370
    40
100
AcDbLine
 10
231.8679494114701
 20
144.2497479167831
 30
0.0
 11
231.7265280552328
 21
144.1680982586903
 31
0.0
  0
LINE
  5
5DF
330
1F
100
AcDbEntity
  8
Geometries
  6
Continuous
370
    40
100
AcDbLine
 10
230.3299921623894
 20
143.3618078850242
 30
0.0
 11
230.6623323495471
 21
143.1699311885062
 31
0.0
  0
LINE
  5
5E0
330
1F
100
AcDbEntity
  8
Geometries
  6
Continuous
370
    40
100
AcDbLine
 10
234.5609522180408
 20
138.3952620204694
 30
0.0
 11
234.5294286804531
 21
138.416007496526
 31
0.0
  0
ELLIPSE
  5
5E1
330
1F
100
AcDbEntity
  8
Geometries
  6
Continuous
370
    40
100
AcDbEllipse
 10
234.4276759593654
 20
143.9394792160305
 30
0.0
 11
-0.649999999999999
 21
-1.125833024919771
 31
0.0
210
0.0
220
0.0
230
0.9999999999999999
 40
0.5773502691896265
 41
0.7853981633974468
 42
2.356194490192344
  0
LINE
  5
5E2
330
1F
100
AcDbEntity
  8
Geometries
  6
Continuous
370
    40
100
AcDbLine
 10
234.7179931361162
 20
141.6984290024412
 30
0.0
 11
234.8686305036605
 21
141.7853995271429
 31
0.0
  0
LINE
  5
5E3
330
1F
100
AcDbEntity
  8
Geometries
  6
Continuous
370
    40
100
AcDbLine
 10
232.1578631917566
 20
144.0823661176929
 30
0.0
 11
232.2215028020634
 21
144.1191084638347
 31
0.0
  0
LINE
  5
5E4
330
1F
100
AcDbEntity
  8
Geometries
  6
Continuous
370
    40
100
AcDbLine
 10
231.8679494114701
 20
144.3477275064944
 30
0.0
 11
231.7265280552328
 21
144.2660778484016
 31
0.0
  0
LINE
  5
5E5
330
1F
100
AcDbEntity
  8
Geometries
  6
Continuous
370
    40
100
AcDbLine
 10
229.2375121854562
 20
141.9308976269483
 30
0.0
 11
229.0253801511002
 21
141.8084231398092
 31
0.0
  0
LINE
  5
5E6
330
1F
100
AcDbEntity
  8
Geometries
  6
Continuous
370
    40
100
AcDbLine
 10
252.7075666770187
 20
157.7473352958334
 30
0.0
 11
252.7075666770187
 21
158.972080167225
 31
0.0
  0
LINE
  5
5E7
330
1F
100
AcDbEntity
  8
Geometries
  6
Continuous
370
    40
100
AcDbLine
 10
229.0253801511002
 20
142.6332145187559
 30
0.0
 11
229.0253801511002
 21
142.4776361827994
 31
0.0
  0
LINE
  5
5E8
330
1F
100
AcDbEntity
  8
Geometries
  6
Continuous
370
    40
100
AcDbLine
 10
234.6944923679556
 20
145.5468896554057
 30
0.0
 11
234.9680305545979
 21
145.7048170010972
 31
0.0
  0
ELLIPSE
  5
5E9
330
1F
100
AcDbEntity
  8
Geometries
  6
Continuous
370
    40
100
AcDbEllipse
 10
230.3733088907537
 20
157.2835886171957
 30
0.0
 11
22.34999999999999
 21
5.204170427930421E-15
 31
0.0
210
0.0
220
0.0
230
1.0
 40
0.5773502691896257
 41
0.0391921208139755
 42
0.2507317847622872
  0
LINE
  5
5EA
330
1F
100
AcDbEntity
  8
Geometries
  6
Continuous
370
    40
100
AcDbLine
 10
232.9286095832499
 20
144.8621203524789
 30
0.0
 11
232.7871882270126
 21
144.7804706943861
 31
0.0
  0
LINE
  5
5EB
330
1F
100
AcDbEntity
  8
Geometries
  6
Continuous
370
    40
100
AcDbLine
 10
231.8679494114701
 20
144.2497479167831
 30
0.0
 11
232.1578631917566
 21
144.0823661176929
 31
0.0
  0
LINE
  5
5EC
330
1F
100
AcDbEntity
  8
Geometries
  6
Continuous
370
    40
100
AcDbLine
 10
230.3653475014487
 20
142.8841573851815
 30
0.0
 11
230.3653475014487
 21
142.9658070432743
 31
0.0
  0
LINE
  5
5ED
330
1F
100
AcDbEntity
  8
Geometries
  6
Continuous
370
    40
100
AcDbLine
 10
237.6450118137642
 20
143.4944885794249
 30
0.0
 11
237.7510778309422
 21
143.5557258229945
 31
0.0
  0
ELLIPSE
  5
5EE
330
1F
100
AcDbEntity
  8
Geometries
  6
Continuous
370
    40
100
AcDbEllipse
 10
237.2984648256776
 20
139.7998042161956
 30
0.0
 11
0.09999999999999953
 21
2.405573570202213E-16
 31
0.0
210
0.0
220
0.0
230
1.0
 40
0.5773502691896257
 41
5.497787143782155
 42
7.068583470577028
  0
LINE
  5
5EF
330
1F
100
AcDbEntity
  8
Geometries
  6
Continuous
370
    40
100
AcDbLine
 10
233.1796324905712
 20
139.5446863691871
 30
0.0
 11
233.288631438451
 21
139.6076169410869
 31
0.0
  0
LINE
  5
5F0
330
1F
100
AcDbEntity
  8
Geometries
  6
Continuous
370
    40
100
AcDbLine
 10
231.401258935887
 20
143.5965506520409
 30
0.0
 11
231.3517614612039
 21
143.5679732717084
 31
0.0
  0
LINE
  5
5F1
330
1F
100
AcDbEntity
  8
Geometries
  6
Continuous
370
    40
100
AcDbLine
 10
229.7643067374401
 20
143.0352092526531
 30
0.0
 11
229.6228853812028
 21
142.9535595945603
 31
0.0
  0
LINE
  5
5F2
330
1F
100
AcDbEntity
  8
Geometries
  6
Continuous
370
    40
100
AcDbLine
 10
233.2810094895205
 20
139.486156331554
 30
0.0
 11
233.2769322316254
 21
139.4211826307736
 31
0.0
  0
ELLIPSE
  5
5F3
330
1F
100
AcDbEntity
  8
Geometries
  6
Continuous
370
    40
100
AcDbEllipse
 10
202.6034449505717
 20
149.4156160052495
 30
0.0
 11
22.34999999999999
 21
5.204170427930421E-15
 31
0.0
210
0.0
220
0.0
230
1.0
 40
0.5773502691896257
 41
2.356194490192344
 42
2.667880889001529
  0
LINE
  5
5F4
330
1F
100
AcDbEntity
  8
Geometries
  6
Continuous
370
    40
100
AcDbLine
 10
235.2055580839759
 20
138.8364129197637
 30
0.0
 11
235.2055580839759
 21
138.5914639454853
 31
0.0
  0
LINE
  5
5F5
330
1F
100
AcDbEntity
  8
Geometries
  6
Continuous
370
    40
100
AcDbLine
 10
236.0186662170352
 20
145.2826160916567
 30
0.0
 11
236.0716992256241
 21
145.2519974698719
 31
0.0
  0
LINE
  5
5F6
330
1F
100
AcDbEntity
  8
Geometries
  6
Continuous
370
    40
100
AcDbLine
 10
232.92860958325
 20
139.3997582260724
 30
0.0
 11
232.9639649223093
 21
139.4201706405956
 31
0.0
  0
LINE
  5
5F7
330
1F
100
AcDbEntity
  8
Geometries
  6
Continuous
370
    40
100
AcDbLine
 10
230.4714135186267
 20
143.5414371328283
 30
0.0
 11
230.4714135186267
 21
143.4434575431169
 31
0.0
  0
LINE
  5
5F8
330
1F
100
AcDbEntity
  8
Geometries
  6
Continuous
370
    40
100
AcDbLine
 10
252.7061460382182
 20
159.0139304772484
 30
0.0
 11
252.7061460382182
 21
157.7891856058569
 31
0.0
  0
LINE
  5
5F9
330
1F
100
AcDbEntity
  8
Geometries
  6
Continuous
370
    40
100
AcDbLine
 10
231.8149164028811
 20
141.4920307146997
 30
0.0
 11
232.557378523127
 21
141.9206914196868
 31
0.0
  0
LINE
  5
5FA
330
1F
100
AcDbEntity
  8
Geometries
  6
Continuous
370
    40
100
AcDbLine
 10
186.7996083910523
 20
159.7647101685085
 30
0.0
 11
186.7996083910524
 21
158.5399652971169
 31
0.0
  0
LINE
  5
5FB
330
1F
100
AcDbEntity
  8
Geometries
  6
Continuous
370
    40
100
AcDbLine
 10
234.1837241198561
 20
145.6439158287172
 30
0.0
 11
234.1837241198561
 21
145.5867610680523
 31
0.0
  0
LINE
  5
5FC
330
1F
100
AcDbEntity
  8
Geometries
  6
Continuous
370
    40
100
AcDbLine
 10
234.645673801615
 20
141.7383250732921
 30
0.0
 11
234.7979198255418
 21
141.8262243561893
 31
0.0
  0
LINE
  5
5FD
330
1F
100
AcDbEntity
  8
Geometries
  6
Continuous
370
    40
100
AcDbLine
 10
231.2246115712009
 20
143.3802537271579
 30
0.0
 11
231.2953222493195
 21
143.4210785562042
 31
0.0
  0
LINE
  5
5FE
330
1F
100
AcDbEntity
  8
Geometries
  6
Continuous
370
    40
100
AcDbLine
 10
236.8481456747159
 20
140.2787417389062
 30
0.0
 11
236.7403331825273
 21
140.3984458493259
 31
0.0
  0
LINE
  5
5FF
330
1F
100
AcDbEntity
  8
Geometries
  6
Continuous
370
    40
100
AcDbLine
 10
230.2911012894241
 20
143.3393542290487
 30
0.0
 11
230.1532154670927
 21
143.2597458124082
 31
0.0
  0
LINE
  5
600
330
1F
100
AcDbEntity
  8
Geometries
  6
Continuous
370
    40
100
AcDbLine
 10
234.1660464503264
 20
142.7269817933529
 30
0.0
 11
234.4276759593654
 21
142.8780336608245
 31
0.0
  0
LINE
  5
601
330
1F
100
AcDbEntity
  8
Geometries
  6
Continuous
370
    40
100
AcDbLine
 10
234.661021197157
 20
145.572472377886
 30
0.0
 11
234.3251454760934
 21
145.7663903158563
 31
0.0
  0
LINE
  5
602
330
1F
100
AcDbEntity
  8
Geometries
  6
Continuous
370
    40
100
AcDbLine
 10
235.134782740552
 20
145.335688369417
 30
0.0
 11
235.3469147749079
 21
145.4581628565561
 31
0.0
  0
LINE
  5
603
330
1F
100
AcDbEntity
  8
Geometries
  6
Continuous
370
    40
100
AcDbLine
 10
232.7341552184236
 20
141.9002790051636
 30
0.0
 11
232.769510557483
 21
141.8798665906404
 31
0.0
  0
LINE
  5
604
330
1F
100
AcDbEntity
  8
Geometries
  6
Continuous
370
    40
100
AcDbLine
 10
239.7445807151966
 20
142.9505860963475
 30
0.0
 11
238.811738002722
 21
143.4891630875063
 31
0.0
  0
LINE
  5
605
330
1F
100
AcDbEntity
  8
Geometries
  6
Continuous
370
    40
100
AcDbLine
 10
232.2038251325337
 20
144.1538095685241
 30
0.0
 11
231.8679494114701
 21
144.3477275064944
 31
0.0
  0
ELLIPSE
  5
606
330
1F
100
AcDbEntity
  8
Geometries
  6
Continuous
370
    40
100
AcDbEllipse
 10
219.0370082614984
 20
173.7464247347056
 30
0.0
 11
-3.35
 21
-1.084202172485504E-15
 31
0.0
210
0.0
220
0.0
230
1.0
 40
0.5773502691896256
 41
0.2091202775911015
 42
2.860439100180914
  0
LINE
  5
607
330
1F
100
AcDbEntity
  8
Geometries
  6
Continuous
370
    40
100
AcDbLine
 10
232.0093707677074
 20
143.83333466051
 30
0.0
 11
231.9386600895888
 21
143.8741594895563
 31
0.0
  0
LINE
  5
608
330
1F
100
AcDbEntity
  8
Geometries
  6
Continuous
370
    40
100
AcDbLine
 10
230.3299921623894
 20
143.4597874747355
 30
0.0
 11
230.3299921623894
 21
143.4148801627845
 31
0.0
  0
LINE
  5
609
330
1F
100
AcDbEntity
  8
Geometries
  6
Continuous
370
    40
100
AcDbLine
 10
210.7212799531952
 20
133.5065413535611
 30
0.0
 11
210.7212799531952
 21
134.714174554991
 31
0.0
  0
LINE
  5
60A
330
1F
100
AcDbEntity
  8
Geometries
  6
Continuous
370
    40
100
AcDbLine
 10
231.6381397075845
 20
141.5124431292229
 30
0.0
 11
231.6381397075845
 21
141.2674941549446
 31
0.0
  0
LINE
  5
60B
330
1F
100
AcDbEntity
  8
Geometries
  6
Continuous
370
    40
100
AcDbLine
 10
250.4658723249195
 20
151.8842405284465
 30
0.0
 11
250.4658723249195
 21
153.1089853998381
 31
0.0
  0
LINE
  5
60C
330
1F
100
AcDbEntity
  8
Geometries
  6
Continuous
370
    40
100
AcDbLine
 10
234.661021197157
 20
142.4412079900282
 30
0.0
 11
234.661021197157
 21
142.1962590157499
 31
0.0
  0
LINE
  5
60D
330
1F
100
AcDbEntity
  8
Geometries
  6
Continuous
370
    40
100
AcDbLine
 10
236.7716702736936
 20
140.1855988506839
 30
0.0
 11
236.7716702736936
 21
139.9406498764056
 31
0.0
  0
LINE
  5
60E
330
1F
100
AcDbEntity
  8
Geometries
  6
Continuous
370
    40
100
AcDbLine
 10
182.5326541059496
 20
151.2176945804536
 30
0.0
 11
182.5326541059496
 21
149.992949709062
 31
0.0
  0
LINE
  5
60F
330
1F
100
AcDbEntity
  8
Geometries
  6
Continuous
370
    40
100
AcDbLine
 10
234.661021197157
 20
142.4412079900282
 30
0.0
 11
233.7417823816145
 21
141.9104852124252
 31
0.0
  0
LINE
  5
610
330
1F
100
AcDbEntity
  8
Geometries
  6
Continuous
370
    40
100
AcDbLine
 10
231.821987470693
 20
141.4797832659858
 30
0.0
 11
231.8149164028811
 21
141.4920307146997
 31
0.0
  0
LINE
  5
611
330
1F
100
AcDbEntity
  8
Geometries
  6
Continuous
370
    40
100
AcDbLine
 10
233.5534565291599
 20
139.5169252698875
 30
0.0
 11
234.3292283892916
 21
139.0063938479069
 31
0.0
  0
LINE
  5
612
330
1F
100
AcDbEntity
  8
Geometries
  6
Continuous
370
    40
100
AcDbLine
 10
231.1608426302836
 20
143.8414996263192
 30
0.0
 11
231.4507564105701
 21
143.6741178272291
 31
0.0
  0
ELLIPSE
  5
613
330
1F
100
AcDbEntity
  8
Geometries
  6
Continuous
370
    40
100
AcDbEllipse
 10
182.1191871643067
 20
148.9518693266117
 30
0.0
 11
1.85
 21
2.276824562219559E-15
 31
0.0
210
0.0
220
0.0
230
1.0
 40
0.5773502691896251
 41
1.345396960611715
 42
3.141592653589793
  0
LINE
  5
614
330
1F
100
AcDbEntity
  8
Geometries
  6
Continuous
370
    40
100
AcDbLine
 10
234.185491886809
 20
141.4420202991179
 30
0.0
 11
234.185491886809
 21
141.4726389209027
 31
0.0
  0
LINE
  5
615
330
1F
100
AcDbEntity
  8
Geometries
  6
Continuous
370
    40
100
AcDbLine
 10
232.3371882270126
 20
140.3238706472823
 30
0.0
 11
232.4296057055402
 21
140.2705133911766
 31
0.0
  0
ELLIPSE
  5
616
330
1F
100
AcDbEntity
  8
Geometries
  6
Continuous
370
    40
100
AcDbEllipse
 10
224.1054738881303
 20
173.1926632688841
 30
0.0
 11
1.85
 21
2.276824562219559E-15
 31
0.0
210
0.0
220
0.0
230
1.0
 40
0.5773502691896251
 41
3.141592653589791
 42
3.366992019772993
  0
LINE
  5
617
330
1F
100
AcDbEntity
  8
Geometries
  6
Continuous
370
    40
100
AcDbLine
 10
235.1931190499999
 20
141.7584127242274
 30
0.0
 11
235.186047982188
 21
141.7543302413227
 31
0.0
  0
LINE
  5
618
330
1F
100
AcDbEntity
  8
Geometries
  6
Continuous
370
    40
100
AcDbLine
 10
231.0477055452937
 20
143.392426506809
 30
0.0
 11
231.0194212740463
 21
143.3434367119533
 31
0.0
  0
LINE
  5
619
330
1F
100
AcDbEntity
  8
Geometries
  6
Continuous
370
    40
100
AcDbLine
 10
236.9874627530014
 20
140.5414748039564
 30
0.0
 11
237.573381968559
 21
140.3088563594268
 31
0.0
  0
LINE
  5
61A
330
1F
100
AcDbEntity
  8
Geometries
  6
Continuous
370
    40
100
AcDbLine
 10
233.5225792794466
 20
144.8212955234325
 30
0.0
 11
233.4942950081992
 21
144.7723057285768
 31
0.0
  0
LINE
  5
61B
330
1F
100
AcDbEntity
  8
Geometries
  6
Continuous
370
    40
100
AcDbLine
 10
230.3299921623894
 20
143.4148801627845
 30
0.0
 11
230.3299921623894
 21
143.3618078850242
 31
0.0
  0
LINE
  5
61C
330
1F
100
AcDbEntity
  8
Geometries
  6
Continuous
370
    40
100
AcDbLine
 10
236.1248275213994
 20
144.3722489567037
 30
0.0
 11
236.2308229649073
 21
144.4334454545458
 31
0.0
  0
LINE
  5
61D
330
1F
100
AcDbEntity
  8
Geometries
  6
Continuous
370
    40
100
AcDbLine
 10
233.5720767541297
 20
144.8988626986206
 30
0.0
 11
233.6180386949068
 21
144.9253988375008
 31
0.0
  0
LINE
  5
61E
330
1F
100
AcDbEntity
  8
Geometries
  6
Continuous
370
    40
100
AcDbLine
 10
234.3292283892916
 20
139.0063938479069
 30
0.0
 11
234.9147898019081
 21
138.7739174563454
 31
0.0
  0
LINE
  5
61F
330
1F
100
AcDbEntity
  8
Geometries
  6
Continuous
370
    40
100
AcDbLine
 10
231.1608426302836
 20
143.9394792160305
 30
0.0
 11
231.1608426302836
 21
143.8414996263192
 31
0.0
  0
LINE
  5
620
330
1F
100
AcDbEntity
  8
Geometries
  6
Continuous
370
    40
100
AcDbLine
 10
232.0309439051626
 20
140.2287100637172
 30
0.0
 11
231.7882893651567
 21
140.0886133997246
 31
0.0
  0
LINE
  5
621
330
1F
100
AcDbEntity
  8
Geometries
  6
Continuous
370
    40
100
AcDbLine
 10
231.5851066989955
 20
143.5883856862316
 30
0.0
 11
231.6558173771141
 21
143.629210515278
 31
0.0
  0
LINE
  5
622
330
1F
100
AcDbEntity
  8
Geometries
  6
Continuous
370
    40
100
AcDbLine
 10
232.5750561926567
 20
144.657996207247
 30
0.0
 11
232.4336348364194
 21
144.5763465491542
 31
0.0
  0
ELLIPSE
  5
623
330
1F
100
AcDbEntity
  8
Geometries
  6
Continuous
370
    40
100
AcDbEllipse
 10
238.1046312215355
 20
142.3963006780772
 30
0.0
 11
-0.649999999999999
 21
-1.125833024919771
 31
0.0
210
0.0
220
0.0
230
0.9999999999999999
 40
0.5773502691896265
 41
2.356194490192345
 42
3.049354397769091
  0
LINE
  5
624
330
1F
100
AcDbEntity
  8
Geometries
  6
Continuous
370
    40
100
AcDbLine
 10
234.3292283892916
 20
139.0063938479069
 30
0.0
 11
234.3431506567982
 21
139.228254193538
 31
0.0
  0
LINE
  5
625
330
1F
100
AcDbEntity
  8
Geometries
  6
Continuous
370
    40
100
AcDbLine
 10
236.7716702736936
 20
140.1855988506839
 30
0.0
 11
237.1570434694403
 21
139.9631035323812
 31
0.0
  0
ELLIPSE
  5
626
330
1F
100
AcDbEntity
  8
Geometries
  6
Continuous
370
    40
100
AcDbEllipse
 10
219.0370082614984
 20
172.521679863314
 30
0.0
 11
-3.35
 21
-1.084202172485504E-15
 31
0.0
210
0.0
220
0.0
230
1.0
 40
0.5773502691896256
 41
0.209120277591098
 42
3.36699201977298
  0
LINE
  5
627
330
1F
100
AcDbEntity
  8
Geometries
  6
Continuous
370
    40
100
AcDbLine
 10
230.1213956619393
 20
142.8004664856364
 30
0.0
 11
229.979974305702
 21
142.7188168275436
 31
0.0
  0
LINE
  5
628
330
1F
100
AcDbEntity
  8
Geometries
  6
Continuous
370
    40
100
AcDbLine
 10
234.607988188568
 20
145.4969464441502
 30
0.0
 11
234.6150592563799
 21
145.5010289270548
 31
0.0
  0
LINE
  5
629
330
1F
100
AcDbEntity
  8
Geometries
  6
Continuous
370
    40
100
AcDbLine
 10
229.6228853812028
 20
143.0515391842717
 30
0.0
 11
229.6228853812028
 21
142.9535595945603
 31
0.0
  0
LINE
  5
62A
330
1F
100
AcDbEntity
  8
Geometries
  6
Continuous
370
    40
100
AcDbLine
 10
233.7288429231326
 20
138.9785681209231
 30
0.0
 11
232.9639649223093
 21
139.4201706405956
 31
0.0
  0
LINE
  5
62B
330
1F
100
AcDbEntity
  8
Geometries
  6
Continuous
370
    40
100
AcDbLine
 10
233.8271258217823
 20
139.0311612958958
 30
0.0
 11
233.7398769370985
 21
139.0885793329143
 31
0.0
  0
LINE
  5
62C
330
1F
100
AcDbEntity
  8
Geometries
  6
Continuous
370
    40
100
AcDbLine
 10
230.2911012894241
 20
143.43733381876
 30
0.0
 11
230.1532154670927
 21
143.3577254021195
 31
0.0
  0
LINE
  5
62D
330
1F
100
AcDbEntity
  8
Geometries
  6
Continuous
370
    40
100
AcDbLine
 10
229.0253801511002
 20
140.8204622768866
 30
0.0
 11
229.0253801511002
 21
141.8084231398092
 31
0.0
  0
LINE
  5
62E
330
1F
100
AcDbEntity
  8
Geometries
  6
Continuous
370
    40
100
AcDbLine
 10
230.8779999178089
 20
143.1801373957678
 30
0.0
 11
230.8779999178089
 21
143.2617870538605
 31
0.0
  0
LINE
  5
62F
330
1F
100
AcDbEntity
  8
Geometries
  6
Continuous
370
    40
100
AcDbLine
 10
234.505457705296
 20
145.3316058865123
 30
0.0
 11
234.3640363490586
 21
145.2499562284196
 31
0.0
  0
LINE
  5
630
330
1F
100
AcDbEntity
  8
Geometries
  6
Continuous
370
    40
100
AcDbLine
 10
237.8641502506268
 20
140.371351822845
 30
0.0
 11
237.8641502506268
 21
140.1264028485667
 31
0.0
  0
LINE
  5
631
330
1F
100
AcDbEntity
  8
Geometries
  6
Continuous
370
    40
100
AcDbLine
 10
233.7594600511441
 20
144.843749179408
 30
0.0
 11
233.8337062631687
 21
144.8866152499067
 31
0.0
  0
LINE
  5
632
330
1F
100
AcDbEntity
  8
Geometries
  6
Continuous
370
    40
100
AcDbLine
 10
229.9410834327368
 20
143.2352509149804
 30
0.0
 11
229.7996620764995
 21
143.1536012568876
 31
0.0
  0
ELLIPSE
  5
633
330
1F
100
AcDbEntity
  8
Geometries
  6
Continuous
370
    40
100
AcDbEllipse
 10
248.6158723249196
 20
151.8842405284465
 30
0.0
 11
1.85
 21
2.276824562219559E-15
 31
0.0
210
0.0
220
0.0
230
1.0
 40
0.5773502691896251
 41
5.809473542591304
 42
6.283185307179583
  0
LINE
  5
634
330
1F
100
AcDbEntity
  8
Geometries
  6
Continuous
370
    40
100
AcDbLine
 10
232.2215028020634
 20
144.5518516517263
 30
0.0
 11
232.2215028020634
 21
144.453872062015
 31
0.0
  0
ELLIPSE
  5
635
330
1F
100
AcDbEntity
  8
Geometries
  6
Continuous
370
    40
100
AcDbEllipse
 10
245.3808450116871
 20
74.9863581899446
 30
0.0
 11
1.850000000000001
 21
5.421010862427521E-16
 31
0.0
210
0.0
220
0.0
230
1.0
 40
0.577350269189625
 41
4.92150925797579
 42
6.283185307179586
  0
LINE
  5
636
330
1F
100
AcDbEntity
  8
Geometries
  6
Continuous
370
    40
100
AcDbLine
 10
210.9943887754785
 20
65.86444136313465
 30
0.0
 11
207.6564789690134
 21
67.79158448842796
 31
0.0
  0
LINE
  5
637
330
1F
100
AcDbEntity
  8
Geometries
  6
Continuous
370
    40
100
AcDbLine
 10
191.0822618172654
 20
76.5442166416693
 30
0.0
 11
189.3427791355465
 21
75.53992584712819
 31
0.0
  0
LINE
  5
638
330
1F
100
AcDbEntity
  8
Geometries
  6
Continuous
370
    40
100
AcDbLine
 10
207.8406925313865
 20
62.32901116771759
 30
0.0
 11
207.8406925313865
 21
64.0436539876658
 31
0.0
  0
LINE
  5
639
330
1F
100
AcDbEntity
  8
Geometries
  6
Continuous
370
    40
100
AcDbLine
 10
207.6564789690134
 20
66.68093794406236
 30
0.0
 11
207.6564789690134
 21
67.79158448842796
 31
0.0
  0
LINE
  5
63A
330
1F
100
AcDbEntity
  8
Geometries
  6
Continuous
370
    40
100
AcDbLine
 10
207.2962203098729
 20
68.81607650318837
 30
0.0
 11
194.780430282871
 21
76.04207124439874
 31
0.0
  0
LINE
  5
63B
330
1F
100
AcDbEntity
  8
Geometries
  6
Continuous
370
    40
100
AcDbLine
 10
220.9429334381709
 20
53.8354025290917
 30
0.0
 11
220.9429334381709
 21
52.61065765770013
 31
0.0
  0
ELLIPSE
  5
63C
330
1F
100
AcDbEntity
  8
Geometries
  6
Continuous
370
    40
100
AcDbEllipse
 10
208.710433872246
 20
65.36229596586409
 30
0.0
 11
-0.9000000000000006
 21
-1.301042606982606E-15
 31
0.0
210
0.0
220
0.0
230
0.9999999999999999
 40
0.5773502691896257
 41
3.141592653589797
 42
7.491309894639946
  0
ELLIPSE
  5
63D
330
1F
100
AcDbEntity
  8
Geometries
  6
Continuous
370
    40
100
AcDbEllipse
 10
193.9106889420115
 20
73.90693268527274
 30
0.0
 11
-1.229999999999999
 21
1.301042606982605E-15
 31
0.0
210
0.0
220
0.0
230
0.9999999999999999
 40
0.5773502691896256
 41
6.283185307179586
 42
7.068583470577037
  0
ELLIPSE
  5
63E
330
1F
100
AcDbEntity
  8
Geometries
  6
Continuous
370
    40
100
AcDbEllipse
 10
227.1382815775213
 20
70.81175497258705
 30
0.0
 11
22.35
 21
1.734723475976807E-15
 31
0.0
210
0.0
220
0.0
230
1.0
 40
0.5773502691896255
 41
6.032453522417298
 42
6.243993186365611
  0
ELLIPSE
  5
63F
330
1F
100
AcDbEntity
  8
Geometries
  6
Continuous
370
    40
100
AcDbEllipse
 10
224.0367280205251
 20
87.09525206509196
 30
0.0
 11
1.699999999999998
 21
-3.144186300207963E-15
 31
0.0
210
0.0
220
0.0
230
1.0
 40
0.5773502691896257
 41
0.673745909107969
 42
2.46784674448182
  0
ELLIPSE
  5
640
330
1F
100
AcDbEntity
  8
Geometries
  6
Continuous
370
    40
100
AcDbEllipse
 10
236.764650081883
 20
80.97152770813402
 30
0.0
 11
1.699999999999998
 21
-3.144186300207963E-15
 31
0.0
210
0.0
220
0.0
230
1.0
 40
0.5773502691896257
 41
3.815338562697422
 42
5.609439398071955
  0
ELLIPSE
  5
641
330
1F
100
AcDbEntity
  8
Geometries
  6
Continuous
370
    40
100
AcDbEllipse
 10
190.9697869103901
 20
87.61116220020016
 30
0.0
 11
1.699999999999998
 21
-3.144186300207963E-15
 31
0.0
210
0.0
220
0.0
230
1.0
 40
0.5773502691896257
 41
3.815338562697672
 42
5.609439398071707
  0
ELLIPSE
  5
642
330
1F
100
AcDbEntity
  8
Geometries
  6
Continuous
370
    40
100
AcDbEllipse
 10
190.9697869103901
 20
87.61116220020016
 30
0.0
 11
1.699999999999998
 21
-3.144186300207963E-15
 31
0.0
210
0.0
220
0.0
230
1.0
 40
0.5773502691896257
 41
0.0000000000000032
 42
3.815338562697672
  0
ELLIPSE
  5
643
330
1F
100
AcDbEntity
  8
Geometries
  6
Continuous
370
    40
100
AcDbEllipse
 10
220.0672137656559
 20
65.50452719655684
 30
0.0
 11
22.35
 21
1.734723475976807E-15
 31
0.0
210
0.0
220
0.0
230
1.0
 40
0.5773502691896255
 41
4.751581101198669
 42
4.963120765146978
  0
ELLIPSE
  5
644
330
1F
100
AcDbEntity
  8
Geometries
  6
Continuous
370
    40
100
AcDbEllipse
 10
178.8841598510742
 20
77.91872939177941
 30
0.0
 11
1.850000000000001
 21
5.421010862427521E-16
 31
0.0
210
0.0
220
0.0
230
1.0
 40
0.577350269189625
 41
3.141592653589792
 42
4.937788346567871
  0
LINE
  5
645
330
1F
100
AcDbEntity
  8
Geometries
  6
Continuous
370
    40
100
AcDbLine
 10
209.2549060937596
 20
62.32901116771759
 30
0.0
 11
209.2549060937596
 21
64.0436539876658
 31
0.0
  0
LINE
  5
646
330
1F
100
AcDbEntity
  8
Geometries
  6
Continuous
370
    40
100
AcDbLine
 10
189.3427791355465
 20
73.00878644625224
 30
0.0
 11
207.8406925313865
 21
62.32901116771759
 31
0.0
  0
LINE
  5
647
330
1F
100
AcDbEntity
  8
Geometries
  6
Continuous
370
    40
100
AcDbLine
 10
209.2549060937596
 20
62.32901116771759
 30
0.0
 11
210.9943887754785
 21
63.33330196225869
 31
0.0
  0
LINE
  5
648
330
1F
100
AcDbEntity
  8
Geometries
  6
Continuous
370
    40
100
AcDbLine
 10
219.0204465748979
 20
54.90268032089861
 30
0.0
 11
219.0204465748979
 21
54.88556865093683
 31
0.0
  0
LINE
  5
649
330
1F
100
AcDbEntity
  8
Geometries
  6
Continuous
370
    40
100
AcDbLine
 10
247.3897318262968
 20
64.96766462623505
 30
0.0
 11
228.0681548260006
 21
53.81234694394603
 31
0.0
  0
LINE
  5
64A
330
1F
100
AcDbEntity
  8
Geometries
  6
Continuous
370
    40
100
AcDbLine
 10
210.9943887754785
 20
63.33330196225869
 30
0.0
 11
210.9943887754785
 21
65.04794478220691
 31
0.0
  0
LINE
  5
64B
330
1F
100
AcDbEntity
  8
Geometries
  6
Continuous
370
    40
100
AcDbLine
 10
205.556737628154
 20
67.81178570864726
 30
0.0
 11
205.556737628154
 21
66.17879254679181
 31
0.0
  0
LINE
  5
64C
330
1F
100
AcDbEntity
  8
Geometries
  6
Continuous
370
    40
100
AcDbLine
 10
204.2633772061365
 20
57.60492277608108
 30
0.0
 11
183.5645810778199
 21
69.55537829266584
 31
0.0
  0
LINE
  5
64D
330
1F
100
AcDbEntity
  8
Geometries
  6
Continuous
370
    40
100
AcDbLine
 10
179.1169673885638
 20
83.29907305949362
 30
0.0
 11
198.4385443888599
 21
94.45439074178265
 31
0.0
  0
LINE
  5
64E
330
1F
100
AcDbEntity
  8
Geometries
  6
Continuous
370
    40
100
AcDbLine
 10
204.2633772061365
 20
57.60492277608108
 30
0.0
 11
204.2633772061365
 21
56.3801779046895
 31
0.0
  0
ELLIPSE
  5
64F
330
1F
100
AcDbEntity
  8
Geometries
  6
Continuous
370
    40
100
AcDbEllipse
 10
191.626734038779
 20
74.25394373216703
 30
0.0
 11
0.9000000000000015
 21
1.246832498358330E-15
 31
0.0
210
0.0
220
0.0
230
1.0
 40
0.5773502691896246
 41
1.2081245874603
 42
1.933468066129496
  0
ELLIPSE
  5
650
330
1F
100
AcDbEntity
  8
Geometries
  6
Continuous
370
    40
100
AcDbEllipse
 10
190.049885916733
 20
75.13167755666433
 30
0.0
 11
-1.0
 21
-5.963111948670274E-16
 31
0.0
210
0.0
220
0.0
230
1.0
 40
0.5773502691896256
 41
6.283185307179581
 42
7.068583470577037
  0
ELLIPSE
  5
651
330
1F
100
AcDbEntity
  8
Geometries
  6
Continuous
370
    40
100
AcDbEllipse
 10
224.2851335466526
 20
57.22122016931928
 30
0.0
 11
5.349999999999999
 21
-2.385244779468110E-15
 31
0.0
210
0.0
220
0.0
230
1.0
 40
0.5773502691896255
 41
4.96312076514698
 42
5.497787143782137
  0
ELLIPSE
  5
652
330
1F
100
AcDbEntity
  8
Geometries
  6
Continuous
370
    40
100
AcDbEllipse
 10
210.7152685481924
 20
54.97217828713237
 30
0.0
 11
1.850000000000001
 21
5.421010862427521E-16
 31
0.0
210
0.0
220
0.0
230
1.0
 40
0.577350269189625
 41
4.238677215796409
 42
6.074065029588489
  0
ELLIPSE
  5
653
330
1F
100
AcDbEntity
  8
Geometries
  6
Continuous
370
    40
100
AcDbEllipse
 10
245.3808450116871
 20
76.21110306133619
 30
0.0
 11
1.850000000000001
 21
5.421010862427521E-16
 31
0.0
210
0.0
220
0.0
230
1.0
 40
0.577350269189625
 41
4.92150925797579
 42
6.283185307179586
  0
ELLIPSE
  5
654
330
1F
100
AcDbEntity
  8
Geometries
  6
Continuous
370
    40
100
AcDbEllipse
 10
199.3684176373393
 20
77.45498271314159
 30
0.0
 11
22.35
 21
1.734723475976807E-15
 31
0.0
210
0.0
220
0.0
230
1.0
 40
0.5773502691896255
 41
3.615304418178056
 42
3.926990816987241
  0
LINE
  5
655
330
1F
100
AcDbEntity
  8
Geometries
  6
Continuous
370
    40
100
AcDbLine
 10
225.6125377130251
 20
54.22898030710364
 30
0.0
 11
225.6125377130251
 21
53.00423543571205
 31
0.0
  0
LINE
  5
656
330
1F
100
AcDbEntity
  8
Geometries
  6
Continuous
370
    40
100
AcDbLine
 10
189.3427791355465
 20
74.72342926620047
 30
0.0
 11
207.8406925313865
 21
64.0436539876658
 31
0.0
  0
LINE
  5
657
330
1F
100
AcDbEntity
  8
Geometries
  6
Continuous
370
    40
100
AcDbLine
 10
193.0409476011521
 20
73.40478728800218
 30
0.0
 11
205.556737628154
 21
66.17879254679181
 31
0.0
  0
LINE
  5
658
330
1F
100
AcDbEntity
  8
Geometries
  6
Continuous
370
    40
100
AcDbLine
 10
193.0409476011521
 20
75.03778044985764
 30
0.0
 11
193.0409476011521
 21
73.40478728800218
 31
0.0
  0
LINE
  5
659
330
1F
100
AcDbEntity
  8
Geometries
  6
Continuous
370
    40
100
AcDbLine
 10
189.049885916733
 20
75.13167755666433
 30
0.0
 11
189.049885916733
 21
73.4170347367161
 31
0.0
  0
LINE
  5
65A
330
1F
100
AcDbEntity
  8
Geometries
  6
Continuous
370
    40
100
AcDbLine
 10
193.0409476011521
 20
75.03778044985764
 30
0.0
 11
205.556737628154
 21
67.81178570864726
 31
0.0
  0
LINE
  5
65B
330
1F
100
AcDbEntity
  8
Geometries
  6
Continuous
370
    40
100
AcDbLine
 10
209.2549060937596
 20
64.0436539876658
 30
0.0
 11
210.9943887754785
 21
65.04794478220691
 31
0.0
  0
LINE
  5
65C
330
1F
100
AcDbEntity
  8
Geometries
  6
Continuous
370
    40
100
AcDbLine
 10
183.5645810778199
 20
69.55537829266584
 30
0.0
 11
183.5645810778199
 21
68.33063342127424
 31
0.0
  0
LINE
  5
65D
330
1F
100
AcDbEntity
  8
Geometries
  6
Continuous
370
    40
100
AcDbLine
 10
247.3897318262968
 20
66.19240949762664
 30
0.0
 11
228.0681548260006
 21
55.03709181533762
 31
0.0
  0
LINE
  5
65E
330
1F
100
AcDbEntity
  8
Geometries
  6
Continuous
370
    40
100
AcDbLine
 10
212.5249643059109
 20
55.975186629812
 30
0.0
 11
212.5249643059109
 21
54.75044175842041
 31
0.0
  0
LINE
  5
65F
330
1F
100
AcDbEntity
  8
Geometries
  6
Continuous
370
    40
100
AcDbLine
 10
248.7894220167391
 20
67.61016069882973
 30
0.0
 11
248.7894220167391
 21
66.38541582743814
 31
0.0
  0
LINE
  5
660
330
1F
100
AcDbEntity
  8
Geometries
  6
Continuous
370
    40
100
AcDbLine
 10
209.8713125163725
 20
55.24644289108812
 30
0.0
 11
209.8713125163725
 21
54.02169801969652
 31
0.0
  0
ELLIPSE
  5
661
330
1F
100
AcDbEntity
  8
Geometries
  6
Continuous
370
    40
100
AcDbEllipse
 10
190.9697869103901
 20
86.38641732880856
 30
0.0
 11
1.699999999999998
 21
-3.144186300207963E-15
 31
0.0
210
0.0
220
0.0
230
1.0
 40
0.5773502691896257
 41
0.6737459091077463
 42
2.467846744482051
  0
ELLIPSE
  5
662
330
1F
100
AcDbEntity
  8
Geometries
  6
Continuous
370
    40
100
AcDbEllipse
 10
208.710433872246
 20
64.3906650345601
 30
0.0
 11
0.9000000000000015
 21
1.246832498358330E-15
 31
0.0
210
0.0
220
0.0
230
1.0
 40
0.5773502691896246
 41
1.208124587460306
 42
1.933468066129485
  0
ELLIPSE
  5
663
330
1F
100
AcDbEntity
  8
Geometries
  6
Continuous
370
    40
100
AcDbEllipse
 10
199.3684176373393
 20
78.67972758453317
 30
0.0
 11
22.35
 21
1.734723475976807E-15
 31
0.0
210
0.0
220
0.0
230
1.0
 40
0.5773502691896255
 41
2.890860868827502
 42
3.102400532775816
  0
ELLIPSE
  5
664
330
1F
100
AcDbEntity
  8
Geometries
  6
Continuous
370
    40
100
AcDbEllipse
 10
236.764650081883
 20
80.97152770813402
 30
0.0
 11
1.699999999999998
 21
-3.144186300207963E-15
 31
0.0
210
0.0
220
0.0
230
1.0
 40
0.5773502691896257
 41
0.0000000000000023
 42
3.815338562697423
  0
ELLIPSE
  5
665
330
1F
100
AcDbEntity
  8
Geometries
  6
Continuous
370
    40
100
AcDbEllipse
 10
236.764650081883
 20
79.74678283674243
 30
0.0
 11
1.699999999999998
 21
-3.144186300207963E-15
 31
0.0
210
0.0
220
0.0
230
1.0
 40
0.5773502691896257
 41
0.6737459091079913
 42
2.4678467444818
  0
ELLIPSE
  5
666
330
1F
100
AcDbEntity
  8
Geometries
  6
Continuous
370
    40
100
AcDbEllipse
 10
196.1060101636565
 20
64.84572023481142
 30
0.0
 11
1.699999999999998
 21
-3.144186300207963E-15
 31
0.0
210
0.0
220
0.0
230
1.0
 40
0.5773502691896257
 41
3.815338562697621
 42
5.609439398071758
  0
ELLIPSE
  5
667
330
1F
100
AcDbEntity
  8
Geometries
  6
Continuous
370
    40
100
AcDbEllipse
 10
193.9106889420115
 20
75.53992584712819
 30
0.0
 11
-1.229999999999999
 21
1.301042606982605E-15
 31
0.0
210
0.0
220
0.0
230
0.9999999999999999
 40
0.5773502691896256
 41
6.283185307179586
 42
7.068583470577037
  0
ELLIPSE
  5
668
330
1F
100
AcDbEntity
  8
Geometries
  6
Continuous
370
    40
100
AcDbEllipse
 10
206.4264789690134
 20
68.31393110591782
 30
0.0
 11
-1.229999999999999
 21
1.301042606982605E-15
 31
0.0
210
0.0
220
0.0
230
0.9999999999999999
 40
0.5773502691896256
 41
0.7853981633974478
 42
3.141592653589793
  0
ELLIPSE
  5
669
330
1F
100
AcDbEntity
  8
Geometries
  6
Continuous
370
    40
100
AcDbEllipse
 10
210.287281994292
 20
65.45619307267077
 30
0.0
 11
-1.0
 21
-5.963111948670274E-16
 31
0.0
210
0.0
220
0.0
230
1.0
 40
0.5773502691896256
 41
2.356194490192344
 42
3.141592653589793
  0
ELLIPSE
  5
66A
330
1F
100
AcDbEntity
  8
Geometries
  6
Continuous
370
    40
100
AcDbEllipse
 10
190.049885916733
 20
75.13167755666433
 30
0.0
 11
-1.0
 21
-5.963111948670274E-16
 31
0.0
210
0.0
220
0.0
230
1.0
 40
0.5773502691896256
 41
5.497787143782134
 42
6.283185307179581
  0
ELLIPSE
  5
66B
330
1F
100
AcDbEntity
  8
Geometries
  6
Continuous
370
    40
100
AcDbEllipse
 10
243.6067105469487
 20
67.15179298021673
 30
0.0
 11
5.349999999999999
 21
-2.385244779468110E-15
 31
0.0
210
0.0
220
0.0
230
1.0
 40
0.5773502691896255
 41
5.497787143782138
 42
6.032453522417304
  0
ELLIPSE
  5
66C
330
1F
100
AcDbEntity
  8
Geometries
  6
Continuous
370
    40
100
AcDbEllipse
 10
178.8841598510742
 20
79.14347426317099
 30
0.0
 11
1.850000000000001
 21
5.421010862427521E-16
 31
0.0
210
0.0
220
0.0
230
1.0
 40
0.577350269189625
 41
3.102400532775844
 42
3.141592653589793
  0
ELLIPSE
  5
66D
330
1F
100
AcDbEntity
  8
Geometries
  6
Continuous
370
    40
100
AcDbEllipse
 10
220.8704465748979
 20
54.90268032089861
 30
0.0
 11
1.850000000000001
 21
5.421010862427521E-16
 31
0.0
210
0.0
220
0.0
230
1.0
 40
0.577350269189625
 41
3.141592653589792
 42
4.751581101198676
  0
ELLIPSE
  5
66E
330
1F
100
AcDbEntity
  8
Geometries
  6
Continuous
370
    40
100
AcDbEllipse
 10
210.287281994292
 20
65.45619307267077
 30
0.0
 11
-1.0
 21
-5.963111948670274E-16
 31
0.0
210
0.0
220
0.0
230
1.0
 40
0.5773502691896256
 41
3.141592653589792
 42
3.926990816987238
  0
ELLIPSE
  5
66F
330
1F
100
AcDbEntity
  8
Geometries
  6
Continuous
370
    40
100
AcDbEllipse
 10
220.8704465748979
 20
54.90268032089861
 30
0.0
 11
1.850000000000001
 21
5.421010862427521E-16
 31
0.0
210
0.0
220
0.0
230
1.0
 40
0.577350269189625
 41
2.916193287406587
 42
3.141592653589793
  0
ELLIPSE
  5
670
330
1F
100
AcDbEntity
  8
Geometries
  6
Continuous
370
    40
100
AcDbEllipse
 10
235.5369123044704
 20
60.65557548552851
 30
0.0
 11
1.699999999999998
 21
-3.144186300207963E-15
 31
0.0
210
0.0
220
0.0
230
1.0
 40
0.5773502691896257
 41
0.673745909107713
 42
2.467846744482085
  0
ELLIPSE
  5
671
330
1F
100
AcDbEntity
  8
Geometries
  6
Continuous
370
    40
100
AcDbEllipse
 10
191.7893685984519
 20
76.13596835120543
 30
0.0
 11
-1.0
 21
-5.963111948670274E-16
 31
0.0
210
0.0
220
0.0
230
1.0
 40
0.5773502691896256
 41
3.926990816987239
 42
5.497787143782138
  0
ELLIPSE
  5
672
330
1F
100
AcDbEntity
  8
Geometries
  6
Continuous
370
    40
100
AcDbEllipse
 10
191.626734038779
 20
75.22557466347102
 30
0.0
 11
-0.9000000000000006
 21
-1.301042606982606E-15
 31
0.0
210
0.0
220
0.0
230
0.9999999999999999
 40
0.5773502691896257
 41
1.208124587460374
 42
1.933468066129422
  0
ELLIPSE
  5
673
330
1F
100
AcDbEntity
  8
Geometries
  6
Continuous
370
    40
100
AcDbEllipse
 10
245.3808450116871
 20
76.21110306133619
 30
0.0
 11
1.850000000000001
 21
5.421010862427521E-16
 31
0.0
210
0.0
220
0.0
230
1.0
 40
0.577350269189625
 41
6.283185307179586
 42
6.756897071767867
  0
ELLIPSE
  5
674
330
1F
100
AcDbEntity
  8
Geometries
  6
Continuous
370
    40
100
AcDbEllipse
 10
247.6225393637863
 20
69.12326342255768
 30
0.0
 11
1.850000000000001
 21
5.421010862427521E-16
 31
0.0
210
0.0
220
0.0
230
1.0
 40
0.577350269189625
 41
6.243993186365616
 42
6.283185307179586
  0
ELLIPSE
  5
675
330
1F
100
AcDbEntity
  8
Geometries
  6
Continuous
370
    40
100
AcDbEllipse
 10
208.710433872246
 20
65.36229596586409
 30
0.0
 11
-0.9000000000000006
 21
-1.301042606982606E-15
 31
0.0
210
0.0
220
0.0
230
0.9999999999999999
 40
0.5773502691896257
 41
1.20812458746036
 42
1.933468066129429
  0
ELLIPSE
  5
676
330
1F
100
AcDbEntity
  8
Geometries
  6
Continuous
370
    40
100
AcDbEllipse
 10
191.626734038779
 20
75.22557466347102
 30
0.0
 11
-0.9000000000000006
 21
-1.301042606982606E-15
 31
0.0
210
0.0
220
0.0
230
0.9999999999999999
 40
0.5773502691896257
 41
3.141592653589788
 42
7.491309894639961
  0
ELLIPSE
  5
677
330
1F
100
AcDbEntity
  8
Geometries
  6
Continuous
370
    40
100
AcDbEllipse
 10
191.626734038779
 20
75.22557466347102
 30
0.0
 11
-0.9000000000000006
 21
-1.301042606982606E-15
 31
0.0
210
0.0
220
0.0
230
0.9999999999999999
 40
0.5773502691896257
 41
1.933468066129421
 42
3.141592653589788
  0
ELLIPSE
  5
678
330
1F
100
AcDbEntity
  8
Geometries
  6
Continuous
370
    40
100
AcDbEllipse
 10
193.9106889420115
 20
75.53992584712819
 30
0.0
 11
-1.229999999999999
 21
1.301042606982605E-15
 31
0.0
210
0.0
220
0.0
230
0.9999999999999999
 40
0.5773502691896256
 41
3.926990816987241
 42
5.309688036776805
  0
ELLIPSE
  5
679
330
1F
100
AcDbEntity
  8
Geometries
  6
Continuous
370
    40
100
AcDbEllipse
 10
210.287281994292
 20
63.74155025272255
 30
0.0
 11
-1.0
 21
-5.963111948670274E-16
 31
0.0
210
0.0
220
0.0
230
1.0
 40
0.5773502691896256
 41
2.356194490192339
 42
3.141592653589789
  0
ELLIPSE
  5
67A
330
1F
100
AcDbEntity
  8
Geometries
  6
Continuous
370
    40
100
AcDbEllipse
 10
246.4603620143033
 20
72.04954341647195
 30
0.0
 11
-3.350000000000001
 21
-1.734723475976807E-15
 31
0.0
210
0.0
220
0.0
230
0.9999999999999999
 40
0.5773502691896256
 41
4.921509257975789
 42
5.96102656915681
  0
ELLIPSE
  5
67B
330
1F
100
AcDbEntity
  8
Geometries
  6
Continuous
370
    40
100
AcDbEllipse
 10
247.6225393637863
 20
70.34800829394926
 30
0.0
 11
1.850000000000001
 21
5.421010862427521E-16
 31
0.0
210
0.0
220
0.0
230
1.0
 40
0.577350269189625
 41
0.0000000000000019
 42
1.796195692978058
  0
ELLIPSE
  5
67C
330
1F
100
AcDbEntity
  8
Geometries
  6
Continuous
370
    40
100
AcDbEllipse
 10
246.4603620143033
 20
73.27428828786353
 30
0.0
 11
-3.350000000000001
 21
-1.734723475976807E-15
 31
0.0
210
0.0
220
0.0
230
0.9999999999999999
 40
0.5773502691896256
 41
4.921509257975789
 42
6.605344045202199
  0
ELLIPSE
  5
67D
330
1F
100
AcDbEntity
  8
Geometries
  6
Continuous
370
    40
100
AcDbEllipse
 10
243.6067105469487
 20
68.37653785160832
 30
0.0
 11
5.349999999999999
 21
-2.385244779468110E-15
 31
0.0
210
0.0
220
0.0
230
1.0
 40
0.5773502691896255
 41
5.497787143782138
 42
6.032453522417303
  0
ELLIPSE
  5
67E
330
1F
100
AcDbEntity
  8
Geometries
  6
Continuous
370
    40
100
AcDbEllipse
 10
215.8019809482659
 20
55.57366372646871
 30
0.0
 11
-3.350000000000001
 21
-1.734723475976807E-15
 31
0.0
210
0.0
220
0.0
230
0.9999999999999999
 40
0.5773502691896256
 41
2.916193287406607
 42
6.074065029588486
  0
ELLIPSE
  5
67F
330
1F
100
AcDbEntity
  8
Geometries
  6
Continuous
370
    40
100
AcDbEllipse
 10
210.7152685481924
 20
56.19692315852397
 30
0.0
 11
1.850000000000001
 21
5.421010862427521E-16
 31
0.0
210
0.0
220
0.0
230
1.0
 40
0.577350269189625
 41
4.238677215796411
 42
6.074065029588485
  0
ELLIPSE
  5
680
330
1F
100
AcDbEntity
  8
Geometries
  6
Continuous
370
    40
100
AcDbEllipse
 10
181.1258542031734
 20
73.28037949578402
 30
0.0
 11
1.850000000000001
 21
5.421010862427521E-16
 31
0.0
210
0.0
220
0.0
230
1.0
 40
0.577350269189625
 41
3.141592653589791
 42
3.615304418178067
  0
ELLIPSE
  5
681
330
1F
100
AcDbEntity
  8
Geometries
  6
Continuous
370
    40
100
AcDbEllipse
 10
182.8999886679118
 20
81.11494470551195
 30
0.0
 11
5.349999999999999
 21
-2.385244779468110E-15
 31
0.0
210
0.0
220
0.0
230
1.0
 40
0.5773502691896255
 41
2.356194490192345
 42
2.890860868827506
  0
ELLIPSE
  5
682
330
1F
100
AcDbEntity
  8
Geometries
  6
Continuous
370
    40
100
AcDbEllipse
 10
178.8841598510742
 20
79.14347426317099
 30
0.0
 11
1.850000000000001
 21
5.421010862427521E-16
 31
0.0
210
0.0
220
0.0
230
1.0
 40
0.577350269189625
 41
3.141592653589792
 42
4.937788346567871
  0
ELLIPSE
  5
683
330
1F
100
AcDbEntity
  8
Geometries
  6
Continuous
370
    40
100
AcDbEllipse
 10
235.5369123044704
 20
61.8803203569201
 30
0.0
 11
1.699999999999998
 21
-3.144186300207963E-15
 31
0.0
210
0.0
220
0.0
230
1.0
 40
0.5773502691896257
 41
3.815338562697704
 42
5.609439398071681
  0
ELLIPSE
  5
684
330
1F
100
AcDbEntity
  8
Geometries
  6
Continuous
370
    40
100
AcDbEllipse
 10
235.5369123044704
 20
61.8803203569201
 30
0.0
 11
1.699999999999998
 21
-3.144186300207963E-15
 31
0.0
210
0.0
220
0.0
230
1.0
 40
0.5773502691896257
 41
0.000000000000005
 42
3.815338562697704
  0
ELLIPSE
  5
685
330
1F
100
AcDbEntity
  8
Geometries
  6
Continuous
370
    40
100
AcDbEllipse
 10
224.0367280205251
 20
88.31999693648355
 30
0.0
 11
1.699999999999998
 21
-3.144186300207963E-15
 31
0.0
210
0.0
220
0.0
230
1.0
 40
0.5773502691896257
 41
3.815338562697443
 42
5.609439398071931
  0
ELLIPSE
  5
686
330
1F
100
AcDbEntity
  8
Geometries
  6
Continuous
370
    40
100
AcDbEllipse
 10
190.9697869103901
 20
87.61116220020016
 30
0.0
 11
1.699999999999998
 21
-3.144186300207963E-15
 31
0.0
210
0.0
220
0.0
230
1.0
 40
0.5773502691896257
 41
5.609439398071707
 42
6.283185307179589
  0
ELLIPSE
  5
687
330
1F
100
AcDbEntity
  8
Geometries
  6
Continuous
370
    40
100
AcDbEllipse
 10
224.0367280205251
 20
88.31999693648355
 30
0.0
 11
1.699999999999998
 21
-3.144186300207963E-15
 31
0.0
210
0.0
220
0.0
230
1.0
 40
0.5773502691896257
 41
0.0000000000000032
 42
3.815338562697444
  0
ELLIPSE
  5
688
330
1F
100
AcDbEntity
  8
Geometries
  6
Continuous
370
    40
100
AcDbEllipse
 10
196.1060101636565
 20
64.84572023481142
 30
0.0
 11
1.699999999999998
 21
-3.144186300207963E-15
 31
0.0
210
0.0
220
0.0
230
1.0
 40
0.5773502691896257
 41
5.609439398071758
 42
6.283185307179589
  0
ELLIPSE
  5
689
330
1F
100
AcDbEntity
  8
Geometries
  6
Continuous
370
    40
100
AcDbEllipse
 10
224.2851335466526
 20
55.9964752979277
 30
0.0
 11
5.349999999999999
 21
-2.385244779468110E-15
 31
0.0
210
0.0
220
0.0
230
1.0
 40
0.5773502691896255
 41
4.96312076514698
 42
5.497787143782137
  0
ELLIPSE
  5
68A
330
1F
100
AcDbEntity
  8
Geometries
  6
Continuous
370
    40
100
AcDbEllipse
 10
220.0672137656559
 20
65.50452719655684
 30
0.0
 11
22.35
 21
1.734723475976807E-15
 31
0.0
210
0.0
220
0.0
230
1.0
 40
0.5773502691896255
 41
3.926990816987241
 42
4.238677215796425
  0
ELLIPSE
  5
68B
330
1F
100
AcDbEntity
  8
Geometries
  6
Continuous
370
    40
100
AcDbEllipse
 10
181.1258542031734
 20
73.28037949578402
 30
0.0
 11
1.850000000000001
 21
5.421010862427521E-16
 31
0.0
210
0.0
220
0.0
230
1.0
 40
0.577350269189625
 41
1.779916604385992
 42
3.141592653589791
  0
ELLIPSE
  5
68C
330
1F
100
AcDbEntity
  8
Geometries
  6
Continuous
370
    40
100
AcDbEllipse
 10
180.0463372005572
 20
74.99244939786509
 30
0.0
 11
-3.350000000000001
 21
-1.734723475976807E-15
 31
0.0
210
0.0
220
0.0
230
0.9999999999999999
 40
0.5773502691896256
 41
3.46375139161251
 42
4.937788346567883
  0
ELLIPSE
  5
68D
330
1F
100
AcDbEntity
  8
Geometries
  6
Continuous
370
    40
100
AcDbEllipse
 10
210.7047182665946
 20
93.91781883065154
 30
0.0
 11
-3.350000000000001
 21
-1.734723475976807E-15
 31
0.0
210
0.0
220
0.0
230
0.9999999999999999
 40
0.5773502691896256
 41
0.2811535534089623
 42
2.932472375998677
  0
ELLIPSE
  5
68E
330
1F
100
AcDbEntity
  8
Geometries
  6
Continuous
370
    40
100
AcDbEllipse
 10
227.1382815775224
 20
70.8117549725875
 30
0.0
 11
22.3499999999987
 21
-2.602085213965211E-15
 31
0.0
210
0.0
220
0.0
230
1.0
 40
0.5773502691896254
 41
0.4737117645882549
 42
0.7853981633974517
  0
LINE
  5
68F
330
1F
100
AcDbEntity
  8
Geometries
  6
Continuous
370
    40
100
AcDbLine
 10
192.6806889420116
 20
75.53992584712819
 30
0.0
 11
192.6806889420116
 21
73.90693268527274
 31
0.0
  0
LINE
  5
690
330
1F
100
AcDbEntity
  8
Geometries
  6
Continuous
370
    40
100
AcDbLine
 10
219.0204465748979
 20
54.88556865093683
 30
0.0
 11
219.0204465748979
 21
53.67793544950703
 31
0.0
  0
ELLIPSE
  5
691
330
1F
100
AcDbEntity
  8
Geometries
  6
Continuous
370
    40
100
AcDbEllipse
 10
199.3684176373393
 20
78.67972758453317
 30
0.0
 11
22.35
 21
1.734723475976807E-15
 31
0.0
210
0.0
220
0.0
230
1.0
 40
0.5773502691896255
 41
3.615304418178056
 42
3.926990816987241
  0
ELLIPSE
  5
692
330
1F
100
AcDbEntity
  8
Geometries
  6
Continuous
370
    40
100
AcDbEllipse
 10
246.4603620143033
 20
73.27428828786353
 30
0.0
 11
-3.350000000000001
 21
-1.734723475976807E-15
 31
0.0
210
0.0
220
0.0
230
0.9999999999999999
 40
0.5773502691896256
 41
0.3221587380226148
 42
1.79619569297809
  0
ELLIPSE
  5
693
330
1F
100
AcDbEntity
  8
Geometries
  6
Continuous
370
    40
100
AcDbEllipse
 10
180.0463372005572
 20
76.21719426925668
 30
0.0
 11
-3.350000000000001
 21
-1.734723475976807E-15
 31
0.0
210
0.0
220
0.0
230
0.9999999999999999
 40
0.5773502691896256
 41
2.819433915567121
 42
4.937788346567883
  0
ELLIPSE
  5
694
330
1F
100
AcDbEntity
  8
Geometries
  6
Continuous
370
    40
100
AcDbEllipse
 10
205.6362526399627
 20
94.58880223622161
 30
0.0
 11
1.850000000000001
 21
5.421010862427521E-16
 31
0.0
210
0.0
220
0.0
230
1.0
 40
0.577350269189625
 41
6.283185307179586
 42
7.893173754788474
  0
LINE
  5
695
330
1F
100
AcDbEntity
  8
Geometries
  6
Continuous
370
    40
100
AcDbLine
 10
189.3427791355465
 20
73.00878644625224
 30
0.0
 11
189.3427791355465
 21
74.72342926620047
 31
0.0
  0
ELLIPSE
  5
696
330
1F
100
AcDbEntity
  8
Geometries
  6
Continuous
370
    40
100
AcDbEllipse
 10
193.9106889420115
 20
75.53992584712819
 30
0.0
 11
-1.229999999999999
 21
1.301042606982605E-15
 31
0.0
210
0.0
220
0.0
230
0.9999999999999999
 40
0.5773502691896256
 41
5.309688036776805
 42
6.283185307179586
  0
LINE
  5
697
330
1F
100
AcDbEntity
  8
Geometries
  6
Continuous
370
    40
100
AcDbLine
 10
211.287281994292
 20
63.74155025272255
 30
0.0
 11
211.287281994292
 21
65.45619307267077
 31
0.0
  0
ELLIPSE
  5
698
330
1F
100
AcDbEntity
  8
Geometries
  6
Continuous
370
    40
100
AcDbEllipse
 10
235.5369123044704
 20
61.8803203569201
 30
0.0
 11
1.699999999999998
 21
-3.144186300207963E-15
 31
0.0
210
0.0
220
0.0
230
1.0
 40
0.5773502691896257
 41
5.609439398071681
 42
6.283185307179591
  0
ELLIPSE
  5
699
330
1F
100
AcDbEntity
  8
Geometries
  6
Continuous
370
    40
100
AcDbEllipse
 10
206.4394854492036
 20
82.762210489171
 30
0.0
 11
22.3500000000018
 21
-4.336808689942018E-15
 31
0.0
210
0.0
220
0.0
230
1.0
 40
0.5773502691896257
 41
0.7853981633974522
 42
1.097084562206618
  0
ELLIPSE
  5
69A
330
1F
100
AcDbEntity
  8
Geometries
  6
Continuous
370
    40
100
AcDbEllipse
 10
206.4394854492048
 20
82.7622104891718
 30
0.0
 11
22.35
 21
1.734723475976807E-15
 31
0.0
210
0.0
220
0.0
230
1.0
 40
0.5773502691896255
 41
1.609988447608877
 42
1.821528111557187
  0
LINE
  5
69B
330
1F
100
AcDbEntity
  8
Geometries
  6
Continuous
370
    40
100
AcDbLine
 10
207.6564789690134
 20
67.79158448842796
 30
0.0
 11
207.6564789690134
 21
68.31393110591782
 31
0.0
  0
ELLIPSE
  5
69C
330
1F
100
AcDbEntity
  8
Geometries
  6
Continuous
370
    40
100
AcDbEllipse
 10
220.8704465748979
 20
53.67793544950703
 30
0.0
 11
1.850000000000001
 21
5.421010862427521E-16
 31
0.0
210
0.0
220
0.0
230
1.0
 40
0.577350269189625
 41
3.141592653589792
 42
4.751581101198678
  0
LINE
  5
69D
330
1F
100
AcDbEntity
  8
Geometries
  6
Continuous
370
    40
100
AcDbLine
 10
228.0681548260006
 20
55.03709181533762
 30
0.0
 11
228.0681548260006
 21
53.81234694394603
 31
0.0
  0
ELLIPSE
  5
69E
330
1F
100
AcDbEntity
  8
Geometries
  6
Continuous
370
    40
100
AcDbEllipse
 10
206.4264789690134
 20
68.31393110591782
 30
0.0
 11
-1.229999999999999
 21
1.301042606982605E-15
 31
0.0
210
0.0
220
0.0
230
0.9999999999999999
 40
0.5773502691896256
 41
3.141592653589794
 42
3.926990816987244
  0
ELLIPSE
  5
69F
330
1F
100
AcDbEntity
  8
Geometries
  6
Continuous
370
    40
100
AcDbEllipse
 10
220.0672137656559
 20
66.72927206794841
 30
0.0
 11
22.35
 21
1.734723475976807E-15
 31
0.0
210
0.0
220
0.0
230
1.0
 40
0.5773502691896255
 41
4.751581101198669
 42
4.963120765146978
  0
LINE
  5
6A0
330
1F
100
AcDbEntity
  8
Geometries
  6
Continuous
370
    40
100
AcDbLine
 10
222.2433220087242
 20
91.8865597810391
 30
0.0
 11
242.9421181370407
 21
79.93610426445431
 31
0.0
  0
ELLIPSE
  5
6A1
330
1F
100
AcDbEntity
  8
Geometries
  6
Continuous
370
    40
100
AcDbEllipse
 10
181.1258542031734
 20
72.05563462439243
 30
0.0
 11
1.850000000000001
 21
5.421010862427521E-16
 31
0.0
210
0.0
220
0.0
230
1.0
 40
0.577350269189625
 41
3.141592653589791
 42
3.615304418178066
  0
ELLIPSE
  5
6A2
330
1F
100
AcDbEntity
  8
Geometries
  6
Continuous
370
    40
100
AcDbEllipse
 10
196.1060101636565
 20
63.62097536341984
 30
0.0
 11
1.699999999999998
 21
-3.144186300207963E-15
 31
0.0
210
0.0
220
0.0
230
1.0
 40
0.5773502691896257
 41
0.6737459091077946
 42
2.467846744482
  0
ELLIPSE
  5
6A3
330
1F
100
AcDbEntity
  8
Geometries
  6
Continuous
370
    40
100
AcDbEllipse
 10
196.1060101636565
 20
64.84572023481142
 30
0.0
 11
1.699999999999998
 21
-3.144186300207963E-15
 31
0.0
210
0.0
220
0.0
230
1.0
 40
0.5773502691896257
 41
0.0000000000000032
 42
3.815338562697622
  0
ELLIPSE
  5
6A4
330
1F
100
AcDbEntity
  8
Geometries
  6
Continuous
370
    40
100
AcDbEllipse
 10
208.5477993125731
 20
64.45190227812968
 30
0.0
 11
-1.0
 21
-5.963111948670274E-16
 31
0.0
210
0.0
220
0.0
230
1.0
 40
0.5773502691896256
 41
0.7853981633974509
 42
2.356194490192344
  0
LINE
  5
6A5
330
1F
100
AcDbEntity
  8
Geometries
  6
Continuous
370
    40
100
AcDbLine
 10
204.2633772061365
 20
56.3801779046895
 30
0.0
 11
183.5645810778199
 21
68.33063342127424
 31
0.0
  0
LINE
  5
6A6
330
1F
100
AcDbEntity
  8
Geometries
  6
Continuous
370
    40
100
AcDbLine
 10
249.4711187249858
 20
70.30615798392587
 30
0.0
 11
249.4711187249858
 21
69.08141311253428
 31
0.0
  0
LINE
  5
6A7
330
1F
100
AcDbEntity
  8
Geometries
  6
Continuous
370
    40
100
AcDbLine
 10
247.3897318262968
 20
66.19240949762664
 30
0.0
 11
247.3897318262968
 21
64.96766462623505
 31
0.0
  0
ELLIPSE
  5
6A8
330
1F
100
AcDbEntity
  8
Geometries
  6
Continuous
370
    40
100
AcDbEllipse
 10
210.7047182665946
 20
93.91781883065154
 30
0.0
 11
-3.350000000000001
 21
-1.734723475976807E-15
 31
0.0
210
0.0
220
0.0
230
0.9999999999999999
 40
0.5773502691896256
 41
6.05778594099641
 42
6.508584673362784
  0
LINE
  5
6A9
330
1F
100
AcDbEntity
  8
Geometries
  6
Continuous
370
    40
100
AcDbLine
 10
179.4795740883829
 20
72.7931212536286
 30
0.0
 11
179.4795740883829
 21
71.56837638223702
 31
0.0
  0
LINE
  5
6AA
330
1F
100
AcDbEntity
  8
Geometries
  6
Continuous
370
    40
100
AcDbLine
 10
245.7649039453102
 20
75.1662747284661
 30
0.0
 11
245.7649039453102
 21
73.94152985707451
 31
0.0
  0
LINE
  5
6AB
330
1F
100
AcDbEntity
  8
Geometries
  6
Continuous
370
    40
100
AcDbLine
 10
249.4725393637863
 20
69.12326342255768
 30
0.0
 11
249.4725393637863
 21
70.34800829394928
 31
0.0
  0
LINE
  5
6AC
330
1F
100
AcDbEntity
  8
Geometries
  6
Continuous
370
    40
100
AcDbLine
 10
207.4394567571298
 20
94.350086986163
 30
0.0
 11
207.4394567571298
 21
93.48555067514002
 31
0.0
  0
ELLIPSE
  5
6AD
330
1F
100
AcDbEntity
  8
Geometries
  6
Continuous
370
    40
100
AcDbEllipse
 10
220.0672137656559
 20
66.72927206794841
 30
0.0
 11
22.35
 21
1.734723475976807E-15
 31
0.0
210
0.0
220
0.0
230
1.0
 40
0.5773502691896255
 41
3.926990816987241
 42
4.238677215796425
  0
LINE
  5
6AE
330
1F
100
AcDbEntity
  8
Geometries
  6
Continuous
370
    40
100
AcDbLine
 10
177.0341598510742
 20
79.14347426317099
 30
0.0
 11
177.0341598510742
 21
77.91872939177941
 31
0.0
  0
ELLIPSE
  5
6AF
330
1F
100
AcDbEntity
  8
Geometries
  6
Continuous
370
    40
100
AcDbEllipse
 10
208.710433872246
 20
65.36229596586409
 30
0.0
 11
-0.9000000000000006
 21
-1.301042606982606E-15
 31
0.0
210
0.0
220
0.0
230
0.9999999999999999
 40
0.5773502691896257
 41
1.933468066129428
 42
3.141592653589796
  0
ELLIPSE
  5
6B0
330
1F
100
AcDbEntity
  8
Geometries
  6
Continuous
370
    40
100
AcDbEllipse
 10
206.4264789690134
 20
66.68093794406236
 30
0.0
 11
-1.229999999999999
 21
1.301042606982605E-15
 31
0.0
210
0.0
220
0.0
230
0.9999999999999999
 40
0.5773502691896256
 41
0.7853981633974495
 42
3.141592653589796
  0
ELLIPSE
  5
6B1
330
1F
100
AcDbEntity
  8
Geometries
  6
Continuous
370
    40
100
AcDbEllipse
 10
224.0367280205251
 20
88.31999693648355
 30
0.0
 11
1.699999999999998
 21
-3.144186300207963E-15
 31
0.0
210
0.0
220
0.0
230
1.0
 40
0.5773502691896257
 41
5.609439398071931
 42
6.283185307179589
  0
ELLIPSE
  5
6B2
330
1F
100
AcDbEntity
  8
Geometries
  6
Continuous
370
    40
100
AcDbEllipse
 10
208.5477993125731
 20
62.73725945818145
 30
0.0
 11
-1.0
 21
-5.963111948670274E-16
 31
0.0
210
0.0
220
0.0
230
1.0
 40
0.5773502691896256
 41
0.7853981633974485
 42
2.356194490192344
  0
ELLIPSE
  5
6B3
330
1F
100
AcDbEntity
  8
Geometries
  6
Continuous
370
    40
100
AcDbEllipse
 10
215.8019809482659
 20
54.34891885507713
 30
0.0
 11
-3.350000000000001
 21
-1.734723475976807E-15
 31
0.0
210
0.0
220
0.0
230
0.9999999999999999
 40
0.5773502691896256
 41
3.42274620699867
 42
6.074065029588486
  0
LINE
  5
6B4
330
1F
100
AcDbEntity
  8
Geometries
  6
Continuous
370
    40
100
AcDbLine
 10
193.2189231271527
 20
76.1271112401665
 30
0.0
 11
192.4964753796385
 21
76.5442166416693
 31
0.0
  0
ELLIPSE
  5
6B5
330
1F
100
AcDbEntity
  8
Geometries
  6
Continuous
370
    40
100
AcDbEllipse
 10
205.6362526399627
 20
94.58880223622161
 30
0.0
 11
1.850000000000001
 21
5.421010862427521E-16
 31
0.0
210
0.0
220
0.0
230
1.0
 40
0.577350269189625
 41
6.057785940996384
 42
6.283185307179584
  0
LINE
  5
6B6
330
1F
100
AcDbEntity
  8
Geometries
  6
Continuous
370
    40
100
AcDbLine
 10
179.2758542031735
 20
73.28037949578402
 30
0.0
 11
179.2758542031735
 21
72.05563462439243
 31
0.0
  0
LINE
  5
6B7
330
1F
100
AcDbEntity
  8
Geometries
  6
Continuous
370
    40
100
AcDbLine
 10
247.2308450116871
 20
74.9863581899446
 30
0.0
 11
247.2308450116871
 21
76.21110306133619
 31
0.0
  0
ELLIPSE
  5
6B8
330
1F
100
AcDbEntity
  8
Geometries
  6
Continuous
370
    40
100
AcDbEllipse
 10
227.1382815775213
 20
69.58701010119546
 30
0.0
 11
22.35
 21
1.734723475976807E-15
 31
0.0
210
0.0
220
0.0
230
1.0
 40
0.5773502691896255
 41
6.032453522417298
 42
6.243993186365611
  0
ELLIPSE
  5
6B9
330
1F
100
AcDbEntity
  8
Geometries
  6
Continuous
370
    40
100
AcDbEllipse
 10
190.049885916733
 20
73.4170347367161
 30
0.0
 11
-1.0
 21
-5.963111948670274E-16
 31
0.0
210
0.0
220
0.0
230
1.0
 40
0.5773502691896256
 41
6.283185307179583
 42
7.068583470577032
  0
ELLIPSE
  5
6BA
330
1F
100
AcDbEntity
  8
Geometries
  6
Continuous
370
    40
100
AcDbEllipse
 10
247.6225393637863
 20
70.34800829394926
 30
0.0
 11
1.850000000000001
 21
5.421010862427521E-16
 31
0.0
210
0.0
220
0.0
230
1.0
 40
0.577350269189625
 41
6.243993186365618
 42
6.283185307179587
  0
LINE
  5
6BB
330
1F
100
AcDbEntity
  8
Geometries
  6
Continuous
370
    40
100
AcDbLine
 10
207.4862526399627
 20
93.38116903479168
 30
0.0
 11
207.4862526399627
 21
94.58880223622161
 31
0.0
  0
LINE
  5
6BC
330
1F
100
AcDbEntity
  8
Geometries
  6
Continuous
370
    40
100
AcDbLine
 10
179.2976267927172
 20
78.1023938807207
 30
0.0
 11
179.2976267927172
 21
76.8776490093291
 31
0.0
  0
ELLIPSE
  5
6BD
330
1F
100
AcDbEntity
  8
Geometries
  6
Continuous
370
    40
100
AcDbEllipse
 10
202.2215656682079
 20
92.27026238780098
 30
0.0
 11
5.349999999999999
 21
-2.385244779468110E-15
 31
0.0
210
0.0
220
0.0
230
1.0
 40
0.5773502691896255
 41
1.821528111557184
 42
2.356194490192346
  0
ELLIPSE
  5
6BE
330
1F
100
AcDbEntity
  8
Geometries
  6
Continuous
370
    40
100
AcDbEllipse
 10
180.0463372005572
 20
76.21719426925668
 30
0.0
 11
-3.350000000000001
 21
-1.734723475976807E-15
 31
0.0
210
0.0
220
0.0
230
0.9999999999999999
 40
0.5773502691896256
 41
1.779916604385997
 42
2.81943391556712
  0
ELLIPSE
  5
6BF
330
1F
100
AcDbEntity
  8
Geometries
  6
Continuous
370
    40
100
AcDbEllipse
 10
236.764650081883
 20
80.97152770813402
 30
0.0
 11
1.699999999999998
 21
-3.144186300207963E-15
 31
0.0
210
0.0
220
0.0
230
1.0
 40
0.5773502691896257
 41
5.609439398071955
 42
6.283185307179589
  0
ELLIPSE
  5
6C0
330
1F
100
AcDbEntity
  8
Geometries
  6
Continuous
370
    40
100
AcDbEllipse
 10
210.7047182665946
 20
93.91781883065154
 30
0.0
 11
-3.350000000000001
 21
-1.734723475976807E-15
 31
0.0
210
0.0
220
0.0
230
0.9999999999999999
 40
0.5773502691896256
 41
0.2253993661831987
 42
0.281153553408962
  0
ELLIPSE
  5
6C1
330
1F
100
AcDbEntity
  8
Geometries
  6
Continuous
370
    40
100
AcDbEllipse
 10
215.7914306666682
 20
93.29455939859625
 30
0.0
 11
1.850000000000001
 21
5.421010862427521E-16
 31
0.0
210
0.0
220
0.0
230
1.0
 40
0.577350269189625
 41
1.097084562206635
 42
2.932472375998688
  0
DIMENSION
  5
6C3
330
1F
100
AcDbEntity
  8
Annotations
  6
Continuous
370
    15
100
AcDbDimension
280
     0
  2
*D2
 10
65.36451797485347
 20
191.4282728594528
 30
0.0
 11
65.36451797485347
 21
156.8145562753075
 31
0.0
 70
   160
 71
     5
 42
69.2274331682907
 73
     0
 74
     0
 75
     0
  3
ISO-25
100
AcDbAlignedDimension
 13
91.05209985472612
 23
122.2008396911621
 33
0.0
 14
91.05209985472612
 24
191.4282728594528
 34
0.0
 50
90.0
100
AcDbRotatedDimension
1001
ACAD
1000
DSTYLE
1002
{
1070
   144
1040
1.0
1070
    76
1070
     0
1070
    75
1070
     0
1070
   278
1070
    46
1070
    78
1070
     8
1070
   271
1070
     2
1070
   340
1005
79
1070
   283
1070
     1
1070
   146
1040
0.6
1070
   272
1070
     8
1070
   274
1070
     8
1070
    48
1040
0.0
1070
    47
1040
0.0
1070
    72
1070
     0
1070
    71
1070
     0
1070
    40
1040
1.0
1070
   179
1070
     2
1070
   276
1070
     2
1070
   147
1040
0.7
1070
   371
1070
    15
1070
   372
1070
    15
1070
    45
1040
0.01
1002
}
  0
DIMENSION
  5
6D0
330
1F
100
AcDbEntity
  8
Annotations
  6
Continuous
370
    15
100
AcDbDimension
280
     0
  2
*D3
 10
65.3645179748535
 20
104.3511451530456
 30
0.0
 11
65.3645179748535
 21
93.1333579190031
 31
0.0
 70
   160
 71
     5
 42
1.5
 73
     0
 74
     0
 75
     0
  3
ISO-25
100
AcDbAlignedDimension
 13
91.05209985472612
 23
102.8511451530456
 33
0.0
 14
91.05209985472611
 24
104.3511451530456
 34
0.0
 50
-90.00000000000001
100
AcDbRotatedDimension
1001
ACAD
1000
DSTYLE
1002
{
1070
   144
1040
1.0
1070
    76
1070
     0
1070
    75
1070
     0
1070
   278
1070
    46
1070
    78
1070
     8
1070
   271
1070
     2
1070
   340
1005
75
1070
   283
1070
     1
1070
   146
1040
0.6
1070
   272
1070
     8
1070
   274
1070
     8
1070
    48
1040
0.0
1070
    47
1040
0.0
1070
    72
1070
     0
1070
    71
1070
     0
1070
    40
1040
1.0
1070
   179
1070
     2
1070
   276
1070
     2
1070
   147
1040
0.7
1070
   371
1070
    15
1070
   372
1070
    15
1070
    45
1040
0.01
1002
}
  0
DIMENSION
  5
6E1
330
1F
100
AcDbEntity
  8
Annotations
  6
Continuous
370
    15
100
AcDbDimension
280
     0
  2
*D4
 10
77.36451797485356
 20
92.83018333435064
 30
0.0
 11
104.7145179748535
 21
92.83018333435058
 31
0.0
 70
   160
 71
     5
 42
54.70000000000002
 73
     0
 74
     0
 75
     0
  3
ISO-25
100
AcDbAlignedDimension
 13
132.0645179748535
 23
67.5074728642129
 33
0.0
 14
77.3645179748535
 24
67.50747286421303
 34
0.0
 50
-0.0000000000001201
100
AcDbRotatedDimension
1001
ACAD
1000
DSTYLE
1002
{
1070
   144
1040
1.0
1070
    76
1070
     0
1070
    75
1070
     0
1070
   278
1070
    46
1070
    78
1070
     8
1070
   271
1070
     2
1070
   340
1005
77
1070
   283
1070
     1
1070
   146
1040
0.6
1070
   272
1070
     8
1070
   274
1070
     8
1070
    48
1040
0.0
1070
    47
1040
0.0
1070
    72
1070
     0
1070
    71
1070
     0
1070
    40
1040
1.0
1070
   179
1070
     2
1070
   276
1070
     2
1070
   147
1040
0.7
1070
   371
1070
    15
1070
   372
1070
    15
1070
    45
1040
0.01
1002
}
  0
DIMENSION
  5
6EE
330
1F
100
AcDbEntity
  8
Annotations
  6
Continuous
370
    15
100
AcDbDimension
280
     0
  2
*D5
 10
103.0145179748535
 20
21.35749717533723
 30
0.0
 11
133.4834647833642
 21
21.35749717533723
 31
0.0
 70
   163
 71
     5
 42
3.400000000000006
 73
     0
 74
     0
 75
     0
  3
ISO-25
100
AcDbDiametricDimension
 15
106.4145179748535
 25
21.35749717533723
 35
0.0
 40
0.0
1001
ACAD
1000
DSTYLE
1002
{
1070
   144
1040
1.0
1070
   141
1040
2.5
1070
   172
1070
     1
1070
   278
1070
    46
1070
    78
1070
     8
1070
   271
1070
     2
1070
   340
1005
77
1070
   283
1070
     1
1070
   146
1040
0.6
1070
   272
1070
     8
1070
   274
1070
     8
1070
    48
1040
0.0
1070
    47
1040
0.0
1070
    72
1070
     0
1070
    71
1070
     0
1070
    40
1040
1.0
1070
   179
1070
     2
1070
   276
1070
     2
1070
   147
1040
0.7
1070
   371
1070
    15
1070
   372
1070
    15
1070
    45
1040
0.01
1002
}
  0
INSERT
  5
714
330
1F
100
AcDbEntity
  8
0
100
AcDbBlockReference
  2
*U6
 10
0.0
 20
0.0
 30
0.0
  0
MTEXT
  5
715
330
1F
100
AcDbEntity
  8
Border
  6
Continuous
370
    15
100
AcDbMText
 10
237.0
 20
16.20425531914893
 30
0.0
 40
3.25
 41
0.0
 46
3.25
 71
     1
 72
     1
  1
07/21/25
  7
Shapr51
 73
     1
 44
1.0
1001
ACAD
1000
ACAD_MTEXT_DEFINED_HEIGHT_BEGIN
1070
    46
1040
3.25
1000
ACAD_MTEXT_DEFINED_HEIGHT_END
  0
MTEXT
  5
716
330
1F
100
AcDbEntity
  8
Border
  6
Continuous
370
    15
100
AcDbMText
 10
217.0
 20
43.75
 30
0.0
 40
1.65
 41
0.0
 46
1.65
 71
     1
 72
     1
  1
TITLE
  7
Shapr23
 73
     1
 44
1.0
1001
ACAD
1000
ACAD_MTEXT_DEFINED_HEIGHT_BEGIN
1070
    46
1040
1.65
1000
ACAD_MTEXT_DEFINED_HEIGHT_END
  0
MTEXT
  5
717
330
1F
100
AcDbEntity
  8
Border
  6
Continuous
370
    15
100
AcDbMText
 10
217.0
 20
40.05212765957447
 30
0.0
 40
3.25
 41
0.0
 46
3.25
 71
     1
 72
     1
  1
PCB con leds CRADLE VEN…
  7
Shapr24
 73
     1
 44
1.0
1001
ACAD
1000
ACAD_MTEXT_DEFINED_HEIGHT_BEGIN
1070
    46
1040
3.25
1000
ACAD_MTEXT_DEFINED_HEIGHT_END
  0
MTEXT
  5
718
330
1F
100
AcDbEntity
  8
Border
  6
Continuous
370
    15
100
AcDbMText
 10
217.0
 20
31.78276595744681
 30
0.0
 40
1.65
 41
0.0
 46
1.65
 71
     1
 72
     1
  1
UNITS
  7
Shapr25
 73
     1
 44
1.0
1001
ACAD
1000
ACAD_MTEXT_DEFINED_HEIGHT_BEGIN
1070
    46
1040
1.65
1000
ACAD_MTEXT_DEFINED_HEIGHT_END
  0
MTEXT
  5
719
330
1F
100
AcDbEntity
  8
Border
  6
Continuous
370
    15
100
AcDbMText
 10
217.0
 20
27.9
 30
0.0
 40
3.25
 41
0.0
 46
3.25
 71
     1
 72
     1
  1
mm
  7
Shapr26
 73
     1
 44
1.0
1001
ACAD
1000
ACAD_MTEXT_DEFINED_HEIGHT_BEGIN
1070
    46
1040
3.25
1000
ACAD_MTEXT_DEFINED_HEIGHT_END
  0
MTEXT
  5
71A
330
1F
100
AcDbEntity
  8
Border
  6
Continuous
370
    15
100
AcDbMText
 10
237.0
 20
31.78276595744681
 30
0.0
 40
1.65
 41
0.0
 46
1.65
 71
     1
 72
     1
  1
PROJ. ANG.
  7
Shapr27
 73
     1
 44
1.0
1001
ACAD
1000
ACAD_MTEXT_DEFINED_HEIGHT_BEGIN
1070
    46
1040
1.65
1000
ACAD_MTEXT_DEFINED_HEIGHT_END
  0
MTEXT
  5
71B
330
1F
100
AcDbEntity
  8
Border
  6
Continuous
370
    15
100
AcDbMText
 10
269.0
 20
31.78276595744681
 30
0.0
 40
1.65
 41
0.0
 46
1.65
 71
     1
 72
     1
  1
SIZE
  7
Shapr28
 73
     1
 44
1.0
1001
ACAD
1000
ACAD_MTEXT_DEFINED_HEIGHT_BEGIN
1070
    46
1040
1.65
1000
ACAD_MTEXT_DEFINED_HEIGHT_END
  0
MTEXT
  5
71C
330
1F
100
AcDbEntity
  8
Border
  6
Continuous
370
    15
100
AcDbMText
 10
269.0
 20
27.9
 30
0.0
 40
3.25
 41
0.0
 46
3.25
 71
     1
 72
     1
  1
A4
  7
Shapr29
 73
     1
 44
1.0
1001
ACAD
1000
ACAD_MTEXT_DEFINED_HEIGHT_BEGIN
1070
    46
1040
3.25
1000
ACAD_MTEXT_DEFINED_HEIGHT_END
  0
MTEXT
  5
71D
330
1F
100
AcDbEntity
  8
Border
  6
Continuous
370
    15
100
AcDbMText
 10
217.0
 20
19.78276595744681
 30
0.0
 40
1.65
 41
0.0
 46
1.65
 71
     1
 72
     1
  1
SCALE
  7
Shapr30
 73
     1
 44
1.0
1001
ACAD
1000
ACAD_MTEXT_DEFINED_HEIGHT_BEGIN
1070
    46
1040
1.65
1000
ACAD_MTEXT_DEFINED_HEIGHT_END
  0
MTEXT
  5
71E
330
1F
100
AcDbEntity
  8
Border
  6
Continuous
370
    15
100
AcDbMText
 10
217.0
 20
15.9
 30
0.0
 40
3.25
 41
0.0
 46
3.25
 71
     1
 72
     1
  1
1:1
  7
Shapr31
 73
     1
 44
1.0
1001
ACAD
1000
ACAD_MTEXT_DEFINED_HEIGHT_BEGIN
1070
    46
1040
3.25
1000
ACAD_MTEXT_DEFINED_HEIGHT_END
  0
MTEXT
  5
71F
330
1F
100
AcDbEntity
  8
Border
  6
Continuous
370
    15
100
AcDbMText
 10
237.0
 20
19.78276595744681
 30
0.0
 40
1.65
 41
0.0
 46
1.65
 71
     1
 72
     1
  1
LAST UPDATED
  7
Shapr32
 73
     1
 44
1.0
1001
ACAD
1000
ACAD_MTEXT_DEFINED_HEIGHT_BEGIN
1070
    46
1040
1.65
1000
ACAD_MTEXT_DEFINED_HEIGHT_END
  0
MTEXT
  5
720
330
1F
100
AcDbEntity
  8
Border
  6
Continuous
370
    15
100
AcDbMText
 10
269.0
 20
19.78276595744681
 30
0.0
 40
1.65
 41
0.0
 46
1.65
 71
     1
 72
     1
  1
SHEET
  7
Shapr34
 73
     1
 44
1.0
1001
ACAD
1000
ACAD_MTEXT_DEFINED_HEIGHT_BEGIN
1070
    46
1040
1.65
1000
ACAD_MTEXT_DEFINED_HEIGHT_END
  0
MTEXT
  5
721
330
1F
100
AcDbEntity
  8
Border
  6
Continuous
370
    15
100
AcDbMText
 10
269.0
 20
16.20425531914893
 30
0.0
 40
3.25
 41
0.0
 46
3.25
 71
     1
 72
     1
  1
1/1
  7
Shapr35
 73
     1
 44
1.0
1001
ACAD
1000
ACAD_MTEXT_DEFINED_HEIGHT_BEGIN
1070
    46
1040
3.25
1000
ACAD_MTEXT_DEFINED_HEIGHT_END
  0
LINE
  5
722
330
1F
100
AcDbEntity
  8
Border
  6
Continuous
370
    15
100
AcDbLine
 10
20.0
 20
10.0
 30
0.0
 11
287.0
 21
10.0
 31
0.0
  0
LINE
  5
723
330
1F
100
AcDbEntity
  8
Border
  6
Continuous
370
    15
100
AcDbLine
 10
287.0
 20
10.0
 30
0.0
 11
287.0
 21
200.0
 31
0.0
  0
LINE
  5
724
330
1F
100
AcDbEntity
  8
Border
  6
Continuous
370
    15
100
AcDbLine
 10
287.0
 20
200.0
 30
0.0
 11
20.0
 21
200.0
 31
0.0
  0
LINE
  5
725
330
1F
100
AcDbEntity
  8
Border
  6
Continuous
370
    15
100
AcDbLine
 10
20.0
 20
200.0
 30
0.0
 11
20.0
 21
10.0
 31
0.0
  0
LINE
  5
726
330
1F
100
AcDbEntity
  8
Border
  6
Continuous
370
    15
100
AcDbLine
 10
153.5
 20
15.0
 30
0.0
 11
153.5
 21
5.0
 31
0.0
  0
LINE
  5
727
330
1F
100
AcDbEntity
  8
Border
  6
Continuous
370
    15
100
AcDbLine
 10
203.5
 20
10.0
 30
0.0
 11
203.5
 21
5.0
 31
0.0
  0
LINE
  5
728
330
1F
100
AcDbEntity
  8
Border
  6
Continuous
370
    15
100
AcDbLine
 10
103.5
 20
10.0
 30
0.0
 11
103.5
 21
5.0
 31
0.0
  0
LINE
  5
729
330
1F
100
AcDbEntity
  8
Border
  6
Continuous
370
    15
100
AcDbLine
 10
253.5
 20
10.0
 30
0.0
 11
253.5
 21
5.0
 31
0.0
  0
LINE
  5
72A
330
1F
100
AcDbEntity
  8
Border
  6
Continuous
370
    15
100
AcDbLine
 10
53.5
 20
10.0
 30
0.0
 11
53.5
 21
5.0
 31
0.0
  0
MTEXT
  5
72B
330
1F
100
AcDbEntity
  8
Border
  6
Continuous
370
    15
100
AcDbMText
 10
36.75
 20
8.69625
 30
0.0
 40
2.3925
 41
2.3925
 46
2.3925
 71
     2
 72
     1
  1
1
  7
Shapr21
 73
     1
 44
1.0
1001
ACAD
1000
ACAD_MTEXT_DEFINED_HEIGHT_BEGIN
1070
    46
1040
2.3925
1000
ACAD_MTEXT_DEFINED_HEIGHT_END
  0
MTEXT
  5
72C
330
1F
100
AcDbEntity
  8
Border
  6
Continuous
370
    15
100
AcDbMText
 10
78.5
 20
8.69625
 30
0.0
 40
2.3925
 41
2.3925
 46
2.3925
 71
     2
 72
     1
  1
2
  7
Shapr21
 73
     1
 44
1.0
1001
ACAD
1000
ACAD_MTEXT_DEFINED_HEIGHT_BEGIN
1070
    46
1040
2.3925
1000
ACAD_MTEXT_DEFINED_HEIGHT_END
  0
MTEXT
  5
72D
330
1F
100
AcDbEntity
  8
Border
  6
Continuous
370
    15
100
AcDbMText
 10
128.5
 20
8.69625
 30
0.0
 40
2.3925
 41
2.3925
 46
2.3925
 71
     2
 72
     1
  1
3
  7
Shapr21
 73
     1
 44
1.0
1001
ACAD
1000
ACAD_MTEXT_DEFINED_HEIGHT_BEGIN
1070
    46
1040
2.3925
1000
ACAD_MTEXT_DEFINED_HEIGHT_END
  0
MTEXT
  5
72E
330
1F
100
AcDbEntity
  8
Border
  6
Continuous
370
    15
100
AcDbMText
 10
178.5
 20
8.69625
 30
0.0
 40
2.3925
 41
2.3925
 46
2.3925
 71
     2
 72
     1
  1
4
  7
Shapr21
 73
     1
 44
1.0
1001
ACAD
1000
ACAD_MTEXT_DEFINED_HEIGHT_BEGIN
1070
    46
1040
2.3925
1000
ACAD_MTEXT_DEFINED_HEIGHT_END
  0
MTEXT
  5
72F
330
1F
100
AcDbEntity
  8
Border
  6
Continuous
370
    15
100
AcDbMText
 10
228.5
 20
8.69625
 30
0.0
 40
2.3925
 41
2.3925
 46
2.3925
 71
     2
 72
     1
  1
5
  7
Shapr21
 73
     1
 44
1.0
1001
ACAD
1000
ACAD_MTEXT_DEFINED_HEIGHT_BEGIN
1070
    46
1040
2.3925
1000
ACAD_MTEXT_DEFINED_HEIGHT_END
  0
MTEXT
  5
730
330
1F
100
AcDbEntity
  8
Border
  6
Continuous
370
    15
100
AcDbMText
 10
270.25
 20
8.69625
 30
0.0
 40
2.3925
 41
2.3925
 46
2.3925
 71
     2
 72
     1
  1
6
  7
Shapr21
 73
     1
 44
1.0
1001
ACAD
1000
ACAD_MTEXT_DEFINED_HEIGHT_BEGIN
1070
    46
1040
2.3925
1000
ACAD_MTEXT_DEFINED_HEIGHT_END
  0
LINE
  5
731
330
1F
100
AcDbEntity
  8
Border
  6
Continuous
370
    15
100
AcDbLine
 10
282.0
 20
105.0
 30
0.0
 11
292.0
 21
105.0
 31
0.0
  0
LINE
  5
732
330
1F
100
AcDbEntity
  8
Border
  6
Continuous
370
    15
100
AcDbLine
 10
287.0
 20
155.0
 30
0.0
 11
292.0
 21
155.0
 31
0.0
  0
LINE
  5
733
330
1F
100
AcDbEntity
  8
Border
  6
Continuous
370
    15
100
AcDbLine
 10
287.0
 20
55.0
 30
0.0
 11
292.0
 21
55.0
 31
0.0
  0
MTEXT
  5
734
330
1F
100
AcDbEntity
  8
Border
  6
Continuous
370
    15
100
AcDbMText
 10
288.30375
 20
32.5
 30
0.0
 40
2.3925
 41
2.3925
 46
2.3925
 71
     4
 72
     1
  1
D
  7
Shapr21
 73
     1
 44
1.0
1001
ACAD
1000
ACAD_MTEXT_DEFINED_HEIGHT_BEGIN
1070
    46
1040
2.3925
1000
ACAD_MTEXT_DEFINED_HEIGHT_END
  0
MTEXT
  5
735
330
1F
100
AcDbEntity
  8
Border
  6
Continuous
370
    15
100
AcDbMText
 10
288.30375
 20
80.0
 30
0.0
 40
2.3925
 41
2.3925
 46
2.3925
 71
     4
 72
     1
  1
C
  7
Shapr21
 73
     1
 44
1.0
1001
ACAD
1000
ACAD_MTEXT_DEFINED_HEIGHT_BEGIN
1070
    46
1040
2.3925
1000
ACAD_MTEXT_DEFINED_HEIGHT_END
  0
MTEXT
  5
736
330
1F
100
AcDbEntity
  8
Border
  6
Continuous
370
    15
100
AcDbMText
 10
288.30375
 20
130.0
 30
0.0
 40
2.3925
 41
2.3925
 46
2.3925
 71
     4
 72
     1
  1
B
  7
Shapr21
 73
     1
 44
1.0
1001
ACAD
1000
ACAD_MTEXT_DEFINED_HEIGHT_BEGIN
1070
    46
1040
2.3925
1000
ACAD_MTEXT_DEFINED_HEIGHT_END
  0
MTEXT
  5
737
330
1F
100
AcDbEntity
  8
Border
  6
Continuous
370
    15
100
AcDbMText
 10
288.30375
 20
177.5
 30
0.0
 40
2.3925
 41
2.3925
 46
2.3925
 71
     4
 72
     1
  1
A
  7
Shapr21
 73
     1
 44
1.0
1001
ACAD
1000
ACAD_MTEXT_DEFINED_HEIGHT_BEGIN
1070
    46
1040
2.3925
1000
ACAD_MTEXT_DEFINED_HEIGHT_END
  0
LINE
  5
738
330
1F
100
AcDbEntity
  8
Border
  6
Continuous
370
    15
100
AcDbLine
 10
153.5
 20
195.0
 30
0.0
 11
153.5
 21
205.0
 31
0.0
  0
LINE
  5
739
330
1F
100
AcDbEntity
  8
Border
  6
Continuous
370
    15
100
AcDbLine
 10
103.5
 20
200.0
 30
0.0
 11
103.5
 21
205.0
 31
0.0
  0
LINE
  5
73A
330
1F
100
AcDbEntity
  8
Border
  6
Continuous
370
    15
100
AcDbLine
 10
203.5
 20
200.0
 30
0.0
 11
203.5
 21
205.0
 31
0.0
  0
LINE
  5
73B
330
1F
100
AcDbEntity
  8
Border
  6
Continuous
370
    15
100
AcDbLine
 10
53.5
 20
200.0
 30
0.0
 11
53.5
 21
205.0
 31
0.0
  0
LINE
  5
73C
330
1F
100
AcDbEntity
  8
Border
  6
Continuous
370
    15
100
AcDbLine
 10
253.5
 20
200.0
 30
0.0
 11
253.5
 21
205.0
 31
0.0
  0
MTEXT
  5
73D
330
1F
100
AcDbEntity
  8
Border
  6
Continuous
370
    15
100
AcDbMText
 10
270.25
 20
201.30375
 30
0.0
 40
2.3925
 41
2.3925
 46
2.3925
 71
     8
 72
     1
  1
6
  7
Shapr21
 73
     1
 44
1.0
1001
ACAD
1000
ACAD_MTEXT_DEFINED_HEIGHT_BEGIN
1070
    46
1040
2.3925
1000
ACAD_MTEXT_DEFINED_HEIGHT_END
  0
MTEXT
  5
73E
330
1F
100
AcDbEntity
  8
Border
  6
Continuous
370
    15
100
AcDbMText
 10
228.5
 20
201.30375
 30
0.0
 40
2.3925
 41
2.3925
 46
2.3925
 71
     8
 72
     1
  1
5
  7
Shapr21
 73
     1
 44
1.0
1001
ACAD
1000
ACAD_MTEXT_DEFINED_HEIGHT_BEGIN
1070
    46
1040
2.3925
1000
ACAD_MTEXT_DEFINED_HEIGHT_END
  0
MTEXT
  5
73F
330
1F
100
AcDbEntity
  8
Border
  6
Continuous
370
    15
100
AcDbMText
 10
178.5
 20
201.30375
 30
0.0
 40
2.3925
 41
2.3925
 46
2.3925
 71
     8
 72
     1
  1
4
  7
Shapr21
 73
     1
 44
1.0
1001
ACAD
1000
ACAD_MTEXT_DEFINED_HEIGHT_BEGIN
1070
    46
1040
2.3925
1000
ACAD_MTEXT_DEFINED_HEIGHT_END
  0
MTEXT
  5
740
330
1F
100
AcDbEntity
  8
Border
  6
Continuous
370
    15
100
AcDbMText
 10
128.5
 20
201.30375
 30
0.0
 40
2.3925
 41
2.3925
 46
2.3925
 71
     8
 72
     1
  1
3
  7
Shapr21
 73
     1
 44
1.0
1001
ACAD
1000
ACAD_MTEXT_DEFINED_HEIGHT_BEGIN
1070
    46
1040
2.3925
1000
ACAD_MTEXT_DEFINED_HEIGHT_END
  0
MTEXT
  5
741
330
1F
100
AcDbEntity
  8
Border
  6
Continuous
370
    15
100
AcDbMText
 10
78.5
 20
201.30375
 30
0.0
 40
2.3925
 41
2.3925
 46
2.3925
 71
     8
 72
     1
  1
2
  7
Shapr21
 73
     1
 44
1.0
1001
ACAD
1000
ACAD_MTEXT_DEFINED_HEIGHT_BEGIN
1070
    46
1040
2.3925
1000
ACAD_MTEXT_DEFINED_HEIGHT_END
  0
MTEXT
  5
742
330
1F
100
AcDbEntity
  8
Border
  6
Continuous
370
    15
100
AcDbMText
 10
36.75
 20
201.30375
 30
0.0
 40
2.3925
 41
2.3925
 46
2.3925
 71
     8
 72
     1
  1
1
  7
Shapr21
 73
     1
 44
1.0
1001
ACAD
1000
ACAD_MTEXT_DEFINED_HEIGHT_BEGIN
1070
    46
1040
2.3925
1000
ACAD_MTEXT_DEFINED_HEIGHT_END
  0
LINE
  5
743
330
1F
100
AcDbEntity
  8
Border
  6
Continuous
370
    15
100
AcDbLine
 10
25.0
 20
105.0
 30
0.0
 11
15.0
 21
105.0
 31
0.0
  0
LINE
  5
744
330
1F
100
AcDbEntity
  8
Border
  6
Continuous
370
    15
100
AcDbLine
 10
20.0
 20
55.0
 30
0.0
 11
15.0
 21
55.0
 31
0.0
  0
LINE
  5
745
330
1F
100
AcDbEntity
  8
Border
  6
Continuous
370
    15
100
AcDbLine
 10
20.0
 20
155.0
 30
0.0
 11
15.0
 21
155.0
 31
0.0
  0
MTEXT
  5
746
330
1F
100
AcDbEntity
  8
Border
  6
Continuous
370
    15
100
AcDbMText
 10
18.69625
 20
177.5
 30
0.0
 40
2.3925
 41
2.3925
 46
2.3925
 71
     6
 72
     1
  1
A
  7
Shapr21
 73
     1
 44
1.0
1001
ACAD
1000
ACAD_MTEXT_DEFINED_HEIGHT_BEGIN
1070
    46
1040
2.3925
1000
ACAD_MTEXT_DEFINED_HEIGHT_END
  0
MTEXT
  5
747
330
1F
100
AcDbEntity
  8
Border
  6
Continuous
370
    15
100
AcDbMText
 10
18.69625
 20
130.0
 30
0.0
 40
2.3925
 41
2.3925
 46
2.3925
 71
     6
 72
     1
  1
B
  7
Shapr21
 73
     1
 44
1.0
1001
ACAD
1000
ACAD_MTEXT_DEFINED_HEIGHT_BEGIN
1070
    46
1040
2.3925
1000
ACAD_MTEXT_DEFINED_HEIGHT_END
  0
MTEXT
  5
748
330
1F
100
AcDbEntity
  8
Border
  6
Continuous
370
    15
100
AcDbMText
 10
18.69625
 20
80.0
 30
0.0
 40
2.3925
 41
2.3925
 46
2.3925
 71
     6
 72
     1
  1
C
  7
Shapr21
 73
     1
 44
1.0
1001
ACAD
1000
ACAD_MTEXT_DEFINED_HEIGHT_BEGIN
1070
    46
1040
2.3925
1000
ACAD_MTEXT_DEFINED_HEIGHT_END
  0
MTEXT
  5
749
330
1F
100
AcDbEntity
  8
Border
  6
Continuous
370
    15
100
AcDbMText
 10
18.69625
 20
32.5
 30
0.0
 40
2.3925
 41
2.3925
 46
2.3925
 71
     6
 72
     1
  1
D
  7
Shapr21
 73
     1
 44
1.0
1001
ACAD
1000
ACAD_MTEXT_DEFINED_HEIGHT_BEGIN
1070
    46
1040
2.3925
1000
ACAD_MTEXT_DEFINED_HEIGHT_END
  0
VIEWPORT
  5
9E
330
9A
100
AcDbEntity
 67
     1
  8
0
100
AcDbViewport
 10
148.5
 20
105.0
 30
0.0
 40
297.0
 41
210.0
 68
     1
 69
     1
 12
148.5
 22
105.0
 13
0.0
 23
0.0
 14
10.0
 24
10.0
 15
10.0
 25
10.0
 16
0.0
 26
0.0
 36
1.0
 17
0.0
 27
0.0
 37
0.0
 42
50.0
 43
0.0
 44
0.0
 45
210.0
 50
0.0
 51
0.0
 72
   100
 90
   557152
  1

281
     0
 71
     1
 74
     0
110
0.0
120
0.0
130
0.0
111
1.0
121
0.0
131
0.0
112
0.0
122
1.0
132
0.0
 79
     0
146
0.0
170
     0
 61
     5
348
2F
292
     1
282
     1
141
0.0
142
0.0
 63
   256
361
9F
  0
VIEWPORT
  5
A0
330
9A
100
AcDbEntity
 67
     1
  8
0
100
AcDbViewport
 10
148.5
 20
105.0
 30
0.0
 40
297.0
 41
210.0
 68
     2
 69
     2
 12
148.5
 22
105.0
 13
0.0
 23
0.0
 14
10.0
 24
10.0
 15
10.0
 25
10.0
 16
0.0
 26
0.0
 36
1.0
 17
0.0
 27
0.0
 37
0.0
 42
50.0
 43
0.0
 44
0.0
 45
210.0
 50
0.0
 51
0.0
 72
   100
 90
   557152
  1

281
     0
 71
     1
 74
     0
110
0.0
120
0.0
130
0.0
111
1.0
121
0.0
131
0.0
112
0.0
122
1.0
132
0.0
 79
     0
146
0.0
170
     0
 61
     5
348
2F
292
     1
282
     1
141
0.0
142
0.0
 63
   256
361
A1
  0
ENDSEC
  0
SECTION
  2
OBJECTS
  0
DICTIONARY
  5
C
330
0
100
AcDbDictionary
281
     1
  3
ACAD_DETAILVIEWSTYLE
350
781
  3
ACAD_GROUP
350
D
  3
ACAD_LAYOUT
350
1A
  3
ACAD_MATERIAL
350
43
  3
ACAD_MLEADERSTYLE
350
5B
  3
ACAD_MLINESTYLE
350
17
  3
ACAD_PLOTSETTINGS
350
19
  3
ACAD_PLOTSTYLENAME
350
E
  3
ACAD_SCALELIST
350
47
  3
ACAD_SECTIONVIEWSTYLE
350
782
  3
ACAD_TABLESTYLE
350
59
  3
ACAD_VISUALSTYLE
350
2A
  3
AcDbVariableDictionary
350
74A
  3
ACDB_RECOMPOSE_DATA
350
77E
  0
SUN
  5
5D
330
29
100
AcDbSun
 90
        1
290
     0
 63
     7
421
 16777215
 40
1.0
291
     1
 91
  2455826
 92
 54000000
292
     0
 70
     2
 71
   256
280
     1
  0
SUN
  5
9F
330
9E
100
AcDbSun
 90
        1
290
     0
 63
     7
421
 16777215
 40
1.0
291
     1
 91
  2455826
 92
 54000000
292
     0
 70
     2
 71
   256
280
     1
  0
SUN
  5
A1
330
A0
100
AcDbSun
 90
        1
290
     0
 63
     7
421
 16777215
 40
1.0
291
     1
 91
  2455826
 92
 54000000
292
     0
 70
     2
 71
   256
280
     1
  0
DICTIONARY
  5
781
102
{ACAD_REACTORS
330
C
102
}
330
C
100
AcDbDictionary
281
     1
  0
DICTIONARY
  5
D
102
{ACAD_REACTORS
330
C
102
}
330
C
100
AcDbDictionary
281
     1
  0
DICTIONARY
  5
1A
102
{ACAD_REACTORS
330
C
102
}
330
C
100
AcDbDictionary
281
     1
  3
Layout1
350
1E
  3
Layout2
350
26
  3
Model
350
22
  3
Sheet
350
9B
  0
DICTIONARY
  5
43
102
{ACAD_REACTORS
330
C
102
}
330
C
100
AcDbDictionary
281
     1
  3
ByBlock
350
45
  3
ByLayer
350
44
  3
Global
350
46
  0
DICTIONARY
  5
5B
102
{ACAD_REACTORS
330
C
102
}
330
C
100
AcDbDictionary
281
     1
  3
Standard
350
5C
  0
DICTIONARY
  5
17
102
{ACAD_REACTORS
330
C
102
}
330
C
100
AcDbDictionary
281
     1
  3
Standard
350
18
  0
DICTIONARY
  5
19
102
{ACAD_REACTORS
330
C
102
}
330
C
100
AcDbDictionary
281
     1
  0
ACDBDICTIONARYWDFLT
  5
E
102
{ACAD_REACTORS
330
C
102
}
330
C
100
AcDbDictionary
281
     1
  3
Normal
350
F
100
AcDbDictionaryWithDefault
340
F
  0
DICTIONARY
  5
47
102
{ACAD_REACTORS
330
C
102
}
330
C
100
AcDbDictionary
281
     1
  3
A0
350
48
  3
A1
350
49
  3
A2
350
4A
  3
A3
350
4B
  3
A4
350
4C
  3
A5
350
4D
  3
A6
350
4E
  3
A7
350
4F
  3
A8
350
50
  3
A9
350
51
  3
B0
350
52
  3
B1
350
53
  3
B2
350
54
  3
B3
350
55
  3
B4
350
56
  3
B5
350
57
  3
B6
350
58
  0
DICTIONARY
  5
782
102
{ACAD_REACTORS
330
C
102
}
330
C
100
AcDbDictionary
281
     1
  0
DICTIONARY
  5
59
102
{ACAD_REACTORS
330
C
102
}
330
C
100
AcDbDictionary
281
     1
  3
Standard
350
5A
  0
DICTIONARY
  5
2A
102
{ACAD_REACTORS
330
C
102
}
330
C
100
AcDbDictionary
281
     1
  3
2dWireframe
350
2F
  3
Basic
350
32
  3
Brighten
350
36
  3
ColorChange
350
3A
  3
Conceptual
350
34
  3
Dim
350
35
  3
EdgeColorOff
350
3D
  3
Facepattern
350
39
  3
Flat
350
2B
  3
FlatWithEdges
350
2C
  3
Gouraud
350
2D
  3
GouraudWithEdges
350
2E
  3
Hidden
350
31
  3
JitterOff
350
3B
  3
Linepattern
350
38
  3
OverhangOff
350
3C
  3
Realistic
350
33
  3
Shaded
350
42
  3
Shaded with edges
350
41
  3
Shades of Gray
350
3E
  3
Sketchy
350
3F
  3
Thicken
350
37
  3
Wireframe
350
30
  3
X-Ray
350
40
  0
DICTIONARY
  5
74A
102
{ACAD_REACTORS
330
C
102
}
330
C
100
AcDbDictionary
281
     1
  3
CANNOSCALE
350
74B
  3
CENTEREXE
350
783
  3
CENTERLTYPEFILE
350
784
  3
CMLEADERSTYLE
350
780
  3
CTABLESTYLE
350
77F
  0
XRECORD
  5
77E
102
{ACAD_REACTORS
330
C
102
}
330
C
100
AcDbXrecord
280
     1
 90
        1
330
5A
  0
LAYOUT
  5
1E
102
{ACAD_REACTORS
330
1A
102
}
330
1A
100
AcDbPlotSettings
  1

  2
none_device
  4

  6

 40
0.0
 41
0.0
 42
0.0
 43
0.0
 44
0.0
 45
0.0
 46
0.0
 47
0.0
 48
0.0
 49
0.0
140
0.0
141
0.0
142
1.0
143
1.0
 70
   688
 72
     1
 73
     0
 74
     5
  7

 75
    16
 76
     0
 77
     2
 78
   300
147
1.0
148
0.0
149
0.0
100
AcDbLayout
  1
Layout1
 70
     1
 71
     1
 10
0.0
 20
0.0
 11
420.0
 21
297.0
 12
0.0
 22
0.0
 32
0.0
 14
1.000000000000000E+20
 24
1.000000000000000E+20
 34
1.000000000000000E+20
 15
-1.000000000000000E+20
 25
-1.000000000000000E+20
 35
-1.000000000000000E+20
146
0.0
 13
0.0
 23
0.0
 33
0.0
 16
1.0
 26
0.0
 36
0.0
 17
0.0
 27
1.0
 37
0.0
 76
     0
330
1B
  0
LAYOUT
  5
26
102
{ACAD_REACTORS
330
1A
102
}
330
1A
100
AcDbPlotSettings
  1

  2
none_device
  4

  6

 40
0.0
 41
0.0
 42
0.0
 43
0.0
 44
0.0
 45
0.0
 46
0.0
 47
0.0
 48
0.0
 49
0.0
140
0.0
141
0.0
142
1.0
143
1.0
 70
   688
 72
     1
 73
     0
 74
     5
  7

 75
    16
 76
     0
 77
     2
 78
   300
147
1.0
148
0.0
149
0.0
100
AcDbLayout
  1
Layout2
 70
     1
 71
     2
 10
0.0
 20
0.0
 11
0.0
 21
0.0
 12
0.0
 22
0.0
 32
0.0
 14
0.0
 24
0.0
 34
0.0
 15
0.0
 25
0.0
 35
0.0
146
0.0
 13
0.0
 23
0.0
 33
0.0
 16
1.0
 26
0.0
 36
0.0
 17
0.0
 27
1.0
 37
0.0
 76
     0
330
23
  0
LAYOUT
  5
22
102
{ACAD_REACTORS
330
1A
102
}
330
1A
100
AcDbPlotSettings
  1

  2
none_device
  4
Letter_(8.50_x_11.00_Inches)
  6

 40
6.35
 41
6.35
 42
6.35000508
 43
6.35000508
 44
215.9
 45
279.4
 46
0.0
 47
0.0
 48
0.0
 49
0.0
140
0.0
141
0.0
142
1.0
143
1.0
 70
  1712
 72
     1
 73
     0
 74
     0
  7

 75
     0
 76
     0
 77
     2
 78
   300
147
1.0
148
0.0
149
0.0
100
AcDbLayout
  1
Model
 70
     1
 71
     0
 10
0.0
 20
0.0
 11
420.0
 21
297.0
 12
0.0
 22
0.0
 32
0.0
 14
1.000000000000000E+20
 24
1.000000000000000E+20
 34
1.000000000000000E+20
 15
-1.000000000000000E+20
 25
-1.000000000000000E+20
 35
-1.000000000000000E+20
146
0.0
 13
0.0
 23
0.0
 33
0.0
 16
1.0
 26
0.0
 36
0.0
 17
0.0
 27
1.0
 37
0.0
 76
     0
330
1F
331
29
  0
LAYOUT
  5
9B
102
{ACAD_REACTORS
330
1A
102
}
330
1A
100
AcDbPlotSettings
  1

  2
Custom Device
  4
CustomPaper_297.000000x210.000000mm
  6

 40
0.0
 41
0.0
 42
0.0
 43
0.0
 44
210.0
 45
297.0
 46
0.0
 47
0.0
 48
0.0
 49
0.0
140
0.0
141
0.0
142
1.0
143
1.0
 70
   672
 72
     1
 73
     1
 74
     5
  7

 75
    16
 76
     0
 77
     2
 78
   300
147
1.0
148
0.0
149
0.0
100
AcDbLayout
  1
Sheet
 70
     1
 71
     3
 10
-20.0
 20
-7.5
 11
277.0
 21
202.5
 12
0.0
 22
0.0
 32
0.0
 14
0.0
 24
0.0
 34
0.0
 15
0.0
 25
0.0
 35
0.0
146
0.0
 13
0.0
 23
0.0
 33
0.0
 16
1.0
 26
0.0
 36
0.0
 17
0.0
 27
1.0
 37
0.0
 76
     0
330
9A
331
9E
  0
MATERIAL
  5
45
102
{ACAD_REACTORS
330
43
102
}
330
43
100
AcDbMaterial
  1
ByBlock
 72
     1
 94
      127
  0
MATERIAL
  5
44
102
{ACAD_REACTORS
330
43
102
}
330
43
100
AcDbMaterial
  1
ByLayer
 72
     1
 94
      127
  0
MATERIAL
  5
46
102
{ACAD_REACTORS
330
43
102
}
330
43
100
AcDbMaterial
  1
Global
 72
     1
 94
      127
  0
MLEADERSTYLE
  5
5C
102
{ACAD_REACTORS
330
5B
102
}
330
5B
100
AcDbMLeaderStyle
179
     2
170
     2
171
     1
172
     0
 90
        2
 40
0.0
 41
0.0
173
     1
 91
-1056964608
340
14
 92
       -2
290
     1
 42
2.0
291
     1
 43
8.0
  3
Standard
341
0
 44
4.0
300

342
11
174
     1
178
     6
175
     1
176
     0
 93
-1056964608
 45
4.0
292
     0
297
     0
 46
4.0
343
0
 94
-1056964608
 47
1.0
 49
1.0
140
1.0
293
     1
141
0.0
294
     1
177
     0
142
1.0
295
     0
296
     0
143
3.75
271
     0
272
     9
273
     9
  0
MLINESTYLE
  5
18
102
{ACAD_REACTORS
330
17
102
}
330
17
100
AcDbMlineStyle
  2
Standard
 70
     0
  3

 62
   256
 51
90.0
 52
90.0
 71
     2
 49
0.5
 62
   256
  6
BYLAYER
 49
-0.5
 62
   256
  6
BYLAYER
  0
ACDBPLACEHOLDER
  5
F
102
{ACAD_REACTORS
330
E
102
}
330
E
  0
SCALE
  5
48
102
{ACAD_REACTORS
330
47
102
}
330
47
100
AcDbScale
 70
     0
300
1:1
140
1.0
141
1.0
290
     1
  0
SCALE
  5
49
102
{ACAD_REACTORS
330
47
102
}
330
47
100
AcDbScale
 70
     0
300
1:2
140
1.0
141
2.0
290
     0
  0
SCALE
  5
4A
102
{ACAD_REACTORS
330
47
102
}
330
47
100
AcDbScale
 70
     0
300
1:4
140
1.0
141
4.0
290
     0
  0
SCALE
  5
4B
102
{ACAD_REACTORS
330
47
102
}
330
47
100
AcDbScale
 70
     0
300
1:5
140
1.0
141
5.0
290
     0
  0
SCALE
  5
4C
102
{ACAD_REACTORS
330
47
102
}
330
47
100
AcDbScale
 70
     0
300
1:8
140
1.0
141
8.0
290
     0
  0
SCALE
  5
4D
102
{ACAD_REACTORS
330
47
102
}
330
47
100
AcDbScale
 70
     0
300
1:10
140
1.0
141
10.0
290
     0
  0
SCALE
  5
4E
102
{ACAD_REACTORS
330
47
102
}
330
47
100
AcDbScale
 70
     0
300
1:16
140
1.0
141
16.0
290
     0
  0
SCALE
  5
4F
102
{ACAD_REACTORS
330
47
102
}
330
47
100
AcDbScale
 70
     0
300
1:20
140
1.0
141
20.0
290
     0
  0
SCALE
  5
50
102
{ACAD_REACTORS
330
47
102
}
330
47
100
AcDbScale
 70
     0
300
1:30
140
1.0
141
30.0
290
     0
  0
SCALE
  5
51
102
{ACAD_REACTORS
330
47
102
}
330
47
100
AcDbScale
 70
     0
300
1:40
140
1.0
141
40.0
290
     0
  0
SCALE
  5
52
102
{ACAD_REACTORS
330
47
102
}
330
47
100
AcDbScale
 70
     0
300
1:50
140
1.0
141
50.0
290
     0
  0
SCALE
  5
53
102
{ACAD_REACTORS
330
47
102
}
330
47
100
AcDbScale
 70
     0
300
1:100
140
1.0
141
100.0
290
     0
  0
SCALE
  5
54
102
{ACAD_REACTORS
330
47
102
}
330
47
100
AcDbScale
 70
     0
300
2:1
140
2.0
141
1.0
290
     0
  0
SCALE
  5
55
102
{ACAD_REACTORS
330
47
102
}
330
47
100
AcDbScale
 70
     0
300
4:1
140
4.0
141
1.0
290
     0
  0
SCALE
  5
56
102
{ACAD_REACTORS
330
47
102
}
330
47
100
AcDbScale
 70
     0
300
8:1
140
8.0
141
1.0
290
     0
  0
SCALE
  5
57
102
{ACAD_REACTORS
330
47
102
}
330
47
100
AcDbScale
 70
     0
300
10:1
140
10.0
141
1.0
290
     0
  0
SCALE
  5
58
102
{ACAD_REACTORS
330
47
102
}
330
47
100
AcDbScale
 70
     0
300
100:1
140
100.0
141
1.0
290
     0
  0
TABLESTYLE
  5
5A
102
{ACAD_REACTORS
330
59
102
}
102
{ACAD_XDICTIONARY
360
77C
102
}
330
59
100
AcDbTableStyle
  3
Standard
 70
     0
 71
     0
 40
0.06
 41
0.06
280
     0
281
     0
  7
Standard
140
4.5
170
     2
 62
     0
 63
   257
283
     0
 90
        4
 91
        0
  1

274
    -2
284
     1
 64
     0
275
    -2
285
     1
 65
     0
276
    -2
286
     1
 66
     0
277
    -2
287
     1
 67
     0
278
    -2
288
     1
 68
     0
279
    -2
289
     1
 69
     0
  7
Standard
140
6.0
170
     5
 62
     0
 63
   257
283
     0
 90
        4
 91
        0
  1

274
    -2
284
     1
 64
     0
275
    -2
285
     1
 65
     0
276
    -2
286
     1
 66
     0
277
    -2
287
     1
 67
     0
278
    -2
288
     1
 68
     0
279
    -2
289
     1
 69
     0
  7
Standard
140
4.5
170
     5
 62
     0
 63
   257
283
     0
 90
        4
 91
        0
  1

274
    -2
284
     1
 64
     0
275
    -2
285
     1
 65
     0
276
    -2
286
     1
 66
     0
277
    -2
287
     1
 67
     0
278
    -2
288
     1
 68
     0
279
    -2
289
     1
 69
     0
  0
VISUALSTYLE
  5
2F
102
{ACAD_REACTORS
330
2A
102
}
102
{ACAD_XDICTIONARY
360
754
102
}
330
2A
100
AcDbVisualStyle
  2
2dWireframe
 70
     4
177
     2
291
     0
 71
     0
176
     1
 72
     2
176
     1
 73
     0
176
     1
 90
        0
176
     1
 40
0.6
176
     1
 41
30.0
176
     1
 62
     5
 63
     7
421
 16777215
176
     1
 74
     1
176
     1
 91
        4
176
     1
 64
     7
176
     1
 65
   257
176
     1
 75
     1
176
     1
175
     1
176
     1
 42
1.0
176
     1
 92
        0
176
     1
 66
   257
176
     1
 43
1.0
176
     1
 76
     1
176
     1
 77
     6
176
     1
 78
     2
176
     1
 67
     7
176
     1
 79
     5
176
     1
170
     0
176
     1
171
     0
176
     1
290
     0
176
     1
 93
        1
176
     1
 44
0.0
176
     1
173
     0
176
     1
  0
VISUALSTYLE
  5
32
102
{ACAD_REACTORS
330
2A
102
}
102
{ACAD_XDICTIONARY
360
75A
102
}
330
2A
100
AcDbVisualStyle
  2
Basic
 70
     7
177
     2
291
     1
 71
     1
176
     1
 72
     0
176
     1
 73
     1
176
     1
 90
        0
176
     1
 40
0.6
176
     1
 41
30.0
176
     1
 62
     5
 63
     7
421
 16777215
176
     1
 74
     0
176
     1
 91
        4
176
     1
 64
     7
176
     1
 65
   257
176
     1
 75
     1
176
     1
175
     1
176
     1
 42
1.0
176
     1
 92
        8
176
     1
 66
     7
176
     1
 43
1.0
176
     1
 76
     1
176
     1
 77
     6
176
     1
 78
     2
176
     1
 67
     7
176
     1
 79
     5
176
     1
170
     0
176
     1
171
     0
176
     1
290
     0
176
     1
 93
        1
176
     1
 44
0.0
176
     1
173
     0
176
     1
  0
VISUALSTYLE
  5
36
102
{ACAD_REACTORS
330
2A
102
}
102
{ACAD_XDICTIONARY
360
762
102
}
330
2A
100
AcDbVisualStyle
  2
Brighten
 70
    12
177
     2
291
     1
 71
     2
176
     1
 72
     2
176
     1
 73
     0
176
     1
 90
        0
176
     1
 40
0.6
176
     1
 41
30.0
176
     1
 62
     5
 63
     7
421
 16777215
176
     1
 74
     1
176
     1
 91
        4
176
     1
 64
     7
176
     1
 65
   257
176
     1
 75
     1
176
     1
175
     1
176
     1
 42
1.0
176
     1
 92
        8
176
     1
 66
     7
176
     1
 43
1.0
176
     1
 76
     1
176
     1
 77
     6
176
     1
 78
     2
176
     1
 67
     7
176
     1
 79
     5
176
     1
170
     0
176
     1
171
     0
176
     1
290
     0
176
     1
 93
        1
176
     1
 44
50.0
176
     1
173
     0
176
     1
  0
VISUALSTYLE
  5
3A
102
{ACAD_REACTORS
330
2A
102
}
102
{ACAD_XDICTIONARY
360
76A
102
}
330
2A
100
AcDbVisualStyle
  2
ColorChange
 70
    16
177
     2
291
     1
 71
     2
176
     1
 72
     2
176
     1
 73
     3
176
     1
 90
        0
176
     1
 40
0.6
176
     1
 41
30.0
176
     1
 62
     5
 63
     8
421
  8421504
176
     1
 74
     1
176
     1
 91
        4
176
     1
 64
     7
176
     1
 65
   257
176
     1
 75
     1
176
     1
175
     1
176
     1
 42
1.0
176
     1
 92
        8
176
     1
 66
     8
424
  8421504
176
     1
 43
1.0
176
     1
 76
     1
176
     1
 77
     6
176
     1
 78
     2
176
     1
 67
     7
176
     1
 79
     5
176
     1
170
     0
176
     1
171
     0
176
     1
290
     0
176
     1
 93
        1
176
     1
 44
0.0
176
     1
173
     0
176
     1
  0
VISUALSTYLE
  5
34
102
{ACAD_REACTORS
330
2A
102
}
102
{ACAD_XDICTIONARY
360
75E
102
}
330
2A
100
AcDbVisualStyle
  2
Conceptual
 70
     9
177
     2
291
     0
 71
     3
176
     1
 72
     2
176
     1
 73
     0
176
     1
 90
        0
176
     1
 40
0.6
176
     1
 41
30.0
176
     1
 62
     5
 63
     7
421
 16777215
176
     1
 74
     2
176
     1
 91
        2
176
     1
 64
     7
176
     1
 65
   257
176
     1
 75
     1
176
     1
175
     1
176
     1
 42
179.0
176
     1
 92
        8
176
     1
 66
     7
176
     1
 43
1.0
176
     1
 76
     1
176
     1
 77
     6
176
     1
 78
     2
176
     1
 67
     7
176
     1
 79
     3
176
     1
170
     0
176
     1
171
     0
176
     1
290
     0
176
     1
 93
        1
176
     1
 44
0.0
176
     1
173
     0
176
     1
  0
VISUALSTYLE
  5
35
102
{ACAD_REACTORS
330
2A
102
}
102
{ACAD_XDICTIONARY
360
760
102
}
330
2A
100
AcDbVisualStyle
  2
Dim
 70
    11
177
     2
291
     1
 71
     2
176
     1
 72
     2
176
     1
 73
     0
176
     1
 90
        0
176
     1
 40
0.6
176
     1
 41
30.0
176
     1
 62
     5
 63
     7
421
 16777215
176
     1
 74
     1
176
     1
 91
        4
176
     1
 64
     7
176
     1
 65
   257
176
     1
 75
     1
176
     1
175
     1
176
     1
 42
1.0
176
     1
 92
        8
176
     1
 66
     7
176
     1
 43
1.0
176
     1
 76
     1
176
     1
 77
     6
176
     1
 78
     2
176
     1
 67
     7
176
     1
 79
     5
176
     1
170
     0
176
     1
171
     0
176
     1
290
     0
176
     1
 93
        1
176
     1
 44
-50.0
176
     1
173
     0
176
     1
  0
VISUALSTYLE
  5
3D
102
{ACAD_REACTORS
330
2A
102
}
102
{ACAD_XDICTIONARY
360
770
102
}
330
2A
100
AcDbVisualStyle
  2
EdgeColorOff
 70
    22
177
     2
291
     1
 71
     2
176
     0
 72
     2
176
     0
 73
     0
176
     0
 90
        0
176
     0
 40
0.6
176
     0
 41
30.0
176
     0
 62
     5
 63
     7
421
 16777215
176
     0
 74
     1
176
     0
 91
        4
176
     0
 64
     7
176
     0
 65
   257
176
     0
 75
     1
176
     0
175
     1
176
     0
 42
1.0
176
     0
 92
        8
176
     2
 66
     7
176
     0
 43
1.0
176
     0
 76
     1
176
     0
 77
     6
176
     0
 78
     2
176
     0
 67
     7
176
     0
 79
     5
176
     0
170
     0
176
     0
171
     0
176
     0
290
     0
176
     0
 93
        1
176
     0
 44
0.0
176
     0
173
     0
176
     0
  0
VISUALSTYLE
  5
39
102
{ACAD_REACTORS
330
2A
102
}
102
{ACAD_XDICTIONARY
360
768
102
}
330
2A
100
AcDbVisualStyle
  2
Facepattern
 70
    15
177
     2
291
     1
 71
     2
176
     1
 72
     2
176
     1
 73
     0
176
     1
 90
        0
176
     1
 40
0.6
176
     1
 41
30.0
176
     1
 62
     5
 63
     7
421
 16777215
176
     1
 74
     1
176
     1
 91
        4
176
     1
 64
     7
176
     1
 65
   257
176
     1
 75
     1
176
     1
175
     1
176
     1
 42
1.0
176
     1
 92
        8
176
     1
 66
     7
176
     1
 43
1.0
176
     1
 76
     1
176
     1
 77
     6
176
     1
 78
     2
176
     1
 67
     7
176
     1
 79
     5
176
     1
170
     0
176
     1
171
     0
176
     1
290
     0
176
     1
 93
        1
176
     1
 44
0.0
176
     1
173
     0
176
     1
  0
VISUALSTYLE
  5
2B
102
{ACAD_REACTORS
330
2A
102
}
102
{ACAD_XDICTIONARY
360
74C
102
}
330
2A
100
AcDbVisualStyle
  2
Flat
 70
     0
177
     2
291
     1
 71
     2
176
     1
 72
     1
176
     1
 73
     1
176
     1
 90
        2
176
     1
 40
0.6
176
     1
 41
30.0
176
     1
 62
     5
 63
     7
421
 16777215
176
     1
 74
     0
176
     1
 91
        0
176
     1
 64
     7
176
     1
 65
   257
176
     1
 75
     1
176
     1
175
     1
176
     1
 42
1.0
176
     1
 92
        8
176
     1
 66
     7
176
     1
 43
1.0
176
     1
 76
     1
176
     1
 77
     6
176
     1
 78
     2
176
     1
 67
     7
176
     1
 79
     5
176
     1
170
     0
176
     1
171
     0
176
     1
290
     0
176
     1
 93
       13
176
     1
 44
0.0
176
     1
173
     0
176
     1
  0
VISUALSTYLE
  5
2C
102
{ACAD_REACTORS
330
2A
102
}
102
{ACAD_XDICTIONARY
360
74E
102
}
330
2A
100
AcDbVisualStyle
  2
FlatWithEdges
 70
     1
177
     2
291
     1
 71
     2
176
     1
 72
     1
176
     1
 73
     1
176
     1
 90
        2
176
     1
 40
0.6
176
     1
 41
30.0
176
     1
 62
     5
 63
     7
421
 16777215
176
     1
 74
     1
176
     1
 91
        0
176
     1
 64
     7
176
     1
 65
   257
176
     1
 75
     1
176
     1
175
     1
176
     1
 42
1.0
176
     1
 92
        0
176
     1
 66
   257
176
     1
 43
1.0
176
     1
 76
     1
176
     1
 77
     6
176
     1
 78
     2
176
     1
 67
     7
176
     1
 79
     5
176
     1
170
     0
176
     1
171
     0
176
     1
290
     0
176
     1
 93
       13
176
     1
 44
0.0
176
     1
173
     0
176
     1
  0
VISUALSTYLE
  5
2D
102
{ACAD_REACTORS
330
2A
102
}
102
{ACAD_XDICTIONARY
360
750
102
}
330
2A
100
AcDbVisualStyle
  2
Gouraud
 70
     2
177
     2
291
     1
 71
     2
176
     1
 72
     2
176
     1
 73
     1
176
     1
 90
        2
176
     1
 40
0.6
176
     1
 41
30.0
176
     1
 62
     5
 63
     7
421
 16777215
176
     1
 74
     0
176
     1
 91
        0
176
     1
 64
     7
176
     1
 65
   257
176
     1
 75
     1
176
     1
175
     1
176
     1
 42
1.0
176
     1
 92
        0
176
     1
 66
     7
176
     1
 43
1.0
176
     1
 76
     1
176
     1
 77
     6
176
     1
 78
     2
176
     1
 67
     7
176
     1
 79
     5
176
     1
170
     0
176
     1
171
     0
176
     1
290
     0
176
     1
 93
       13
176
     1
 44
0.0
176
     1
173
     0
176
     1
  0
VISUALSTYLE
  5
2E
102
{ACAD_REACTORS
330
2A
102
}
102
{ACAD_XDICTIONARY
360
752
102
}
330
2A
100
AcDbVisualStyle
  2
GouraudWithEdges
 70
     3
177
     2
291
     1
 71
     2
176
     1
 72
     2
176
     1
 73
     1
176
     1
 90
        2
176
     1
 40
0.6
176
     1
 41
30.0
176
     1
 62
     5
 63
     7
421
 16777215
176
     1
 74
     1
176
     1
 91
        0
176
     1
 64
     7
176
     1
 65
   257
176
     1
 75
     1
176
     1
175
     1
176
     1
 42
1.0
176
     1
 92
        0
176
     1
 66
   257
176
     1
 43
1.0
176
     1
 76
     1
176
     1
 77
     6
176
     1
 78
     2
176
     1
 67
     7
176
     1
 79
     5
176
     1
170
     0
176
     1
171
     0
176
     1
290
     0
176
     1
 93
       13
176
     1
 44
0.0
176
     1
173
     0
176
     1
  0
VISUALSTYLE
  5
31
102
{ACAD_REACTORS
330
2A
102
}
102
{ACAD_XDICTIONARY
360
758
102
}
330
2A
100
AcDbVisualStyle
  2
Hidden
 70
     6
177
     2
291
     0
 71
     1
176
     1
 72
     2
176
     1
 73
     2
176
     1
 90
        0
176
     1
 40
0.6
176
     1
 41
30.0
176
     1
 62
     5
 63
     7
421
 16777215
176
     1
 74
     2
176
     1
 91
        2
176
     1
 64
     7
176
     1
 65
   257
176
     1
 75
     2
176
     1
175
     1
176
     1
 42
40.0
176
     1
 92
        0
176
     1
 66
   257
176
     1
 43
1.0
176
     1
 76
     1
176
     1
 77
     6
176
     1
 78
     2
176
     1
 67
     7
176
     1
 79
     3
176
     1
170
     0
176
     1
171
     0
176
     1
290
     0
176
     1
 93
        1
176
     1
 44
0.0
176
     1
173
     0
176
     1
  0
VISUALSTYLE
  5
3B
102
{ACAD_REACTORS
330
2A
102
}
102
{ACAD_XDICTIONARY
360
76C
102
}
330
2A
100
AcDbVisualStyle
  2
JitterOff
 70
    20
177
     2
291
     1
 71
     2
176
     0
 72
     2
176
     0
 73
     0
176
     0
 90
        0
176
     0
 40
0.6
176
     0
 41
30.0
176
     0
 62
     5
 63
     7
421
 16777215
176
     0
 74
     1
176
     0
 91
        4
176
     0
 64
     7
176
     0
 65
   257
176
     0
 75
     1
176
     0
175
     1
176
     0
 42
1.0
176
     0
 92
       10
176
     2
 66
     7
176
     0
 43
1.0
176
     0
 76
     1
176
     0
 77
     6
176
     0
 78
     2
176
     0
 67
     7
176
     0
 79
     5
176
     0
170
     0
176
     0
171
     0
176
     0
290
     0
176
     0
 93
        1
176
     0
 44
0.0
176
     0
173
     0
176
     0
  0
VISUALSTYLE
  5
38
102
{ACAD_REACTORS
330
2A
102
}
102
{ACAD_XDICTIONARY
360
766
102
}
330
2A
100
AcDbVisualStyle
  2
Linepattern
 70
    14
177
     2
291
     1
 71
     2
176
     1
 72
     2
176
     1
 73
     0
176
     1
 90
        0
176
     1
 40
0.6
176
     1
 41
30.0
176
     1
 62
     5
 63
     7
421
 16777215
176
     1
 74
     1
176
     1
 91
        4
176
     1
 64
     7
176
     1
 65
   257
176
     1
 75
     7
176
     1
175
     7
176
     1
 42
1.0
176
     1
 92
        8
176
     1
 66
     7
176
     1
 43
1.0
176
     1
 76
     1
176
     1
 77
     6
176
     1
 78
     2
176
     1
 67
     7
176
     1
 79
     5
176
     1
170
     0
176
     1
171
     0
176
     1
290
     0
176
     1
 93
        1
176
     1
 44
0.0
176
     1
173
     0
176
     1
  0
VISUALSTYLE
  5
3C
102
{ACAD_REACTORS
330
2A
102
}
102
{ACAD_XDICTIONARY
360
76E
102
}
330
2A
100
AcDbVisualStyle
  2
OverhangOff
 70
    21
177
     2
291
     1
 71
     2
176
     0
 72
     2
176
     0
 73
     0
176
     0
 90
        0
176
     0
 40
0.6
176
     0
 41
30.0
176
     0
 62
     5
 63
     7
421
 16777215
176
     0
 74
     1
176
     0
 91
        4
176
     0
 64
     7
176
     0
 65
   257
176
     0
 75
     1
176
     0
175
     1
176
     0
 42
1.0
176
     0
 92
        9
176
     2
 66
     7
176
     0
 43
1.0
176
     0
 76
     1
176
     0
 77
     6
176
     0
 78
     2
176
     0
 67
     7
176
     0
 79
     5
176
     0
170
     0
176
     0
171
     0
176
     0
290
     0
176
     0
 93
        1
176
     0
 44
0.0
176
     0
173
     0
176
     0
  0
VISUALSTYLE
  5
33
102
{ACAD_REACTORS
330
2A
102
}
102
{ACAD_XDICTIONARY
360
75C
102
}
330
2A
100
AcDbVisualStyle
  2
Realistic
 70
     8
177
     2
291
     0
 71
     2
176
     1
 72
     3
176
     1
 73
     0
176
     1
 90
        2
176
     1
 40
0.6
176
     1
 41
30.0
176
     1
 62
     5
 63
     7
421
 16777215
176
     1
 74
     0
176
     1
 91
        0
176
     1
 64
     7
176
     1
 65
   257
176
     1
 75
     1
176
     1
175
     1
176
     1
 42
1.0
176
     1
 92
        8
176
     1
 66
   257
176
     1
 43
1.0
176
     1
 76
     1
176
     1
 77
     6
176
     1
 78
     2
176
     1
 67
     7
176
     1
 79
     3
176
     1
170
     0
176
     1
171
     0
176
     1
290
     0
176
     1
 93
       13
176
     1
 44
0.0
176
     1
173
     0
176
     1
  0
VISUALSTYLE
  5
42
102
{ACAD_REACTORS
330
2A
102
}
102
{ACAD_XDICTIONARY
360
77A
102
}
330
2A
100
AcDbVisualStyle
  2
Shaded
 70
    27
177
     2
291
     0
 71
     2
176
     1
 72
     2
176
     1
 73
     1
176
     1
 90
        2
176
     1
 40
0.6
176
     1
 41
30.0
176
     1
 62
     5
 63
     7
421
 16777215
176
     1
 74
     0
176
     1
 91
        4
176
     1
 64
     7
176
     1
 65
   257
176
     1
 75
     1
176
     1
175
     1
176
     1
 42
1.0
176
     1
 92
        8
176
     1
 66
   257
176
     1
 43
1.0
176
     1
 76
     1
176
     1
 77
     6
176
     1
 78
     2
176
     1
 67
     8
425
  7895160
176
     1
 79
     3
176
     1
170
     0
176
     1
171
     0
176
     1
290
     0
176
     1
 93
        5
176
     1
 44
0.0
176
     1
173
     0
176
     1
  0
VISUALSTYLE
  5
41
102
{ACAD_REACTORS
330
2A
102
}
102
{ACAD_XDICTIONARY
360
778
102
}
330
2A
100
AcDbVisualStyle
  2
Shaded with edges
 70
    26
177
     2
291
     0
 71
     2
176
     1
 72
     2
176
     1
 73
     1
176
     1
 90
        2
176
     1
 40
0.6
176
     1
 41
30.0
176
     1
 62
     5
 63
     7
421
 16777215
176
     1
 74
     1
176
     1
 91
       10
176
     1
 64
     7
176
     1
 65
   257
176
     1
 75
     2
176
     1
175
     1
176
     1
 42
1.0
176
     1
 92
        8
176
     1
 66
   257
176
     1
 43
1.0
176
     1
 76
     1
176
     1
 77
     6
176
     1
 78
     2
176
     1
 67
     7
176
     1
 79
     3
176
     1
170
     0
176
     1
171
     0
176
     1
290
     0
176
     1
 93
        5
176
     1
 44
0.0
176
     1
173
     0
176
     1
  0
VISUALSTYLE
  5
3E
102
{ACAD_REACTORS
330
2A
102
}
102
{ACAD_XDICTIONARY
360
772
102
}
330
2A
100
AcDbVisualStyle
  2
Shades of Gray
 70
    23
177
     2
291
     0
 71
     2
176
     1
 72
     2
176
     1
 73
     3
176
     1
 90
        0
176
     1
 40
0.6
176
     1
 41
30.0
176
     1
 62
     5
 63
     7
421
 16777215
176
     1
 74
     2
176
     1
 91
        2
176
     1
 64
     7
176
     1
 65
     7
176
     1
 75
     1
176
     1
175
     1
176
     1
 42
40.0
176
     1
 92
        8
176
     1
 66
     7
176
     1
 43
1.0
176
     1
 76
     1
176
     1
 77
     6
176
     1
 78
     2
176
     1
 67
     7
176
     1
 79
     3
176
     1
170
     0
176
     1
171
     0
176
     1
290
     0
176
     1
 93
        1
176
     1
 44
0.0
176
     1
173
     0
176
     1
  0
VISUALSTYLE
  5
3F
102
{ACAD_REACTORS
330
2A
102
}
102
{ACAD_XDICTIONARY
360
774
102
}
330
2A
100
AcDbVisualStyle
  2
Sketchy
 70
    24
177
     2
291
     0
 71
     1
176
     1
 72
     2
176
     1
 73
     2
176
     1
 90
        0
176
     1
 40
0.6
176
     1
 41
30.0
176
     1
 62
     5
 63
     7
421
 16777215
176
     1
 74
     2
176
     1
 91
        2
176
     1
 64
     7
176
     1
 65
     7
176
     1
 75
     1
176
     1
175
     1
176
     1
 42
40.0
176
     1
 92
       11
176
     1
 66
     7
176
     1
 43
1.0
176
     1
 76
     1
176
     1
 77
     6
176
     1
 78
     2
176
     1
 67
     7
176
     1
 79
     6
176
     1
170
     0
176
     1
171
     0
176
     1
290
     0
176
     1
 93
        1
176
     1
 44
0.0
176
     1
173
     0
176
     1
  0
VISUALSTYLE
  5
37
102
{ACAD_REACTORS
330
2A
102
}
102
{ACAD_XDICTIONARY
360
764
102
}
330
2A
100
AcDbVisualStyle
  2
Thicken
 70
    13
177
     2
291
     1
 71
     2
176
     1
 72
     2
176
     1
 73
     0
176
     1
 90
        0
176
     1
 40
0.6
176
     1
 41
30.0
176
     1
 62
     5
 63
     7
421
 16777215
176
     1
 74
     1
176
     1
 91
        4
176
     1
 64
     7
176
     1
 65
   257
176
     1
 75
     1
176
     1
175
     1
176
     1
 42
1.0
176
     1
 92
       12
176
     1
 66
     7
176
     1
 43
1.0
176
     1
 76
     1
176
     1
 77
     6
176
     1
 78
     2
176
     1
 67
     7
176
     1
 79
     5
176
     1
170
     0
176
     1
171
     0
176
     1
290
     0
176
     1
 93
        1
176
     1
 44
0.0
176
     1
173
     0
176
     1
  0
VISUALSTYLE
  5
30
102
{ACAD_REACTORS
330
2A
102
}
102
{ACAD_XDICTIONARY
360
756
102
}
330
2A
100
AcDbVisualStyle
  2
Wireframe
 70
     5
177
     2
291
     0
 71
     0
176
     1
 72
     2
176
     1
 73
     0
176
     1
 90
        0
176
     1
 40
0.6
176
     1
 41
30.0
176
     1
 62
     5
 63
     7
421
 16777215
176
     1
 74
     1
176
     1
 91
        4
176
     1
 64
     7
176
     1
 65
   257
176
     1
 75
     1
176
     1
175
     1
176
     1
 42
1.0
176
     1
 92
        0
176
     1
 66
   257
176
     1
 43
1.0
176
     1
 76
     1
176
     1
 77
     6
176
     1
 78
     2
176
     1
 67
     7
176
     1
 79
     3
176
     1
170
     0
176
     1
171
     0
176
     1
290
     0
176
     1
 93
        1
176
     1
 44
0.0
176
     1
173
     0
176
     1
  0
VISUALSTYLE
  5
40
102
{ACAD_REACTORS
330
2A
102
}
102
{ACAD_XDICTIONARY
360
776
102
}
330
2A
100
AcDbVisualStyle
  2
X-Ray
 70
    25
177
     2
291
     0
 71
     2
176
     1
 72
     2
176
     1
 73
     1
176
     1
 90
        1
176
     1
 40
0.5
176
     1
 41
30.0
176
     1
 62
     5
 63
     7
421
 16777215
176
     1
 74
     1
176
     1
 91
        0
176
     1
 64
     7
176
     1
 65
   257
176
     1
 75
     1
176
     1
175
     1
176
     1
 42
1.0
176
     1
 92
        8
176
     1
 66
     7
176
     1
 43
1.0
176
     1
 76
     1
176
     1
 77
     6
176
     1
 78
     2
176
     1
 67
     7
176
     1
 79
     3
176
     1
170
     0
176
     1
171
     0
176
     1
290
     0
176
     1
 93
       13
176
     1
 44
0.0
176
     1
173
     0
176
     1
  0
DICTIONARYVAR
  5
74B
102
{ACAD_REACTORS
330
74A
102
}
330
74A
100
DictionaryVariables
280
     0
  1
1:1
  0
DICTIONARYVAR
  5
783
102
{ACAD_REACTORS
330
74A
102
}
330
74A
100
DictionaryVariables
280
     0
  1
3.500000
  0
DICTIONARYVAR
  5
784
102
{ACAD_REACTORS
330
74A
102
}
330
74A
100
DictionaryVariables
280
     0
  1
acadiso.lin
  0
DICTIONARYVAR
  5
780
102
{ACAD_REACTORS
330
74A
102
}
330
74A
100
DictionaryVariables
280
     0
  1
Standard
  0
DICTIONARYVAR
  5
77F
102
{ACAD_REACTORS
330
74A
102
}
330
74A
100
DictionaryVariables
280
     0
  1
Standard
  0
DICTIONARY
  5
77C
330
5A
100
AcDbDictionary
280
     1
281
     1
  3
ACAD_ROUNDTRIP_2008_TABLESTYLE_CELLSTYLEMAP
360
77D
  0
DICTIONARY
  5
754
330
2F
100
AcDbDictionary
280
     1
281
     1
  3
ACAD_XREC_ROUNDTRIP
360
755
  0
DICTIONARY
  5
75A
330
32
100
AcDbDictionary
280
     1
281
     1
  3
ACAD_XREC_ROUNDTRIP
360
75B
  0
DICTIONARY
  5
762
330
36
100
AcDbDictionary
280
     1
281
     1
  3
ACAD_XREC_ROUNDTRIP
360
763
  0
DICTIONARY
  5
76A
330
3A
100
AcDbDictionary
280
     1
281
     1
  3
ACAD_XREC_ROUNDTRIP
360
76B
  0
DICTIONARY
  5
75E
330
34
100
AcDbDictionary
280
     1
281
     1
  3
ACAD_XREC_ROUNDTRIP
360
75F
  0
DICTIONARY
  5
760
330
35
100
AcDbDictionary
280
     1
281
     1
  3
ACAD_XREC_ROUNDTRIP
360
761
  0
DICTIONARY
  5
770
330
3D
100
AcDbDictionary
280
     1
281
     1
  3
ACAD_XREC_ROUNDTRIP
360
771
  0
DICTIONARY
  5
768
330
39
100
AcDbDictionary
280
     1
281
     1
  3
ACAD_XREC_ROUNDTRIP
360
769
  0
DICTIONARY
  5
74C
330
2B
100
AcDbDictionary
280
     1
281
     1
  3
ACAD_XREC_ROUNDTRIP
360
74D
  0
DICTIONARY
  5
74E
330
2C
100
AcDbDictionary
280
     1
281
     1
  3
ACAD_XREC_ROUNDTRIP
360
74F
  0
DICTIONARY
  5
750
330
2D
100
AcDbDictionary
280
     1
281
     1
  3
ACAD_XREC_ROUNDTRIP
360
751
  0
DICTIONARY
  5
752
330
2E
100
AcDbDictionary
280
     1
281
     1
  3
ACAD_XREC_ROUNDTRIP
360
753
  0
DICTIONARY
  5
758
330
31
100
AcDbDictionary
280
     1
281
     1
  3
ACAD_XREC_ROUNDTRIP
360
759
  0
DICTIONARY
  5
76C
330
3B
100
AcDbDictionary
280
     1
281
     1
  3
ACAD_XREC_ROUNDTRIP
360
76D
  0
DICTIONARY
  5
766
330
38
100
AcDbDictionary
280
     1
281
     1
  3
ACAD_XREC_ROUNDTRIP
360
767
  0
DICTIONARY
  5
76E
330
3C
100
AcDbDictionary
280
     1
281
     1
  3
ACAD_XREC_ROUNDTRIP
360
76F
  0
DICTIONARY
  5
75C
330
33
100
AcDbDictionary
280
     1
281
     1
  3
ACAD_XREC_ROUNDTRIP
360
75D
  0
DICTIONARY
  5
77A
330
42
100
AcDbDictionary
280
     1
281
     1
  3
ACAD_XREC_ROUNDTRIP
360
77B
  0
DICTIONARY
  5
778
330
41
100
AcDbDictionary
280
     1
281
     1
  3
ACAD_XREC_ROUNDTRIP
360
779
  0
DICTIONARY
  5
772
330
3E
100
AcDbDictionary
280
     1
281
     1
  3
ACAD_XREC_ROUNDTRIP
360
773
  0
DICTIONARY
  5
774
330
3F
100
AcDbDictionary
280
     1
281
     1
  3
ACAD_XREC_ROUNDTRIP
360
775
  0
DICTIONARY
  5
764
330
37
100
AcDbDictionary
280
     1
281
     1
  3
ACAD_XREC_ROUNDTRIP
360
765
  0
DICTIONARY
  5
756
330
30
100
AcDbDictionary
280
     1
281
     1
  3
ACAD_XREC_ROUNDTRIP
360
757
  0
DICTIONARY
  5
776
330
40
100
AcDbDictionary
280
     1
281
     1
  3
ACAD_XREC_ROUNDTRIP
360
777
  0
CELLSTYLEMAP
  5
77D
102
{ACAD_REACTORS
330
77C
102
}
330
77C
100
AcDbCellStyleMap
 90
        3
300
CELLSTYLE
  1
TABLEFORMAT_BEGIN
 90
        5
170
     1
 91
        0
 92
    32768
 62
   257
 93
        1
300
CONTENTFORMAT
  1
CONTENTFORMAT_BEGIN
 90
        0
 91
        0
 92
        4
 93
        0
300

 40
0.0
140
1.0
 94
        5
 62
     0
340
11
144
6.0
309
CONTENTFORMAT_END
171
     1
301
MARGIN
  1
CELLMARGIN_BEGIN
 40
1.5
 40
1.5
 40
1.5
 40
1.5
 40
1.5
 40
1.5
309
CELLMARGIN_END
 94
        6
 95
        1
302
GRIDFORMAT
  1
GRIDFORMAT_BEGIN
 90
        0
 91
        1
 62
     0
 92
       -2
340
14
 93
        0
 40
0.045
309
GRIDFORMAT_END
 95
        2
302
GRIDFORMAT
  1
GRIDFORMAT_BEGIN
 90
        0
 91
        1
 62
     0
 92
       -2
340
14
 93
        0
 40
0.045
309
GRIDFORMAT_END
 95
        4
302
GRIDFORMAT
  1
GRIDFORMAT_BEGIN
 90
        0
 91
        1
 62
     0
 92
       -2
340
14
 93
        0
 40
0.045
309
GRIDFORMAT_END
 95
        8
302
GRIDFORMAT
  1
GRIDFORMAT_BEGIN
 90
        0
 91
        1
 62
     0
 92
       -2
340
14
 93
        0
 40
0.045
309
GRIDFORMAT_END
 95
       16
302
GRIDFORMAT
  1
GRIDFORMAT_BEGIN
 90
        0
 91
        1
 62
     0
 92
       -2
340
14
 93
        0
 40
0.045
309
GRIDFORMAT_END
 95
       32
302
GRIDFORMAT
  1
GRIDFORMAT_BEGIN
 90
        0
 91
        1
 62
     0
 92
       -2
340
14
 93
        0
 40
0.045
309
GRIDFORMAT_END
309
TABLEFORMAT_END
  1
CELLSTYLE_BEGIN
 90
        1
 91
        1
300
_TITLE
309
CELLSTYLE_END
300
CELLSTYLE
  1
TABLEFORMAT_BEGIN
 90
        5
170
     1
 91
        0
 92
        0
 62
   257
 93
        1
300
CONTENTFORMAT
  1
CONTENTFORMAT_BEGIN
 90
        0
 91
        0
 92
        4
 93
        0
300

 40
0.0
140
1.0
 94
        5
 62
     0
340
11
144
4.5
309
CONTENTFORMAT_END
171
     1
301
MARGIN
  1
CELLMARGIN_BEGIN
 40
1.5
 40
1.5
 40
1.5
 40
1.5
 40
1.5
 40
1.5
309
CELLMARGIN_END
 94
        6
 95
        1
302
GRIDFORMAT
  1
GRIDFORMAT_BEGIN
 90
        0
 91
        1
 62
     0
 92
       -2
340
14
 93
        0
 40
0.045
309
GRIDFORMAT_END
 95
        2
302
GRIDFORMAT
  1
GRIDFORMAT_BEGIN
 90
        0
 91
        1
 62
     0
 92
       -2
340
14
 93
        0
 40
0.045
309
GRIDFORMAT_END
 95
        4
302
GRIDFORMAT
  1
GRIDFORMAT_BEGIN
 90
        0
 91
        1
 62
     0
 92
       -2
340
14
 93
        0
 40
0.045
309
GRIDFORMAT_END
 95
        8
302
GRIDFORMAT
  1
GRIDFORMAT_BEGIN
 90
        0
 91
        1
 62
     0
 92
       -2
340
14
 93
        0
 40
0.045
309
GRIDFORMAT_END
 95
       16
302
GRIDFORMAT
  1
GRIDFORMAT_BEGIN
 90
        0
 91
        1
 62
     0
 92
       -2
340
14
 93
        0
 40
0.045
309
GRIDFORMAT_END
 95
       32
302
GRIDFORMAT
  1
GRIDFORMAT_BEGIN
 90
        0
 91
        1
 62
     0
 92
       -2
340
14
 93
        0
 40
0.045
309
GRIDFORMAT_END
309
TABLEFORMAT_END
  1
CELLSTYLE_BEGIN
 90
        2
 91
        1
300
_HEADER
309
CELLSTYLE_END
300
CELLSTYLE
  1
TABLEFORMAT_BEGIN
 90
        5
170
     1
 91
        0
 92
        0
 62
   257
 93
        1
300
CONTENTFORMAT
  1
CONTENTFORMAT_BEGIN
 90
        0
 91
        0
 92
        4
 93
        0
300

 40
0.0
140
1.0
 94
        2
 62
     0
340
11
144
4.5
309
CONTENTFORMAT_END
171
     1
301
MARGIN
  1
CELLMARGIN_BEGIN
 40
1.5
 40
1.5
 40
1.5
 40
1.5
 40
1.5
 40
1.5
309
CELLMARGIN_END
 94
        6
 95
        1
302
GRIDFORMAT
  1
GRIDFORMAT_BEGIN
 90
        0
 91
        1
 62
     0
 92
       -2
340
14
 93
        0
 40
0.045
309
GRIDFORMAT_END
 95
        2
302
GRIDFORMAT
  1
GRIDFORMAT_BEGIN
 90
        0
 91
        1
 62
     0
 92
       -2
340
14
 93
        0
 40
0.045
309
GRIDFORMAT_END
 95
        4
302
GRIDFORMAT
  1
GRIDFORMAT_BEGIN
 90
        0
 91
        1
 62
     0
 92
       -2
340
14
 93
        0
 40
0.045
309
GRIDFORMAT_END
 95
        8
302
GRIDFORMAT
  1
GRIDFORMAT_BEGIN
 90
        0
 91
        1
 62
     0
 92
       -2
340
14
 93
        0
 40
0.045
309
GRIDFORMAT_END
 95
       16
302
GRIDFORMAT
  1
GRIDFORMAT_BEGIN
 90
        0
 91
        1
 62
     0
 92
       -2
340
14
 93
        0
 40
0.045
309
GRIDFORMAT_END
 95
       32
302
GRIDFORMAT
  1
GRIDFORMAT_BEGIN
 90
        0
 91
        1
 62
     0
 92
       -2
340
14
 93
        0
 40
0.045
309
GRIDFORMAT_END
309
TABLEFORMAT_END
  1
CELLSTYLE_BEGIN
 90
        3
 91
        2
300
_DATA
309
CELLSTYLE_END
  0
XRECORD
  5
755
102
{ACAD_REACTORS
330
754
102
}
330
754
100
AcDbXrecord
280
     1
102
RTVSPost2010Prop28
280
     1
102
RTVSPost2010PropOp28
 70
     1
102
RTVSPost2010Prop29
280
     1
102
RTVSPost2010PropOp29
 70
     1
102
RTVSPost2010Prop30
280
     0
102
RTVSPost2010PropOp30
 70
     1
102
RTVSPost2010Prop31
280
     0
102
RTVSPost2010PropOp31
 70
     1
102
RTVSPost2010Prop32
280
     0
102
RTVSPost2010PropOp32
 70
     1
102
RTVSPost2010Prop33
280
     0
102
RTVSPost2010PropOp33
 70
     1
102
RTVSPost2010Prop34
280
     0
102
RTVSPost2010PropOp34
 70
     1
102
RTVSPost2010Prop35
280
     0
102
RTVSPost2010PropOp35
 70
     1
102
RTVSPost2010Prop36
280
     0
102
RTVSPost2010PropOp36
 70
     1
102
RTVSPost2010Prop37
 90
       50
102
RTVSPost2010PropOp37
 70
     1
102
RTVSPost2010Prop38
140
0.0
102
RTVSPost2010PropOp38
 70
     1
102
RTVSPost2010Prop39
140
1.0
102
RTVSPost2010PropOp39
 70
     1
102
RTVSPost2010Prop40
 90
        0
102
RTVSPost2010PropOp40
 70
     1
102
RTVSPost2010Prop41ColorIndex
 90
       18
102
RTVSPost2010Prop41ColorRGB
 90
        0
102
RTVSPost2010PropOp41
 70
     1
102
RTVSPost2010Prop42
 90
       50
102
RTVSPost2010PropOp42
 70
     1
102
RTVSPost2010Prop43
 90
        3
102
RTVSPost2010PropOp43
 70
     1
102
RTVSPost2010Prop44ColorIndex
 90
        5
102
RTVSPost2010Prop44ColorRGB
 90
      255
102
RTVSPost2010PropOp44
 70
     1
102
RTVSPost2010Prop45
280
     0
102
RTVSPost2010PropOp45
 70
     1
102
RTVSPost2010Prop46
 90
       50
102
RTVSPost2010PropOp46
 70
     1
102
RTVSPost2010Prop47
 90
       50
102
RTVSPost2010PropOp47
 70
     1
102
RTVSPost2010Prop48
 90
       50
102
RTVSPost2010PropOp48
 70
     1
102
RTVSPost2010Prop49
280
     0
102
RTVSPost2010PropOp49
 70
     1
102
RTVSPost2010Prop50
 90
       50
102
RTVSPost2010PropOp50
 70
     1
102
RTVSPost2010Prop51ColorIndex
 90
      256
102
RTVSPost2010Prop51ColorRGB
 90
-16777216
102
RTVSPost2010PropOp51
 70
     0
102
RTVSPost2010Prop52
140
1.0
102
RTVSPost2010PropOp52
 70
     0
102
RTVSPost2010Prop53
 90
        2
102
RTVSPost2010PropOp53
 70
     1
102
RTVSPost2010Prop54
  1
strokes_ogs.tif
102
RTVSPost2010PropOp54
 70
     1
102
RTVSPost2010Prop55
280
     0
102
RTVSPost2010PropOp55
 70
     1
102
RTVSPost2010Prop56
140
1.0
102
RTVSPost2010PropOp56
 70
     1
102
RTVSPost2010Prop57
140
1.0
102
RTVSPost2010PropOp57
 70
     1
  0
XRECORD
  5
75B
102
{ACAD_REACTORS
330
75A
102
}
330
75A
100
AcDbXrecord
280
     1
102
RTVSPost2010Prop28
280
     0
102
RTVSPost2010PropOp28
 70
     1
102
RTVSPost2010Prop29
280
     1
102
RTVSPost2010PropOp29
 70
     1
102
RTVSPost2010Prop30
280
     1
102
RTVSPost2010PropOp30
 70
     1
102
RTVSPost2010Prop31
280
     0
102
RTVSPost2010PropOp31
 70
     1
102
RTVSPost2010Prop32
280
     0
102
RTVSPost2010PropOp32
 70
     1
102
RTVSPost2010Prop33
280
     0
102
RTVSPost2010PropOp33
 70
     1
102
RTVSPost2010Prop34
280
     0
102
RTVSPost2010PropOp34
 70
     1
102
RTVSPost2010Prop35
280
     0
102
RTVSPost2010PropOp35
 70
     1
102
RTVSPost2010Prop36
280
     0
102
RTVSPost2010PropOp36
 70
     1
102
RTVSPost2010Prop37
 90
       50
102
RTVSPost2010PropOp37
 70
     1
102
RTVSPost2010Prop38
140
0.0
102
RTVSPost2010PropOp38
 70
     1
102
RTVSPost2010Prop39
140
1.0
102
RTVSPost2010PropOp39
 70
     1
102
RTVSPost2010Prop40
 90
        0
102
RTVSPost2010PropOp40
 70
     1
102
RTVSPost2010Prop41ColorIndex
 90
       18
102
RTVSPost2010Prop41ColorRGB
 90
        0
102
RTVSPost2010PropOp41
 70
     1
102
RTVSPost2010Prop42
 90
       50
102
RTVSPost2010PropOp42
 70
     1
102
RTVSPost2010Prop43
 90
        3
102
RTVSPost2010PropOp43
 70
     1
102
RTVSPost2010Prop44ColorIndex
 90
        5
102
RTVSPost2010Prop44ColorRGB
 90
      255
102
RTVSPost2010PropOp44
 70
     1
102
RTVSPost2010Prop45
280
     0
102
RTVSPost2010PropOp45
 70
     1
102
RTVSPost2010Prop46
 90
       50
102
RTVSPost2010PropOp46
 70
     1
102
RTVSPost2010Prop47
 90
       50
102
RTVSPost2010PropOp47
 70
     1
102
RTVSPost2010Prop48
 90
       50
102
RTVSPost2010PropOp48
 70
     1
102
RTVSPost2010Prop49
280
     0
102
RTVSPost2010PropOp49
 70
     1
102
RTVSPost2010Prop50
 90
       50
102
RTVSPost2010PropOp50
 70
     1
102
RTVSPost2010Prop51ColorIndex
 90
      256
102
RTVSPost2010Prop51ColorRGB
 90
-16777216
102
RTVSPost2010PropOp51
 70
     0
102
RTVSPost2010Prop52
140
1.0
102
RTVSPost2010PropOp52
 70
     0
102
RTVSPost2010Prop53
 90
        2
102
RTVSPost2010PropOp53
 70
     1
102
RTVSPost2010Prop54
  1
strokes_ogs.tif
102
RTVSPost2010PropOp54
 70
     1
102
RTVSPost2010Prop55
280
     0
102
RTVSPost2010PropOp55
 70
     1
102
RTVSPost2010Prop56
140
1.0
102
RTVSPost2010PropOp56
 70
     1
102
RTVSPost2010Prop57
140
1.0
102
RTVSPost2010PropOp57
 70
     1
  0
XRECORD
  5
763
102
{ACAD_REACTORS
330
762
102
}
330
762
100
AcDbXrecord
280
     1
102
RTVSPost2010Prop28
280
     0
102
RTVSPost2010PropOp28
 70
     1
102
RTVSPost2010Prop29
280
     1
102
RTVSPost2010PropOp29
 70
     1
102
RTVSPost2010Prop30
280
     1
102
RTVSPost2010PropOp30
 70
     1
102
RTVSPost2010Prop31
280
     0
102
RTVSPost2010PropOp31
 70
     1
102
RTVSPost2010Prop32
280
     0
102
RTVSPost2010PropOp32
 70
     1
102
RTVSPost2010Prop33
280
     0
102
RTVSPost2010PropOp33
 70
     1
102
RTVSPost2010Prop34
280
     0
102
RTVSPost2010PropOp34
 70
     1
102
RTVSPost2010Prop35
280
     0
102
RTVSPost2010PropOp35
 70
     1
102
RTVSPost2010Prop36
280
     0
102
RTVSPost2010PropOp36
 70
     1
102
RTVSPost2010Prop37
 90
       50
102
RTVSPost2010PropOp37
 70
     1
102
RTVSPost2010Prop38
140
0.0
102
RTVSPost2010PropOp38
 70
     1
102
RTVSPost2010Prop39
140
1.0
102
RTVSPost2010PropOp39
 70
     1
102
RTVSPost2010Prop40
 90
        0
102
RTVSPost2010PropOp40
 70
     1
102
RTVSPost2010Prop41ColorIndex
 90
       18
102
RTVSPost2010Prop41ColorRGB
 90
        0
102
RTVSPost2010PropOp41
 70
     1
102
RTVSPost2010Prop42
 90
       50
102
RTVSPost2010PropOp42
 70
     1
102
RTVSPost2010Prop43
 90
        3
102
RTVSPost2010PropOp43
 70
     1
102
RTVSPost2010Prop44ColorIndex
 90
        5
102
RTVSPost2010Prop44ColorRGB
 90
      255
102
RTVSPost2010PropOp44
 70
     1
102
RTVSPost2010Prop45
280
     0
102
RTVSPost2010PropOp45
 70
     1
102
RTVSPost2010Prop46
 90
       50
102
RTVSPost2010PropOp46
 70
     1
102
RTVSPost2010Prop47
 90
       50
102
RTVSPost2010PropOp47
 70
     1
102
RTVSPost2010Prop48
 90
       50
102
RTVSPost2010PropOp48
 70
     1
102
RTVSPost2010Prop49
280
     0
102
RTVSPost2010PropOp49
 70
     1
102
RTVSPost2010Prop50
 90
       50
102
RTVSPost2010PropOp50
 70
     1
102
RTVSPost2010Prop51ColorIndex
 90
      256
102
RTVSPost2010Prop51ColorRGB
 90
-16777216
102
RTVSPost2010PropOp51
 70
     0
102
RTVSPost2010Prop52
140
1.0
102
RTVSPost2010PropOp52
 70
     0
102
RTVSPost2010Prop53
 90
        2
102
RTVSPost2010PropOp53
 70
     1
102
RTVSPost2010Prop54
  1
strokes_ogs.tif
102
RTVSPost2010PropOp54
 70
     1
102
RTVSPost2010Prop55
280
     0
102
RTVSPost2010PropOp55
 70
     1
102
RTVSPost2010Prop56
140
1.0
102
RTVSPost2010PropOp56
 70
     1
102
RTVSPost2010Prop57
140
1.0
102
RTVSPost2010PropOp57
 70
     1
  0
XRECORD
  5
76B
102
{ACAD_REACTORS
330
76A
102
}
330
76A
100
AcDbXrecord
280
     1
102
RTVSPost2010Prop28
280
     0
102
RTVSPost2010PropOp28
 70
     1
102
RTVSPost2010Prop29
280
     1
102
RTVSPost2010PropOp29
 70
     1
102
RTVSPost2010Prop30
280
     1
102
RTVSPost2010PropOp30
 70
     1
102
RTVSPost2010Prop31
280
     0
102
RTVSPost2010PropOp31
 70
     1
102
RTVSPost2010Prop32
280
     0
102
RTVSPost2010PropOp32
 70
     1
102
RTVSPost2010Prop33
280
     0
102
RTVSPost2010PropOp33
 70
     1
102
RTVSPost2010Prop34
280
     0
102
RTVSPost2010PropOp34
 70
     1
102
RTVSPost2010Prop35
280
     0
102
RTVSPost2010PropOp35
 70
     1
102
RTVSPost2010Prop36
280
     0
102
RTVSPost2010PropOp36
 70
     1
102
RTVSPost2010Prop37
 90
       50
102
RTVSPost2010PropOp37
 70
     1
102
RTVSPost2010Prop38
140
0.0
102
RTVSPost2010PropOp38
 70
     1
102
RTVSPost2010Prop39
140
1.0
102
RTVSPost2010PropOp39
 70
     1
102
RTVSPost2010Prop40
 90
        0
102
RTVSPost2010PropOp40
 70
     1
102
RTVSPost2010Prop41ColorIndex
 90
       18
102
RTVSPost2010Prop41ColorRGB
 90
        0
102
RTVSPost2010PropOp41
 70
     1
102
RTVSPost2010Prop42
 90
       50
102
RTVSPost2010PropOp42
 70
     1
102
RTVSPost2010Prop43
 90
        3
102
RTVSPost2010PropOp43
 70
     1
102
RTVSPost2010Prop44ColorIndex
 90
        5
102
RTVSPost2010Prop44ColorRGB
 90
      255
102
RTVSPost2010PropOp44
 70
     1
102
RTVSPost2010Prop45
280
     0
102
RTVSPost2010PropOp45
 70
     1
102
RTVSPost2010Prop46
 90
       50
102
RTVSPost2010PropOp46
 70
     1
102
RTVSPost2010Prop47
 90
       50
102
RTVSPost2010PropOp47
 70
     1
102
RTVSPost2010Prop48
 90
       50
102
RTVSPost2010PropOp48
 70
     1
102
RTVSPost2010Prop49
280
     0
102
RTVSPost2010PropOp49
 70
     1
102
RTVSPost2010Prop50
 90
       50
102
RTVSPost2010PropOp50
 70
     1
102
RTVSPost2010Prop51ColorIndex
 90
      256
102
RTVSPost2010Prop51ColorRGB
 90
-16777216
102
RTVSPost2010PropOp51
 70
     0
102
RTVSPost2010Prop52
140
1.0
102
RTVSPost2010PropOp52
 70
     0
102
RTVSPost2010Prop53
 90
        2
102
RTVSPost2010PropOp53
 70
     1
102
RTVSPost2010Prop54
  1
strokes_ogs.tif
102
RTVSPost2010PropOp54
 70
     1
102
RTVSPost2010Prop55
280
     0
102
RTVSPost2010PropOp55
 70
     1
102
RTVSPost2010Prop56
140
1.0
102
RTVSPost2010PropOp56
 70
     1
102
RTVSPost2010Prop57
140
1.0
102
RTVSPost2010PropOp57
 70
     1
  0
XRECORD
  5
75F
102
{ACAD_REACTORS
330
75E
102
}
330
75E
100
AcDbXrecord
280
     1
102
RTVSPost2010Prop28
280
     0
102
RTVSPost2010PropOp28
 70
     1
102
RTVSPost2010Prop29
280
     1
102
RTVSPost2010PropOp29
 70
     1
102
RTVSPost2010Prop30
280
     1
102
RTVSPost2010PropOp30
 70
     1
102
RTVSPost2010Prop31
280
     0
102
RTVSPost2010PropOp31
 70
     1
102
RTVSPost2010Prop32
280
     0
102
RTVSPost2010PropOp32
 70
     1
102
RTVSPost2010Prop33
280
     0
102
RTVSPost2010PropOp33
 70
     1
102
RTVSPost2010Prop34
280
     0
102
RTVSPost2010PropOp34
 70
     1
102
RTVSPost2010Prop35
280
     0
102
RTVSPost2010PropOp35
 70
     1
102
RTVSPost2010Prop36
280
     0
102
RTVSPost2010PropOp36
 70
     1
102
RTVSPost2010Prop37
 90
       50
102
RTVSPost2010PropOp37
 70
     1
102
RTVSPost2010Prop38
140
0.0
102
RTVSPost2010PropOp38
 70
     1
102
RTVSPost2010Prop39
140
1.0
102
RTVSPost2010PropOp39
 70
     1
102
RTVSPost2010Prop40
 90
        0
102
RTVSPost2010PropOp40
 70
     1
102
RTVSPost2010Prop41ColorIndex
 90
       18
102
RTVSPost2010Prop41ColorRGB
 90
        0
102
RTVSPost2010PropOp41
 70
     1
102
RTVSPost2010Prop42
 90
       50
102
RTVSPost2010PropOp42
 70
     1
102
RTVSPost2010Prop43
 90
        3
102
RTVSPost2010PropOp43
 70
     1
102
RTVSPost2010Prop44ColorIndex
 90
        5
102
RTVSPost2010Prop44ColorRGB
 90
      255
102
RTVSPost2010PropOp44
 70
     1
102
RTVSPost2010Prop45
280
     0
102
RTVSPost2010PropOp45
 70
     1
102
RTVSPost2010Prop46
 90
       50
102
RTVSPost2010PropOp46
 70
     1
102
RTVSPost2010Prop47
 90
       50
102
RTVSPost2010PropOp47
 70
     1
102
RTVSPost2010Prop48
 90
       50
102
RTVSPost2010PropOp48
 70
     1
102
RTVSPost2010Prop49
280
     0
102
RTVSPost2010PropOp49
 70
     1
102
RTVSPost2010Prop50
 90
       50
102
RTVSPost2010PropOp50
 70
     1
102
RTVSPost2010Prop51ColorIndex
 90
      256
102
RTVSPost2010Prop51ColorRGB
 90
-16777216
102
RTVSPost2010PropOp51
 70
     0
102
RTVSPost2010Prop52
140
1.0
102
RTVSPost2010PropOp52
 70
     0
102
RTVSPost2010Prop53
 90
        2
102
RTVSPost2010PropOp53
 70
     1
102
RTVSPost2010Prop54
  1
strokes_ogs.tif
102
RTVSPost2010PropOp54
 70
     1
102
RTVSPost2010Prop55
280
     0
102
RTVSPost2010PropOp55
 70
     1
102
RTVSPost2010Prop56
140
1.0
102
RTVSPost2010PropOp56
 70
     1
102
RTVSPost2010Prop57
140
1.0
102
RTVSPost2010PropOp57
 70
     1
  0
XRECORD
  5
761
102
{ACAD_REACTORS
330
760
102
}
330
760
100
AcDbXrecord
280
     1
102
RTVSPost2010Prop28
280
     0
102
RTVSPost2010PropOp28
 70
     1
102
RTVSPost2010Prop29
280
     1
102
RTVSPost2010PropOp29
 70
     1
102
RTVSPost2010Prop30
280
     1
102
RTVSPost2010PropOp30
 70
     1
102
RTVSPost2010Prop31
280
     0
102
RTVSPost2010PropOp31
 70
     1
102
RTVSPost2010Prop32
280
     0
102
RTVSPost2010PropOp32
 70
     1
102
RTVSPost2010Prop33
280
     0
102
RTVSPost2010PropOp33
 70
     1
102
RTVSPost2010Prop34
280
     0
102
RTVSPost2010PropOp34
 70
     1
102
RTVSPost2010Prop35
280
     0
102
RTVSPost2010PropOp35
 70
     1
102
RTVSPost2010Prop36
280
     0
102
RTVSPost2010PropOp36
 70
     1
102
RTVSPost2010Prop37
 90
       50
102
RTVSPost2010PropOp37
 70
     1
102
RTVSPost2010Prop38
140
0.0
102
RTVSPost2010PropOp38
 70
     1
102
RTVSPost2010Prop39
140
1.0
102
RTVSPost2010PropOp39
 70
     1
102
RTVSPost2010Prop40
 90
        0
102
RTVSPost2010PropOp40
 70
     1
102
RTVSPost2010Prop41ColorIndex
 90
       18
102
RTVSPost2010Prop41ColorRGB
 90
        0
102
RTVSPost2010PropOp41
 70
     1
102
RTVSPost2010Prop42
 90
       50
102
RTVSPost2010PropOp42
 70
     1
102
RTVSPost2010Prop43
 90
        3
102
RTVSPost2010PropOp43
 70
     1
102
RTVSPost2010Prop44ColorIndex
 90
        5
102
RTVSPost2010Prop44ColorRGB
 90
      255
102
RTVSPost2010PropOp44
 70
     1
102
RTVSPost2010Prop45
280
     0
102
RTVSPost2010PropOp45
 70
     1
102
RTVSPost2010Prop46
 90
       50
102
RTVSPost2010PropOp46
 70
     1
102
RTVSPost2010Prop47
 90
       50
102
RTVSPost2010PropOp47
 70
     1
102
RTVSPost2010Prop48
 90
       50
102
RTVSPost2010PropOp48
 70
     1
102
RTVSPost2010Prop49
280
     0
102
RTVSPost2010PropOp49
 70
     1
102
RTVSPost2010Prop50
 90
       50
102
RTVSPost2010PropOp50
 70
     1
102
RTVSPost2010Prop51ColorIndex
 90
      256
102
RTVSPost2010Prop51ColorRGB
 90
-16777216
102
RTVSPost2010PropOp51
 70
     0
102
RTVSPost2010Prop52
140
1.0
102
RTVSPost2010PropOp52
 70
     0
102
RTVSPost2010Prop53
 90
        2
102
RTVSPost2010PropOp53
 70
     1
102
RTVSPost2010Prop54
  1
strokes_ogs.tif
102
RTVSPost2010PropOp54
 70
     1
102
RTVSPost2010Prop55
280
     0
102
RTVSPost2010PropOp55
 70
     1
102
RTVSPost2010Prop56
140
1.0
102
RTVSPost2010PropOp56
 70
     1
102
RTVSPost2010Prop57
140
1.0
102
RTVSPost2010PropOp57
 70
     1
  0
XRECORD
  5
771
102
{ACAD_REACTORS
330
770
102
}
330
770
100
AcDbXrecord
280
     1
102
RTVSPost2010Prop28
280
     0
102
RTVSPost2010PropOp28
 70
     0
102
RTVSPost2010Prop29
280
     1
102
RTVSPost2010PropOp29
 70
     0
102
RTVSPost2010Prop30
280
     1
102
RTVSPost2010PropOp30
 70
     0
102
RTVSPost2010Prop31
280
     0
102
RTVSPost2010PropOp31
 70
     0
102
RTVSPost2010Prop32
280
     0
102
RTVSPost2010PropOp32
 70
     0
102
RTVSPost2010Prop33
280
     0
102
RTVSPost2010PropOp33
 70
     0
102
RTVSPost2010Prop34
280
     0
102
RTVSPost2010PropOp34
 70
     0
102
RTVSPost2010Prop35
280
     0
102
RTVSPost2010PropOp35
 70
     0
102
RTVSPost2010Prop36
280
     0
102
RTVSPost2010PropOp36
 70
     0
102
RTVSPost2010Prop37
 90
       50
102
RTVSPost2010PropOp37
 70
     0
102
RTVSPost2010Prop38
140
0.0
102
RTVSPost2010PropOp38
 70
     0
102
RTVSPost2010Prop39
140
1.0
102
RTVSPost2010PropOp39
 70
     0
102
RTVSPost2010Prop40
 90
        0
102
RTVSPost2010PropOp40
 70
     0
102
RTVSPost2010Prop41ColorIndex
 90
       18
102
RTVSPost2010Prop41ColorRGB
 90
        0
102
RTVSPost2010PropOp41
 70
     0
102
RTVSPost2010Prop42
 90
       50
102
RTVSPost2010PropOp42
 70
     0
102
RTVSPost2010Prop43
 90
        3
102
RTVSPost2010PropOp43
 70
     0
102
RTVSPost2010Prop44ColorIndex
 90
        5
102
RTVSPost2010Prop44ColorRGB
 90
      255
102
RTVSPost2010PropOp44
 70
     0
102
RTVSPost2010Prop45
280
     0
102
RTVSPost2010PropOp45
 70
     0
102
RTVSPost2010Prop46
 90
       50
102
RTVSPost2010PropOp46
 70
     0
102
RTVSPost2010Prop47
 90
       50
102
RTVSPost2010PropOp47
 70
     0
102
RTVSPost2010Prop48
 90
       50
102
RTVSPost2010PropOp48
 70
     0
102
RTVSPost2010Prop49
280
     0
102
RTVSPost2010PropOp49
 70
     0
102
RTVSPost2010Prop50
 90
       50
102
RTVSPost2010PropOp50
 70
     0
102
RTVSPost2010Prop51ColorIndex
 90
      256
102
RTVSPost2010Prop51ColorRGB
 90
-16777216
102
RTVSPost2010PropOp51
 70
     0
102
RTVSPost2010Prop52
140
1.0
102
RTVSPost2010PropOp52
 70
     0
102
RTVSPost2010Prop53
 90
        2
102
RTVSPost2010PropOp53
 70
     0
102
RTVSPost2010Prop54
  1
strokes_ogs.tif
102
RTVSPost2010PropOp54
 70
     0
102
RTVSPost2010Prop55
280
     0
102
RTVSPost2010PropOp55
 70
     0
102
RTVSPost2010Prop56
140
1.0
102
RTVSPost2010PropOp56
 70
     0
102
RTVSPost2010Prop57
140
1.0
102
RTVSPost2010PropOp57
 70
     0
  0
XRECORD
  5
769
102
{ACAD_REACTORS
330
768
102
}
330
768
100
AcDbXrecord
280
     1
102
RTVSPost2010Prop28
280
     0
102
RTVSPost2010PropOp28
 70
     1
102
RTVSPost2010Prop29
280
     1
102
RTVSPost2010PropOp29
 70
     1
102
RTVSPost2010Prop30
280
     1
102
RTVSPost2010PropOp30
 70
     1
102
RTVSPost2010Prop31
280
     0
102
RTVSPost2010PropOp31
 70
     1
102
RTVSPost2010Prop32
280
     0
102
RTVSPost2010PropOp32
 70
     1
102
RTVSPost2010Prop33
280
     0
102
RTVSPost2010PropOp33
 70
     1
102
RTVSPost2010Prop34
280
     0
102
RTVSPost2010PropOp34
 70
     1
102
RTVSPost2010Prop35
280
     0
102
RTVSPost2010PropOp35
 70
     1
102
RTVSPost2010Prop36
280
     0
102
RTVSPost2010PropOp36
 70
     1
102
RTVSPost2010Prop37
 90
       50
102
RTVSPost2010PropOp37
 70
     1
102
RTVSPost2010Prop38
140
0.0
102
RTVSPost2010PropOp38
 70
     1
102
RTVSPost2010Prop39
140
1.0
102
RTVSPost2010PropOp39
 70
     1
102
RTVSPost2010Prop40
 90
        0
102
RTVSPost2010PropOp40
 70
     1
102
RTVSPost2010Prop41ColorIndex
 90
       18
102
RTVSPost2010Prop41ColorRGB
 90
        0
102
RTVSPost2010PropOp41
 70
     1
102
RTVSPost2010Prop42
 90
       50
102
RTVSPost2010PropOp42
 70
     1
102
RTVSPost2010Prop43
 90
        3
102
RTVSPost2010PropOp43
 70
     1
102
RTVSPost2010Prop44ColorIndex
 90
        5
102
RTVSPost2010Prop44ColorRGB
 90
      255
102
RTVSPost2010PropOp44
 70
     1
102
RTVSPost2010Prop45
280
     0
102
RTVSPost2010PropOp45
 70
     1
102
RTVSPost2010Prop46
 90
       50
102
RTVSPost2010PropOp46
 70
     1
102
RTVSPost2010Prop47
 90
       50
102
RTVSPost2010PropOp47
 70
     1
102
RTVSPost2010Prop48
 90
       50
102
RTVSPost2010PropOp48
 70
     1
102
RTVSPost2010Prop49
280
     0
102
RTVSPost2010PropOp49
 70
     1
102
RTVSPost2010Prop50
 90
       50
102
RTVSPost2010PropOp50
 70
     1
102
RTVSPost2010Prop51ColorIndex
 90
      256
102
RTVSPost2010Prop51ColorRGB
 90
-16777216
102
RTVSPost2010PropOp51
 70
     0
102
RTVSPost2010Prop52
140
1.0
102
RTVSPost2010PropOp52
 70
     0
102
RTVSPost2010Prop53
 90
        2
102
RTVSPost2010PropOp53
 70
     1
102
RTVSPost2010Prop54
  1
strokes_ogs.tif
102
RTVSPost2010PropOp54
 70
     1
102
RTVSPost2010Prop55
280
     0
102
RTVSPost2010PropOp55
 70
     1
102
RTVSPost2010Prop56
140
1.0
102
RTVSPost2010PropOp56
 70
     1
102
RTVSPost2010Prop57
140
1.0
102
RTVSPost2010PropOp57
 70
     1
  0
XRECORD
  5
74D
102
{ACAD_REACTORS
330
74C
102
}
330
74C
100
AcDbXrecord
280
     1
102
RTVSPost2010Prop28
280
     0
102
RTVSPost2010PropOp28
 70
     1
102
RTVSPost2010Prop29
280
     1
102
RTVSPost2010PropOp29
 70
     1
102
RTVSPost2010Prop30
280
     1
102
RTVSPost2010PropOp30
 70
     1
102
RTVSPost2010Prop31
280
     0
102
RTVSPost2010PropOp31
 70
     1
102
RTVSPost2010Prop32
280
     0
102
RTVSPost2010PropOp32
 70
     1
102
RTVSPost2010Prop33
280
     0
102
RTVSPost2010PropOp33
 70
     1
102
RTVSPost2010Prop34
280
     0
102
RTVSPost2010PropOp34
 70
     1
102
RTVSPost2010Prop35
280
     0
102
RTVSPost2010PropOp35
 70
     1
102
RTVSPost2010Prop36
280
     0
102
RTVSPost2010PropOp36
 70
     1
102
RTVSPost2010Prop37
 90
       50
102
RTVSPost2010PropOp37
 70
     1
102
RTVSPost2010Prop38
140
0.0
102
RTVSPost2010PropOp38
 70
     1
102
RTVSPost2010Prop39
140
1.0
102
RTVSPost2010PropOp39
 70
     1
102
RTVSPost2010Prop40
 90
        0
102
RTVSPost2010PropOp40
 70
     1
102
RTVSPost2010Prop41ColorIndex
 90
       18
102
RTVSPost2010Prop41ColorRGB
 90
        0
102
RTVSPost2010PropOp41
 70
     1
102
RTVSPost2010Prop42
 90
       50
102
RTVSPost2010PropOp42
 70
     1
102
RTVSPost2010Prop43
 90
        3
102
RTVSPost2010PropOp43
 70
     1
102
RTVSPost2010Prop44ColorIndex
 90
        5
102
RTVSPost2010Prop44ColorRGB
 90
      255
102
RTVSPost2010PropOp44
 70
     1
102
RTVSPost2010Prop45
280
     0
102
RTVSPost2010PropOp45
 70
     1
102
RTVSPost2010Prop46
 90
       50
102
RTVSPost2010PropOp46
 70
     1
102
RTVSPost2010Prop47
 90
       50
102
RTVSPost2010PropOp47
 70
     1
102
RTVSPost2010Prop48
 90
       50
102
RTVSPost2010PropOp48
 70
     1
102
RTVSPost2010Prop49
280
     0
102
RTVSPost2010PropOp49
 70
     1
102
RTVSPost2010Prop50
 90
       50
102
RTVSPost2010PropOp50
 70
     1
102
RTVSPost2010Prop51ColorIndex
 90
      256
102
RTVSPost2010Prop51ColorRGB
 90
-16777216
102
RTVSPost2010PropOp51
 70
     0
102
RTVSPost2010Prop52
140
1.0
102
RTVSPost2010PropOp52
 70
     0
102
RTVSPost2010Prop53
 90
        2
102
RTVSPost2010PropOp53
 70
     1
102
RTVSPost2010Prop54
  1
strokes_ogs.tif
102
RTVSPost2010PropOp54
 70
     1
102
RTVSPost2010Prop55
280
     0
102
RTVSPost2010PropOp55
 70
     1
102
RTVSPost2010Prop56
140
1.0
102
RTVSPost2010PropOp56
 70
     1
102
RTVSPost2010Prop57
140
1.0
102
RTVSPost2010PropOp57
 70
     1
  0
XRECORD
  5
74F
102
{ACAD_REACTORS
330
74E
102
}
330
74E
100
AcDbXrecord
280
     1
102
RTVSPost2010Prop28
280
     0
102
RTVSPost2010PropOp28
 70
     1
102
RTVSPost2010Prop29
280
     1
102
RTVSPost2010PropOp29
 70
     1
102
RTVSPost2010Prop30
280
     1
102
RTVSPost2010PropOp30
 70
     1
102
RTVSPost2010Prop31
280
     0
102
RTVSPost2010PropOp31
 70
     1
102
RTVSPost2010Prop32
280
     0
102
RTVSPost2010PropOp32
 70
     1
102
RTVSPost2010Prop33
280
     0
102
RTVSPost2010PropOp33
 70
     1
102
RTVSPost2010Prop34
280
     0
102
RTVSPost2010PropOp34
 70
     1
102
RTVSPost2010Prop35
280
     0
102
RTVSPost2010PropOp35
 70
     1
102
RTVSPost2010Prop36
280
     0
102
RTVSPost2010PropOp36
 70
     1
102
RTVSPost2010Prop37
 90
       50
102
RTVSPost2010PropOp37
 70
     1
102
RTVSPost2010Prop38
140
0.0
102
RTVSPost2010PropOp38
 70
     1
102
RTVSPost2010Prop39
140
1.0
102
RTVSPost2010PropOp39
 70
     1
102
RTVSPost2010Prop40
 90
        0
102
RTVSPost2010PropOp40
 70
     1
102
RTVSPost2010Prop41ColorIndex
 90
       18
102
RTVSPost2010Prop41ColorRGB
 90
        0
102
RTVSPost2010PropOp41
 70
     1
102
RTVSPost2010Prop42
 90
       50
102
RTVSPost2010PropOp42
 70
     1
102
RTVSPost2010Prop43
 90
        3
102
RTVSPost2010PropOp43
 70
     1
102
RTVSPost2010Prop44ColorIndex
 90
        5
102
RTVSPost2010Prop44ColorRGB
 90
      255
102
RTVSPost2010PropOp44
 70
     1
102
RTVSPost2010Prop45
280
     0
102
RTVSPost2010PropOp45
 70
     1
102
RTVSPost2010Prop46
 90
       50
102
RTVSPost2010PropOp46
 70
     1
102
RTVSPost2010Prop47
 90
       50
102
RTVSPost2010PropOp47
 70
     1
102
RTVSPost2010Prop48
 90
       50
102
RTVSPost2010PropOp48
 70
     1
102
RTVSPost2010Prop49
280
     0
102
RTVSPost2010PropOp49
 70
     1
102
RTVSPost2010Prop50
 90
       50
102
RTVSPost2010PropOp50
 70
     1
102
RTVSPost2010Prop51ColorIndex
 90
      256
102
RTVSPost2010Prop51ColorRGB
 90
-16777216
102
RTVSPost2010PropOp51
 70
     0
102
RTVSPost2010Prop52
140
1.0
102
RTVSPost2010PropOp52
 70
     0
102
RTVSPost2010Prop53
 90
        2
102
RTVSPost2010PropOp53
 70
     1
102
RTVSPost2010Prop54
  1
strokes_ogs.tif
102
RTVSPost2010PropOp54
 70
     1
102
RTVSPost2010Prop55
280
     0
102
RTVSPost2010PropOp55
 70
     1
102
RTVSPost2010Prop56
140
1.0
102
RTVSPost2010PropOp56
 70
     1
102
RTVSPost2010Prop57
140
1.0
102
RTVSPost2010PropOp57
 70
     1
  0
XRECORD
  5
751
102
{ACAD_REACTORS
330
750
102
}
330
750
100
AcDbXrecord
280
     1
102
RTVSPost2010Prop28
280
     0
102
RTVSPost2010PropOp28
 70
     1
102
RTVSPost2010Prop29
280
     1
102
RTVSPost2010PropOp29
 70
     1
102
RTVSPost2010Prop30
280
     1
102
RTVSPost2010PropOp30
 70
     1
102
RTVSPost2010Prop31
280
     0
102
RTVSPost2010PropOp31
 70
     1
102
RTVSPost2010Prop32
280
     0
102
RTVSPost2010PropOp32
 70
     1
102
RTVSPost2010Prop33
280
     0
102
RTVSPost2010PropOp33
 70
     1
102
RTVSPost2010Prop34
280
     0
102
RTVSPost2010PropOp34
 70
     1
102
RTVSPost2010Prop35
280
     0
102
RTVSPost2010PropOp35
 70
     1
102
RTVSPost2010Prop36
280
     0
102
RTVSPost2010PropOp36
 70
     1
102
RTVSPost2010Prop37
 90
       50
102
RTVSPost2010PropOp37
 70
     1
102
RTVSPost2010Prop38
140
0.0
102
RTVSPost2010PropOp38
 70
     1
102
RTVSPost2010Prop39
140
1.0
102
RTVSPost2010PropOp39
 70
     1
102
RTVSPost2010Prop40
 90
        0
102
RTVSPost2010PropOp40
 70
     1
102
RTVSPost2010Prop41ColorIndex
 90
       18
102
RTVSPost2010Prop41ColorRGB
 90
        0
102
RTVSPost2010PropOp41
 70
     1
102
RTVSPost2010Prop42
 90
       50
102
RTVSPost2010PropOp42
 70
     1
102
RTVSPost2010Prop43
 90
        3
102
RTVSPost2010PropOp43
 70
     1
102
RTVSPost2010Prop44ColorIndex
 90
        5
102
RTVSPost2010Prop44ColorRGB
 90
      255
102
RTVSPost2010PropOp44
 70
     1
102
RTVSPost2010Prop45
280
     0
102
RTVSPost2010PropOp45
 70
     1
102
RTVSPost2010Prop46
 90
       50
102
RTVSPost2010PropOp46
 70
     1
102
RTVSPost2010Prop47
 90
       50
102
RTVSPost2010PropOp47
 70
     1
102
RTVSPost2010Prop48
 90
       50
102
RTVSPost2010PropOp48
 70
     1
102
RTVSPost2010Prop49
280
     0
102
RTVSPost2010PropOp49
 70
     1
102
RTVSPost2010Prop50
 90
       50
102
RTVSPost2010PropOp50
 70
     1
102
RTVSPost2010Prop51ColorIndex
 90
      256
102
RTVSPost2010Prop51ColorRGB
 90
-16777216
102
RTVSPost2010PropOp51
 70
     0
102
RTVSPost2010Prop52
140
1.0
102
RTVSPost2010PropOp52
 70
     0
102
RTVSPost2010Prop53
 90
        2
102
RTVSPost2010PropOp53
 70
     1
102
RTVSPost2010Prop54
  1
strokes_ogs.tif
102
RTVSPost2010PropOp54
 70
     1
102
RTVSPost2010Prop55
280
     0
102
RTVSPost2010PropOp55
 70
     1
102
RTVSPost2010Prop56
140
1.0
102
RTVSPost2010PropOp56
 70
     1
102
RTVSPost2010Prop57
140
1.0
102
RTVSPost2010PropOp57
 70
     1
  0
XRECORD
  5
753
102
{ACAD_REACTORS
330
752
102
}
330
752
100
AcDbXrecord
280
     1
102
RTVSPost2010Prop28
280
     0
102
RTVSPost2010PropOp28
 70
     1
102
RTVSPost2010Prop29
280
     1
102
RTVSPost2010PropOp29
 70
     1
102
RTVSPost2010Prop30
280
     1
102
RTVSPost2010PropOp30
 70
     1
102
RTVSPost2010Prop31
280
     0
102
RTVSPost2010PropOp31
 70
     1
102
RTVSPost2010Prop32
280
     0
102
RTVSPost2010PropOp32
 70
     1
102
RTVSPost2010Prop33
280
     0
102
RTVSPost2010PropOp33
 70
     1
102
RTVSPost2010Prop34
280
     0
102
RTVSPost2010PropOp34
 70
     1
102
RTVSPost2010Prop35
280
     0
102
RTVSPost2010PropOp35
 70
     1
102
RTVSPost2010Prop36
280
     0
102
RTVSPost2010PropOp36
 70
     1
102
RTVSPost2010Prop37
 90
       50
102
RTVSPost2010PropOp37
 70
     1
102
RTVSPost2010Prop38
140
0.0
102
RTVSPost2010PropOp38
 70
     1
102
RTVSPost2010Prop39
140
1.0
102
RTVSPost2010PropOp39
 70
     1
102
RTVSPost2010Prop40
 90
        0
102
RTVSPost2010PropOp40
 70
     1
102
RTVSPost2010Prop41ColorIndex
 90
       18
102
RTVSPost2010Prop41ColorRGB
 90
        0
102
RTVSPost2010PropOp41
 70
     1
102
RTVSPost2010Prop42
 90
       50
102
RTVSPost2010PropOp42
 70
     1
102
RTVSPost2010Prop43
 90
        3
102
RTVSPost2010PropOp43
 70
     1
102
RTVSPost2010Prop44ColorIndex
 90
        5
102
RTVSPost2010Prop44ColorRGB
 90
      255
102
RTVSPost2010PropOp44
 70
     1
102
RTVSPost2010Prop45
280
     0
102
RTVSPost2010PropOp45
 70
     1
102
RTVSPost2010Prop46
 90
       50
102
RTVSPost2010PropOp46
 70
     1
102
RTVSPost2010Prop47
 90
       50
102
RTVSPost2010PropOp47
 70
     1
102
RTVSPost2010Prop48
 90
       50
102
RTVSPost2010PropOp48
 70
     1
102
RTVSPost2010Prop49
280
     0
102
RTVSPost2010PropOp49
 70
     1
102
RTVSPost2010Prop50
 90
       50
102
RTVSPost2010PropOp50
 70
     1
102
RTVSPost2010Prop51ColorIndex
 90
      256
102
RTVSPost2010Prop51ColorRGB
 90
-16777216
102
RTVSPost2010PropOp51
 70
     0
102
RTVSPost2010Prop52
140
1.0
102
RTVSPost2010PropOp52
 70
     0
102
RTVSPost2010Prop53
 90
        2
102
RTVSPost2010PropOp53
 70
     1
102
RTVSPost2010Prop54
  1
strokes_ogs.tif
102
RTVSPost2010PropOp54
 70
     1
102
RTVSPost2010Prop55
280
     0
102
RTVSPost2010PropOp55
 70
     1
102
RTVSPost2010Prop56
140
1.0
102
RTVSPost2010PropOp56
 70
     1
102
RTVSPost2010Prop57
140
1.0
102
RTVSPost2010PropOp57
 70
     1
  0
XRECORD
  5
759
102
{ACAD_REACTORS
330
758
102
}
330
758
100
AcDbXrecord
280
     1
102
RTVSPost2010Prop28
280
     0
102
RTVSPost2010PropOp28
 70
     1
102
RTVSPost2010Prop29
280
     1
102
RTVSPost2010PropOp29
 70
     1
102
RTVSPost2010Prop30
280
     1
102
RTVSPost2010PropOp30
 70
     1
102
RTVSPost2010Prop31
280
     0
102
RTVSPost2010PropOp31
 70
     1
102
RTVSPost2010Prop32
280
     0
102
RTVSPost2010PropOp32
 70
     1
102
RTVSPost2010Prop33
280
     0
102
RTVSPost2010PropOp33
 70
     1
102
RTVSPost2010Prop34
280
     0
102
RTVSPost2010PropOp34
 70
     1
102
RTVSPost2010Prop35
280
     0
102
RTVSPost2010PropOp35
 70
     1
102
RTVSPost2010Prop36
280
     0
102
RTVSPost2010PropOp36
 70
     1
102
RTVSPost2010Prop37
 90
       50
102
RTVSPost2010PropOp37
 70
     1
102
RTVSPost2010Prop38
140
0.0
102
RTVSPost2010PropOp38
 70
     1
102
RTVSPost2010Prop39
140
1.0
102
RTVSPost2010PropOp39
 70
     1
102
RTVSPost2010Prop40
 90
        0
102
RTVSPost2010PropOp40
 70
     1
102
RTVSPost2010Prop41ColorIndex
 90
       18
102
RTVSPost2010Prop41ColorRGB
 90
        0
102
RTVSPost2010PropOp41
 70
     1
102
RTVSPost2010Prop42
 90
       50
102
RTVSPost2010PropOp42
 70
     1
102
RTVSPost2010Prop43
 90
        3
102
RTVSPost2010PropOp43
 70
     1
102
RTVSPost2010Prop44ColorIndex
 90
        5
102
RTVSPost2010Prop44ColorRGB
 90
      255
102
RTVSPost2010PropOp44
 70
     1
102
RTVSPost2010Prop45
280
     0
102
RTVSPost2010PropOp45
 70
     1
102
RTVSPost2010Prop46
 90
       50
102
RTVSPost2010PropOp46
 70
     1
102
RTVSPost2010Prop47
 90
       50
102
RTVSPost2010PropOp47
 70
     1
102
RTVSPost2010Prop48
 90
       50
102
RTVSPost2010PropOp48
 70
     1
102
RTVSPost2010Prop49
280
     0
102
RTVSPost2010PropOp49
 70
     1
102
RTVSPost2010Prop50
 90
       50
102
RTVSPost2010PropOp50
 70
     1
102
RTVSPost2010Prop51ColorIndex
 90
      256
102
RTVSPost2010Prop51ColorRGB
 90
-16777216
102
RTVSPost2010PropOp51
 70
     0
102
RTVSPost2010Prop52
140
1.0
102
RTVSPost2010PropOp52
 70
     0
102
RTVSPost2010Prop53
 90
        2
102
RTVSPost2010PropOp53
 70
     1
102
RTVSPost2010Prop54
  1
strokes_ogs.tif
102
RTVSPost2010PropOp54
 70
     1
102
RTVSPost2010Prop55
280
     0
102
RTVSPost2010PropOp55
 70
     1
102
RTVSPost2010Prop56
140
1.0
102
RTVSPost2010PropOp56
 70
     1
102
RTVSPost2010Prop57
140
1.0
102
RTVSPost2010PropOp57
 70
     1
  0
XRECORD
  5
76D
102
{ACAD_REACTORS
330
76C
102
}
330
76C
100
AcDbXrecord
280
     1
102
RTVSPost2010Prop28
280
     0
102
RTVSPost2010PropOp28
 70
     0
102
RTVSPost2010Prop29
280
     1
102
RTVSPost2010PropOp29
 70
     0
102
RTVSPost2010Prop30
280
     1
102
RTVSPost2010PropOp30
 70
     0
102
RTVSPost2010Prop31
280
     0
102
RTVSPost2010PropOp31
 70
     0
102
RTVSPost2010Prop32
280
     0
102
RTVSPost2010PropOp32
 70
     0
102
RTVSPost2010Prop33
280
     0
102
RTVSPost2010PropOp33
 70
     0
102
RTVSPost2010Prop34
280
     0
102
RTVSPost2010PropOp34
 70
     0
102
RTVSPost2010Prop35
280
     0
102
RTVSPost2010PropOp35
 70
     0
102
RTVSPost2010Prop36
280
     0
102
RTVSPost2010PropOp36
 70
     0
102
RTVSPost2010Prop37
 90
       50
102
RTVSPost2010PropOp37
 70
     0
102
RTVSPost2010Prop38
140
0.0
102
RTVSPost2010PropOp38
 70
     0
102
RTVSPost2010Prop39
140
1.0
102
RTVSPost2010PropOp39
 70
     0
102
RTVSPost2010Prop40
 90
        0
102
RTVSPost2010PropOp40
 70
     0
102
RTVSPost2010Prop41ColorIndex
 90
       18
102
RTVSPost2010Prop41ColorRGB
 90
        0
102
RTVSPost2010PropOp41
 70
     0
102
RTVSPost2010Prop42
 90
       50
102
RTVSPost2010PropOp42
 70
     0
102
RTVSPost2010Prop43
 90
        3
102
RTVSPost2010PropOp43
 70
     0
102
RTVSPost2010Prop44ColorIndex
 90
        5
102
RTVSPost2010Prop44ColorRGB
 90
      255
102
RTVSPost2010PropOp44
 70
     0
102
RTVSPost2010Prop45
280
     0
102
RTVSPost2010PropOp45
 70
     0
102
RTVSPost2010Prop46
 90
       50
102
RTVSPost2010PropOp46
 70
     0
102
RTVSPost2010Prop47
 90
       50
102
RTVSPost2010PropOp47
 70
     0
102
RTVSPost2010Prop48
 90
       50
102
RTVSPost2010PropOp48
 70
     0
102
RTVSPost2010Prop49
280
     0
102
RTVSPost2010PropOp49
 70
     0
102
RTVSPost2010Prop50
 90
       50
102
RTVSPost2010PropOp50
 70
     0
102
RTVSPost2010Prop51ColorIndex
 90
      256
102
RTVSPost2010Prop51ColorRGB
 90
-16777216
102
RTVSPost2010PropOp51
 70
     0
102
RTVSPost2010Prop52
140
1.0
102
RTVSPost2010PropOp52
 70
     0
102
RTVSPost2010Prop53
 90
        2
102
RTVSPost2010PropOp53
 70
     0
102
RTVSPost2010Prop54
  1
strokes_ogs.tif
102
RTVSPost2010PropOp54
 70
     0
102
RTVSPost2010Prop55
280
     0
102
RTVSPost2010PropOp55
 70
     0
102
RTVSPost2010Prop56
140
1.0
102
RTVSPost2010PropOp56
 70
     0
102
RTVSPost2010Prop57
140
1.0
102
RTVSPost2010PropOp57
 70
     0
  0
XRECORD
  5
767
102
{ACAD_REACTORS
330
766
102
}
330
766
100
AcDbXrecord
280
     1
102
RTVSPost2010Prop28
280
     0
102
RTVSPost2010PropOp28
 70
     1
102
RTVSPost2010Prop29
280
     1
102
RTVSPost2010PropOp29
 70
     1
102
RTVSPost2010Prop30
280
     1
102
RTVSPost2010PropOp30
 70
     1
102
RTVSPost2010Prop31
280
     0
102
RTVSPost2010PropOp31
 70
     1
102
RTVSPost2010Prop32
280
     0
102
RTVSPost2010PropOp32
 70
     1
102
RTVSPost2010Prop33
280
     0
102
RTVSPost2010PropOp33
 70
     1
102
RTVSPost2010Prop34
280
     0
102
RTVSPost2010PropOp34
 70
     1
102
RTVSPost2010Prop35
280
     0
102
RTVSPost2010PropOp35
 70
     1
102
RTVSPost2010Prop36
280
     0
102
RTVSPost2010PropOp36
 70
     1
102
RTVSPost2010Prop37
 90
       50
102
RTVSPost2010PropOp37
 70
     1
102
RTVSPost2010Prop38
140
0.0
102
RTVSPost2010PropOp38
 70
     1
102
RTVSPost2010Prop39
140
1.0
102
RTVSPost2010PropOp39
 70
     1
102
RTVSPost2010Prop40
 90
        0
102
RTVSPost2010PropOp40
 70
     1
102
RTVSPost2010Prop41ColorIndex
 90
       18
102
RTVSPost2010Prop41ColorRGB
 90
        0
102
RTVSPost2010PropOp41
 70
     1
102
RTVSPost2010Prop42
 90
       50
102
RTVSPost2010PropOp42
 70
     1
102
RTVSPost2010Prop43
 90
        3
102
RTVSPost2010PropOp43
 70
     1
102
RTVSPost2010Prop44ColorIndex
 90
        5
102
RTVSPost2010Prop44ColorRGB
 90
      255
102
RTVSPost2010PropOp44
 70
     1
102
RTVSPost2010Prop45
280
     0
102
RTVSPost2010PropOp45
 70
     1
102
RTVSPost2010Prop46
 90
       50
102
RTVSPost2010PropOp46
 70
     1
102
RTVSPost2010Prop47
 90
       50
102
RTVSPost2010PropOp47
 70
     1
102
RTVSPost2010Prop48
 90
       50
102
RTVSPost2010PropOp48
 70
     1
102
RTVSPost2010Prop49
280
     0
102
RTVSPost2010PropOp49
 70
     1
102
RTVSPost2010Prop50
 90
       50
102
RTVSPost2010PropOp50
 70
     1
102
RTVSPost2010Prop51ColorIndex
 90
      256
102
RTVSPost2010Prop51ColorRGB
 90
-16777216
102
RTVSPost2010PropOp51
 70
     0
102
RTVSPost2010Prop52
140
1.0
102
RTVSPost2010PropOp52
 70
     0
102
RTVSPost2010Prop53
 90
        2
102
RTVSPost2010PropOp53
 70
     1
102
RTVSPost2010Prop54
  1
strokes_ogs.tif
102
RTVSPost2010PropOp54
 70
     1
102
RTVSPost2010Prop55
280
     0
102
RTVSPost2010PropOp55
 70
     1
102
RTVSPost2010Prop56
140
1.0
102
RTVSPost2010PropOp56
 70
     1
102
RTVSPost2010Prop57
140
1.0
102
RTVSPost2010PropOp57
 70
     1
  0
XRECORD
  5
76F
102
{ACAD_REACTORS
330
76E
102
}
330
76E
100
AcDbXrecord
280
     1
102
RTVSPost2010Prop28
280
     0
102
RTVSPost2010PropOp28
 70
     0
102
RTVSPost2010Prop29
280
     1
102
RTVSPost2010PropOp29
 70
     0
102
RTVSPost2010Prop30
280
     1
102
RTVSPost2010PropOp30
 70
     0
102
RTVSPost2010Prop31
280
     0
102
RTVSPost2010PropOp31
 70
     0
102
RTVSPost2010Prop32
280
     0
102
RTVSPost2010PropOp32
 70
     0
102
RTVSPost2010Prop33
280
     0
102
RTVSPost2010PropOp33
 70
     0
102
RTVSPost2010Prop34
280
     0
102
RTVSPost2010PropOp34
 70
     0
102
RTVSPost2010Prop35
280
     0
102
RTVSPost2010PropOp35
 70
     0
102
RTVSPost2010Prop36
280
     0
102
RTVSPost2010PropOp36
 70
     0
102
RTVSPost2010Prop37
 90
       50
102
RTVSPost2010PropOp37
 70
     0
102
RTVSPost2010Prop38
140
0.0
102
RTVSPost2010PropOp38
 70
     0
102
RTVSPost2010Prop39
140
1.0
102
RTVSPost2010PropOp39
 70
     0
102
RTVSPost2010Prop40
 90
        0
102
RTVSPost2010PropOp40
 70
     0
102
RTVSPost2010Prop41ColorIndex
 90
       18
102
RTVSPost2010Prop41ColorRGB
 90
        0
102
RTVSPost2010PropOp41
 70
     0
102
RTVSPost2010Prop42
 90
       50
102
RTVSPost2010PropOp42
 70
     0
102
RTVSPost2010Prop43
 90
        3
102
RTVSPost2010PropOp43
 70
     0
102
RTVSPost2010Prop44ColorIndex
 90
        5
102
RTVSPost2010Prop44ColorRGB
 90
      255
102
RTVSPost2010PropOp44
 70
     0
102
RTVSPost2010Prop45
280
     0
102
RTVSPost2010PropOp45
 70
     0
102
RTVSPost2010Prop46
 90
       50
102
RTVSPost2010PropOp46
 70
     0
102
RTVSPost2010Prop47
 90
       50
102
RTVSPost2010PropOp47
 70
     0
102
RTVSPost2010Prop48
 90
       50
102
RTVSPost2010PropOp48
 70
     0
102
RTVSPost2010Prop49
280
     0
102
RTVSPost2010PropOp49
 70
     0
102
RTVSPost2010Prop50
 90
       50
102
RTVSPost2010PropOp50
 70
     0
102
RTVSPost2010Prop51ColorIndex
 90
      256
102
RTVSPost2010Prop51ColorRGB
 90
-16777216
102
RTVSPost2010PropOp51
 70
     0
102
RTVSPost2010Prop52
140
1.0
102
RTVSPost2010PropOp52
 70
     0
102
RTVSPost2010Prop53
 90
        2
102
RTVSPost2010PropOp53
 70
     0
102
RTVSPost2010Prop54
  1
strokes_ogs.tif
102
RTVSPost2010PropOp54
 70
     0
102
RTVSPost2010Prop55
280
     0
102
RTVSPost2010PropOp55
 70
     0
102
RTVSPost2010Prop56
140
1.0
102
RTVSPost2010PropOp56
 70
     0
102
RTVSPost2010Prop57
140
1.0
102
RTVSPost2010PropOp57
 70
     0
  0
XRECORD
  5
75D
102
{ACAD_REACTORS
330
75C
102
}
330
75C
100
AcDbXrecord
280
     1
102
RTVSPost2010Prop28
280
     0
102
RTVSPost2010PropOp28
 70
     1
102
RTVSPost2010Prop29
280
     1
102
RTVSPost2010PropOp29
 70
     1
102
RTVSPost2010Prop30
280
     1
102
RTVSPost2010PropOp30
 70
     1
102
RTVSPost2010Prop31
280
     0
102
RTVSPost2010PropOp31
 70
     1
102
RTVSPost2010Prop32
280
     0
102
RTVSPost2010PropOp32
 70
     1
102
RTVSPost2010Prop33
280
     0
102
RTVSPost2010PropOp33
 70
     1
102
RTVSPost2010Prop34
280
     0
102
RTVSPost2010PropOp34
 70
     1
102
RTVSPost2010Prop35
280
     0
102
RTVSPost2010PropOp35
 70
     1
102
RTVSPost2010Prop36
280
     0
102
RTVSPost2010PropOp36
 70
     1
102
RTVSPost2010Prop37
 90
       50
102
RTVSPost2010PropOp37
 70
     1
102
RTVSPost2010Prop38
140
0.0
102
RTVSPost2010PropOp38
 70
     1
102
RTVSPost2010Prop39
140
1.0
102
RTVSPost2010PropOp39
 70
     1
102
RTVSPost2010Prop40
 90
        0
102
RTVSPost2010PropOp40
 70
     1
102
RTVSPost2010Prop41ColorIndex
 90
       18
102
RTVSPost2010Prop41ColorRGB
 90
        0
102
RTVSPost2010PropOp41
 70
     1
102
RTVSPost2010Prop42
 90
       50
102
RTVSPost2010PropOp42
 70
     1
102
RTVSPost2010Prop43
 90
        3
102
RTVSPost2010PropOp43
 70
     1
102
RTVSPost2010Prop44ColorIndex
 90
        5
102
RTVSPost2010Prop44ColorRGB
 90
      255
102
RTVSPost2010PropOp44
 70
     1
102
RTVSPost2010Prop45
280
     0
102
RTVSPost2010PropOp45
 70
     1
102
RTVSPost2010Prop46
 90
       50
102
RTVSPost2010PropOp46
 70
     1
102
RTVSPost2010Prop47
 90
       50
102
RTVSPost2010PropOp47
 70
     1
102
RTVSPost2010Prop48
 90
       50
102
RTVSPost2010PropOp48
 70
     1
102
RTVSPost2010Prop49
280
     0
102
RTVSPost2010PropOp49
 70
     1
102
RTVSPost2010Prop50
 90
       50
102
RTVSPost2010PropOp50
 70
     1
102
RTVSPost2010Prop51ColorIndex
 90
      256
102
RTVSPost2010Prop51ColorRGB
 90
-16777216
102
RTVSPost2010PropOp51
 70
     0
102
RTVSPost2010Prop52
140
1.0
102
RTVSPost2010PropOp52
 70
     0
102
RTVSPost2010Prop53
 90
        2
102
RTVSPost2010PropOp53
 70
     1
102
RTVSPost2010Prop54
  1
strokes_ogs.tif
102
RTVSPost2010PropOp54
 70
     1
102
RTVSPost2010Prop55
280
     0
102
RTVSPost2010PropOp55
 70
     1
102
RTVSPost2010Prop56
140
1.0
102
RTVSPost2010PropOp56
 70
     1
102
RTVSPost2010Prop57
140
1.0
102
RTVSPost2010PropOp57
 70
     1
  0
XRECORD
  5
77B
102
{ACAD_REACTORS
330
77A
102
}
330
77A
100
AcDbXrecord
280
     1
102
RTVSPost2010Prop28
280
     0
102
RTVSPost2010PropOp28
 70
     1
102
RTVSPost2010Prop29
280
     1
102
RTVSPost2010PropOp29
 70
     1
102
RTVSPost2010Prop30
280
     1
102
RTVSPost2010PropOp30
 70
     1
102
RTVSPost2010Prop31
280
     0
102
RTVSPost2010PropOp31
 70
     1
102
RTVSPost2010Prop32
280
     0
102
RTVSPost2010PropOp32
 70
     1
102
RTVSPost2010Prop33
280
     0
102
RTVSPost2010PropOp33
 70
     1
102
RTVSPost2010Prop34
280
     0
102
RTVSPost2010PropOp34
 70
     1
102
RTVSPost2010Prop35
280
     0
102
RTVSPost2010PropOp35
 70
     1
102
RTVSPost2010Prop36
280
     0
102
RTVSPost2010PropOp36
 70
     1
102
RTVSPost2010Prop37
 90
       50
102
RTVSPost2010PropOp37
 70
     1
102
RTVSPost2010Prop38
140
0.0
102
RTVSPost2010PropOp38
 70
     1
102
RTVSPost2010Prop39
140
1.0
102
RTVSPost2010PropOp39
 70
     1
102
RTVSPost2010Prop40
 90
        0
102
RTVSPost2010PropOp40
 70
     1
102
RTVSPost2010Prop41ColorIndex
 90
       18
102
RTVSPost2010Prop41ColorRGB
 90
        0
102
RTVSPost2010PropOp41
 70
     1
102
RTVSPost2010Prop42
 90
       50
102
RTVSPost2010PropOp42
 70
     1
102
RTVSPost2010Prop43
 90
        3
102
RTVSPost2010PropOp43
 70
     1
102
RTVSPost2010Prop44ColorIndex
 90
        5
102
RTVSPost2010Prop44ColorRGB
 90
      255
102
RTVSPost2010PropOp44
 70
     1
102
RTVSPost2010Prop45
280
     0
102
RTVSPost2010PropOp45
 70
     1
102
RTVSPost2010Prop46
 90
       50
102
RTVSPost2010PropOp46
 70
     1
102
RTVSPost2010Prop47
 90
       50
102
RTVSPost2010PropOp47
 70
     1
102
RTVSPost2010Prop48
 90
       50
102
RTVSPost2010PropOp48
 70
     1
102
RTVSPost2010Prop49
280
     0
102
RTVSPost2010PropOp49
 70
     1
102
RTVSPost2010Prop50
 90
       50
102
RTVSPost2010PropOp50
 70
     1
102
RTVSPost2010Prop51ColorIndex
 90
      256
102
RTVSPost2010Prop51ColorRGB
 90
-16777216
102
RTVSPost2010PropOp51
 70
     0
102
RTVSPost2010Prop52
140
1.0
102
RTVSPost2010PropOp52
 70
     0
102
RTVSPost2010Prop53
 90
        2
102
RTVSPost2010PropOp53
 70
     1
102
RTVSPost2010Prop54
  1
strokes_ogs.tif
102
RTVSPost2010PropOp54
 70
     1
102
RTVSPost2010Prop55
280
     0
102
RTVSPost2010PropOp55
 70
     1
102
RTVSPost2010Prop56
140
1.0
102
RTVSPost2010PropOp56
 70
     1
102
RTVSPost2010Prop57
140
1.0
102
RTVSPost2010PropOp57
 70
     1
  0
XRECORD
  5
779
102
{ACAD_REACTORS
330
778
102
}
330
778
100
AcDbXrecord
280
     1
102
RTVSPost2010Prop28
280
     0
102
RTVSPost2010PropOp28
 70
     1
102
RTVSPost2010Prop29
280
     1
102
RTVSPost2010PropOp29
 70
     1
102
RTVSPost2010Prop30
280
     1
102
RTVSPost2010PropOp30
 70
     1
102
RTVSPost2010Prop31
280
     0
102
RTVSPost2010PropOp31
 70
     1
102
RTVSPost2010Prop32
280
     0
102
RTVSPost2010PropOp32
 70
     1
102
RTVSPost2010Prop33
280
     0
102
RTVSPost2010PropOp33
 70
     1
102
RTVSPost2010Prop34
280
     0
102
RTVSPost2010PropOp34
 70
     1
102
RTVSPost2010Prop35
280
     0
102
RTVSPost2010PropOp35
 70
     1
102
RTVSPost2010Prop36
280
     0
102
RTVSPost2010PropOp36
 70
     1
102
RTVSPost2010Prop37
 90
       50
102
RTVSPost2010PropOp37
 70
     1
102
RTVSPost2010Prop38
140
0.0
102
RTVSPost2010PropOp38
 70
     1
102
RTVSPost2010Prop39
140
1.0
102
RTVSPost2010PropOp39
 70
     1
102
RTVSPost2010Prop40
 90
        0
102
RTVSPost2010PropOp40
 70
     1
102
RTVSPost2010Prop41ColorIndex
 90
       18
102
RTVSPost2010Prop41ColorRGB
 90
        0
102
RTVSPost2010PropOp41
 70
     1
102
RTVSPost2010Prop42
 90
       50
102
RTVSPost2010PropOp42
 70
     1
102
RTVSPost2010Prop43
 90
        3
102
RTVSPost2010PropOp43
 70
     1
102
RTVSPost2010Prop44ColorIndex
 90
        5
102
RTVSPost2010Prop44ColorRGB
 90
      255
102
RTVSPost2010PropOp44
 70
     1
102
RTVSPost2010Prop45
280
     0
102
RTVSPost2010PropOp45
 70
     1
102
RTVSPost2010Prop46
 90
       50
102
RTVSPost2010PropOp46
 70
     1
102
RTVSPost2010Prop47
 90
       50
102
RTVSPost2010PropOp47
 70
     1
102
RTVSPost2010Prop48
 90
       50
102
RTVSPost2010PropOp48
 70
     1
102
RTVSPost2010Prop49
280
     0
102
RTVSPost2010PropOp49
 70
     1
102
RTVSPost2010Prop50
 90
       50
102
RTVSPost2010PropOp50
 70
     1
102
RTVSPost2010Prop51ColorIndex
 90
      256
102
RTVSPost2010Prop51ColorRGB
 90
-16777216
102
RTVSPost2010PropOp51
 70
     0
102
RTVSPost2010Prop52
140
1.0
102
RTVSPost2010PropOp52
 70
     0
102
RTVSPost2010Prop53
 90
        2
102
RTVSPost2010PropOp53
 70
     1
102
RTVSPost2010Prop54
  1
strokes_ogs.tif
102
RTVSPost2010PropOp54
 70
     1
102
RTVSPost2010Prop55
280
     0
102
RTVSPost2010PropOp55
 70
     1
102
RTVSPost2010Prop56
140
1.0
102
RTVSPost2010PropOp56
 70
     1
102
RTVSPost2010Prop57
140
1.0
102
RTVSPost2010PropOp57
 70
     1
  0
XRECORD
  5
773
102
{ACAD_REACTORS
330
772
102
}
330
772
100
AcDbXrecord
280
     1
102
RTVSPost2010Prop28
280
     0
102
RTVSPost2010PropOp28
 70
     1
102
RTVSPost2010Prop29
280
     1
102
RTVSPost2010PropOp29
 70
     1
102
RTVSPost2010Prop30
280
     1
102
RTVSPost2010PropOp30
 70
     1
102
RTVSPost2010Prop31
280
     0
102
RTVSPost2010PropOp31
 70
     1
102
RTVSPost2010Prop32
280
     0
102
RTVSPost2010PropOp32
 70
     1
102
RTVSPost2010Prop33
280
     0
102
RTVSPost2010PropOp33
 70
     1
102
RTVSPost2010Prop34
280
     0
102
RTVSPost2010PropOp34
 70
     1
102
RTVSPost2010Prop35
280
     0
102
RTVSPost2010PropOp35
 70
     1
102
RTVSPost2010Prop36
280
     0
102
RTVSPost2010PropOp36
 70
     1
102
RTVSPost2010Prop37
 90
       50
102
RTVSPost2010PropOp37
 70
     1
102
RTVSPost2010Prop38
140
0.0
102
RTVSPost2010PropOp38
 70
     1
102
RTVSPost2010Prop39
140
1.0
102
RTVSPost2010PropOp39
 70
     1
102
RTVSPost2010Prop40
 90
        0
102
RTVSPost2010PropOp40
 70
     1
102
RTVSPost2010Prop41ColorIndex
 90
       18
102
RTVSPost2010Prop41ColorRGB
 90
        0
102
RTVSPost2010PropOp41
 70
     1
102
RTVSPost2010Prop42
 90
       50
102
RTVSPost2010PropOp42
 70
     1
102
RTVSPost2010Prop43
 90
        3
102
RTVSPost2010PropOp43
 70
     1
102
RTVSPost2010Prop44ColorIndex
 90
        5
102
RTVSPost2010Prop44ColorRGB
 90
      255
102
RTVSPost2010PropOp44
 70
     1
102
RTVSPost2010Prop45
280
     0
102
RTVSPost2010PropOp45
 70
     1
102
RTVSPost2010Prop46
 90
       50
102
RTVSPost2010PropOp46
 70
     1
102
RTVSPost2010Prop47
 90
       50
102
RTVSPost2010PropOp47
 70
     1
102
RTVSPost2010Prop48
 90
       50
102
RTVSPost2010PropOp48
 70
     1
102
RTVSPost2010Prop49
280
     0
102
RTVSPost2010PropOp49
 70
     1
102
RTVSPost2010Prop50
 90
       50
102
RTVSPost2010PropOp50
 70
     1
102
RTVSPost2010Prop51ColorIndex
 90
      256
102
RTVSPost2010Prop51ColorRGB
 90
-16777216
102
RTVSPost2010PropOp51
 70
     0
102
RTVSPost2010Prop52
140
1.0
102
RTVSPost2010PropOp52
 70
     0
102
RTVSPost2010Prop53
 90
        2
102
RTVSPost2010PropOp53
 70
     1
102
RTVSPost2010Prop54
  1
strokes_ogs.tif
102
RTVSPost2010PropOp54
 70
     1
102
RTVSPost2010Prop55
280
     0
102
RTVSPost2010PropOp55
 70
     1
102
RTVSPost2010Prop56
140
1.0
102
RTVSPost2010PropOp56
 70
     1
102
RTVSPost2010Prop57
140
1.0
102
RTVSPost2010PropOp57
 70
     1
  0
XRECORD
  5
775
102
{ACAD_REACTORS
330
774
102
}
330
774
100
AcDbXrecord
280
     1
102
RTVSPost2010Prop28
280
     0
102
RTVSPost2010PropOp28
 70
     1
102
RTVSPost2010Prop29
280
     1
102
RTVSPost2010PropOp29
 70
     1
102
RTVSPost2010Prop30
280
     1
102
RTVSPost2010PropOp30
 70
     1
102
RTVSPost2010Prop31
280
     0
102
RTVSPost2010PropOp31
 70
     1
102
RTVSPost2010Prop32
280
     0
102
RTVSPost2010PropOp32
 70
     1
102
RTVSPost2010Prop33
280
     0
102
RTVSPost2010PropOp33
 70
     1
102
RTVSPost2010Prop34
280
     0
102
RTVSPost2010PropOp34
 70
     1
102
RTVSPost2010Prop35
280
     0
102
RTVSPost2010PropOp35
 70
     1
102
RTVSPost2010Prop36
280
     0
102
RTVSPost2010PropOp36
 70
     1
102
RTVSPost2010Prop37
 90
       50
102
RTVSPost2010PropOp37
 70
     1
102
RTVSPost2010Prop38
140
0.0
102
RTVSPost2010PropOp38
 70
     1
102
RTVSPost2010Prop39
140
1.0
102
RTVSPost2010PropOp39
 70
     1
102
RTVSPost2010Prop40
 90
        0
102
RTVSPost2010PropOp40
 70
     1
102
RTVSPost2010Prop41ColorIndex
 90
       18
102
RTVSPost2010Prop41ColorRGB
 90
        0
102
RTVSPost2010PropOp41
 70
     1
102
RTVSPost2010Prop42
 90
       50
102
RTVSPost2010PropOp42
 70
     1
102
RTVSPost2010Prop43
 90
        3
102
RTVSPost2010PropOp43
 70
     1
102
RTVSPost2010Prop44ColorIndex
 90
        5
102
RTVSPost2010Prop44ColorRGB
 90
      255
102
RTVSPost2010PropOp44
 70
     1
102
RTVSPost2010Prop45
280
     0
102
RTVSPost2010PropOp45
 70
     1
102
RTVSPost2010Prop46
 90
       50
102
RTVSPost2010PropOp46
 70
     1
102
RTVSPost2010Prop47
 90
       50
102
RTVSPost2010PropOp47
 70
     1
102
RTVSPost2010Prop48
 90
       50
102
RTVSPost2010PropOp48
 70
     1
102
RTVSPost2010Prop49
280
     0
102
RTVSPost2010PropOp49
 70
     1
102
RTVSPost2010Prop50
 90
       50
102
RTVSPost2010PropOp50
 70
     1
102
RTVSPost2010Prop51ColorIndex
 90
      256
102
RTVSPost2010Prop51ColorRGB
 90
-16777216
102
RTVSPost2010PropOp51
 70
     0
102
RTVSPost2010Prop52
140
1.0
102
RTVSPost2010PropOp52
 70
     0
102
RTVSPost2010Prop53
 90
        2
102
RTVSPost2010PropOp53
 70
     1
102
RTVSPost2010Prop54
  1
strokes_ogs.tif
102
RTVSPost2010PropOp54
 70
     1
102
RTVSPost2010Prop55
280
     0
102
RTVSPost2010PropOp55
 70
     1
102
RTVSPost2010Prop56
140
1.0
102
RTVSPost2010PropOp56
 70
     1
102
RTVSPost2010Prop57
140
1.0
102
RTVSPost2010PropOp57
 70
     1
  0
XRECORD
  5
765
102
{ACAD_REACTORS
330
764
102
}
330
764
100
AcDbXrecord
280
     1
102
RTVSPost2010Prop28
280
     0
102
RTVSPost2010PropOp28
 70
     1
102
RTVSPost2010Prop29
280
     1
102
RTVSPost2010PropOp29
 70
     1
102
RTVSPost2010Prop30
280
     1
102
RTVSPost2010PropOp30
 70
     1
102
RTVSPost2010Prop31
280
     0
102
RTVSPost2010PropOp31
 70
     1
102
RTVSPost2010Prop32
280
     0
102
RTVSPost2010PropOp32
 70
     1
102
RTVSPost2010Prop33
280
     0
102
RTVSPost2010PropOp33
 70
     1
102
RTVSPost2010Prop34
280
     0
102
RTVSPost2010PropOp34
 70
     1
102
RTVSPost2010Prop35
280
     0
102
RTVSPost2010PropOp35
 70
     1
102
RTVSPost2010Prop36
280
     0
102
RTVSPost2010PropOp36
 70
     1
102
RTVSPost2010Prop37
 90
       50
102
RTVSPost2010PropOp37
 70
     1
102
RTVSPost2010Prop38
140
0.0
102
RTVSPost2010PropOp38
 70
     1
102
RTVSPost2010Prop39
140
1.0
102
RTVSPost2010PropOp39
 70
     1
102
RTVSPost2010Prop40
 90
        0
102
RTVSPost2010PropOp40
 70
     1
102
RTVSPost2010Prop41ColorIndex
 90
       18
102
RTVSPost2010Prop41ColorRGB
 90
        0
102
RTVSPost2010PropOp41
 70
     1
102
RTVSPost2010Prop42
 90
       50
102
RTVSPost2010PropOp42
 70
     1
102
RTVSPost2010Prop43
 90
        3
102
RTVSPost2010PropOp43
 70
     1
102
RTVSPost2010Prop44ColorIndex
 90
        5
102
RTVSPost2010Prop44ColorRGB
 90
      255
102
RTVSPost2010PropOp44
 70
     1
102
RTVSPost2010Prop45
280
     0
102
RTVSPost2010PropOp45
 70
     1
102
RTVSPost2010Prop46
 90
       50
102
RTVSPost2010PropOp46
 70
     1
102
RTVSPost2010Prop47
 90
       50
102
RTVSPost2010PropOp47
 70
     1
102
RTVSPost2010Prop48
 90
       50
102
RTVSPost2010PropOp48
 70
     1
102
RTVSPost2010Prop49
280
     0
102
RTVSPost2010PropOp49
 70
     1
102
RTVSPost2010Prop50
 90
       50
102
RTVSPost2010PropOp50
 70
     1
102
RTVSPost2010Prop51ColorIndex
 90
      256
102
RTVSPost2010Prop51ColorRGB
 90
-16777216
102
RTVSPost2010PropOp51
 70
     0
102
RTVSPost2010Prop52
140
1.0
102
RTVSPost2010PropOp52
 70
     0
102
RTVSPost2010Prop53
 90
        2
102
RTVSPost2010PropOp53
 70
     1
102
RTVSPost2010Prop54
  1
strokes_ogs.tif
102
RTVSPost2010PropOp54
 70
     1
102
RTVSPost2010Prop55
280
     0
102
RTVSPost2010PropOp55
 70
     1
102
RTVSPost2010Prop56
140
1.0
102
RTVSPost2010PropOp56
 70
     1
102
RTVSPost2010Prop57
140
1.0
102
RTVSPost2010PropOp57
 70
     1
  0
XRECORD
  5
757
102
{ACAD_REACTORS
330
756
102
}
330
756
100
AcDbXrecord
280
     1
102
RTVSPost2010Prop28
280
     0
102
RTVSPost2010PropOp28
 70
     1
102
RTVSPost2010Prop29
280
     1
102
RTVSPost2010PropOp29
 70
     1
102
RTVSPost2010Prop30
280
     1
102
RTVSPost2010PropOp30
 70
     1
102
RTVSPost2010Prop31
280
     0
102
RTVSPost2010PropOp31
 70
     1
102
RTVSPost2010Prop32
280
     0
102
RTVSPost2010PropOp32
 70
     1
102
RTVSPost2010Prop33
280
     0
102
RTVSPost2010PropOp33
 70
     1
102
RTVSPost2010Prop34
280
     0
102
RTVSPost2010PropOp34
 70
     1
102
RTVSPost2010Prop35
280
     0
102
RTVSPost2010PropOp35
 70
     1
102
RTVSPost2010Prop36
280
     0
102
RTVSPost2010PropOp36
 70
     1
102
RTVSPost2010Prop37
 90
       50
102
RTVSPost2010PropOp37
 70
     1
102
RTVSPost2010Prop38
140
0.0
102
RTVSPost2010PropOp38
 70
     1
102
RTVSPost2010Prop39
140
1.0
102
RTVSPost2010PropOp39
 70
     1
102
RTVSPost2010Prop40
 90
        0
102
RTVSPost2010PropOp40
 70
     1
102
RTVSPost2010Prop41ColorIndex
 90
       18
102
RTVSPost2010Prop41ColorRGB
 90
        0
102
RTVSPost2010PropOp41
 70
     1
102
RTVSPost2010Prop42
 90
       50
102
RTVSPost2010PropOp42
 70
     1
102
RTVSPost2010Prop43
 90
        3
102
RTVSPost2010PropOp43
 70
     1
102
RTVSPost2010Prop44ColorIndex
 90
        5
102
RTVSPost2010Prop44ColorRGB
 90
      255
102
RTVSPost2010PropOp44
 70
     1
102
RTVSPost2010Prop45
280
     0
102
RTVSPost2010PropOp45
 70
     1
102
RTVSPost2010Prop46
 90
       50
102
RTVSPost2010PropOp46
 70
     1
102
RTVSPost2010Prop47
 90
       50
102
RTVSPost2010PropOp47
 70
     1
102
RTVSPost2010Prop48
 90
       50
102
RTVSPost2010PropOp48
 70
     1
102
RTVSPost2010Prop49
280
     0
102
RTVSPost2010PropOp49
 70
     1
102
RTVSPost2010Prop50
 90
       50
102
RTVSPost2010PropOp50
 70
     1
102
RTVSPost2010Prop51ColorIndex
 90
      256
102
RTVSPost2010Prop51ColorRGB
 90
-16777216
102
RTVSPost2010PropOp51
 70
     0
102
RTVSPost2010Prop52
140
1.0
102
RTVSPost2010PropOp52
 70
     0
102
RTVSPost2010Prop53
 90
        2
102
RTVSPost2010PropOp53
 70
     1
102
RTVSPost2010Prop54
  1
strokes_ogs.tif
102
RTVSPost2010PropOp54
 70
     1
102
RTVSPost2010Prop55
280
     0
102
RTVSPost2010PropOp55
 70
     1
102
RTVSPost2010Prop56
140
1.0
102
RTVSPost2010PropOp56
 70
     1
102
RTVSPost2010Prop57
140
1.0
102
RTVSPost2010PropOp57
 70
     1
  0
XRECORD
  5
777
102
{ACAD_REACTORS
330
776
102
}
330
776
100
AcDbXrecord
280
     1
102
RTVSPost2010Prop28
280
     0
102
RTVSPost2010PropOp28
 70
     1
102
RTVSPost2010Prop29
280
     1
102
RTVSPost2010PropOp29
 70
     1
102
RTVSPost2010Prop30
280
     1
102
RTVSPost2010PropOp30
 70
     1
102
RTVSPost2010Prop31
280
     0
102
RTVSPost2010PropOp31
 70
     1
102
RTVSPost2010Prop32
280
     0
102
RTVSPost2010PropOp32
 70
     1
102
RTVSPost2010Prop33
280
     0
102
RTVSPost2010PropOp33
 70
     1
102
RTVSPost2010Prop34
280
     0
102
RTVSPost2010PropOp34
 70
     1
102
RTVSPost2010Prop35
280
     0
102
RTVSPost2010PropOp35
 70
     1
102
RTVSPost2010Prop36
280
     0
102
RTVSPost2010PropOp36
 70
     1
102
RTVSPost2010Prop37
 90
       50
102
RTVSPost2010PropOp37
 70
     1
102
RTVSPost2010Prop38
140
0.0
102
RTVSPost2010PropOp38
 70
     1
102
RTVSPost2010Prop39
140
1.0
102
RTVSPost2010PropOp39
 70
     1
102
RTVSPost2010Prop40
 90
        0
102
RTVSPost2010PropOp40
 70
     1
102
RTVSPost2010Prop41ColorIndex
 90
       18
102
RTVSPost2010Prop41ColorRGB
 90
        0
102
RTVSPost2010PropOp41
 70
     1
102
RTVSPost2010Prop42
 90
       50
102
RTVSPost2010PropOp42
 70
     1
102
RTVSPost2010Prop43
 90
        3
102
RTVSPost2010PropOp43
 70
     1
102
RTVSPost2010Prop44ColorIndex
 90
        5
102
RTVSPost2010Prop44ColorRGB
 90
      255
102
RTVSPost2010PropOp44
 70
     1
102
RTVSPost2010Prop45
280
     0
102
RTVSPost2010PropOp45
 70
     1
102
RTVSPost2010Prop46
 90
       50
102
RTVSPost2010PropOp46
 70
     1
102
RTVSPost2010Prop47
 90
       50
102
RTVSPost2010PropOp47
 70
     1
102
RTVSPost2010Prop48
 90
       50
102
RTVSPost2010PropOp48
 70
     1
102
RTVSPost2010Prop49
280
     0
102
RTVSPost2010PropOp49
 70
     1
102
RTVSPost2010Prop50
 90
       50
102
RTVSPost2010PropOp50
 70
     1
102
RTVSPost2010Prop51ColorIndex
 90
      256
102
RTVSPost2010Prop51ColorRGB
 90
-16777216
102
RTVSPost2010PropOp51
 70
     0
102
RTVSPost2010Prop52
140
1.0
102
RTVSPost2010PropOp52
 70
     0
102
RTVSPost2010Prop53
 90
        2
102
RTVSPost2010PropOp53
 70
     1
102
RTVSPost2010Prop54
  1
strokes_ogs.tif
102
RTVSPost2010PropOp54
 70
     1
102
RTVSPost2010Prop55
280
     0
102
RTVSPost2010PropOp55
 70
     1
102
RTVSPost2010Prop56
140
1.0
102
RTVSPost2010PropOp56
 70
     1
102
RTVSPost2010Prop57
140
1.0
102
RTVSPost2010PropOp57
 70
     1
  0
ENDSEC
  0
EOF
