:100000000080002031840000F98300001B84000080
:1000100000000000000000000000000000000000E0
:100020000000000000000000000000001B84000031
:1000300000000000000000001B8400008584000018
:100040001B8400001B840000E13C000015610000DF
:10005000BD8300001B840000A15200001D8400002D
:100060001B840000A56200001B8400001B840000AC
:100070007D4000001B840000B56200001B8400006E
:100080001B8400001B8400001B8400001B840000F4
:10009000196C00001B8400001B840000E16000005C
:1000A0001B8400001B8400001B8400001B840000D4
:1000B0000000000010B5064C2378002B07D1054B3B
:1000C000002B02D0044800E000BF0123237010BDC4
:1000D000300400200000000040C70000044B10B5B1
:1000E000002B03D00349044800E000BF10BDC04608
:1000F000000000003404002040C700000122014B32
:100100001A707047C50E002070B506000C2008F06C
:100110006BFB08250024300008F0D0FB013D0419DA
:1001200024B2002DF7D10723E01718400019C010A2
:1001300080B270BD70B505000C00272917DD002ABC
:1001400000D00334782C00DD78242000FE245021D8
:100150002838FF344942604308F04AFF8B239B0054
:10016000C11889B20E20698008F020FC70BDEE2114
:10017000FF3141800E2008F019FC193C054B64004A
:10018000E35E0A220D215A43AB80034803F0EEFFE1
:10019000ECE7C0469AAC00005401002010B543883B
:1001A00004888B4215D20179104B5B1AA34200DD03
:1001B00023005B1803800188C2880023914205D385
:1001C0004379994200D31300038001230372007A1C
:1001D00010BD42791300A24206D80179034B5B1A85
:1001E000A34200DD23009BB29B1AE3E7FFFF000060
:1001F00010B5084C01233C220221200005F008FD27
:10020000200005F091FC200005F0EEFD024B63613B
:1002100010BDC0469C04002001000100F0B5324D25
:1002200085B02800002405F07FFC20270826012344
:10023000220021002800029303942C4B0197009682
:1002400004F038FC012322003100280002930394BB
:10025000274B0197009604F02DFC01232200280073
:1002600002931021234B03940197009604F022FC83
:10027000012322002800029318211F4B03940197A9
:10028000009604F017FC0123220039002800029395
:1002900003941A4B0197009604F00CFC01232200F2
:1002A000280002932821164B03940197009604F02E
:1002B00001FC01232200280002933021114B0394FA
:1002C0000197009604F0F6FB012322003821280054
:1002D000029303940C4B0197009604F0EBFB28006B
:1002E00005F082FD05B0F0BD9C0400205204002002
:1002F00042000020660000208A000020AE0000209E
:10030000D2000020F60000207604002010B5044C36
:10031000200005F009FC200005F066FD10BDC04678
:100320009C04002010B50C4C200005F0FDFB2000C3
:10033000022104F0CAFD002320002361074906F0D2
:100340002BF880235B0306492361200006F024F884
:10035000200005F049FD10BD9C0400204CAA0000BF
:1003600051AA000010B50C4C200005F0DDFB200068
:10037000022104F0AAFD002320002361074906F0B2
:100380000BF880235B0306492361200006F004F884
:10039000200005F029FD10BD9C04002055AA000096
:1003A00059AA0000F0B58027032685B07F031E4CB4
:1003B0004B25200005F0B8FB0221200004F085FD4C
:1003C00000231A492361200005F0E6FF18492000A8
:1003D000276105F0E1FF200005F006FD0A20013D40
:1003E00008F094F8002DF9D1200005F09DFB0123C1
:1003F00003931F330193203320002A002900009328
:1004000002950C4B04F0FBFA200005F0EDFC4B24A8
:100410000A20013C08F07AF8002CF9D1013EB6B26E
:10042000002EC4D105B0F0BD9C0400205EAA0000DF
:1004300059AA00009AAB0000F0B50025092791B039
:1004400000900191019BAB422BDD174C200005F081
:100450006BFB2000022104F038FD144E2A0031000D
:10046000276103A809F054FC200003A905F094FFBC
:100470000F4B009A23616B00D25A310003A809F098
:1004800047FC200003A905F087FF200005F0ACFC25
:1004900021240A20013C08F039F8002CF9D101355B
:1004A000D0E711B0F0BDC0469C04002064AA000053
:1004B00009001000AA4AF8B51168050001230800D8
:1004C0001840194202D1A74913608870A64A012337
:1004D000116808001840194202D1A44913608870BD
:1004E000A34A0123116808001840194202D1A1490A
:1004F00013608870A04A012311680800184019424F
:1005000002D19E49136088709D4A0123116808003A
:100510001840194202D19B49136088709A4A0123FE
:10052000116808001840194202D198491360887078
:10053000974F984E002D20D00123974A0B2413701B
:10054000964A1370964A1370964A1370964A13701F
:10055000964A13700023964A3B701370954A337085
:100560001370954A1370954A1370954A1370954A03
:100570001370954A13702000F8BD3B78002B21D0F2
:100580002900784803F0CAFB0B24002800D03D70F6
:100590003778002F5CD00021744803F0BFFB00289F
:1005A00001D000233370884B1D78002D00D194E0DA
:1005B0000021704803F0B2FB0028DCD00023824AFF
:1005C0001370D8E7032008F033FB03005A1E934151
:1005D000744A1370704B1B78002822D1674C002B93
:1005E0000BD032215F4803F08BFB012320007749B9
:1005F0003B7003F085FB0B240EE02900200003F084
:100600008DFB0028F7D0FA210122694B2000490018
:100610001A70042403F074FB624B5F4A1B7813705A
:10062000B6E7664C002B07D132214E4803F068FB39
:1006300001233B702370DEE72378002BDBD05C4B7B
:1006400025701A780924002AE6D01D700234E3E7E9
:10065000042008F0EDFA03005A1E9341524A137029
:100660004E4B002821D11978464D00290ED0322159
:100670003E4803F045FB012328005449337003F042
:100680003FFB494B454A1B7813708CE7280003F069
:1006900045FB0028F5D0FA210122464B28004900ED
:1006A0001A70052403F02CFBEBE71B78444D002B5C
:1006B00007D132212D4803F023FB012333702B7027
:1006C000DFE72B78002BDCD03A4B2F701A78002A0A
:1006D00001D01F70D5E70A24D3E7072008F0A8FA55
:1006E00003005A1E9341314A2D4F137000281DD12B
:1006F0003978264D00290ED032211E4803F000FB28
:100700000123314A31491370280003F0F9FA274BCD
:100710001B783B702FE7280003F000FB0028F6D081
:100720000124FA21244B49001C70EDE73B78254E4B
:10073000002B08D132210F4803F0E2FA0123224AAC
:1007400033701370E3E73378002BE0D01A4B357029
:100750001A78002A01D01D70D9E70624D7E7C046D1
:10076000280E0020460E0020300E0020500E0020E3
:10077000380E00205A0E00202C0E00204A0E0020B9
:10078000340E0020560E00203C0E0020600E00208B
:10079000420E0020440E00201D0100201E010020FA
:1007A0001F0100201A0100201B0100201C01002055
:1007B0004E0E0020540E00205E0E0020400E002041
:1007C000410E0020430E0020450E00201A040000B8
:1007D000F8B5242706260C2502242F4B0800198083
:1007E000012108F0C9F93A002C492D4808F09AFE79
:1007F0002C4B3A002C492D481E8008F093FE2C4BC0
:100800002A002C492C481E8008F08CFE2B4B2A0015
:100810002B492C481C8008F085FE2B4B2A002B49C5
:100820002B481C8008F07EFE2A4B2A002A492B48C0
:10083000AD191C8008F076FE294B2A0029492A4868
:100840001C8008F06FFE294B2A00013428492948F2
:100850001C8008F067FE284B2A00284928481C8085
:1008600008F060FE274B3622274928481C8008F0F4
:1008700059FE0922264B27491A8027483A0008F0DA
:1008800051FE264B1822264926481E8008F04AFEB3
:100890000422254B1A80F8BD4000002028AE00003D
:1008A000980C00203E130020D4AD0000E807002083
:1008B00032130020D8AC0000600D0020401300204F
:1008C0001CAE00002007002030130020CCAC00003C
:1008D000D00B00203C13002010AE0000080B0020BD
:1008E0003A1300204CAE0000C80400202A13002058
:1008F00000B30000900500202C1300206CB3000012
:10090000580600202E13002012B3000078090020A2
:100910003613002048B30000400A0020381300209E
:10092000F8AD0000B00800203413002010B50129F4
:1009300007D1C8222F4908F0F5FD2F4B1B8818005E
:1009400010BD022905D1C8222C4908F0EBFD2C4B23
:10095000F4E7032905D1C8222A4908F0E3FD2A4B10
:10096000ECE7042905D1C822284908F0DBFD284B13
:10097000E4E7052905D1C822264908F0D3FD264B16
:10098000DCE7062905D1C822244908F0CBFD244B19
:10099000D4E7072905D1C822224908F0C3FD224B1C
:1009A000CCE7082905D1C822204908F0BBFD204B1F
:1009B000C4E7092905D1C8221E4908F0B3FD1E4B22
:1009C000BCE70A2905D1C8221C4908F0ABFD1C4B25
:1009D000B4E70B2905D1C8221A4908F0A3FD1A4B28
:1009E000ACE700230C29AAD1C822184908F09AFDC7
:1009F000174BA3E7980C00203E130020E8070020C7
:100A000032130020600D002040130020200700203A
:100A100030130020D00B00203C130020080B0020D6
:100A20003A130020C80400202A130020900500205B
:100A30002C130020580600202E13002078090020D7
:100A400036130020400A002038130020B008002090
:100A500034130020F0B5B3B081B26846FFF766FFEB
:100A60000A210500154803F04BF90024032120005A
:100A700008F034FA80B2A8421ED2104E0021300095
:100A800003F04CF90028F8D06B466946671C7F00DC
:100A9000DA5B6300C95A0A4B188805F0E7FF6A461B
:100AA000A31C5B00D15AD35B3000C91889B2033450
:100AB00003F026F9A4B2D9E733B0F0BD64130020E7
:100AC00040000020F0B5A84CA84DA5446B690190EA
:100AD0000E0028002969170002AA05F077FAE02223
:100AE000A34C9200200002A908F01CFD607CA37CAE
:100AF000002865D1002B5FD19622920062800222ED
:100B00001900FF322261019A63602275994AA3603D
:100B1000E3606675A775A361D1520233642BFBD1E4
:100B20000023190094481A1802331180522BFAD16D
:100B300000229446914BD118634602320B802A2A38
:100B4000F8D18F4B22880021D218D719019BBE19EA
:100B5000F618DF22874B92009C46A65063465F5AE8
:100B60000231F6196429F9D1A6500022815A0232C5
:100B70007618522AFAD1DF2200219200A6507F4B2C
:100B8000585A023136182A29F9D1A650E0222100FC
:100B9000920002A808F0C6FC28006A69296905F0DD
:100BA00003FA28006B69296902AA05F0B1F97549B1
:100BB000754805F003FC0120E3239B009D44F0BD34
:100BC00000208342F8D1704D7049280005F0F6FBF3
:100BD0006F49280005F0F2FB0A222188280005F061
:100BE00056FC0A226188280005F051FC0A22A188DF
:100BF000280005F04CFC0A22E188280005F047FC9B
:100C00000A222189280005F042FC0A226189280075
:100C100005F03DFC0A22A189280005F038FC0A22D3
:100C2000E189280005F033FC0A22217C280005F028
:100C30002EFC0A22617C280005F029FC0A22A17CF6
:100C4000280005F024FC0A22E17C280005F01FFCA6
:100C50000A22217D280005F01AFC0A22617D280065
:100C600005F015FC0A22A17D280005F010FC0A22DF
:100C7000218B280005F00BFC0A222800618B05F06F
:100C800006FC2600B18B0A22280005F0FCFB414F30
:100C90002800390005F080FB3F4B02369E42F1D11F
:100CA000280005F083FB0026334B0A22995B2800BD
:100CB00005F0E9FB02363900280005F06DFB522EE5
:100CC000F2D1280005F072FB00262C4B0A22995B1A
:100CD000280005F0D8FB02363900280005F05CFB3F
:100CE0002A2EF2D1280005F061FB638820880022BB
:100CF000C018A3881B18E088C01823891B186089B6
:100D0000C018A3891B18E089C018237C1B18607CBD
:100D1000C018A37C1B18E07CC018237D1B18607DC5
:100D2000C018A37D1B18208BC018638B1B1811489B
:100D3000815A02325B18642AFAD100220E49895A7C
:100D400002325B18522AF9D100220C49895A023228
:100D50005B182A2AF9D1DF229200A058C01A434218
:100D60005841C0B228E7C04674FCFFFFD00E0020F7
:100D7000EC0E0020080F00206C0F0020BE0F00209A
:100D80005A02000069AA0000701F002076AA000025
:100D90008BAA00009CAA0000500F00200839030015
:100DA00010B508000A2909D808F08EF8363B4045EE
:100DB00008080808091E0600214AD38110BDFA223E
:100DC000181CD200934200DD101C030400D5002043
:100DD000322100B208F00CF900B2194A403040004C
:100DE000835A01338352E9E7164A181C934200DD07
:100DF000101C154B02B29A4200DA181C134B00B2B9
:100E0000C018142108F0F4F80D4B68304000181891
:100E1000438801334380D1E719004A1E9141084AB3
:100E2000D17419004A1E9141054A117519004A1ED4
:100E30009141034A5175581E8341014A9375BDE79C
:100E4000EC0E002004100000E40C00001CF3FFFF77
:100E500000B5042809DC002809DB0138114B032800
:100E600006D808F031F8090D1115172814D000BD67
:100E7000DA880132DA80FAE71A8901321A81F6E754
:100E80005A8901325A81F2E79A8901329A81EEE752
:100E90009A8801329A80EAE7024A538B01335383DE
:100EA000E5E7C046EC0E002030B52B4900204A880B
:100EB0000B882A4C9B188A88294D9B18CA88A54400
:100EC0009B180A899B184A899B188A899B18CA898A
:100ED0009B180A7C9B184A7C9B188A7C9B18CA7CAE
:100EE0009B180A7D9B184A7D9B188A7D9B180A8B4C
:100EF0009B184A8B9B18DF2292008B502C5A023091
:100F00001B196428FAD18B500022164CA05A0232C9
:100F10001B18522AFAD1DF2200209200124D8B506A
:100F20002C5A02301B192A28FAD18B50E02268462D
:100F3000920008F0F7FA0D4C20006269216905F073
:100F400033F86A4620006369216904F0E1FFE12378
:100F50009B009D4430BDC046EC0E00207CFCFFFF92
:100F6000080F00206C0F0020BE0F0020D00E0020C4
:100F7000F7B5A025A126009200220193124B6D0027
:100F80007600A224A4465F889C4464461F801F000C
:100F90002488A0373C80F1249F5B64005F531F5B73
:100FA0000132023C1F5302334F2AEAD1074B4C3225
:100FB000FF329852064A99520099064A9952064AB7
:100FC00001999952F7BDC046E80F0020EC0E0020B1
:100FD0003A020000DA0200007A03000030B5394C12
:100FE0003948A54401AD436901692A0004F0EEFFC8
:100FF000E022364C29002000920008F093FA236882
:101000003348019363680293A3680393E3680493EE
:10101000237C2B82637C6B82A37CAB82E37CEB82A0
:10102000237D2B83637D6B83A37DAB83238BEB833A
:10103000638B2B840023C15AEA1802335184642B3A
:10104000F9D18A22002323486A44C15AD15202337B
:10105000A02BFAD19522002352001F486A44C15A9E
:10106000D1520233A02BFAD1E522002352001B48B3
:101070006A44C15AD1520233A02BFAD10023184A34
:1010800018486A44C15AD1520233A02BFAD1002326
:10109000154A16486A44C15AD1520233522BFAD12A
:1010A00000231348D7AAC15AD15202332A2BFAD1AE
:1010B000C2212800FF31FFF7BFF9E3239B009D44C5
:1010C00030BDC04674FCFFFFD00E0020EC0E0020A7
:1010D000080F0020E80F00208810002028110020B1
:1010E0006A020000C81100200A0300006C0F0020F3
:1010F000BE0F0020074B70B504001A00323405788B
:1011000001309D830233A042F9D11183FFF7CCFE59
:1011100070BDC046EC0E0020064B01001A0010B551
:1011200032319C8B0233047001308842F9D1108B2C
:1011300010BDC046EC0E0020F0B595B007AF3800EA
:10114000FFF7EAFF00243A4D0590280004F0ECFC7C
:101150000221280003F0B9FE280036492C6105F071
:101160001BF90C23059A03265343334A403B1BB219
:101170001380A34233DA314B1C80059BA34212DD5E
:101180002E4E3B5D0022B15E0222029200220192AD
:101190000132009228000F3203F00EFE3388013432
:1011A0000C333380E9E7280004F01EFE15B0F0BDD3
:1011B0001F4804F019FE0A2007F0A8F90A2007F0DA
:1011C000A5F90A2007F0A2F90A2007F09FF90A20E2
:1011D00007F09CF9013403E0013E002EE6D0002424
:1011E0000321154B00229A5ED3170B409B189B10CE
:1011F0000133A342F0DB042300255B4263430F4A23
:101200001380059BAB42D3DD0C4F07AB0022B95EC8
:101210000222EB5C02920022019201320092044809
:101220000F3203F0C9FD3B8801350C333B80E8E702
:101230009C0400209EAA0000C0120020B00E0020D6
:1012400010B50449044805F0C3F8FA20800007F0FF
:101250005DF910BDA2AA0000701F0020F7B50500BF
:101260000C200E000192082707F0BEFA0024280087
:1012700007F024FB013F041924B2002FF7D1072304
:10128000E017184004192248E4104443E017000511
:10129000000D0019FA2400136043962107F0A8FE00
:1012A00064251C4BC4186C431B4B9C4215DB1B4B29
:1012B0009C4228DC20001A4907F09AFE194B05B21F
:1012C0009C420CDC0123019A092013703370FFF754
:1012D000C1FBFFF767F82800FEBD3D00F2E7124BA7
:1012E0009C4210DC019B19241F7001233370FFF70F
:1012F00039F80B20FFF7AEFB0A20013C07F006F996
:10130000002CF9D1E7E70023019A33701370E2E76C
:10131000B80B00001CF3FFFF13FDFFFFE5270100E2
:10132000EE02000093110000DF2E000030B5002116
:1013300085B04648002404F0DBFBE022444B4549DD
:101340009C709200444804F0CBFD6421434B14226E
:101350009C70434B96209C70424B8000D980FA21B0
:101360005A80F6321C809A803F4B89001C8059803D
:101370009A80D8803D4B3E481C805880C820800011
:101380009A80D8803B4B0B2059803B491C80998028
:10139000C8214900D980394B39499A80423ADA80CC
:1013A000C8221C805980374B12015A800222FF321A
:1013B0001C809A809622344D1201DA802880012107
:1013C00007F0DAFB0023E85E210007F005FC2F4D53
:1013D00022002800302102F065FE00233222022183
:1013E0000092019328000294313A02F02BFF284B1F
:1013F0009C70284B9C70284B9C70284B9C70284BF1
:101400009C70284B9C70284B9C70284B9C70284BE0
:101410009C70284B9C70284B9C70284B9C70284BD0
:101420009C70284B9C70284B9C70284B9C70284BC0
:101430009C70284B9C70284B9C70284B9C70284BB0
:101440009C70284B9C7005B030BDC0469C040020A9
:101450006413002000AF0000D00E0020FC1200201A
:101460006A0E00206E0E0020C4120020DE12002042
:1014700088130000B4130020010A0000101300209C
:101480006C070000701200204C0400205401002062
:10149000F8120020981300206C13002090130020F5
:1014A000AC130020841300207C1300207013002054
:1014B0008013002074130020941300208C1300204C
:1014C0008813002068130020B01300205C13002054
:1014D00060130020A4130020A01300209C13002000
:1014E000A81300207813002073B51B4C06000421BC
:1014F000200003F0EAFC194B002163611E230A005F
:10150000200001910093223302F0D2FF0A21300023
:1015100007F06EFD0A2501B26D424D430F23AD1950
:10152000632E00DD0E4B23610A22200004F0ABFF86
:10153000012301930233200000931922262102F097
:10154000B7FF2C2329000A222361200004F09BFF0F
:10155000200004F049FC73BD9C0400200100010040
:10156000FCFF0000F0B5334C060085B0200004F00D
:10157000DBFA6425642E02DCF543ED1735400321C8
:10158000200003F0A2FC2C4B002163611C230A0005
:10159000009320000191243302F08AFF092E3EDCE3
:1015A000264B290023610A22200004F06CFF00264C
:1015B00001272023082220000193009232213200CB
:1015C0001F4B0396029703F075FA20230822200090
:1015D000019300923A2132001A4B0396029703F0CE
:1015E00069FA122300930C3B1A0020003621019760
:1015F00002F05EFF0A20372168434942019607F056
:10160000F7FC0623123000B21A00362100902000A9
:1016100002F04EFF200004F0E7FB05B0F0BD132EF2
:1016200001DC094BBDE7632E01DC084BB9E78023E1
:10163000DB02B6E79C040020010001001F0004004B
:101640000000002020000020120004000D00040013
:10165000F0B5012305002A4C2A4E85B0002923D07D
:101660002360002333602368274F9BB2019320231C
:101670001E22009302213800DB1802F019FF002D12
:1016800014DC236838009BB2019320231E220093B0
:101690000221DB1802F00CFF380004F0A5FB1A4809
:1016A00004F0A2FB05B0F0BD2160DBE7291C0F2D83
:1016B00000DD0F2100250BB203933368124F9BB25C
:1016C00001930723ADB2A90000931E22053B380009
:1016D00009B202F0EDFE0135039B2DB2AB42ECDA0C
:1016E0001900236801319BB20193122389000093F2
:1016F0001E22380009B22E3302F0DAFECFE7C046D0
:10170000900E0020400100209C04002070B50A4C7F
:101710000D000022A35E834200DA20800023E05EF9
:10172000A621533007F064FC290000B2FFF790FFB8
:101730000023238070BDC046640E002013B5134BF8
:101740000124134A002914D000211C601160114C9F
:10175000002811D0136800219BB2019307231E2299
:101760000093053B200002F0A3FE200004F03CFBA8
:1017700013BD19601460EAE71B681E229BB2019337
:10178000072301000093053BECE7C046900E0020C4
:10179000400100209C040020F0B500250224012611
:1017A00089B0FEF725FDCC4F380004F0BDF90221C9
:1017B000380003F08AFBC94B3D617B612A001B2383
:1017C0002900380002940195009603F0F5FA4123B0
:1017D0002A001C21380002940195009603F0ECFACF
:1017E0001A232A003421380002940195009603F050
:1017F000E3FA380004F0F8FA1022B94B1D80B94B17
:101800001A80B64B0793B84B1B78002B00D006E22A
:10181000B64D2B880B2B2DD10020FEF74BFEFA2165
:1018200028804900B24802F079FA0028F0D0B14B84
:10183000B14D0021595EAB4B00229A5E2B78002BF4
:101840000FD000230126019300961633380002942E
:1018500003F0B2FA2B785E402E70380004F0C4FA20
:10186000D6E701202870009002943800019303F01D
:10187000A3FAF2E7092B01D0042B32D19F4AA04EE4
:1018800012883378013A0021934201D00133D9B252
:10189000317000250E232A000093102116333800E2
:1018A000019502F005FE3378964AD35C112B12D1D4
:1018B000102395493B61380004F06EFD934B1B7873
:1018C000002B35D1380004F08FFA0020FEF7F2FD2E
:1018D000864B188097E7FA2B13D110238C493B6174
:1018E000E9E70A2B01D0052B15D1854E3278531E1E
:1018F000DBB2002A03D1814B1B88013BDBB2337082
:10190000C7E701221C21009238002A0002940195A9
:1019100003F052FAD2E7062B01D0012BCED1784B3F
:10192000784A1B78D25CFA2A45D1784BF93A1A707A
:1019300000260125380004F0F7F859233200310061
:10194000380002940196009503F036FA4E233200D7
:101950003421380002940196009503F02DFA059683
:1019600006956A4E3378002BACD00020FEF7A2FD1E
:101970005E4B80B21880092802D0042800D081E094
:101980000025069B102229003800009302942B00AA
:10199000019503F011FA069B1022009334211823BD
:1019A00038000294019503F007FA012305933800EB
:1019B00004F01AFAD5E7574B1B88112A3BD1002BAC
:1019C00011D00021544AD218013A1170013B1A1C5F
:1019D0009BB20F2B00D90F224E4B91B21A804F4869
:1019E0000A2204F054FD1022002540232900009211
:1019F0003800019502F05CFD464B394A19880429EC
:101A00001DD81580364E0023F15E424B1B88AB4239
:101A100033DD344A404B0020125E0020EB5C019025
:101A2000013000900294380003F0C6F93388013584
:101A30000C333380E6E73849CA540133C7E70C2337
:101A40005B424B4334331380254E0023F15E314B10
:101A50001B88AB4211DD234A2F4B0020125E002071
:101A6000EB5C0190013000900294380003F0A4F97F
:101A7000338801350C333380E6E7194B1A881D4B48
:101A80001A801BE70A2801D0052816D10025069BDD
:101A9000102229003800009302941823019503F0C6
:101AA0008BF9069B1022009334212B0038000294FE
:101AB000019503F081F9022378E7062802D0012876
:101AC00000D074E7059B022B2AD1074B069A1A70A7
:101AD000002333706BE7C0469C0400200100010026
:101AE000B00E0020B40E0020B60E0020880E00209C
:101AF0006A0E0020B20E0020670100206001002065
:101B00008C0E002020010020B5AA0000660E0020E7
:101B1000B9AA0000BE1200208A120020701F002007
:101B2000059B0025012B78D13800357003F0FCFFB0
:101B30002100380003F0C9F9079B3D617B61059BDB
:101B40002A0029003800009302941B23019503F01A
:101B500033F9059B2A001C2138000093029441238D
:101B6000019503F029F9059B2A00342138000093E0
:101B700002941A23019503F01FF9380004F034F998
:101B8000102140230A0000913800019502F090FCDA
:101B9000744B754A1988042919D81580724E002390
:101BA000F15E704B1B88AB422FDD704A704B0020FA
:101BB000125E0020EB5C01900698029400903800C1
:101BC00003F0FAF8338801350C333380E6E70C2351
:101BD0005B424B4334331380634E0023F15E614B11
:101BE0001B88AB4211DD614A614B0020125E002070
:101BF000EB5C0190069802940090380003F0DCF84A
:101C0000338801350C333380E6E7574B1A88594B3C
:101C10001A800022584B1A70C9E60595C7E60024C1
:101C2000380003F081FF554938003C6104F0B4FBF3
:101C30004C4B53481A880C2353439BB2190040392C
:101C400009B20180A1422CDA0226474B1C80454B89
:101C50001B88A34214DD444D444A454B0021525E8B
:101C60000020295E0020E35C019001300090029684
:101C7000380003F0A1F82B8801340C332B80E6E701
:101C8000380004F0B1F8374B39481988FFF732FAB9
:101C9000C8240A20013C06F039FC002CF9D109B017
:101CA000F0BD1400324988180138013C02D306788F
:101CB0004671F9E75700C81949000D0005240026B0
:101CC000391A013C06714E550138002CF8D12549CE
:101CD0000A320A802A4A383313800334002503214C
:101CE000274B00229A5ED3170B409B189B100133A1
:101CF000AB4233DB042300265B426B431A4A13805A
:101D0000184B1B88B34215DD174F184A184B00219A
:101D1000525E0020395E0220F35C029000200190A8
:101D200001300090174803F047F83B8801360C3328
:101D30003B80E5E7134804F057F80A2006F0E6FB7D
:101D40000A2006F0E3FB0A2006F0E0FB0A2006F07A
:101D5000DDFB0A2006F0DAFB0135C0E7013C002C70
:101D6000BCD190E7BE120020B00E0020B40E0020BF
:101D70008A120020B20E00208C0E00209EAA0000C5
:101D8000C01200209C0400200023F0B50125B74FAD
:101D900087B03B70B64C2388A12B00D1DAE0A22B90
:101DA00000D1F5E0032006F043FF002800D0FBE05F
:101DB0000A2006F0ABFBF5E73B780493002BE9D053
:101DC0002388A12B5ED10025AA4C0226200003F017
:101DD000ABFE0221200003F078F8A749200025611E
:101DE00004F0DAFA1E2320002361A44904F0D4FA97
:101DF000A34B1F780296AF4200D00BE101231D00D8
:101E0000009310223B0008212000019702F0D4FF2C
:101E10002B00029601970095173310222C212000E9
:101E200002F0CAFF0120FEF745FB01270A2006F059
:101E30006DFB0020FEF73EFB924B80B28D4E18806A
:101E4000092802D0042800D0F3E000250223102244
:101E500008213000029301952B00009702F0ACFF9F
:101E60000223102202932A21163330000195009795
:101E700002F0A2FF824B1D70049D7E4803F0B4FF68
:101E8000002DD3D17A4B1B88A22B61D10025794C30
:101E90000226200003F048FE0221200003F015F87E
:101EA00075492000256104F077FA1E232000236184
:101EB000724904F071FA744B1F780296AF4200D059
:101EC00077E101231D00009310223B000821200030
:101ED000019702F071FF2B000296019700951733CE
:101EE00010222C21200002F067FF0120FEF7E2FA09
:101EF00001270A2006F00AFB0020FEF7DBFA614BFF
:101F000080B25C4E1880092802D0042800D05FE11E
:101F100000250223102208213000029301952B0096
:101F2000009702F049FF0223102202932A21163360
:101F300030000195009702F03FFF534B1D70049D48
:101F40004C4803F051FF002DD3D101224F4B1A70A2
:101F500007B0F0BD474E300003F0E6FD2900300029
:101F600002F0B3FF4A4B4B493361300004F014FADE
:101F7000002220231100300000930195DB1802F0AD
:101F8000CBFA300003F030FF0720FEF763FD09E7CE
:101F9000384E300003F0C8FD2900300002F095FFF4
:101FA0003D4B3E493361E0E7042006F041FE002846
:101FB00000D1FDE632260A20013E06F0A7FA002EE7
:101FC000F9D12800FEF776FA354E30800022B35E54
:101FD0000B2B00D0F0E60A2006F098FA0020FEF75E
:101FE00069FA3080092801D0042809D12388A12B5F
:101FF00002D1A2232380E9E7A22BE7D1A123F9E7AD
:102000000A28F3D00528F1D0062801D00128DDD117
:102010003D70DBE701231F000093102217330821D6
:102020002000019502F0C8FE2B0002960195009752
:10203000F3E60A2801D0052834D100250223102216
:1020400008213000029301951633009702F0B4FE88
:102050000223102202932A212B00300001950097C1
:1020600002F0AAFE064B1F7006E7C046CC0E002009
:10207000500100209C040020CCAA0000CFAA000040
:10208000BC120020880E00206E1200206601002085
:1020900011000C00BDAA00000A000C00C3AA000039
:1020A0003C010020062803D0049D012800D0E4E66E
:1020B0000025200003F038FD3900200002F005FF64
:1020C00094492000256104F067F910231022009341
:1020D000290030332000019702F01EFA10230593E7
:1020E0006421280006F084FF059A03B20021300025
:1020F00000920197102202F0DBF90A2006F006FA9E
:102100000A2006F003FA300003F06EFECA234035C1
:102110005B019D42E4D132250A20013D06F0F6F92B
:10212000002DF9D17C4E09213078FEF737FEFEF7FD
:10213000BBFE33782000794E002B1DD003F0F4FC59
:102140000221200002F0C1FE31002561200004F0D0
:1021500023F980235B0372492361200004F01CF9FA
:10216000200003F041FEC8350A20013D06F0CEF9FB
:10217000002DF9D1002580E603F0D6FC02212000D5
:1021800002F0A3FE31002561200004F005F9802350
:102190005B0364492361200004F0FEF8200003F093
:1021A00023FEC8250A20013D06F0B0F9002DF9D123
:1021B000E0E701231F0000931022173308212000BD
:1021C000019502F0F9FD2B0002960195009787E634
:1021D0000A2801D0052817D1002502231022082142
:1021E0003000029301951633009702F0E5FD0223BB
:1021F000102202932A212B0030000195009702F053
:10220000DBFD494B1F709AE6062803D0049D012888
:1022100000D095E60025200003F086FC3900200060
:1022200002F053FE3B492000256104F0B5F810236D
:1022300010220093290030332000019702F06CF93E
:10224000102305936421280006F0D2FE059A03B2FC
:102250000021300000920197102202F029F90A2093
:1022600006F054F90A2006F051F9300003F0BCFDE5
:10227000CA2340355B019D42E4D132250A20013D4D
:1022800006F044F9002DF9D1274E284B32789A7583
:10229000FEF70AFE33782000254E002B1DD003F0F8
:1022A00043FC0221200002F010FE310025612000D5
:1022B00004F072F880235B0319492361200004F0C5
:1022C0006BF8200003F090FDC8350A20013D06F0B0
:1022D0001DF9002DF9D1002532E603F025FC02217D
:1022E000200002F0F2FD31002561200004F054F8D6
:1022F00080235B030B492361200004F04DF820008C
:1023000003F072FDC8250A20013D06F0FFF8002DFC
:10231000F9D1E0E7D3AA0000BC120020BDAA00005A
:10232000CCAA0000CFAA00006E120020EC0E002004
:10233000DDAA0000E121F0B5BD4D87B028000902FB
:1023400005F008FDBB49280004F038F8BA4801F050
:1023500059FDBA4801F0BEFCB94C02002080B949D1
:10236000280004F035F82388B74CDA0700D407E1D9
:102370002800B64904F022F8102323800221072008
:1023800006F0FAFB0221032006F0F6FB02210420EE
:1023900006F0F2FB01210D2006F0EEFB0121080002
:1023A00006F0EAFB01210D2006F016FC01210800D1
:1023B00006F012FC23881A00113A012A00D843E3E0
:1023C000152B00D1AEE2A24B11201988FEF700FABE
:1023D000FDF70EFF002101220800FEF773FB002825
:1023E00002D101229B4B1A709B4B1B7C002B00D10E
:1023F00005E10122994B9A481A7003F095FBFA21E6
:102400009848890001F07CFC944B1C78002C00D18A
:10241000E6E00F20FDF778FE0A23934C0F2160437E
:102420000013584306F0E4FD904B18801220FDF78E
:102430006BFED0232721584306F0DAFD44438C4B32
:102440002413002187481C8001F068FC002848D034
:10245000884B894F1C683868210006F03FFD874E85
:1024600021003860306806F039FD002300227C4CE2
:10247000306001932033110020000093123302F0EA
:1024800017F80121200002F020FD002320003A6807
:102490007B49236103F09CFF80235B033268794909
:1024A0002361200003F094FF774A3B6877499B182B
:1024B00032222261642B00D97549200003F088FF85
:1024C000C821744A336889009B18734A22618B4281
:1024D00000D97EE06D49200003F07AFF200003F070
:1024E00083FC64216D4801F019FC002817D0624A72
:1024F0005E4B11681B880D205B1813605F4A5C4BB4
:1025000011681B885B18012113605A4A1368013354
:102510001360634B1A785140197006F05DFB32214D
:10252000604801F0FBFB002807D001215E4B0B2027
:102530001A785140197006F04FFBFA215B484900A8
:1025400001F0ECFB002810D0434B0A222800198828
:1025500003F09DFF564C57482278002A3BD00022BA
:102560003C21FDF7E7FD00232370072006F060FB08
:10257000002800D048E7384B1874384B187043E7F0
:102580009A0705D528004C4903F018FF1123F4E6FB
:102590005A0705D52800494903F010FF1223ECE63D
:1025A000DA0605D52800464903F008FF1423E4E6BF
:1025B0009A0605D52800434903F000FF1523DCE601
:1025C0005B0600D4DAE628003F4903F0F7FE162345
:1025D000D3E62F497FE77821FDF7ACFD0123C3E760
:1025E00021000B2006F0F8FA01210D2006F0F4FA84
:1025F000220032212F48FDF79DFDFEF755FC1320E8
:10260000324A3349FEF72AFE0024324F3880200038
:10261000FEF7A8FF2100642006F0EAFC0025060072
:10262000AE4259D0012005F071FF0135F8E7C046F0
:10263000701F0020E1AA0000D0130020CF1300205B
:1026400002130020EAAA000000130020F0AA0000F4
:1026500040000020BE0E0020EC0E0020521300208F
:102660009C040020A8130020B80B000004130020D5
:102670000A130020AC0E0020541300205813002031
:1026800048AB00004DAB00004AFCFFFF52AB00001E
:1026900055AB000050E2FFFF32001000A4130020F1
:1026A00053130020A0130020511300209C1300207E
:1026B000501300204C04002005AB000011AB0000BB
:1026C0001DAB00002CAB00003BAB0000BF0E002098
:1026D000C60E00208A0E00203B880134A34296DA01
:1026E00064240A20013C05F011FF002CF9D1FDF70C
:1026F0000DFEDD4CE37C002B00D0BDE0FDF706FEB7
:102700000320FEF7A7F9E289D84B1A80002A00D1EE
:10271000BCE0227DD64BD7491A70A27DD64B1A70E9
:102720000023D64A1380D64A1380D64AD488201C68
:102730008C4201D9D44800881080D44A1380D44BED
:10274000D888021C884201D9CF4A1288D149D24880
:102750001A8001F0D5FAD14E3378002B00D1F0E089
:10276000032006F065FA002800D093E0043006F05C
:102770005FFA051E00D08DE0C94C2778002F00D1EC
:10278000AFE0C84C0127200003F0CEF90121200062
:1027900002F09BFBC4492000256103F0FDFD1022DF
:1027A0000197402329002000009201F0B5FE059713
:1027B00009376421280006F01BFC059A03B2019238
:1027C000102200210092200001F072FE380005F076
:1027D0009DFE380005F09AFE380005F097FE38009F
:1027E00005F094FE380005F091FE200003F0FCFA9D
:1027F000CA2340355B019D42DBD1C8250A20013D3B
:1028000005F084FE002DF9D1FDF780FDC8350A20C2
:10281000013D05F07BFE002DF9D1200003F084F985
:102820002000012102F051FBA04B20002361A049B0
:1028300003F0B2FD012301931F332A002900200079
:102840000093203301F068FE200003F0CDFAC82485
:102850000720FEF7FFF864000A20013C05F056FE51
:10286000002CF9D1FEF798FF08210120FEF796FA17
:10287000FDF74CFD34703EE0FEF75EFCC8250A20F3
:10288000013D05F043FE002DF9D137E73222E28108
:102890001A803EE70021804801F040FA041E3BD137
:1028A000844B00229B5E012B25D10221824A30708D
:1028B0001180824A1070824A1070824A1380824AC4
:1028C0001070824A1070824A1370824A1370FDF7AA
:1028D000A5FCFA218048890001F012FA7F4B1C7098
:1028E00009E07F4D0023E95E01290AD17D497E4838
:1028F00001F006FA2F800020FDF7DCFD6D4B1880FB
:1029000029E70029F7D1784801F008FA0028F2D029
:10291000012323702B80EEE7002301223370664BE6
:102920001A80E8E71720FEF793FA00220121100031
:10293000FEF7C8F8002802D101226C4B1A70FEF78E
:10294000B3FA05F0B3FD6A4B4E4F1860474B0F20AA
:102950001A8864235343674A0A249B187B80FDF737
:10296000D3FB604D0F2168430013604306F040FB2A
:10297000614B18800F2005F0A1FF6843000B0F2169
:10298000604306F0ABFA5D4B18601220FDF7BCFB0C
:10299000D0232721584306F02BFB0300FA216B4379
:1029A000574A1B131380544A98B212888900504327
:1029B00006F01EFB534B18801320FDF7A5FBFA23EE
:1029C000684300139621584306F012FB4E4C4A4BC5
:1029D0004E4E208019883000FDF7E0FB0595002859
:1029E00000D1A5E001224A4B1A70334B00255D5FF0
:1029F000022D00D0F1E00127464D474E2978474C83
:102A00003770002906D1344801F088F9002800D138
:102A100095E02F702378002B00D097E03378002BBF
:102A200000D1ACE001233E493E4A13202370FEF75B
:102A300015FC3D4B80B21880FEF794FDFA213B480F
:102A4000890001F05DF99AE0122B00D079E70022AD
:102A500001211000FEF736F8002800D071E70122AE
:102A6000224B1A706DE7C046EC0E00206401002076
:102A7000BC120020FEFF00006E120020C4120020D5
:102A8000DE120020B413002098AB000010130020C9
:102A90007012002088130000B01300204E010020A7
:102AA000CB0E00209C04002059AB000008000C0055
:102AB00064AB00003C0100206201002044130020B0
:102AC000C40E00204C010020CA0E0020CE0E0020B3
:102AD000C00E002066010020801300204801002065
:102AE0004A010020B80B00005C130020BE0E00203D
:102AF0004813002030F8FFFF041300200C130020BF
:102B00000A13002006130020081300206E0E002078
:102B1000C2120020C90E0020CF0E0020BD0E0020E2
:102B2000C60E0020BF0E00208A0E00206C1300206D
:102B30003388002B00D058E77A4A137055E72A787B
:102B40002378002A00D065E7002B18D0764D0021AD
:102B5000280001F0E3F8002806D1744B00229B5EA8
:102B6000012B0CD1724B35E0714C2378002B30D007
:102B7000FA212800890001F0C3F8002323706D4C6E
:102B80006A4E0022A35E6C4D022B01D000F0ECFED9
:102B90006A4A1378002B01D100F039FF0423238007
:102BA00000231370664A67491370674A0B706749C0
:102BB0001370674A0B702B7001331370654A6649B6
:102BC0006648137001F09CF8FA216548890000F00E
:102BD000A8FF5A4B01221A70D1E7002D62D0042DB4
:102BE00000D0CAE35F4C217800291ED15C4801F077
:102BF00095F8002819D00122554B21001A70132096
:102C0000594AFEF72BFB594B80B218802378002BD2
:102C10000BD0FEF7A7FC4B240A20013C05F076FC04
:102C2000002CF9D101224B4B1A70404B4B4C002227
:102C30009B5E0B2B00D0B6E20021200001F06EF865
:102C400000280CD04A4A138801331BB213801E2B74
:102C500000D0A3E20121474B197000231380032009
:102C600005F0E6FF444D002815D1043005F0E0FFE3
:102C7000002810D1414F4249380001F041F80320AB
:102C800005F0D6FF002800D195E20120FDF712FCE7
:102C900000223C4B1A8000233B4A2B7013603B4AB6
:102CA000138012E13A4B3B4E19883000FDF776FA5B
:102CB000002815D001221424374B03201A70374BFB
:102CC0001C80FEF7C5F8364B358000229A5E274BF4
:102CD0000021595E334B0020185E2300FEF748F9AF
:102CE000314E3578002D00D040E1304B304C1F780C
:102CF000002F5FD139000D2005F06EFF20003A0053
:102D00006421FDF717FA2D2005F000FC244B012269
:102D100019882000FDF70EFA0123024A3370137060
:102D2000D3E0C046C21200206C1300203C010020FA
:102D3000BB0E00206201002044130020C30E0020BF
:102D4000CF0E0020CE130020BD0E0020C90E0020A3
:102D5000C10E002066010020307500007C130020A9
:102D600090130020C60E0020BF0E00208A0E002007
:102D7000940E0020CD0E0020C80E002078130020F5
:102D8000EE0200006C120020A80E0020421300206A
:102D90000413002010130020C20E0020B80E0020E3
:102DA0006401002006130020670E0020BC120020E2
:102DB0004C040020D94B1B88312B00D8C1E02A00DD
:102DC00020003221FDF7B6F929000D2005F004FF9F
:102DD000322005F09BFB32240A2501222100D04835
:102DE000FDF7A8F90F2005F069FD059B0F21584359
:102DF000000B684306F072F8CA4B81B21860CA48EB
:102E0000FDF7CCF9142005F081FB07340F20FDF706
:102E10007BF9782CE1D10F2005F050FD059B0F21A7
:102E20005843000B684306F059F8C04B0A25188038
:102E3000122005F043FDD0232721584306F04EF819
:102E4000FA21059BBA4A43431B0B1380B74A98B239
:102E500012888900504306F0CBF8B64B0021188049
:102E600000B2FEF753FCAD4B0A211E88A01B06F0F2
:102E7000BFF8010069438919A94E01223000FDF70E
:102E800059F90F2005F01AFD059B0F2158430A231D
:102E9000000B584306F022F8A24B81B21860A248FA
:102EA000FDF77CF9062005F031FB0F20FDF72CF92A
:102EB000013DD8D2994B012219883000FDF73AF92B
:102EC00001239D4A13709D4A13709D4B9D4C002514
:102ED0005D5F0B2D00D0CBE100219B4800F01EFF71
:102EE000002804D0012300222370984B1A808B4BBA
:102EF0001A88131C782A00D97823954A11789AB237
:102F0000002900D134E2192A00D21923834A9BB246
:102F100013802378002B0DD08E4B0020185E0028E4
:102F200001D0FDF797FD7D4B0020185EFEF7DCFA1F
:102F3000002323707F4B00210020185EFEF7E6FB84
:102F40001DE601210D2005F017FE29000D2005F0DA
:102F500043FE01223C212000FDF7ECF814250A2055
:102F6000013D05F0D3FA002DF9D1CFE6FA217A48D8
:102F7000890000F0D3FE00283AD0784A78491368D7
:102F8000013313600A6801320A60062B30D1684BA6
:102F90006421188805F0A2FF724B664C0021595E2F
:102FA00002B20023E05E0023FDF7E2FF0023E05EB3
:102FB0001021FDF7F3FE6C4B6C4A1B88181C1BB2EA
:102FC000934200DD101C6A4B02B29A4200DA181CD0
:102FD000684B00B2C018142106F00AF80022664BB4
:102FE0006830400018184388013343805B4B1A60F7
:102FF0005D4B624C19882000FDF7D0F800281ED1E7
:103000002388002B1BD1E2885D49131C8A4201D919
:103010005C4B1B8823805C4B4A4D1C78002C72D083
:1030200096234F4C5B0022689A4208D3FDF79AF929
:103030000B20FDF70FFD01232B70002323603B4B7A
:10304000524E19883000FDF7A9F83A4C002814D0E8
:10305000012010254E4B18704E4B1D80FDF7F8FED9
:10306000002333802D4B00229A5E3E4B0021595E97
:103070000023E05E2B00FDF77BFF474D21882800F1
:10308000FDF78CF8002815D00122414B3A491A70FF
:103090001123404A1380CA880132CA8000222A8044
:1030A0001E4A0021525E2F490020095E0025605F04
:1030B000FDF75EFF1E4B38001988FDF76FF80028FA
:1030C00000D002E73B88002B00D0FEE60122304B07
:1030D00002301A702F4B11321A80FDF7B9FEFA88B0
:1030E0002749131C8A4201D9264B1B883B800B4B76
:1030F00000229A5E1B4B0021595E0023E05E1223E2
:10310000FDF736FFE1E601261E70FDF72BF90B20D7
:10311000FDF7A0FC124B2E701C6090E764010020AC
:103120004C0400200C1300206E0E0020041300201D
:103130000A13002006130020C2120020670E002090
:103140003C01002066010020941300206C12002036
:103150006E1200204213002088130020980E0020D9
:103160009C0E00208A0E002008130020041000008E
:10317000E40C00001CF3FFFFEC0E00207012002096
:10318000FEFF000098AB0000C70E0020C412002014
:10319000C20E0020B80E0020DE1200202000C94917
:1031A00000F0AEFD5BE52000C64900F0A9FD00225D
:1031B000C54B1A8053E5042005F03AFD041E00D0EB
:1031C00063E52B780593002B4CD13800BF4900F004
:1031D000A5FD002826D0BE4E03203368013333609E
:1031E000FDF738FC3368BB4C012B22D1200002F0E4
:1031F0009BFC0823802623610221200001F065FE4C
:103200007603B549200003F0C7F8022120002661AB
:1032100001F05BFEB1492661200003F0BDF8AD4826
:1032200002F0E2FD0122AE4B1A700B23AD4A13806F
:1032300025E5022B04D180235B03AB492361EBE737
:10324000032B04D180235B03A8492361E4E7042B0B
:10325000E5D12000A64903F09FF801232B70059BC0
:103260003360DCE7FEF790FD994B2C701C60D9E7CA
:103270000027A04A1780012D50D1FA219E4E9F4869
:10328000338889000133338000F03AFD3388012B05
:103290000FD19B4A1278BA4209D03C2202218D48B4
:1032A00002F0B6FC974B1888FEF75CF91FE63280F7
:1032B0001DE69A1E022A2AD8864D280002F034FC08
:1032C000102302212B61280001F0FFFD8E49280008
:1032D00003F062F880235B032B610221280001F0D8
:1032E000F4FD3388032B0BD0042B0ED07B49022B2B
:1032F00007D0280002F078FD0320FDF7ABFBF6E5D0
:103300007949280003F048F8F3E77849F9E7052BF5
:1033100000D0ECE57D4B37801D70E8E57C4B1B88C9
:10332000042D0AD1772B00D9E1E50A3378490B80C7
:1033300003231380023B2370D9E5092D04D1772B99
:1033400000D9D4E50133F1E7052D09D1192B00D8B7
:10335000CDE50A3B6E490B8004231380033BEAE76B
:103360000A2D00D0C3E5192B00D8C0E5013BF1E7D9
:10337000282A00D3CAE52823C8E5012D00D013E28E
:10338000644B654E1A78002A2BD0002235701A70D3
:103390000122624B1A703378614E002B09D03388BA
:1033A000934206D1962100235E488900338000F0C5
:1033B000A7FC3588002D27D15A4F2900380000F08E
:1033C000ADFC002801D1FFF7C8FB574C2378002B38
:1033D00016D096213800890000F092FC2570FFF786
:1033E000CEFB3778002FD3D1FCF79CFF39004F4834
:1033F00000F094FC0028CBD03570FCF787FFC7E7BE
:1034000002233380FFF7BBFB022D01D0FFF7B7FB90
:10341000474F484D3B78002B00D199E02B78002B8B
:1034200001D000232B70FDF73FFD002308262380E9
:10343000132005F043FA059B96215843FA23000B0D
:10344000584305F04BFD2388013EC01820803220F0
:1034500005F05CF8002EEBD12388374ADB1023807F
:10346000934207DD3100012005F0B6FB01210B205E
:1034700005F0B2FB314C0323314A0721200002F052
:1034800003FE200002F0D6FD072004F057FF0121C3
:10349000080005F0A1FB00210B2005F09DFB642036
:1034A00005F034F8FCF7A4FE2B78002B01D1FFF7D0
:1034B00066FB002301223B70224B234923481A80DC
:1034C000FFF7BFFA30750000940E0020EE020000F6
:1034D000A80E00209C0400206DAB00001BAB000078
:1034E000660100203C01002072AB000077AB0000B9
:1034F0007DAB0000421300206C12002094130020CA
:10350000C10E00208A0E0020CFAA0000CD0E0020A0
:103510006401002048010020CA0E0020CE0E0020C9
:103520004C010020AC130020BB0E002074130020BF
:103530004F010020C50E0020470D0000681C002030
:10354000FD00000046010020E2040000841300207A
:103550002B78002B01D1FFF712FB072005F068FB49
:10356000002811D00021DE4800F0D8FB002800D050
:1035700016E1DC4B00229B5E012B01D0FFF7FFFA26
:10358000D94A1370FFF7FBFA042005F051FB00281D
:10359000E8D1D64B1B78002B01D1FFF7F0FAD44DC0
:1035A00001272A78002A7ED1D24C2388012B04D10E
:1035B000D149D2482280FFF744FA002B01D0FFF70F
:1035C000DEFA0021CD4800F0A9FB002801D1FFF769
:1035D000D6FA01232B702380FFF7D1FA0A2004F0DA
:1035E00095FFAAE00A2802D0052800D0D4E00023E5
:1035F0002370D1E0BE4B1B78002B54D00926C04C61
:103600006425200002F090FA0221200001F05DFC08
:10361000BC4B0A2231002361200002F034FF20005D
:1036200002F0E2FB0A20013D04F070FF002DF9D109
:10363000013EE4D2FDF7D2FC200002F075FAB24957
:103640002561200002F0A8FE80235B03AF492361BF
:10365000200002F0A1FE200002F0C6FB64350A2023
:10366000013D04F053FF002DF9D1200002F05CFA77
:10367000A7492000256102F08FFE80235B03A54946
:103680002361200002F088FE200002F0ADFB984B81
:1036900008201D70FDF7DEF9200002F045FA9E4972
:1036A0008F4800F02DFB924B1B78002B01D1FFF7C8
:1036B00066FA934C6425200002F036FA02212000BD
:1036C00001F003FC954B0022236120231100200010
:1036D00000930197DB1800F01FFF8B49200002F0D8
:1036E0005BFE200002F080FB0720FDF7B3F90A2003
:1036F000013D04F00BFF002DF9D10226200002F05D
:1037000013FA20008649256102F046FE2000592365
:103710001022290002960195009701F04DFB200030
:103720004E231022342102960195009701F044FBAC
:10373000200002F059FB7B4C2770072005F078FA37
:10374000002800D14AE7042005F072FA002800D1D1
:1037500044E7032005F06CFA002800D13EE738006A
:10376000FCF7A8FE2378002B00D143E70020FCF7EC
:10377000A1FE5C4B624D1880092802D0042800D0BD
:1037800030E700235A4A28002370137002F0CCF966
:103790006149534800F0B4FA280002F025FBE1E744
:1037A00001233B70FFF7EBF9032D01D0FFF7E7F999
:1037B0005D4B1B78002B45D15C4B188810380428D2
:1037C0001FD805F081FB5E037B1E5E0001234C4C7D
:1037D0000E221F21200000930C3300F0E7FF00258C
:1037E0000C23062200931E21093B2000019500F0C6
:1037F0005FFE03231422019500931E21200000F098
:1038000057FEC8214A4800F089FA4A4B002803D0E5
:10381000012219784A401A70197800295CD02023B7
:10382000002100931E2236480191DB1800F040FE73
:103830000021414800F072FA3B4B002800D18DE096
:1038400001221A7000233D4A3D4913703D4A1380FE
:103850003D4A1380F888021C884201D93B4A1288ED
:103860003A803B4A13803B4BD888021C884201D9DE
:10387000364A12881A80FCF749FDFDF715FBFFF761
:103880007EF901232F221E4C039319331F212000A0
:1038900002930192009300220B3B00F0B4FF00253D
:1038A0000C23072200931E21093B2000019500F004
:1038B000FFFD03231522019500939EE701230021BC
:1038C00002931D330193223300930A00224B0C48CC
:1038D000039101F094F894E70F20FDF7B9FEA7E7F4
:1038E000841300203C010020C40E0020C00E0020E4
:1038F000BC0E002046010020881300006813002041
:103900009C0400201C000A0083AB0000B9AA000040
:103910008EAB000094AB0000E20400000A000A0035
:1039200088AB0000BA0E002044010020B80E002031
:1039300060130020680E002070130020C20E0020CB
:10394000FEFF0000C4120020DE12002098AB000031
:103950001013002070120020E4AC00001B78002B34
:1039600001D1FFF70CF96DE7002B00D0B1E0002288
:10397000B35E062B01D0012B1FD10423A54A0620DC
:1039800013800023A44A2B701370A44A1370A44A16
:103990001360A44A1360A44A1370A44A136001225E
:1039A000A34B1A70FDF756F8A249A34800F0A8F9F6
:1039B000FA21A248890000F0A3F9A14B1B78002B43
:1039C00025D000240323934A01210D2013802C705D
:1039D00005F0D2F801210D2005F0FEF88F4B994932
:1039E0001C708F4B98481C608E4B1C608E4B1C705B
:1039F0008E4B1C60954B1C7000F082F9FCF786FC26
:103A000020002100FDF724FE0C20FDF723F82A7882
:103A10008F4B002A00D0C7E0002401210D201C702C
:103A200005F0AAF801210D2005F0D6F821002000AC
:103A3000FDF784FE874B88491C80884B1C80884B8F
:103A4000D888021C884201D9864A12881A80864B7F
:103A50001C80864BD888021C884201D9814A128872
:103A60001A80FA21824B83481A88834B8900DA81B5
:103A700000F054F9002818D0E122804C920023680D
:103A800001332360934210D17D4D2B78002B00D160
:103A9000B9E0002201211000FDF714F801230028ED
:103AA00000D000232B70002323600020FCF702FDD0
:103AB000308004F0FBFC734C734B206022681B6861
:103AC000D31A724A934201D9FEF73BFF04F0EEFC91
:103AD000F2E7042B33D100226D4B1A700022B35E43
:103AE000062B0BD16B4B1B78002B1DD00920FCF74C
:103AF000B1FFFCF757FC0122674B1A7067490B783E
:103B0000002B00D183E7002301220B70FA216448C7
:103B10002B700370634822800370634B63481A70F4
:103B2000890000F0EDF872E701223B492A700A7023
:103B30003F4A052023801370FCF78CFFDEE7012B42
:103B400019D15B490A78002A00D160E7022222805D
:103B500000220A7057492A700B8051490A70514956
:103B60000A70554A13704C4A1370FCF757FBFA2140
:103B700052488900D5E7032B00D048E7304B1A782C
:103B8000D3B2002A00D042E7043222800124224A24
:103B90002B701370264B274927481C7000F0B0F893
:103BA0003D4B1C70FFF710F81B4A1278002A00D119
:103BB00032E701221A702E4B1A88131C782A1DD95D
:103BC00078232B4A99B21380314B1B78002B10D0ED
:103BD0003B4B3C481A78FCF7ADFA254B1B88272B4A
:103BE00007D901210D2004F0C7FF00210D2004F0AA
:103BF000F3FF00210120FDF7A1FD32E792B2192A5F
:103C0000DFD21923DDE70420FDF722F9FDF74CF997
:103C100049E7C04662010020CE130020C60E0020F6
:103C2000980E00209C0E0020C70E0020A00E002041
:103C3000C10E0020307500007C130020901300207E
:103C4000C20E0020DC05000070130020440100209B
:103C5000E80E0020C4120020FEFF0000DE1200204B
:103C6000B413002098AB0000101300207012002045
:103C70006401002098130020EC0E0020A40E002008
:103C8000BE0E00204C13002048130020A761000046
:103C9000670E0020BF0E002066010020CD0E002020
:103CA000CA0E0020CE0E00204F0100207413002009
:103CB000C40E00204C010020C00E00208013002004
:103CC000C21200204C0400200022014B1A707047E1
:103CD000CF130020014B1878C0B270473804004061
:103CE0000221064B1A788A431A70DA79D209FCD17C
:103CF000997901320A439A717047C046001000401A
:103D00000B005A1E934170B505000C1E837004D041
:103D100004F0C6FB013C24182C8070BD70B584787B
:103D200005000E00002C0AD0048804F0B9FB074AF5
:103D3000231A9BB20024934205D95B42DCB23100C6
:103D40002800FFF7DDFF200070BDC04660EA0000DC
:103D500000207047F8B505000E0017000024BC4293
:103D600008D02B682800315D1B689847002801D0D7
:103D70000134F4E72000F8BD70470300FC33196AF2
:103D8000DA69914203D01B6AC018007E7047012097
:103D90004042FBE70300FC33D8691B6AC01A01D517
:103DA0000130FF3070470000F7B50193FA238027F8
:103DB000002504009B008360114B7F0008330E0038
:103DC00045602900009203603A00183005F0B3FB0B
:103DD00023002000FC332130DD613A001D62290000
:103DE000FF3005F0A8FB87239B00E3185D609D6012
:103DF000009B20002375019B2661A5756375FEBDA0
:103E000080B3000070B5040018260C49006902F068
:103E1000DBFD206902F02AFC33000821207D084DDB
:103E20004343EB18595604F01BFF0821607D4643BD
:103E3000AD19695604F014FF70BDC046A08601009C
:103E400020C1000070B504000D00006902F023FCE1
:103E50002900206902F0B8FD206902F007FC70BD5E
:103E60008A2300229B00C1540C3BC3185A609A60FD
:103E70000123837570470200FC32536810B501338B
:103E80009468DBB29C4202D054680155536010BD67
:103E900010B50300827D002082420ED0872292005E
:103EA0009C186268A4680132D2B2A24205D02133C4
:103EB000FF331800FFF7DFFF012010BD0300FC33C4
:103EC00099685A68914206D09A68805C9A68013273
:103ED000D2B29A60704701204042FBE700228A2359
:103EE00070B59B00827505000E00C15C006902F090
:103EF00005FC002806D10321286902F0E9FB022411
:103F0000200070BD872328009B00EA18536894683E
:103F10002130FF301C1B01D50134FF34002C0ED0A2
:103F20002C69FFF7CBFFC1B2200002F025FC00286E
:103F3000E8D10321286902F0CBFB0324E0E7002E3F
:103F4000DED00321286902F0C3FBD9E710B50121B7
:103F5000FFF7C4FF10BD10B51830FFF7AFFF10BD5D
:103F600070B50400006902F029FC002814D0206913
:103F700002F032FC002810D0206902F09FFB0321E0
:103F8000206902F0A5FB8C239B00E558002D39D158
:103F90000023FC34E361236270BD206902F026FC3B
:103FA000002809D0206902F01CFC002804D02069F8
:103FB00002F021FC0028DFD0206902F017FC002865
:103FC00026D1206902F003FC0028E5D0206902F028
:103FD00012FC002837D087239B00E21853689268B0
:103FE0009B1A01D50133FF33FF21002B05D02000A0
:103FF0002130FF30FFF762FFC1B2206902F0CFFB32
:10400000A075C9E7236820001B699847A847BFE748
:10401000206902F053FB2069032102F059FB20695B
:1040200002F0E9FB0028B7D0872300229B00E318A9
:104030005A609A600123A3758B239B00E358934237
:10404000AAD09847A8E72200FC32D369126A01334C
:10405000DBB22069934206D102F027FB03212069DD
:1040600002F036FB98E702F0CBFB0100200018308D
:10407000FFF701FF206902F021FBEFE710B50248CE
:10408000FFF76EFF10BDC046D013002010B51523FA
:10409000142202490248FFF787FE10BD7822002053
:1040A000D013002030B5234B002A37D0224A5A6063
:1040B0005A78D209FCD1214A9A605A78D209FCD1A7
:1040C0001F4A5A805A78D209FCD15F241D4A946451
:1040D0001D4CD46402221D4C25782A4322701C4AB0
:1040E0005A605A78D209FCD101320271FF291CD9D9
:1040F000FF210422016009021143164A11605A7817
:10410000D209FCD1144A154911805978C909FCD14A
:10411000134911805A78D209FCD130BD114A124C92
:1041200014605A78D209FCD1DFE70029E1D10131CE
:10413000DFE7C046000C0040050703000530000023
:10414000014500000008004028100000440800401D
:1041500004080300080C0040020C00401A44000050
:104160001B440000040C004004070300F8B50400E1
:10417000182500200B0020492E0046438E599E42F0
:1041800004D001300E28F7D1002034E00020834213
:1041900031DB01266B43C9184B68184D8868DB0179
:1041A0005B191D1840352F7840083E431B182E70B0
:1041B000303318784D69CE682843C0B21870282370
:1041C0007343A4680E4D20000F69EB18944200D988
:1041D00010009A69DB69002105F016F8220000231F
:1041E00004F0F2FF28235E43AA59386093685B020B
:1041F0001B0FFBD10120F8BDA4B300000044004117
:1042000068010020002010B5022913D828234B4351
:104210000B4CE318981CC2775B680220002A0AD076
:104220001A681043186028235943625893689B0703
:10423000FCD4012010BD1A6882431A60F3E7C0461F
:1042400068010020F7B508AB30CB1E7800940195CB
:104250000023022958D81C00012A17D0022A13D0A3
:10426000042A53D0082A54D0102A54D0402A55D0BA
:104270000133FF339A4253D08023E024DB009A427B
:104280004AD00024012201E08024640028254D4307
:10429000244B5D196F686A613A6814436A1CD677CB
:1042A000AA683C6015680224002E00D11E4C2C43E5
:1042B000146028224A439C58A2685206FCD4019AF2
:1042C000009F9446002A02D1022F00D20227282202
:1042D000150000264D435D192D69664503D1BD4289
:1042E00001D93D0066464A439A189561D661D26865
:1042F0001560A2685203FCD428224A439B1802335B
:10430000DA7FFFF77FFF01231800FEBD8024A400A1
:10431000BCE7C024FBE78024E400B7E7A024FBE768
:10432000C024F9E76801002005000F007047F0B5D0
:1043300015000C001E0089B00EAB00229B5E0FAA78
:104340001288019005925A1BD11752184A400292C6
:10435000321BD11752184A4003920399029A8A429B
:1043600005DD32001E00130022002C001500B442AF
:1043700005DD2A001D001300220034001600321B48
:1043800091B20691591BC8170918414012B2079102
:10439000D10F8A1852100092012204929D4202DB32
:1043A00001235B420493B44222DC019B039A1B6805
:1043B0009B691F00029B934216DD22002900059B8A
:1043C0000198B847009B079A9A1A11B293B20091CC
:1043D000120406D5049AAD18069A2DB2D3181BB252
:1043E0000093013424B2DEE72A002100059BE7E7B1
:1043F00009B0F0BD704710B504682469A04710BD2E
:1044000037B506AC258804680095A46BA04737BD76
:1044100037B506AC258804680095E46BA04737BD26
:1044200073B506AC0025655F07AC26880468019665
:104430000095246CA04773BDF0B5160004000D0074
:1044400085B003930AAB1F8803685B699847039B99
:104450002268013B9B191BB2009301972B00290096
:104460002000976A3200B84723682000DB6A98472B
:1044700005B0F0BDF0B505001C000E00170085B0BA
:104480000AAB1B88013C03930368A4195B69984736
:1044900003992A68019100973100280023B2946A99
:1044A0003A00A0472B682800DB6A984705B0F0BDAA
:1044B000F0B50E0087B003930CAB029200229B5E16
:1044C000040004930DAB1B883500059303685B69FA
:1044D0009847039A2368B21895420BDA059A290087
:1044E00000921B6A20001F00029A049B0135B84706
:1044F0002DB2EEE72000DB6A984707B0F0BD13B598
:1045000001910E24015F0C22835E02680091146CFD
:1045100000221100A04713BDF0B5040015000E00E5
:1045200087B004930CAB00229B5E05930DAB1B88F8
:10453000039303685B699847039A236800923100EC
:104540002A0020005F6A049BB847059B03995A1E06
:10455000236800915219310020005F6A12B2049B57
:10456000B847039A2368009231002A0020001F6A8E
:10457000059BB8470499039A236801390092891969
:104580002A0020001F6A09B2059BB8472368200053
:10459000DB6A984707B0F0BD7047F0B585B002936D
:1045A0000AAB0027DF5F0BAB1B8816000393029B4F
:1045B00004000D000268994210D1BE4202DD3300B2
:1045C0003E001F00039901370091BB1B976B1BB284
:1045D000320029002000B84705B0F0BDBE420CD122
:1045E000029B994201DD029D0291029B03990133D6
:1045F0005B1B0091D76B1BB2EAE753699847039A9C
:1046000023680192009720009F6A3200029B2900D4
:10461000B84723682000DB6A9847DDE703230B4097
:1046200010B583760822835E0A24025FC90702D48C
:104630008381C28110BD8281C381FBE74281C28137
:104640000122002310B55242064C4261064A08344A
:1046500043600460018181810361826103770362A9
:1046600010BDC046F4B9000001010001F0B51C0006
:104670008FB00692012214AB1B780591079315ABFE
:104680000021595E16AB1B8805000893A3B2D01A0F
:1046900093405B421BB289180C938BB2099304932D
:1046A000002300B2029003930D92039BA3427BDA96
:1046B000029B2700002B09DB0C9B671E02331AB2FA
:1046C0000C92029A3FB29B181BB202936B469B89D5
:1046D0000A9301339AB21BB203930B925300029ACE
:1046E00001339B181BB20293039B9F422CDB079B59
:1046F0000D9A134212D00999BAB25300CB180699F9
:104700000B988A1A05992E68411808981BB20090D8
:10471000306A12B2060009B22800B0470222079B95
:10472000134211D00999BAB25300CB1806990B98CD
:104730008A1A0599089E091A28680096066A1BB20B
:10474000280012B209B2B047BC4227D0079B0D9A8D
:1047500013420FD06B460A9910229B5E069A089E60
:10476000521A0599286809190096066A12B228009B
:1047700009B2B0470222079B13420FD06B460A9939
:1047800010229B5E069A2868521A059912B2091BDC
:10479000089C09B20094066A2800B047049B3C00BC
:1047A00002339BB2049380E70FB0F0BDF0B51E005A
:1047B00004000F0087B00CAB1B88049205930368BC
:1047C0005B69984704990598B2B253008A1A216828
:1047D0000090096A01330D00200039001BB212B2AB
:1047E000A847059B3900029300230193033320005F
:1047F000049A00933300FFF739FF23682000DB6A37
:10480000984707B0F0BDF0B591B01D0016AB02920D
:1048100000229B5E0700039317AB00269E5F18AB38
:1048200000229B5E039A049319AB1B880C0009932A
:10483000029B934200DCD7E0049A93421DDD049B67
:10484000039A934212DA1300049A0392029A029393
:104850002B003500260004921C000EE0029B039AF8
:104860000393230002922C001D00E8E7029B049AA8
:104870000493230034001E0002923B6838005B69F9
:104880009847039B049A93421DD1A54202DD2B0059
:1048900025001C00B54205DC231CB44200DA331CA1
:1048A0002E001CB209993A6801340091A31B556A85
:1048B00031003800039A1BB2A8473B683800DB6A16
:1048C000984711B0F0BDA3B2ADB205935B1B1BB20C
:1048D0006A460D936B4691891B89B6B25A1A12B279
:1048E0000E92721B12B208926A46128A511A09B2CB
:1048F0000B910599D21A761A31B212B20C910F921D
:104900000499029A0A928A4202D0013B1BB20A938E
:104910000023039E079306930A9B9E422ADC0E996E
:10492000069804F065FB28180B9904B2079804F068
:104930005FFB0D9A069B9446089A6344944606933F
:10494000079B2818634400B20793844202DD2300CA
:104950000400180009993A680091526A013094469F
:10496000031B32002100380064461BB20136A04709
:1049700036B2D1E7029BF21A0C9B53430293039B7E
:10498000089AF31A5A430392049B9E4200DD94E76F
:104990000F99029804F02CFB059B0B99181804B290
:1049A000039804F025FB0C9A029B9446089A6344F2
:1049B00094460293039B2818634400B203938442F5
:1049C00002DD23000400180009993A680091526A38
:1049D00001309446031B32002100380064461BB2AC
:1049E0000136A04736B2CFE7039B049A934200DD1D
:1049F00034E7029A029303922B000D002CE7F0B5E6
:104A00008DB0079312AB069200229B5E0591019335
:104A100013AB00229B5E0400089314AB1B88002696
:104A2000099315AB1B8835000A9303685B699847A7
:104A30000722019B0B92D91DCB1713405B18DB108B
:104A4000029333009AB20392069A99B28A1812B26C
:104A50000492089A934227DA0023019A93421DDABE
:104A60009AB200920B9A6D00EDB2134203D1079AED
:104A7000DB109219D55C2368059A9B691F00009B87
:104A800099186AB2099B09B2002A00DB0A9B200030
:104A9000049AB847009B01331BB2DEE7039B029ADE
:104AA00001331BB2B618CDE723682000DB6A9847B4
:104AB0000DB0F0BDF0B585B00AAC0025645F0BAD5C
:104AC0000026AD5F0DAF0CAE36883F880296039787
:104AD00001950094FFF793FF05B0F0BDF0B595B0D8
:104AE0001D001AAB1B88049205931BAB1E881CABE0
:104AF0001B78026A02931DAB1B7804000891039394
:104B0000002A00D0C4E00C22835E8B4200DC7DE0F2
:104B10000E22835E049A934278DD0623029A534361
:104B20005B18002B72DD039B049ADB009B18002BA3
:104B30006CDD037F002B03D1AF2D01D90135EDB220
:104B4000236820005B69984705220023554307939B
:104B5000984B0B925B190F93079A0F9B9B5C0A93E0
:104B60006B469B8B09936B461B89099A0E936B4688
:104B70001F8C029B5343FB181BB20D9308230C930D
:104B80000023069301220A9B2068134252D06B46F1
:104B90001A8B198A029B012B3AD1039B012B37D127
:104BA000099B52188569D919059B12B209B22000D8
:104BB000A847069B01335BB206930A9B5B080A93E6
:104BC0000C9B013BDBB20C93002BDBD1079B013329
:104BD0005BB207930B9B013BDBB20B93002BBBD16A
:104BE000059BB3420ED0029B2268012B3FD1039B51
:104BF000012B3CD105370096156A2000049A39B282
:104C00000733A84723682000DB6A984715B0F0BD3A
:104C10006B4608255B5F039D6A438A18059912B2AB
:104C2000019169460C25495F0091C5690D992000E5
:104C3000A847BEE7059BB342BBD06B461A8B198AC7
:104C4000029B012B0AD1039B012B07D1099B521810
:104C5000D9198569330012B209B2A8E76B46082555
:104C60005B5F039D01966A438A1812B2D9E76B46CF
:104C700008215B5E05210E9801964143039879183F
:104C8000C0000090D5692000049A09B2A847B9E78E
:104C9000137A5168ED1A1268EDB2ED0013924A5B77
:104CA0004B1909929A780D92DA78119205229A5648
:104CB0009B790E925BB20F93029B012B02D8039B50
:104CC000012B56D96B4638229B5E0B936B463C22D8
:104CD0009B5E0C930027236820005B699847079729
:104CE0000697119B069A9A4200D38BE76B461B8A64
:104CF00000260A930C9B9B18039A53430A9AD318D5
:104D00001BB210933B000D9A96424BD25A1CD2B262
:104D100012920722134207D1099B0999139A013372
:104D2000525C9BB2079209936B461B7F5BB2002BD0
:104D300017DA6B46198C029B2068012B1DD1039B4F
:104D4000012B1AD10A9B0F9A9A18069BD2180E9B18
:104D500012B2C918836989191D002000059B09B288
:104D6000A847079B01365B00DBB20793F6B2129BA4
:104D7000C9E700230C930B93ACE76B4608229B5EBC
:104D80000B9A029D92196A438918059A09B20192F9
:104D90006A460C25525F0092C26920001500109AE5
:104DA000A847DEE7069D0D9B0135FF18EBB2FFB269
:104DB000069396E7F4B400007FB508AC258809ACEB
:104DC00026880AAC24780196009503940294FFF794
:104DD00085FE7FBDF0B5026A04000D0085B0002A93
:104DE0002CD10A2908D1437E0282DB00628A9B18FB
:104DF0006382012005B0F0BD0D29FAD01223C25EF6
:104E00001023C15E437E0393037E0293C38A019302
:104E1000838A00932B00FFF761FE227E238A312DC7
:104E200008D1042A02D113332382E2E7032A01D1F5
:104E30000E33F9E706214A439B18F5E70A2905D105
:104E400000230382127B437E5343CFE70D29D0D04A
:104E5000137A9942CDD3917AA942CAD3EB1A5168F9
:104E6000DBB2DB00CE18B178002929D0F378002B13
:104E700026D0E37E007E677E002B13D00523F356F9
:104E80005B1843439C461023E15E8C440C23E15E97
:104E90008C4507DD1223E15E00232382137B7B43D5
:104EA0005B1863821223E25E1023E15EE38A0290C4
:104EB0000193A38A2000009303972B00FFF70EFEB7
:104EC000227E33795343228AB6E70B1C002900D196
:104ED000012303764376704710B500F02DFB0022C6
:104EE000024B8000C35849331A7010BD5816002079
:104EF000F0B5040085B01E000AAB1B78103001939A
:104F00000BAB1B78170002930CAB1B780D000393BF
:104F100000F094F92000243000F090F922000023E2
:104F20004832A363E3632364636413705370637252
:104F30009D4205D12721084B084A094804F082FA0E
:104F40002000019B25606371029B2771E371039B25
:104F5000A671237205B0F0BD4CBA00005DBA000026
:104F6000B1BA000030B5040085B002AD006802910E
:104F7000039201F036FB6B79227AE1792068009385
:104F8000002301F0F7FC2979029A206801F04EFB1A
:104F9000206801F01CFB05B030BD000007B5837A26
:104FA00000910192002B07D09A070AD5EFF31083E6
:104FB0005A425341C37272B60099019AFFF7D2FF69
:104FC00007BDDB07F8D5C368014A9BB29360F3E7DE
:104FD0000018004010B5006801F00CFB10BD000087
:104FE00010B5006801F01AFC03000020834203DBC7
:104FF0000C304343014A985810BDC04618BB00000E
:1050000010B5006801F00AFC002805DB0C234343BF
:105010000348C018406810BD01204042FBE7C0466D
:1050200018BB000010B5006801F0F8FB002805DB94
:105030000C2343430348C018806810BD0120404240
:10504000FBE7C04618BB0000F0B5060010360500AF
:1050500089B0300000F048F900286CD12F002437C7
:10506000380000F041F9041E62D12800FFF7DAFF92
:10507000C1B2300000F018FA0221300000F038FA16
:1050800001222E49300000F00BFA300000F054FAF3
:105090002B4B8000C5502800FFF7B2FFC1B238008B
:1050A00000F002FA0221380000F022FA380000F085
:1050B00043FA234B8000C5502800FFF791FF0123DE
:1050C0000100220002933000230004940394019411
:1050D000009400F033FAA8632800FFF781FF012352
:1050E00002002100019338002300049403940294E9
:1050F000009400F023FAE863402004F0FFF92A004E
:1051000048322864079200280BD00123137068648A
:105110006B6C10221819E96B103404F003FA402C60
:10512000F6D1079B1B78002B05D1380000F076F9EB
:10513000300000F073F909B0F0BDC046D94E000050
:105140005816002070B5437A0400002B03D10122C9
:1051500043814272C360230048331B78002B02D185
:105160002000FFF771FF18263300082120790D4D2C
:105170004343EB18595603F073FD33000821A0791F
:105180004343EB18595603F06BFD08216079464301
:10519000AD19695603F064FD034B200006CBFFF701
:1051A000E1FE70BD20C10000501600201FB5094A65
:1051B000094B0A4913600023938002930133019342
:1051C00016330093162201330548FFF791FE05B010
:1051D00000BDC0465016002000093D007C22002082
:1051E00004160020084B1968002909D1EFF310803C
:1051F000064A002803D172B6BFF35F8F01311170E8
:105200001A6801321A60704718180020141800201C
:10521000084B1A68002A0CD01A68013A1A601B68F9
:10522000002B06D1044B1B78002B02D0BFF35F8FFD
:1052300062B670471818002014180020FF2310B51C
:105240000370C023002104009B00417041808380D3
:105250000C22083004F06FF9200010BD01230A0071
:1052600010B51A40194208D00C4A1370033343702A
:105270008368002B00D0984710BD0223194204D048
:1052800006490B70C3684270F3E704231942F3D058
:10529000024A1370033343700369EAE74E48004142
:1052A00010B5FFF79FFF0C4B1B8C1B071B0F0B2B25
:1052B0000FD80A4A9900885800280AD00F240849B4
:1052C0000A78A24313430B70064B1978C9B2FFF753
:1052D000C5FFFFF79DFF10BD004800411C180020CE
:1052E0003F4800414E480041F8B5002302780500D0
:1052F00018000B2A77D93C4E2B702B780B2B07D834
:1053000001229A403168114204D001332B70F4E736
:10531000012068E0FFF766FF3768344C002F2BD17F
:105320002022334B334859690A435A611022D96904
:105330000A43DA61022223883900934323802388B9
:10534000013A134323802C4B6063BF32A36304F004
:10535000F2F8C0223900284804F0EDF84022C120BC
:10536000264B80002380264B26491A601A5811408C
:10537000C02212040A431A5001231A002978306807
:105380008A40024332600F261F4A880085501F481A
:1053900031400278B2430A43027002201C4A11785D
:1053A00081431170117819431170297822698B405B
:1053B0009A43226160223F21636C934363642A799C
:1053C000636C0A40134912020B40032113436364C8
:1053D0006A79636C0A40104992050B401343636479
:1053E000FFF716FF0020F8BD10180020004800410C
:1053F000000400405017002090160020020F00000B
:1054000000E100E0FFFF00FF1C1800203F480041C2
:1054100040480041FFC0FFFFFFFF3FFF70B50500A0
:10542000FFF7E0FE6B785CB2062B2BD02B780224C2
:105430000B2B27D801229A40144B1968114221D016
:105440001968914319601B68002B14D14022104B3E
:10545000DA67BFF34F8FBFF36F8F21000D4A0E3114
:105460001388A34313800C4BDA698A43DA615A69C3
:1054700010318A435A6100242B78084A9B009C50C3
:10548000FF232B70FFF7C4FE200070BD1018002012
:1054900004E100E000480041000400401C18002026
:1054A0000232920011507047037870B505000C006D
:1054B00001710B2B14D8FFF795FE29780F250948A9
:1054C00029400378084AAB430B4303703F23516CD8
:1054D0001C40064B240219400C435464FFF798FE0D
:1054E00070BDC0463F48004100480041FFC0FFFF7B
:1054F000037870B505000C0041710B2B14D8FFF731
:1055000071FE29780F25094829400378084AAB43E2
:105510000B4303700323516C1C40064BA405194038
:105520000C435464FFF774FE70BDC0463F48004111
:1055300000480041FFFF3FFF00787047F0B587B09B
:1055400001930CAB1E780DAB1B78050002930EABDC
:105550001B780078039310AB1F78049105920B28F9
:1055600002D9002007B0F0BD6B78062BF9D0AB78DC
:10557000002B00D179E01021080003F0B5FF0028CE
:10558000EFD02B783B4A1B019B181A00D1680029E9
:1055900004D0D1688B4201D0D268F7E7D0600122F5
:1055A0000223AA70964203D0DB18022E00D013000B
:1055B00006240188114301800188A14301800188EC
:1055C0001234A1430180153C018826402A4C360242
:1055D00021400E430680029E0188284C164021403F
:1055E000B6020E430680039E0188254C16402140DA
:1055F000F6020E4306800188224E3A4031401203E3
:105600000A43072102800F9A114002884903D204FD
:10561000D20C0A4302806A4692884280049A426011
:10562000029A002A08D0019A41685A43002F01D0FB
:105630000F9CA2408A184260059A8260039A002A51
:1056400009D0019A84685A431300002F01D10F9AA0
:105650009340E31883600023EA789A4203D02B78C2
:10566000044A1B019B18C3607CE7024B0001C01871
:1056700095E7C04650170020FFFCFFFFFFFBFFFF30
:10568000FFF7FFFFFFEFFFFFF0B5150005AA148835
:10569000827E022A00D16BE0032A00D19FE0012A1A
:1056A00000D06DE0EA430589AD182DB2002D5EDB18
:1056B0000826825FAA425ADD002902DA5B1800211F
:1056C0001BB20A22825EC818904201DD531A1BB237
:1056D000002B4CDDC8B2C2085E4992015219521823
:1056E00007250100DBB2294028421CD008205A4D72
:1056F000401AC0B22D5C834200D3A3E0FF26C71A34
:105700003E413540012C00D16EE0022C00D16FE00B
:10571000002C2CD11678AE431670834227D308395B
:105720005B18DBB24032072B14D9022C63D1100076
:10573000190005780839ED43C9B2057040300729D2
:10574000F7D819000839C9B2C908013189015218BE
:1057500007210B40002B0AD04049CB5C012C58D0CC
:10576000022C5AD0002C02D1117899431170F0BD4F
:10577000EA434589C918AD1802892DB2511A09B2F8
:10578000002DF4DB0A26825FAA42F0DD002902DA4E
:105790005B1800211BB20822825EC818904201DD0E
:1057A000531A1BB2002BE2DDEA1092015118294A6C
:1057B00001208A1807210D40A840C0B2012C2FD02B
:1057C000022C36D0002CD2D1C043C0B2013B1BB258
:1057D000591CCCD01178014011700132F6E7428992
:1057E000C918511A09B261E716783543157094E764
:1057F00016787540FAE7611E4842414115001800CD
:105800004942C9B20838C0B2297040350728F9D8D2
:1058100097E711780B431370A9E711784B40FAE72B
:10582000013B1BB2591CA2D0117801431170013207
:10583000F6E7013B1BB2591C99D011784140117019
:105840000132F6E7012CCFD0022CD1D0002C00D0B1
:1058500065E75FE7F0010020E8010020E00100209B
:10586000F0B50C0005A90D88817E02293CD00329E2
:1058700000D1A1E001293FD10189D2188A1A12B2C0
:10588000002C00DA97E00A26815FA14200DC92E05A
:10589000002A02DA9B1800221BB20821415ED018B0
:1058A000884201DD8B1A1BB2002B00DC83E0E11083
:1058B00089018A185D490120511807221440A0402F
:1058C000C0B2012D00D17CE0022D00D182E0002D7C
:1058D00071D1C043C0B2013B1BB25A1C6BD00A78D5
:1058E00002400A700131F6E7E1430489D2186418D6
:1058F000418924B28A1A12B2002C5CDB0826815F2F
:10590000A14258DD002A02DA9B1800221BB20A21AC
:10591000415ED018884201DD8B1A1BB2002B4ADD94
:10592000D2B2D10841488901091909181400072089
:10593000DBB2044002421AD001303D4A001BC0B223
:10594000125C834200D36AE0FF26C71A3E41324010
:10595000012D48D0022D4AD0002D2CD10E7896432F
:105960000E70834227D3083C1B19DBB24031072B52
:1059700014D9022D3ED108001A000478083AE443F5
:10598000D2B204704030072AF7D81A00083AD2B2CF
:10599000D20801329201891807221340002B0AD045
:1059A000244AD35C012D33D0022D35D0002D02D1F5
:1059B0000A789A430A70F0BDE1434489641824B21E
:1059C0005EE7013B1BB25A1CF5D00A7802430A700D
:1059D0000131F6E7013B1BB25A1CECD00A78424079
:1059E0000A700131F6E70E7832430A70B9E70E7893
:1059F0007240FAE76A1E504242410C0018005242BF
:105A0000D2B20838C0B2227040340728F9D8BCE7B7
:105A10000A7813430B70CEE70A785340FAE7012D5A
:105A2000E1D0022DE3D0002D9DD197E7F0010020B9
:105A3000E8010020E001002030B5002947DB0C25FB
:105A4000445F8C4243DD002A41DB0E25445F9442D3
:105A50003DDD847E022C1ED0032C25D0012C04D1E8
:105A6000D243008980180A0001B2012B22D0022BF8
:105A70002ED0002B2BD10720D31703409B18DB100F
:105A80009B0159180123024093401A00174C635C94
:105A9000934363541BE00489013C611AD443428957
:105AA00009B2121912B2E0E740890138401A110018
:105AB00002B2DAE70724D017204080182240934032
:105AC000C010800141180948425C1343435430BD63
:105AD0000720D31703409B18DB109B0159180123A3
:105AE00002409340014C625C5340D2E7F001002039
:105AF00070B504000D0020224021FEF79FFD094BE8
:105B0000FF220833236023002A331A702200012366
:105B100028325B42E38413702300293320001D7078
:105B200070BDC04660BB0000802210B50021024855
:105B3000520003F000FD10BDF00100200300F7B596
:105B40002B331B7804000D00002B03D01348FFF704
:105B500041FAF7BD082380260127009323001F2068
:105B6000083301931856002103F036F831001F2046
:105B7000E31D185629402E4200D0390003F02CF8BE
:105B80001F20019B3900185603F026F8009B760869
:105B9000013B0093002BE1D1DBE7C0460416002057
:105BA00070B5C31DDB7F04005BB20D0001331AD05A
:105BB000060000202A360121305603F00DF8282077
:105BC0000021205603F008F800200021305603F091
:105BD00003F829002000FFF7B1FF00200121305613
:105BE00002F0FAFF70BD0534E17F084C2000FEF79B
:105BF00037F900212000FEF74BF929002000FEF7BD
:105C000047F92000FEF7A2F9ECE7C046D0130020C8
:105C1000F0B585B00093831DD977431DDA771F2334
:105C2000C71DFB5604000D00013300D1CAE003007C
:105C30002020083301931856012102F09DFF260011
:105C40002A20012120562B3602F096FF3378002BB4
:105C500000D1A7E0604E3000FFF774FA002302AADB
:105C6000938030005D49039AFFF798F9009B002B61
:105C70001DD02600002029363056002817DB0121D0
:105C800002F07AFF00200121305602F0A5FF01202A
:105C900002F03CFC00200021305602F09DFF0A205B
:105CA00002F034FC00200121305602F095FFAE21B5
:105CB0002000FFF775FFD5212000FFF771FF80213D
:105CC0002000FFF76DFFA8212000FFF769FF1F21CB
:105CD0002000FFF765FFD3212000FFF761FF0021BF
:105CE0002000FFF75DFF40212000FFF759FF8D21C5
:105CF0002000FFF755FF1021012D00D014212000B6
:105D0000FFF74EFF20212000FFF74AFF002120006F
:105D1000FFF746FFA1212000FFF742FFC821200026
:105D2000FFF73EFFDA212000FFF73AFF12212000A3
:105D3000FFF736FF81212000FFF732FFCF2120003F
:105D4000FFF72EFFD9212000FFF72AFF2221012D86
:105D500000D0F1212000FFF723FFD9212000FFF719
:105D60001FFF2221012D00D0F1212000FFF718FF95
:105D70002000DB21FFF714FF20004021FFF710FF78
:105D80002000A421FFF70CFF2000A621FFF708FF49
:105D900020002E21FFF704FFAF212000FFF700FFB6
:105DA00005B0F0BD1F200121385602F0E5FE1F208E
:105DB000019B0121185602F0DFFE3378002B00D141
:105DC00054E747E7064E3000FEF71CF8300005495F
:105DD000FEF738F84AE7C0460416002000127A00A1
:105DE000D0130020801A0600F8B504002121FFF727
:105DF000D7FE20212000FFF7D3FE5F212000FFF710
:105E0000CFFE22212000FFF7CBFE00212000FFF76C
:105E1000C7FE03212000FFF7C3FEE31DDB7F102632
:105E20005BB2013321D0260000202A3601213056F2
:105E300002F0D2FE28200121205602F0CDFE0020E3
:105E400000218027305602F0C7FE00257F00174B47
:105E50002000595D0135FFF771FEBD42F7D10020EA
:105E60000121305602F0B8FEF8BD3500104F631D19
:105E70003800D97FFDF7F4FF103D40213800ADB266
:105E8000FEF706F8094B3800595D0135ADB2FDF754
:105E9000FFFFAE42F6D13800FEF758F888231036DF
:105EA000B6B25B009E42E0D1DEE7C046F0010020C2
:105EB000D013002010B5054A0549064800F010F837
:105EC0000022054B05491A705A5410BD0104000008
:105ED00000BC0000501C00204C18002002040000F0
:105EE00030B5094D094CAB685B035B0F9B001C5937
:105EF0000460AB6801619BB243606343A4008360AC
:105F0000C460426130BDC0460040004100C1000095
:105F1000F7B58026194D01916F6803333E439B0806
:105F20006E60002B29D0164E2E802E7DF107FCD5F9
:105F30001E000768991BBF088F4217D9002E15D085
:105F4000FF2117788C433C430E4957780C403F02A1
:105F50003C439778A4B23904D7780C433F060199A3
:105F60003C4310C101910432013EE2E7064B2B8015
:105F70002B7DDB07FCD53300D3E7F7BD00400041A4
:105F800044A5FFFFFF00FFFF04A5FFFF044B054AE8
:105F90004908D9611A801A7DD207FCD57047C046DE
:105FA0000040004102A5FFFF70B504000D0016007F
:105FB000E36829002000B34205D2FFF7E7FFE3685A
:105FC000ED18F61AF4E7FFF7E1FF70BD10B5100009
:105FD0001A0003F0A7FA10BD114B12495A880A4063
:105FE0005A805A78D209FCD10F4A5A805A78D2097D
:105FF000FCD10E4A5A605A7852B2002AFBDB80224A
:10600000596892030A435A605A7852B2002AFBDB5D
:10601000C023074A9B0051680B4353607047C0463A
:10602000000C0040FFBFFFFF054600000603010013
:106030000040004170B5104800F0C0FE0024A042AE
:1060400003D10E4801F0C2F9013402220C4B0D4875
:106050001968914319600421056929430161BFF35F
:106060004F8F30BF19680A431A60002C02D00348D2
:1060700001F070F970BDC046A4220020C0220020AB
:1060800010E000E000ED00E070B50500140008002D
:106090001A001A290AD9FF2907D10021280000F087
:1060A00099F82100280000F043F870BD182116254A
:1060B0004143094B5B185D576B1CF6D0102DF4D093
:1060C000210002F079F8FFF787FF0123AB40034A74
:1060D00051690B435361E8E720C1000000180040FC
:1060E0000423044A10B5117E0B431376024B5B6800
:1060F000984710BD00400042681C002010B50248BF
:1061000000F004F810BDC046681C00200023037096
:1061100070470000044B10B51B68002B00D0984757
:106120000122024B1A7210BD701C002000140040A6
:10613000014B19607047C046701C0020094B0A4A89
:106140009A605A7852B2002AFBDB084A5A605A78A1
:1061500052B2002AFBDB064A5A805A78D209FCD197
:106160007047C046000C0040020400000205110008
:10617000044200000221044B1A888A431A809A7A4A
:10618000D209FCD17047C046001400400222044BE3
:1061900019880A431A809A7AD209FCD17047C046FE
:1061A000001400400122044B19880A431A809A7A8D
:1061B000D209FCD17047C046001400400121044BB5
:1061C0001A888A431A809A7AD209FCD17047C0464D
:1061D000001400402023F7B500272A4A0E009169D9
:1061E00005000B439361284B284A294C9A82BE42F2
:1061F0000BD1284B37001A7870231A4205D0238818
:106200001B0702D50127236901932800FFF796FF9A
:106210002800FFF7AFFF2800FFF7C4FF63881E4A7E
:10622000134063801D4B2380A37ADB09FCD1C0217E
:106230001B4A08331360890053581B021B0A535032
:106240000123E27913430722E371237F93432377EA
:10625000A37ADB09FCD12800FFF798FF2800FFF79D
:10626000ADFF002E0BD1002F09D0019B002B06D0D3
:106270002361A37ADB09FCD101332B70F7BD8423A2
:10628000DB03F5E70004004000080040CE060000F4
:106290000014004038040040FFBFFFFF080A000060
:1062A00000E100E010B5024801F08CFE10BDC046D0
:1062B000741C002010B5024801F084FE10BDC046D9
:1062C000701F0020F7B501240326154F154938002B
:1062D00000F0E7F81449154800F0E3F814491548B0
:1062E00000F0DFF81449154800F0DBF814491548B0
:1062F00000F0D7F8144D1549280000F0D2F8390005
:106300002300009600220194114801F0F1FD2900BC
:1063100000961E231F2201940E4801F0E9FDF7BDEF
:106320006C22002000080042000C00427022002075
:106330000010004274220020001400427822002045
:10634000001800427C22002080220020001C004215
:10635000741C0020701F0020F8B505000E00170007
:106360000024BC4208D02B682800315D1B68984788
:10637000002801D00134F4E72000F8BD70B5050015
:106380000C00081E07D003F0E3FC2B68020021007C
:1063900028005B68984770BD10B5FFF7EFFF10BD90
:1063A00010B503681B68984710BD000010B502497E
:1063B000FFF7E4FF10BDC04670C5000070B50400D3
:1063C000FFF7DCFF05002000FFF7F0FF401970BD6C
:1063D0000EB410B5040097B019AB04CB502102A83D
:1063E000019303F0E7FC200002A9FFF7C7FF17B0F5
:1063F00010BC08BC03B01847F0B58BB06B46140056
:106400000022053307000D00DA77012C00D80A249A
:1064100009AE2800210002F0E7FD0300CAB208001F
:1064200029001D0013003733DBB2092802D81300FE
:106430003033DBB2013E33708C42EAD93100380090
:10644000FFF79CFF0BB0F0BDF8B507000D00161E5E
:1064500004D10368C9B21B689847F8BD0A2A0CD159
:1064600000290BDA2D21FFF79BFF3200040069425F
:106470003800FFF7C1FF2018EFE7D2B2290038003B
:10648000FFF7BAFFE9E710B5FFF7DEFF10BD70B503
:106490000400FFF7D9FF05002000FFF787FF401930
:1064A00070BD016070479446F0B505AC25789C1E20
:1064B000621E9441624606689207376824063A4392
:1064C00022430724326000682140AD010024426865
:1064D0002943022B00D05C030A4322434260F0BDF3
:1064E00030B5C0250368AD031C6812052A4022435D
:1064F000C0240904A40221400A431A6003685A68B0
:1065000014435C6030BD0123026811680B431360C3
:1065100003681A68D207FCD4DA69D207F9D4704745
:106520000223026811680B4313600268D3699B075A
:10653000FCD4704703681A7ED20702D41A7E9207F1
:10654000FCD57047002203685A8370470368187EA1
:106550004007C00F70470368187EC009704780234A
:1065600002685B42117E0B43137670470368588BB9
:106570008007C00F704702230268518B0B4353837F
:1065800070470368187EC007C00F70470368188DF6
:10659000C0B2704703681A7ED207FCD589B20120C9
:1065A00019857047012203689A75704701220368B4
:1065B0001A7570470123026811680B431360036862
:1065C0001A68D207FCD4DA69D207F9D470470223DB
:1065D000026811680B4313600268D3699B07FCD4FF
:1065E00070470368DA699207FCD402211A688A436B
:1065F0001A6070470268936A5B0A5B020B439362FE
:1066000003681A7E5207FCD5986AC0B27047000032
:1066100010B50548490002F061FC80B2002801D0A5
:10662000013880B2C0B210BD006CDC0270B50C0045
:1066300001261100630802683340344015682407BE
:106640005B0723432B4313600468FFF7E1FF2073CC
:1066500070BD0123026811680B43136003681A6858
:10666000D207FCD4DA69D207F9D470470223026852
:1066700011680B4313600368DA699207FCD4302178
:106680005A8B8A43110010220A435A830268D36945
:106690005B07FCD470470221026813688B431360C8
:1066A0000268D3699B07FCD4704780230268DB0231
:1066B000116851680B435360704700000368034939
:1066C0001A685A680A405A607047C046FFFFFBFFCD
:1066D000032230B5036811401C68074D5A6809044D
:1066E0002A40E4061143640F5960052C03D1026867
:1066F000D3695B07FCD430BDFFFFFCFF30B50368F6
:106700000400588B8006800F022813D05D8B002078
:10671000AD06AD0F032D2ED0588B800705D55D8BB0
:106720000020AD06AD0F012D25D15D8BAD06AD0F5F
:10673000281E20D04800596A1043C90AC0B2C902B5
:10674000014359622368002A08D11A7ED207FCD57A
:10675000588B01234007C00F58400CE01A7E920767
:10676000D00F002AF4DB1A7ED207F7D5C022596871
:1067700092020A435A6030BD0368283319700268D8
:10678000137EDB07D80F002B03D1538BDB07F7D524
:1067900070470123508B4007C00F5840F8E703684B
:1067A000283319700268137E5B07D80F002B04DAB8
:1067B0000123508B4007C00F58407047036818688A
:1067C000C006400F043843425841C0B270470368C6
:1067D000187E4007C00F70470368187EC007C00FBF
:1067E00070470368588BC006C00F70470368187E57
:1067F0008007C00F70470368588B0007C00F7047B1
:1068000003681A68D206520F052A02D11A7E92072F
:10681000FCD528331878C0B2704700000368104ACE
:10682000934213D00F4A934212D00F4A934211D091
:106830000E4A934210D00E4A93420FD001200D4AC7
:106840004042934201D1063040B270470020FBE73E
:106850000120F9E70220F7E70320F5E70420F3E73A
:1068600000080042000C00420010004200140042E8
:1068700000180042001C0042F8B5FFF7CFFF0028C7
:106880002CDB1D4BC000181805230479C3560320C8
:10689000FF221840C0008240C021D2438140002B1B
:1068A0001DDB1F2501201D40C026A840134D76008A
:1068B000A851C0269B089B005B19B6009F593A401F
:1068C0001143995128603F2323408024E4011C4355
:1068D0000B4B5C805A7852B2002AFBDBF8BD0F20CC
:1068E0000340083B07489B089B001B18D8690240DF
:1068F0001143D961E7E7C04674C5000000E100E03C
:10690000000C004000ED00E0F8B504000F00160098
:106910001D00FFF7B1FF2000FFF7F5FD1C21BB00B4
:106920000B4071072268090C0B4313608423226813
:106930009375012F1AD11021012E00D008390C4B6C
:1069400069431868C00002F0C9FA072221680240B2
:106950008B895203DB04DB0C13438B812268030415
:106960009089DB0C400B400318439081F8BDC04672
:106970008C030020F7B50500019308AB0C0016004E
:106980001F78FFF717FE2800FFF776FFC021C0220F
:10699000890224040C409203BF07360527431640A2
:1069A0003E430C2707222B683E431E60019B29684B
:1069B00013401A0080239B0213434B602A68D3695B
:1069C0005B07FCD4F7BD0000F8B504000F00FFF72B
:1069D00053FF2000FFF73DFE1422236879001A6060
:1069E0000C4B25681E68300002F078FA0A49040052
:1069F000300002F073FA7D23FA215843C90002F0F7
:106A00006DFAFF23241AE868053C1C4098430443B0
:106A1000EC60F8BD8C03002040420F000221084BBF
:106A20001A888A431A80DA7BD209FCD101321A8093
:106A3000DA7BD209FCD11A88D207FCD47047C04651
:106A400000340042074B10B51B780400002B08D01F
:106A5000FFF7E4FF0021200002F0BEF80022024B05
:106A60001A7010BD84220020A0220020F7B5040077
:106A70000E1E019202D1FFF7E5FFF7BD8023554AB4
:106A80005B03554DD367BFF34F8FBFF36F8FC022AA
:106A90005200AB50514B1A78002A23D0504B1B7830
:106AA000002B31D14F4B3100186802F017FA8022C9
:106AB000431E52020093944600230427009A624525
:106AC00029D301005A1CD140013900911900B94362
:106AD000C9B2032902D0D2B2062A01D10233DAB2F6
:106AE0001300EBE70122C5211A7089006B58FE32B2
:106AF00093431A00402313436B503B4A3B4B5A804D
:106B00005A78D209FCD1C9E7394B1868A042C9D0DC
:106B1000FFF798FFC6E7013B0027092B02D8354A4B
:106B20005B009F5A019B002B4FD0FA2173438900D1
:106B3000580002F0D3F9002302002F492F4E0A60BB
:106B40004B60FFF76BFF33883B4320271F433780A1
:106B5000F37BDB09FCD16B461B883383F17BC909CE
:106B6000FCD11820264F6043BC46264B264FC35607
:106B7000DB019C4462463A60244A254F9B183B60E7
:106B80000127204B1A1853683A009A40214B1A608B
:106B90001023727B13437373154B1A68A24209D0FA
:106BA00020001C6002F018F83900200001F0E4FF1A
:106BB0000B4B1F700223328813433380F37BDB09B6
:106BC000FCD180235B032B6057E701225242D3178D
:106BD000B3E7C04604E100E000E100E084220020C9
:106BE000A02200200C0300201C400000000C0040EC
:106BF00008030020A4C500009822002000340042B1
:106C00001C44004120C10000902200201444004197
:106C10008C22002088220020154B70B51868596816
:106C20000500144C0D4319D0134A216812681160F5
:106C300018685968002902DC0AD1002808D01868B1
:106C4000596801246442E5170019694118605960C8
:106C500010230A4A917B0B43937370BDFFF7DEFE4E
:106C6000074B22681B681A60064B1D70F5E7C0468B
:106C70009822002088220020902200200034004228
:106C80008C220020A02200203F20704713B56B46C5
:106C90000268D9710733546819000122A04716BD54
:106CA00010B50221006900F047FC10BD10B50321AA
:106CB000006900F057FC10BD10B51300084A04002D
:106CC000D279002A03D101230020636010BD0A009D
:106CD0000069032100F03EFD0028F4D0F6E7C0462D
:106CE0001403002010B5054C03002068421C04D199
:106CF0001A68180052699047206010BD6003002098
:106D0000074A0300106810B5411C03D001235B4201
:106D1000136010BD0221186900F00EFDF9E7C046AE
:106D20006003002010B50378422202330370024949
:106D3000024800F0BBFD10BD1C030020C022002053
:106D400010B50178030042780020A12908D1212A3A
:106D500005D1174917481A3A00F0A8FD012010BDC7
:106D60002129FCD1202A13D111491248193A00F0E7
:106D70003DFC96220E4BD200196891420ED1DA7971
:106D800001231A420AD1FA2001F0C8FF0020E6E7E9
:106D9000222A06D19A78064BDA71EAE701F0C4FF9D
:106DA000F4E7232ADBD15A88034B1A60D7E7C046A1
:106DB00014030020C02200201003002010B501F0B1
:106DC0006FFBFA2300245B00984207D3044B0A2090
:106DD000DC79631E9C41E4B201F098FB200010BDF9
:106DE00014030020FA220021054B92009A60054A04
:106DF00008321A60044A59601A6119767047C04611
:106E0000A4220020B8C50000C0220020704770B541
:106E10000F26CB1D02003240D5B22C0000093034C1
:106E2000092A00DD07341C705A1E994200D170BD3A
:106E30001300EFE710B50400806902F069FBA06A57
:106E400002F066FB200010BD10B50400FFF7F2FF52
:106E5000200001F0A5FB200010BD000070B5032943
:106E600008D1324B8000C058002802D00368DB688C
:106E7000984770BD82291FD1C3B22D4D5A01AA185F
:106E800091692C4C80010C40C021890521439161FE
:106E9000294908334018802150612A685B01D018C5
:106EA00004794942214301717020995C81430800B3
:106EB000302101439954DCE70029DAD1C024C1B262
:106EC0001B4E4A01B21893681A4DA4052B40234368
:106ED00093601A4B8001C0180B0050603068072681
:106EE00008335B01195CB1430E0001213143195491
:106EF00091690D402C43946170240F495161195CD4
:106F0000A1430C0010212143195491680C4CC31863
:106F10000C4080214903214391609168890B8903CA
:106F20009160402259790A435A71A2E7C422002095
:106F300078270020FFFFFF8FEC220020AC240020E8
:106F4000FF3F00F0EFF3108303600123436072B64C
:106F500070470368002B02D162B6BFF36F8F704792
:106F600037B5056904006846002D14D1FFF7EAFF24
:106F7000019B621D013B02D3D57FEDB2FAE7684663
:106F80000193FFF7E6FF002D01D100203EBD206AEE
:106F9000E369C01AFAE7FFF7D5FF22000025019B3D
:106FA0003432013B02D31578EDB2FAE7684601931B
:106FB000FFF7CFFF002DE8D0206BE36AE9E7000080
:106FC000F0B5FF2501264268836811682B405B01FC
:106FD000CC186419A77AD3183E43A672C6689C6879
:106FE0000B4FB60436093C4034439C6083682B4009
:106FF0005B01D2189468A40BA403946040228368B8
:107000002B4008335B01CB1819790A431A71F0BD84
:10701000FF3F00F0F7B5056904000E001700684651
:10702000002D43D1FFF78EFF019B601D013B5A1CD1
:107030000BD0C27F591E002A05D168460193FFF785
:1070400088FF2800FEBD0B00F1E768460193FFF7BB
:1070500080FFE369AF420AD0226A9A4207D95A1CDC
:10706000E261A269D3181B7873550135F1E7226AF2
:107070009A42E6D10023E361013368462361FFF7BA
:1070800061FF22000021019B671D013B3532581C26
:10709000D3D0F97710785E1E002805D0200011703B
:1070A0000193FFF78DFFECE73300F0E7FFF74AFFAE
:1070B0002000019B3430013B5A1C06D00278591E37
:1070C000D5B2002AB9D00B00F6E768460193002537
:1070D000FFF73FFFE36ABD4202D0226B9A421CD801
:1070E000226B9A42ADD100236846E3622361FFF729
:1070F00029FF270022000021019B3437013B353254
:10710000581C9AD0397010785E1E00280DD02000CF
:1071100011700193FFF754FFEBE75A1CE262A26A79
:10712000D3181B7873550135D4E73300E8E7F7B57A
:1071300082684368D2B2110004000831186849011E
:107140004118C879C00729D501255201CD719B1876
:107150009A6861699204920C002923D12262226A02
:10716000002A41D0A26A656168465A60FFF7EAFECC
:10717000342294462200019B671D013BA444353212
:10718000591C2DD06146FD770978581ECEB20029D2
:1071900005D0019368461570FFF7DBFEF7BD0300CD
:1071A0001670EDE72263226B002A1DD00022270013
:1071B0006261A26968465A60FFF7C4FE019B621DC6
:1071C0009446013B34373032591C09D061463D703A
:1071D000C97F581ECEB20029DBD103001670F3E739
:1071E00068460193FFF7B5FE2000FFF7E9FED5E7FB
:1071F00013B56A4600230C00D01DD371FFF792FD32
:1072000023681818206001F005FE6B46D91D01F0B7
:10721000CDFD236818186B462060D87916BD000094
:1072200003290ED180220E4B62311B68FF31585C5E
:10723000524202435A5468226339FF32FF3999544B
:1072400070470129FCD18022054B24311B68FF3196
:10725000585C524202435A5428222339FF32EDE748
:107260007827002070B500252F4B012104001A203B
:107270001D7001F081FC01211A2001F0ADFC2B4BA7
:10728000012119201D7001F077FC0121192001F066
:10729000A3FC2023264A0F20D1690B43D36101228E
:1072A00024490B7813430B70234B197881431970D1
:1072B00006211D782943197020490D782A430A7048
:1072C0001A7802401A70602219780A431A701C4B0F
:1072D0001C4A5A805A78D209FCD11B4801F0DAF8CE
:1072E0001A4D280001F0AAFD280001F0BDFD7F2104
:1072F0002B68C1201A7880000A401A70042219787D
:107300000A430C211A701A898A4311491A810A58B2
:107310001202120A0A5080220A6019787E3A0A4341
:107320001A700123237070BDE1220020E0220020AA
:1073300000040040584400413C440041594400418D
:10734000000C004006400000317D0000782700203E
:1073500000E100E00078002810D00121084B1B68F4
:107360001A898A431A810822198B0A431A83042234
:10737000198B0A431A830022024B1A607047C046D9
:1073800078270020702700200A000E498B699B0B8C
:107390009B038B610B680221FF3319729879823944
:1073A00001439971197A8907FCD57F20064B024069
:1073B000997A8143114380229972997A52420A4301
:1073C0009A7270477827002000500041007800280A
:1073D00005D0034B1A68012311890B4313817047B1
:1073E0007827002010B50B790C00002B0CD1080079
:1073F000FFF7A6FC002801D0012010BD094A9369BF
:107400009B0B9B039361F7E701F004FD210001F062
:10741000F1FC0028F0D1034A93699B0B9B03936115
:10742000EBE7C04678270020F7B50D001100832A4E
:1074300019D1EBB2324C5A01A21891693148AD0111
:107440000840C0218905014391612F4920686D18CA
:107450007021083355615B011A5C8A431100402298
:107460000A431A54F7BD022A45D1284AAB0098585E
:10747000002802D003685B699847382001F08CF837
:10748000234B8027036000231D4E7F00421D0362B3
:1074900003614361C36146608560C760D3772F3263
:1074A000C3620363040013703800537002F026F8BF
:1074B0000190A061380002F021F8EBB25A01A062FD
:1074C000B21891680F4808330840C021890501436C
:1074D0009160316807265B01585CAD00B04306003F
:1074E000032030435854019B20005360FFF768FD90
:1074F000064B5C51B6E72800FFF7B0FCB2E7C04688
:1075000078270020FFFFFF8FEC220020C4220020FC
:10751000E4C5000070B505000124064BA200D25856
:10752000002A05D021002800FFF77EFF0134F4E790
:1075300070BDC04664030020084B8A00D05810B5C7
:10754000002803D003689B68984710BD044BC9B25C
:107550004901591888688004800CF6E7C42200208D
:107560007827002010B50C00FFF7E6FF00280CD0AC
:10757000064BE4B219688023083464010C1962795F
:107580005B42134363710223E37110BD782700202F
:1075900070B5CBB2124A13485C01890189180219EF
:1075A00051609168104D08330D40802189022943B4
:1075B000402591609168890B8903916001685A01A7
:1075C0008A1816793543157195796D06FCD55B01DE
:1075D000C918CB79DB07FCD500198068C0B270BD33
:1075E000AC24002078270020FF3F00F070B5140085
:1075F00040220B4B0D001B68FF3359790A435A7127
:107600000021FFF7C5FFA04200D920000023054953
:10761000A34203D0CA5CEA540133F9E770BDC04607
:1076200078270020AC24002010B50C48C9B24901CD
:10763000421893689B049B0C3F2B0BD99468403BEA
:107640009B04A40B9B0CA4032343936041188868FC
:10765000C0B210BD93689B0B9B03F6E77827002010
:10766000F0B51C002F4B85B01B6806000D00019281
:10767000002B54D02C4F3B78D9B2002B02D11920CB
:1076800001F0AAFA64233B70284BAA00D0580028C6
:1076900008D0036822005B68019998470400200025
:1076A00005B0F0BD29003000FFF746FF844204D941
:1076B00029003000FFF740FF040029003000FFF7E9
:1076C000B3FF0121EBB21A4F03935B010293029ABD
:1076D0003B6801989B18FF335A7A0A435A72154B3C
:1076E000A9012200C91801F01DFF002CD7D02900E4
:1076F0003000FFF721FF0028D1D14021039B3A68D9
:1077000008335B01D3181879014319710121D9712C
:10771000029BD318FF339A7A0A439A72BFE7012477
:107720006442BCE770270020E0220020C422002031
:1077300078270020AC24002013B56B46DC1D220006
:107740000123FFF78DFF012801D1207816BD01200C
:107750004042FBE7F0B51C003A4B85B01B680E00B9
:107760000192002B3FD08023DB019C423BD8364D59
:107770002B78D9B2002B02D11A2001F02DFA642304
:1077800000272B70314BB201D3180293002C2CD060
:107790002F4B1B680393FF2333401D0000930835D4
:1077A000039B6D015D19AB79DB0921D0294B2A4977
:1077B000186801F093FB294B1721584301F08EFB09
:1077C000274BEA79920713D49A5D002A01D1013838
:1077D000F7D201229A55009B5A011D4B9B189A69BA
:1077E000920B92039A6101277F42380005B0F0BDE9
:1077F00000221B4B25009A55402C00D940252A0019
:107800000199029801F08EFE009BA9045A01104BC9
:10781000890C9B18029A7F195A619A69641B920B12
:1078200092030A439A61009B039A08335B01D318C1
:107830000222DA715979823A0A435A71019B5B1923
:107840000193A3E770270020E1220020EC22002012
:10785000782700208C03002040420F0070110100A7
:10786000E322002070B50C001D000D4BA601F61898
:10787000110030002A0001F055FEE4B2094A64010B
:1078800014196661A369084928000B40A361A16926
:10789000AB04890B9B0C89031943A16170BDC046E1
:1078A000EC22002078270020FF3F00F0F7B5104BB6
:1078B0000F001B7814000190002B0CD10D4B16000B
:1078C0001D78002D09D00C4E0C48358828182D192C
:1078D00001F028FE35802000FEBD002EFBD03300D5
:1078E0007A1900210198FFF7BDFF2D18361AF4E729
:1078F0006C2600206D2700206E2700206D260020BA
:10790000F8B50F0016000024012A26D9100001F056
:10791000F5FD0500380002F01BFA032302220130B6
:10792000400028706B7096420DD9397800290AD032
:10793000531CDBB20137A9549E4203D00232EC54EF
:10794000D2B2F0E7320029000548FFF7AFFF441E2E
:10795000A041C4B2280001F0DBFD2000F8BDC04604
:10796000C0220020F0B50025012785B0184B0E007D
:1079700069461F7004000095FFF73AFC154B01A9FA
:107980000B806A3BFF3BCB716E3B0B72009B32005E
:1079900009334B800E4B8D714F7108711D70092E8C
:1079A0000FD00D4E092237700C4F200000953D80FE
:1079B000FFF77CFF69462000FFF71AFC3A88084968
:1079C00035702000FFF772FF012005B0F0BDC04602
:1079D0006C260020090200006D2700206E27002081
:1079E0006D260020F0B5CF7805000E0093B0022F71
:1079F00009D1C9882B48FFF7B5FF441EA041C4B286
:107A0000200013B0F0BD01F005FA310001F0E2F9F9
:107A1000002803D0C417241AE40FF1E7012F0BD17B
:107A2000F2882149112A11D8D2B2002A0ED028009A
:107A3000FFF73CFF0124E3E70400032FE0D1B37814
:107A4000002B05D1F2881949032AEDD90A78EEE70F
:107A5000022B06D1F28816492800FFF751FF0400D7
:107A6000CEE7012B02D1F2881249F5E7032BC7D1EB
:107A7000114B01A91868FFF7CAF9104B03A9186840
:107A8000FFF7C5F90E4B05A91868FFF7C0F90D4BB4
:107A900007A91868FFF7BBF96B460533DC77F28856
:107AA00001A9D9E7C022002015C6000008C60000C1
:107AB000FCC500000CC600000CA0800040A08000A7
:107AC00044A0800048A0800037B5050048780C002D
:107AD0000B2810D801F0F8F9061B0F310F484D752F
:107AE00051546E71097801AA002906D10223118030
:107AF0002800FFF7B7FE01203EBD00231380324B64
:107B00001B78012B00D1137002230021F0E78A7843
:107B10000023012A09D16A4693802C4B1B78012B44
:107B200000D11371022301AAEFE7274A1370284AF4
:107B300093699B0B9B039361DDE78C78012C07D144
:107B4000224B01AA1C70234B1B7813702300DCE727
:107B500000208442D0D11C4B01301D4A187093691B
:107B60009B0B9B039361C7E728008978FFF70CFC08
:107B7000C1E72800FFF736FFBEE70123164AC4E736
:107B80000B780020DB06B7D12800FFF7C3FC2A20C2
:107B90000221A278104BFF301A600D4A13681C5C5A
:107BA00021434A241954FF34195D2938FF38014311
:107BB0001955D4E70123094AA7E78A78074B1A60C9
:107BC000B5E7002098E7C046E2220020EA22002024
:107BD0007827002072C5000070270020742700203D
:107BE0004B4BF7B51C780700002C00D083E0494EC2
:107BF00033689B8B1B070ED521002000FFF72EF961
:107C0000326810231100FF31887A03438B72424B94
:107C10001C600823938333689A8B52071FD5042274
:107C20009A833E4A1378002B0AD01378013BDBB2CB
:107C300013701378002B03D101211A2000F0CCFF20
:107C4000374A1378002B0AD01378013BDBB213704C
:107C50001378002B03D10121192000F0BDFF3368F8
:107C6000FF331A7AD2061ED510221A725979303291
:107C70000A435A7160232B4938000A781A423BD1D3
:107C8000FFF722FF3368FF33002838D0802299792C
:107C900052420A439A711A7A520604D540221A7245
:107CA000597A0A435A72336800241D8C01239D437C
:107CB000EDB20193E1B2002D1DD02B002341019ABA
:107CC000134215D02300326808335B01D318DA79E8
:107CD000D20702D4DB799B0707D5134BA200D058FB
:107CE000002810D003681B689847019BA3409D4360
:107CF0000134092CDED1F7BDFFF774FBC2E7202168
:107D00000A4A9171C7E73800FFF78AFAEDE7C046E3
:107D10006D2700207827002070270020E122002016
:107D2000E0220020AC240020C4220020FF500041AB
:107D300010B50248FFF754FF10BDC046C022002016
:107D4000014B024A1A60704778270020005000411A
:107D50000120704710B50368014A1B6A984710BD9F
:107D6000130400000300FC33D96F9A6F914203D0D3
:107D7000DB6FC018007D704701204042FBE710B563
:107D800004000069FEF7BFFB22000023FC3293676A
:107D9000D3679E229200A4186366A36610BDF023E9
:107DA0001B011940802306209B0099420AD0013311
:107DB000FF330130994205D0802300205B009942B7
:107DC00000D1053070470F2001400020012903D069
:107DD0000239481E8141481C70470000B923F0B5A4
:107DE000182785B002919B000400C05C3B0008216D
:107DF0004343324E1500F318595600F031FF304B13
:107E00000821E05C3B004343F318595600F028FF7B
:107E10002C4BE25C0393022A09D11133E05CFF286A
:107E200005D008214743F719795600F019FFBA2702
:107E3000BF00E05DFF2819D0012100F09DFE18224F
:107E4000E35D21495A43B356B618DB015818BB21EC
:107E5000890060501D4901225B18BC2189006350D4
:107E600071688A40BD21890062501A600122029B1C
:107E700011002069FEF748FD29002000FFF78FFF61
:107E8000290006002000FFF79EFFF0221540303D3C
:107E90006A42554103003100206901220095FEF736
:107EA00002FB0B4B2069E25C039BE15CFEF718FBD5
:107EB0002069FEF735FB05B0F0BDC04620C10000CB
:107EC000E5020000E70200001844004114440041AC
:107ED000E6020000AF2210B504000021520001F0BC
:107EE0002AFB23000022FC3320005A669A6610BD4C
:107EF000F7B51D0008AB1B780400009309AB1B7895
:107F00001600019300234360FA239B008360104B0B
:107F10000F00083303601430FFF7DCFF20007D30D2
:107F2000FF30FFF7D7FFB9239B002761E654094BC9
:107F3000009AE554084B2000E254019A074BE254A2
:107F4000BA22E93BFF3B9200A3541032A354FEBD7A
:107F500028C60000E5020000E6020000E70200007B
:107F60000300FC33586E9B6EC01A01D55F30FF30A2
:107F7000704710B5040020007D30FF30FFF7F0FFA0
:107F80000028F8D12069FEF7D5FA10BD10B51430DD
:107F9000FFF7E6FF10BD0300FC33596E9A6E914265
:107FA00005DB5A6E986E801A5E30FF307047986E0F
:107FB0005B6EC01A0138F9E710B57D30FF30FFF76E
:107FC000EAFF10BD70B504000069FEF7CFFA002883
:107FD00005D02069FEF7DAFA2069FEF7CCFA2069AD
:107FE000FEF7B4FA002824D025002069FEF7CEFA67
:107FF000AF21FC350600A86F4900013000F0F4FF06
:10800000EB6F994203D0AB6FE3181E75A967BA23D3
:108010009B00E35CFF2B0CD020001430FFF7BBFF6C
:10802000092806DCBB23BD229B009200E358A2581E
:108030001A602069FEF7A5FA00281DD020007D30C7
:10804000FF30FFF78DFF002825D09E239B00E61808
:10805000B26E736E9A421BD0BE22AF21B36EB06E69
:10806000E3185200013049009D5C00F0BDFFB1668D
:108070002069E9B2FEF78EFA2069FEF76CFA002853
:1080800005D02069FEF76BFA2069FEF75BFA70BD38
:1080900001256D42ECE72069FEF788FAECE7000065
:1080A000F7B5040000690E00FEF76BFA002847D10F
:1080B000AF277F009E239B00E518686EAB6E3900EA
:1080C0000130019300F090FF019B994224D1EFF31E
:1080D0001083DB070ED4204B5B68DB05DA0D002B29
:1080E000E8D0103A53B212060DD49B081B4AC03395
:1080F0009B009B582069FEF744FA0028DAD0200044
:10810000FFF760FFD6E70F221340083B144A9B0895
:108110009B009B181B68EDE7AF21686E490001309A
:1081200000F062FFAB6E994205D0BE226B6E52002A
:10813000E3189E5469662069FEF734FA0120FEBDFB
:1081400020007D30FF30FFF70BFF0028B0D1310059
:108150002069FEF71FFAF1E700ED00E000E100E022
:108160001CED00E070B50500FC35EA6FAB6F040054
:108170009A421DD0AF21EB6F4900C318E86F1E7DF6
:10818000013000F031FFE967BA239B00E35CFF2B6D
:108190000CD020001430FFF7FEFE0A2806DDBC23B9
:1081A000BD229B009200E358A2581A60300070BDB7
:1081B00001267642E8E70000F7B50092182216265D
:1081C0004243544B07009B189E570191731C52D099
:1081D000514B524C1D68002D2BD129004422504890
:1081E00001F0A9F9290044224E4801F0A4F9102217
:1081F0004D4B4E491D604E4BCA67BFF34F8FBFF3C7
:108200006F8FC021C12049005A5080001958FF3596
:10821000A94319501A60474B474A5A8002232278D3
:10822000134323706378DB09012BFBD001223A4B07
:108230001A6001231D00B54062692A436261019AF8
:10824000002A18D0102E1FD1E2781343E370009B50
:10825000042B0BD818000723A2789A4300F034FEB1
:10826000030C0E10120005231343A3702D4B019A2B
:108270001A64ADB2E560F7BD0423F5E70323F3E725
:108280000223F1E70123EFE738000027002100F087
:10829000E7FC254B22499C461B68BA00BB421DD116
:1082A0006046013303601F4B8D5001999950072E92
:1082B00019DD32000123083A920007209040174947
:1082C0009B005B1899698143996100990429D0D872
:1082D000080000F0F9FD0B1215181B008858A84281
:1082E000E1D00137D9E70023B200E6E7052198691C
:1082F00091400A0002439A61BBE704219869F7E7BD
:1083000003219869F4E702219869F1E7012198694E
:10831000EEE7C04620C100000429002000180040FC
:10832000C02800207C2800200829002004E100E06B
:1083300000E100E0000C0040054000001823162278
:108340004343194870B5C0188256531C0ED0174BC2
:10835000102A0CD1072099788143997001200023BD
:10836000134C90402168134A994208D170BD0121F5
:10837000914088B29860586988435861EEE79D0043
:10838000AE5886420AD00133EEE75568013320C269
:10839000456820C09942F8D82160E7E7064852199D
:1083A00040190139F6E7C04620C10000001800401E
:1083B00008290020C02800207C28002070B5002457
:1083C000094D0A4B1B68A34200D870BD084E2A68AD
:1083D00033691A4205D0074BA200D35898472B683F
:1083E000336101340435ECE7C0280020082900205F
:1083F000001800407C280020054B10B51B6C002B9A
:1084000000D098470123034AD1780B43D37010BDA5
:108410007C28002000180040FEE7FEE7034B10B563
:108420001B68002B00D0984710BDC0460C290020C7
:108430000F4A1048110010B50F4B824202D09342F0
:1084400009D11300824209D100F0AEF800F082F8A1
:10845000FEE710CB10C18142FBD3F3E7074A8B4202
:10846000F2D00021064B9A42EED202C2FBE7C04690
:1084700000000020300400204CC700003004002021
:108480004429002010B500F062F8002801D100F066
:1084900053F810BD014B18607047C0460C290020EE
:1084A000014B18687047C04610290020F7B51348E3
:1084B000012284461249134C8E68636805689B0E3E
:1084C0001340019288686268019F920E3A406746A5
:1084D0003F6893420ED1BD420CD186420AD35B194C
:1084E000FA254868AD00861B07486B437043000DB2
:1084F000C018FEBD3D0013000600E3E71029002070
:1085000010E000E000ED00E05555000070B5041EDD
:1085100011D0FFF7CBFFFA260500B60000F016F8E1
:10852000FFF7C4FF401BB042F8D3FA23013C9B0085
:10853000ED18002CF4D170BD10B5034A1368013357
:10854000136000F0F9FB10BD1029002070470020D7
:108550007047704710B500F0D7F800F0A1FFFFF7A3
:10856000F8FF0120FFF7D2FF094C2000FEF77AFE4A
:108570002000FEF7EFFEF9F7DDFEF8F761FEFFF7EA
:10858000E5FF044B002BF8D000E000BFF5E7C04644
:10859000C02200200000000010B500F0AFFF10BDA9
:1085A00010B500F0B5FF10BD1E2270B54648474912
:1085B000436893431C3A1343436008238C69234365
:1085C0008B61434C434B9C829C8A14439C82DC68A5
:1085D0001442FCD00124404A14701578254203D07F
:1085E00055786DB2002DF8DB01249460547864B2A4
:1085F000002CFBDB394C5460547864B2002CFBDB5C
:108600008224E4015480547864B2002CFBDB022401
:108610009C840E34DD682542FCD0314CDC62102491
:10862000DD682542FCD09D8C2E4C2C439C8410246C
:10863000DD682542FCD002249D8C80262C439C843E
:108640004024DD683542FCD0DD682542F9D0102495
:10865000DD682542FCD000249460547864B2002C7C
:10866000FBDB214C5460547864B2002CFBDB1C6AA9
:108670001E4D2C4080251C621C6AAC431C620323E7
:1086800093601B4B536053785BB2002BFBDB0023E2
:10869000FF240B72174A4B728B72CB72164B1A6007
:1086A000164B174A1B6811689A065B01C90E2340D6
:1086B000520F12020B431343124A13858023426860
:1086C0001343436070BDC0460040004100040040B9
:1086D0000C06000000080040000C004001050100ED
:1086E000B905FF7D040A000000070300FFFCFFFF3F
:1086F00003060100006CDC028C0300202460800073
:108700002060800000400042FA212E4B10B518680E
:10871000890000F0E3FB802301385B0498424FD2CC
:1087200029492A4A4860C020136A00061B021B0A16
:108730000343136200238B6007330B608021136AAD
:1087400009061B021B0A0B431362FC22204B196A09
:108750000A431A62FF22196A12020A431A62A0220D
:10876000196AD2020A431A621A4B1C005A7852B292
:10877000002AFBDB184A5A80184B1A00597EC90997
:108780000129FBD0C821890099800521D970537E29
:10879000DB09012BFBD0C02300205B01136190702B
:1087A00000F048F863785BB2002BFBDB0C4B0D4A02
:1087B0006380D379DB09012BFBD04123537010BDBB
:1087C000FEE7C0468C03002010E000E000ED00E072
:1087D00000040040000C00401E4000000040004229
:1087E00021400000004800420F4B302218600F4922
:1087F0000F4B0A2809DD988890439880243A0A6034
:108800005A7ED209012AFBD07047082806DD9888D5
:108810009043202202439A800A22F0E7988802437C
:108820009A800822EBE7C0469403002090030020C2
:10883000004000421F4900B50B004A7ED209012AC0
:10884000FBD001380A282FD800F03EFB1B2E2E2E1D
:108850002E2E062E2E2411001A6917490A400F21C8
:108860001A615A788A43110001220A4310E01A69FA
:1088700011490A400F211A615A788A4311000322D4
:10888000F3E71A690C490A400F211A615A788A43A2
:108890005A7000BD1A6908490A400F211A615A78B6
:1088A0008A4311000222E0E7F022196912050A4307
:1088B000F3E7C04600400042FFFFFFF010B50400A0
:1088C000062861D0072861D0052800D80E34012180
:1088D000200000F0C5F90E2C0DD12F4B1900DA79CC
:1088E000D209012AFBD002201A7882431A70CB7970
:1088F000DB09012BFBD029490B004A7ED209012A52
:10890000FBD018206043264C0A692418207C1F24C1
:108910002040A24302430A615A7ED209012AFBD0B9
:10892000022219780A431A705A7ED209012AFBD012
:108930000222197B0A431A731A7ED207FCD5012240
:108940001A765A7ED209012AFBD00222197B0A43E9
:108950001A731A7ED207FCD5588B80B25A7ED20980
:10896000012AFBD002211A788A431A705A7ED20952
:10897000012AFBD00B4B1A680B4B1B689A4202D0A2
:1089800006D9D31AD84010BD2C24A0E72D249EE789
:108990009B1A9840F7E7C04600480042004000425A
:1089A00020C10000900300209403002018234343BB
:1089B000F0B5684A0E009B18D968040085B08A0794
:1089C00018D50E2816D1644A1300D179C909012996
:1089D000FBD0B605B60D1681DA79D209012AFBD093
:1089E000022219780A431A70DA79D209012AFBD0D7
:1089F00005B0F0BD0825594F294200D194E03A68EE
:108A0000102A02D044D9103AD64012255D5FCB0619
:108A100042D50421200000F023F92F12504BBA0058
:108A2000D458504BEDB2DA5D002A5CD10132DA55F0
:108A300068460F324C4900F075FD6A467B009B5A30
:108A40008022D2011A43494B5A805A78D209012A0E
:108A5000FBD00222974223D9238893432380E37BD0
:108A6000DB09FCD12288403313432380E37BDB09FD
:108A7000FCD10C35B6B26D002E53E37BDB09FCD183
:108A80002288023313432380E37BDB09FCD1AFE769
:108A90001020821A9640B8E78B06A9D50521B9E7C0
:108AA00023689343324A23601300A1681142FCD12A
:108AB0000222E16B0A43E263A2681A42FCD110353C
:108AC000AD0065196E60A2681A42FCD1294A226481
:108AD000A2681A42FCD1022221680A432260A268DD
:108AE0001A42FCD184E7022F07D90C35B6B26D00CB
:108AF0002E53E37BDB09FCD17AE70223627913432F
:108B000063711B4B1A00A1681942FCD11C35AD00E2
:108B10002E51A3681342FCD1022321790B43237108
:108B2000A3681342FCD163E70121200000F024F880
:108B30003B68082B02D009D9083BDE4000217F2E7C
:108B400000D90121200000F047F851E7EB1A9E40C0
:108B5000F4E7C04620C1000000480042980300200E
:108B6000F0020020142900205CC60000000C004028
:108B7000FF0F7F00FFFF0000182310B508245843A3
:108B8000134A13181C57013412D001245B68825613
:108B90009C4003290CD808000E49D2015218D31862
:108BA000403300F091F90210060B02211970546055
:108BB00010BD0621197054609461F9E706211970FF
:108BC00054605461F4E7422119709460F0E7C046A4
:108BD00020C10000004400411823F0B50824584388
:108BE000114A13181C5701341BD0012635005F6849
:108BF0008356BD400D4ADB019A18906805420BD19F
:108C00000C00601E8441D219403210783440033683
:108C1000A400B04320431070044A9B18002901D1DE
:108C20005D61F0BD9D61FCE720C100000044004192
:108C3000182310B50824434307490020CA181457C5
:108C4000013408D05B560549DB015B18186A53688C
:108C5000D8400123184010BD20C10000004400414D
:108C6000182370B5082643432A4AD518AE57340056
:108C7000013607D0072907DC00291DDA01314C42F3
:108C80004C416442200070BD0B00083BDBB2002465
:108C9000032BF7D8092903D12100FFF76DFFF1E776
:108CA0000A2904D10839FFF767FF0024EAE7002406
:108CB0000B29E7D10A39F0E76C68012520009B56A3
:108CC000C9B262082840DB012C4211D012480E358F
:108CD0001B189A1830321078090128400143C9B294
:108CE000117041221B19403319780A431A70DCE7CE
:108CF0000F26094D5B199A18303215781B19B543A8
:108D00002943117041224033197804000A431A7034
:108D1000B8E7C04620C1000000440041014B186084
:108D20007047C0469C0300200122024B52421A6049
:108D30007047C0469C030020164A10B51368591CA2
:108D400027D0013B1360002B23D172B68122124B36
:108D500092000433934213D3104A01211000147D72
:108D60000C42FCD02021148BFF319B085B00214377
:108D70001183D3610A4B13800123027D1A42FCD078
:108D8000BFF34F8F074B084ADA60BFF34F8FC046DF
:108D9000FDE710BD9C0300200000000000400041E2
:108DA00002A5FFFF00ED00E00400FA0570B50E001B
:108DB00000254468002C0BD02368310020005B683C
:108DC0009847002802DBE4682D18F3E701256D427F
:108DD000280070BD70B50D004468002C08D02368D1
:108DE000290020009B689847002802D1E468F4E736
:108DF000200070BD70B50D004468002C08D02368B9
:108E0000290020001B689847002802D1E468F4E795
:108E1000200070BD064A0123116810B50C000548FA
:108E20001C40194203D1044944600180136010BD05
:108E30001C290020202900200204000070B5040035
:108E4000012320CC00212A782000134380222B709C
:108E5000520000F070FBAB78DB07FCD4AB789B07CB
:108E6000F9D46C6270BD00001F22144B70B51B68F2
:108E7000590B9C0C9B0111405B0F22401F2900D114
:108E80001A391F2A00D1023A072B00D1043B1F25B3
:108E900000688E01048D0A492A4021403143018532
:108EA000018D14000A00AA4322430285028D190392
:108EB000044B13400B43038570BDC0462460800003
:108EC0003FF8FFFFFF8FFFFF02B4714649084900DA
:108ED000095C49008E4402BC7047C046002243082A
:108EE0008B4274D303098B425FD3030A8B4244D372
:108EF000030B8B4228D3030C8B420DD3FF220902B4
:108F000012BA030C8B4202D31212090265D0030B72
:108F10008B4219D300E0090AC30B8B4201D3CB0368
:108F2000C01A5241830B8B4201D38B03C01A5241AA
:108F3000430B8B4201D34B03C01A5241030B8B42AC
:108F400001D30B03C01A5241C30A8B4201D3CB0297
:108F5000C01A5241830A8B4201D38B02C01A52417C
:108F6000430A8B4201D34B02C01A5241030A8B427F
:108F700001D30B02C01A5241CDD2C3098B4201D397
:108F8000CB01C01A524183098B4201D38B01C01A15
:108F9000524143098B4201D34B01C01A524103098C
:108FA0008B4201D30B01C01A5241C3088B4201D33B
:108FB000CB00C01A524183088B4201D38B00C01AE8
:108FC000524143088B4201D34B00C01A5241411A0F
:108FD00000D20146524110467047FFE701B500201C
:108FE00000F0F0F802BDC0460029F7D076E77047E0
:108FF00003460B437FD4002243088B4274D30309FA
:109000008B425FD3030A8B4244D3030B8B4228D39A
:10901000030C8B420DD3FF22090212BA030C8B42C0
:1090200002D31212090265D0030B8B4219D300E060
:10903000090AC30B8B4201D3CB03C01A5241830BE5
:109040008B4201D38B03C01A5241430B8B4201D395
:109050004B03C01A5241030B8B4201D30B03C01ABE
:109060005241C30A8B4201D3CB02C01A5241830A38
:109070008B4201D38B02C01A5241430A8B4201D367
:109080004B02C01A5241030A8B4201D30B02C01A91
:109090005241CDD2C3098B4201D3CB01C01A5241F8
:1090A00083098B4201D38B01C01A524143098B4281
:1090B00001D34B01C01A524103098B4201D30B016A
:1090C000C01A5241C3088B4201D3CB00C01A52418F
:1090D00083088B4201D38B00C01A524143088B4254
:1090E00001D34B00C01A5241411A00D201465241ED
:1090F000104670475DE0CA0F00D04942031000D30C
:109100004042534000229C4603098B422DD3030A60
:109110008B4212D3FC22890112BA030A8B420CD370
:10912000890192118B4208D3890192118B4204D399
:1091300089013AD0921100E08909C3098B4201D319
:10914000CB01C01A524183098B4201D38B01C01A53
:10915000524143098B4201D34B01C01A52410309CA
:109160008B4201D30B01C01A5241C3088B4201D379
:10917000CB00C01A524183088B4201D38B00C01A26
:109180005241D9D243088B4201D34B00C01A5241FD
:10919000411A00D20146634652415B10104601D38A
:1091A0004042002B00D54942704763465B1000D314
:1091B000404201B5002000F005F802BD0029F8D0BA
:1091C00016E770477047C046002B11D1002A0FD117
:1091D000002900D1002802D00021C943081C07B48F
:1091E000024802A14018029003BDC046D9FFFFFF0C
:1091F00003B4684601B5029800F02EF8019B9E4624
:1092000002B00CBC7047C046F0B515042D0C0F0021
:1092100001002E00C64684460004140C000C090C04
:1092200046434D43604361434019340C241800B554
:10923000A54203D98020400280464144250C6D1888
:10924000614659437A43300449192404000C20181C
:10925000891804BC9046F0BDF0B557464E464546C9
:10926000DE46E0B504000D009246994683B08B427D
:1092700030D82DD04946504600F0D8F829000600D5
:10928000200000F0D3F8331A9846203B9B4633D495
:109290005A465346934042461F00534693401E0091
:1092A000AF423AD8AF4200D178E05B46A41BBD4143
:1092B000002B00DA75E000220023009201930123C5
:1092C0005A4693400193012342469340009328E07D
:1092D0008242CFD900220023009201930C9B002BE5
:1092E00001D01C605D600098019903B03CBC9046C1
:1092F0009946A246AB46F0BD424620239B1A5246F1
:10930000DA40414613004A468A40170042461F434E
:10931000534693401E00AF42C4D90022002300925E
:1093200001934346002BD9D0FB0772081A434646E7
:109330007B080EE0AB4201D1A2420CD8A41A9D4199
:10934000012024196D410021013E24184D41002EB9
:1093500006D0AB42EED9013E24196D41002EF8D162
:10936000009801995B4600196941002B24DB2B0012
:109370005A464446D3402A00E2401C005B46150092
:10938000002B2ADB26009E40330026004746BE40C5
:109390003200801A9941009001919FE7A342BCD806
:1093A00083E74246202300219B1A0022009101926C
:1093B0000122DA40019286E7424620239B1A2A00C6
:1093C00046469A402300F340444613432A00E240B5
:1093D0001C005B461500002BD4DA42462F002023E8
:1093E000260097409B1ADE403B003343CDE7C04642
:1093F0001C2101231B04984201D3000C10391B0AC5
:10940000984201D3000A08391B09984201D3000988
:10941000043902A2105C40187047C04604030202DF
:1094200001010101000000000000000010B500294A
:1094300003D1FFF7DDFF203002E0081CFFF7D8FF63
:1094400010BDC04630B514001A00094B05001B685A
:1094500085B0D868074B002C01D1074B1C00019345
:1094600000912B000549029400F00AF800F07CFD01
:10947000A00300206CC6000072C5000079C6000081
:109480000EB403B5010003AB044804CB006801939C
:1094900000F070F902B008BC03B01847A003002028
:1094A00070B500260C4D0D4C641BA410A64209D1CA
:1094B000002601F0BFFA0A4D0A4C641BA410A64214
:1094C00005D170BDB300EB5898470136EEE7B30005
:1094D000EB5898470136F2E704040020040400200A
:1094E000040400202C04002010B5034B0A000100E6
:1094F000186800F073F810BDA003002010B5034BEE
:109500000100186800F0B0F810BDC046A0030020AC
:1095100010B5034B0100186800F016F810BDC046E6
:10952000A0030020002310B59A4200D110BDCC5CEE
:10953000C4540133F8E703008218934200D1704706
:1095400019700133F9E7000070B50500002910D04B
:109550000C1F2368002B00DAE418280000F068FFD5
:109560001D4A1368002B05D163601460280000F0C9
:1095700067FF70BDA34208D9216860188342F3D108
:1095800018685B6841182160EEE71A005B68002BE1
:1095900001D0A342F9D911685018A0420BD120681C
:1095A0000918501811608342E0D118685B684118AF
:1095B00011605360DAE7A04202D90C232B60D5E793
:1095C00021686018834203D118685B6841182160E4
:1095D00063605460CAE7C04628290020F8B54B1ED6
:1095E00006000F001500194202D000242000F8BD2B
:1095F000082900D20827042D00D2042503233900AE
:1096000003359D4308393000491900F02DF8002832
:10961000EBD004380368002B00DAC018F91C41189D
:109620007C420C40011D631A8C420AD0C7180B2BD8
:1096300017D90268D21A3A6003603000FFF784FF3E
:1096400038002A0003680C32C118A2189142CDD903
:1096500061190A1A9B1A0260300008C1FFF774FFF3
:10966000C4E75B423B60ECE7F8B50323CD1C9D43A8
:10967000083506000C2D1FD20C25A9421ED830003B
:1096800000F0D6FE25490A681400002C1AD1244F98
:109690003B68002B04D12100300000F027FB38602C
:1096A0002900300000F022FB431C2BD10C2330009A
:1096B000336000F0C5FE03E0002DDEDA0C233360DA
:1096C0000020F8BD23685B1B19D40B2B03D9236042
:1096D000E418256003E06368A2420ED10B603000FD
:1096E00000F0AEFE200007220B30231D9043C21A6B
:1096F0009842E6D01B1AA350E3E75360EFE722003D
:109700006468C2E70323C41C9C43A042E1D0211A31
:10971000300000F0EBFA431CDBD1C7E7282900201A
:109720002C290020936810B5013B9360002B04DACC
:109730009469A34207DB0A2905D01368581C1060FE
:109740001970080010BD00F041FB0100F9E7F8B501
:1097500006000F001400D518AC4201D1002007E02C
:1097600021783A003000FFF7DDFF0134431CF3D1CC
:10977000F8BD0000F0B5A1B006000C001F00039278
:10978000002804D08369002B01D100F023FD8E4B0B
:109790009C421CD17468636EDB0705D4A3899B05CA
:1097A00002D4A06D00F0B7FDA3891B0702D5236981
:1097B000002B1DD12100300000F05EFB002817D0E7
:1097C000636EDB070DD50120404221B0F0BD7F4B19
:1097D0009C4201D1B468DEE77D4B9C42DBD1F4684A
:1097E000D9E7A3899B05EED4A06D00F095FDEAE7CB
:1097F000002308AD6B6120336B761033AB7607978F
:10980000039F3B78002B01D0252B4ED1039BFB1AE5
:109810000593039B9F420DD0059B21003000039AC6
:10982000FFF795FF431C00D1B5E06A69059B94469C
:1098300063446B613B78002B00D1ACE001227B1CC0
:109840000393002352426A6004A9543252182B60D9
:10985000EB60AB601370AB65039B052219785D4824
:1098600000F0C8FD039B5F1C002820D12A68D306A6
:1098700004D5532304A95B1820211970130704D5BC
:10988000532304A95B182B211970039B1B782A2BE7
:1098900016D00021EB68039F3A78781C303A844652
:1098A000092A4FD9002911D117E00137A9E7494BFF
:1098B0002A68C01A0123834013432B600397CBE728
:1098C000079B191D1B680791002B01DB0B9304E01C
:1098D0005B42EB60022313432B603B782E2B0AD1B3
:1098E0007B782A2B37D1079B02371A1D1B680792FA
:1098F000002B2DDB099303223978374800F07AFDDD
:10990000002807D0344B2A68C01A402383401343F1
:1099100001372B6039787B1C062230480393297667
:1099200000F068FD002845D02D4B002B27D10722E1
:10993000079B07339343083307936B69049A9B187B
:109940006B615DE70A214B4367469B180939A3E722
:1099500001235B42CEE700231A0001376B603978A0
:10996000781C30398446092903D9002BC3D00992C9
:10997000C1E70A235A4367465218093BEFE707AB92
:109980000093220029003000164B00E000BF049035
:10999000049B0133D1D1636EDB0705D4A3899B05FA
:1099A00002D4A06D00F0B8FCA3895B0600D50AE7DD
:1099B0000D980AE707AB0093220029003000094BFD
:1099C00000F082F8E3E7C04600C7000020C70000AF
:1099D000E0C60000ACC60000B2C60000B6C600007B
:1099E000000000004F970000F7B5150001938A684A
:1099F0000B690C000090934200DA130022002B60E8
:109A000043321278002A01D001332B6023689B0671
:109A100002D52B6802332B602268062317001F40F3
:109A20001A4227D0230043331B785A1E93412268E1
:109A3000920630D4220001990098089E4332B04724
:109A4000431C25D0062320682A68E16800250340CE
:109A5000042B03D18D1AEB43DB171D40A368226949
:109A6000934201DD9B1AED180027BD4220D1002052
:109A700010E00137E3682A689B1ABB42D2DD22005E
:109A8000012301990098089E1932B047431CF0D178
:109A900001204042FEBD3020E11843310870210012
:109AA0005A1C45310978A218433202331170C1E7BC
:109AB0002200012301990098089E1A32B047431CE6
:109AC000E6D00137D1E70000F0B58BB006920A006E
:109AD00043320793059004920A7E0C00109B782A6B
:109AE00006D8622A08D8002A00D1C0E0582A52D0ED
:109AF00026004236327022E0100063381528F7D86D
:109B000000F03EFF16001F00F6FFF6FFF6FFF6FF1F
:109B10001F00F6FFF6FFF6FFF6FFA80036009A00DA
:109B2000F6FFF6FFB900F6FF3600F6FFF6FF9E00DF
:109B300026001A684236111D19601368337001231C
:109B4000A7E0086819680A1D05060BD50D681A609C
:109B5000002D03DA2D23049A6D421370614B0A27FE
:109B6000039332E00D681A604106F1D52DB2EFE79C
:109B70000D681968081D18602E0601D50D6803E0F0
:109B80006D06FBD50D68ADB2564B0A2703936F2ABD
:109B900017D1082715E045310A70524A03921A6816
:109BA000216820CA1A60080650D5CB0702D52023A9
:109BB000194321601027002D03D1202322689A43E6
:109BC00022602300002243331A706368A360002BD5
:109BD00003DB0422216891432160002D02D1049E01
:109BE000002B0CD0049E28003900FFF7FDF9039BE1
:109BF000013E5B5C33702B0005009F42F3D9082FB8
:109C000009D12368DB0706D563682269934202DC29
:109C10003023013E3370049B9B1B2361079B210073
:109C200000930598069B09AAFFF7DEFE431C35D179
:109C3000012040420BB0F0BD202209680A43226097
:109C40002200782145321170274AA7E74806ACD593
:109C5000ADB2AAE71A680D68101D4969186013684B
:109C60002E0601D5196002E06D06FBD51980002390
:109C7000049E2361D2E71A68111D1960166800213D
:109C80003000626800F0B6FB002801D0801B6060E5
:109C9000636823610023049A1370BFE723693200CD
:109CA00006990598079DA847431CC1D023689B07C8
:109CB00015D4099BE0689842BCDA1800BAE7220084
:109CC000012306990598079E1932B047431CAFD06F
:109CD0000135E368099A9B1AAB42F0DCE9E70025FD
:109CE000F7E7C046BDC60000CEC60000002370B531
:109CF000064D040008002B6000F084FE431C03D1D5
:109D00002B68002B00D0236070BDC0464029002086
:109D10000EB400B50B499CB01DAB029006900791A4
:109D200004910948094904CB0591006802A90193EF
:109D300000F016FC0023029A13701CB008BC03B09C
:109D40001847C046FFFFFF7FA00300200802FFFF67
:109D50000023C25C0133002AFBD1581E704730B586
:109D6000140005001A009BB0002C05DA8B23036059
:109D7000012040421BB030BD822368469B00838196
:109D80000023009104919C4200D0631E029305932E
:109D9000012369465B42CB8128001E9B00F0E0FB5B
:109DA000431C01DA8B232B60002CE3D00023009AA4
:109DB0001370DFE707B5009313000A0001000248A3
:109DC0000068FFF7CCFF0EBDA0030020F8B505002A
:109DD0000E001400002804D08369002B01D100F08C
:109DE000F9F9224B9C422ED16C68A369A360A38928
:109DF0001B0732D52369002B2FD023682269F7B2C5
:109E0000981A6369F6B2834205DC2100280000F04D
:109E10003FF9002827D1A3680130013BA3602368E4
:109E20005A1C22601F706369834204D0A389DB0738
:109E300007D50A2E05D12100280000F029F90028B5
:109E400011D13000F8BD0A4B9C4201D1AC68CCE77F
:109E5000084B9C42C9D1EC68C7E72100280000F0FC
:109E60000BF80028C9D001267642EAE700C70000B7
:109E700020C70000E0C60000374B70B51D68060023
:109E80000C00002D05D0AB69002B02D1280000F09A
:109E9000A1F9324B9C420FD16C680C23E25E93B265
:109EA00011072DD4D90611D409230120336037338B
:109EB0001343A381404270BD294B9C4201D1AC6841
:109EC000EBE7284B9C42E8D1EC68E6E75B0713D54B
:109ED000616B002908D023004433994202D030003E
:109EE000FFF732FB002363632422A3899343A381FA
:109EF00000236360236923600823A2891343A3819D
:109F00002369002B0BD1A0218022A3898900920014
:109F10000B40934203D02100300000F027FA0C22BE
:109F2000A35E01201A0099B2024003420FD0002222
:109F3000A26062695242A261002022698242BAD1C3
:109F40000A06B8D540221343A3810138B3E7880736
:109F500000D46269A260EFE7A003002000C7000000
:109F600020C70000E0C60000062010B500F022FC6B
:109F7000012000F05DFD0000F7B58B8905000C00A5
:109F80001A075FD44A68002A04DC0A6C002A01DC44
:109F90000020FEBDE76A002FFAD0002280212E6843
:109FA0002A601A0049010A400B4234D0606DA3892F
:109FB0005B0706D56368C01A636B002B01D0236C66
:109FC000C01A0200216A00232800E76AB847A18965
:109FD000431C06D12B681D2B31D82C4ADA40D307FD
:109FE0002DD50023636023692360CB0405D5431C72
:109FF00002D12B68002B00D16065616B2E600029B7
:10A00000C6D023004433994202D02800FFF79CFABF
:10A0100000206063BDE701232800216AB847431C84
:10A02000C5D12B68002BC2D01D2B01D0162B01D11E
:10A030002E60ADE74023A2891343A381A9E7402303
:10A040000B43FAE70F69002FA2D00A680F60D21BFA
:10A05000019200229B0700D14A69A260019B002B5C
:10A0600000DC95E73A002800019B216AA66AB04708
:10A07000002806DC40230120A28940421343A3812B
:10A0800087E7019B3F181B1A0193E7E70100402077
:10A090000B6970B505000C00002B02D100252800CB
:10A0A00070BD002804D08369002B01D100F092F824
:10A0B000144B9C421BD16C680C22A35E002BEDD08C
:10A0C000626ED20704D49B0502D4A06D00F023F980
:10A0D00028002100FFF750FF636E0500DB07DED488
:10A0E000A3899B05DBD4A06D00F016F9D7E7064BDA
:10A0F0009C4201D1AC68DFE7044B9C42DCD1EC68A8
:10A10000DAE7C04600C7000020C70000E0C6000034
:10A11000002310B5040003604360836081814366BF
:10A120001900C28103614361836108225C30FFF73B
:10A1300002FA054B6362054B2462A362044BE3629F
:10A14000044B236310BDC046F5A700001DA8000006
:10A1500055A8000081A8000010B5024900F0BAF827
:10A1600010BDC04691A0000070B568254A1E554339
:10A170000E0029007431FFF777FA041E08D0002181
:10A180002A00016046600C30A0606832FFF7D3F906
:10A19000200070BD10B5024800F0BDF810BDC046EB
:10A1A0003C29002010B5024800F0B6F810BDC046AA
:10A1B0003C29002010B5024800F0ADF810BDC046A3
:10A1C0003729002010B5024800F0A6F810BDC0469F
:10A1D0003729002013B50400FFF7ECFFA369002B1B
:10A1E00002D0FFF7EFFF13BDA364E3642365134BB5
:10A1F000134A1B68A2620193A34201D10123A36108
:10A20000200000F01FF86060200000F01BF8A06044
:10A21000200000F017F800220421E0606068FFF7DA
:10A2200077FF01220921A068FFF772FF02221221A5
:10A23000E068FFF76DFF0123A361D2E7A8C6000025
:10A2400059A10000F8B50700FFF7A4FF1F4B1E68D7
:10A25000B369002B02D13000FFF7BCFF4836B46869
:10A260007368013B04D53368002B22D03668F6E7CB
:10A270000C22A55E002D1AD12000154B5830E3604A
:10A28000656600F047F8FFF78DFF200008222900DF
:10A290002560A560656025616561A5615C30FFF79B
:10A2A0004AF96563A563A564E5642000F8BD6834D8
:10A2B000D7E704213800FFF757FF041E3060D5D1DF
:10A2C000FFF770FF0C233B60EFE7C046A8C6000015
:10A2D0000100FFFFF7B50400060000270191483494
:10A2E0006368A5680093009B013B009304D5246834
:10A2F000002CF5D13800FEBDAB89012B08D90E2208
:10A30000AB5E013304D029003000019B984707431E
:10A310006835E8E7704770477047000070B50E0079
:10A320001D000E23C95E140096B0002907DA002331
:10A330002B60B3891B0611D48023DB000FE06A4633
:10A3400000F0CAFA0028F2DBF02301991B02194041
:10A35000054BC9184B4259412960EDE740230020C5
:10A36000236016B070BDC04600E0FFFFF7B50226BF
:10A370008B8905000C00334206D02300473323604D
:10A38000236101236361F7BD6A4601ABFFF7C6FF96
:10A39000009907002800FFF767F9002808D10C2270
:10A3A000A35E9A05EFD4032293431E43A681E4E7FC
:10A3B0000F4BAB628023A28920601343A381009BD3
:10A3C00020616361019B002B0DD028000E23E15E0C
:10A3D00000F094FA002806D00322A38993431A00C0
:10A3E00001231343A381A0890743A781CBE7C0467C
:10A3F00059A10000C9B28218904201D100207047D3
:10A4000003788B42FBD00130F6E710B5884202D9C1
:10A410008B18984203D3002307E08B5C8354013AE6
:10A42000FBD210BDCC5CC45401339A42FAD1F8E798
:10A4300010B50248FFF76FFF10BDC0463829002055
:10A4400010B50248FFF768FF10BDC046382900204C
:10A45000F8B507000D001600002905D11100FFF71F
:10A4600003F904002000F8BD002A03D1FFF76CF8BF
:10A470003400F7E700F068FA2C00B042F2D2310065
:10A480003800FFF7F1F8041EECD029003200FFF786
:10A4900049F829003800FFF757F8E3E7F0B58E6870
:10A4A00085B007000C00039201939E423CD8902394
:10A4B0008A89DB001A4234D00325096923685B1AB4
:10A4C0000293636902985D43EB0F5D19019B6D1068
:10A4D00001331B18AB4200D91D00530532D52900AA
:10A4E0003800FFF7C1F8061E09D10C233B6040235A
:10A4F0000120A28940421343A38105B0F0BD029A16
:10A500002169FFF70FF8A389144A1A4080231343E7
:10A51000A381029B2661F61826606561019EED1AF3
:10A52000A560019B9E4200D9019E320003992068DC
:10A53000FFF76BFFA36800209B1BA36023689E1995
:10A540002660DAE72A003800FFF782FF061EE0D116
:10A5500038002169FEF7F8FFC7E7C0467FFBFFFF21
:10A56000F0B5A1B003901D008B890F0016001B06EB
:10A5700011D50B69002B0ED14021FFF775F838601B
:10A580003861002805D10C23039A0138136021B0EB
:10A59000F0BD40237B61002308AC63612033637608
:10A5A0001033A376079535002B78002B01D0252B8F
:10A5B00047D1AB1B0593B5420CD03200390003984C
:10A5C000FFF76CFF431C00D1AEE06269059B944627
:10A5D000634463612B78002B00D1A5E001220023A6
:10A5E0005242626004A9543252186E1C2360E36028
:10A5F000A3601370A365052231785448FFF7FAFE73
:10A60000751C00281FD12268D30604D5532304A942
:10A610005B1820211970130704D5532304A95B1874
:10A620002B21197033782A2B16D0350000210A20EF
:10A63000E3682A786E1C303A092A4ED9002911D1D4
:10A6400017E00135B0E7414B2268C01A012383406F
:10A6500013432E002360CEE7079B191D1B6807914B
:10A66000002B01DB0B9304E05B42E3600223134306
:10A6700023602B782E2B0AD16B782A2B35D1079BA0
:10A6800002351A1D1B680792002B2BDB0993304EF5
:10A69000032230002978FFF7ADFE002806D04023C2
:10A6A000801B8340226801351343236029780622EA
:10A6B00028486E1C2176FFF79DFE00283CD0264BD3
:10A6C000002B25D10722079B0733934308330793B9
:10A6D0006369049A9B18636165E743433500012170
:10A6E0009B18A6E701235B42D0E700230A201A004B
:10A6F0000135636029786E1C3039092903D9002B94
:10A70000C5D00992C3E74243350001235218F1E74F
:10A7100007AB00933A002100104B039800E000BF04
:10A720000490049B0133D3D1BB890D985B0600D400
:10A730002DE7012040422AE707AB00933A002100B1
:10A74000064B0398FFF7C0F9EAE7C046ACC6000025
:10A75000B2C60000B6C60000000000009DA40000C4
:10A7600070B504000D001F2904D9162303600120D1
:10A77000404270BD436C002B04D08A009B181A68BD
:10A78000002A08D1200000F031F82A000100200042
:10A7900000F01AF8EDE70020012AEAD0511C03D19D
:10A7A000162301302360E4E7002428001C60904752
:10A7B0002000DEE710B5034B01001868FFF7D0FF5B
:10A7C00010BDC046A0030020002370B5064D040054
:10A7D000080011002B6000F0FDF8431C03D12B682A
:10A7E000002B00D0236070BD4029002010B500F080
:10A7F000E1F810BD70B50C000E25495F00F0ACF813
:10A80000002803DB636D1B18636570BDA389024AD2
:10A810001340A381F9E7C046FFEFFFFFF8B51F0023
:10A820008B8905000C001600DB0505D50E23C95EDB
:10A830000022022300F074F8A389054A280013407F
:10A84000A38132000E23E15E3B0000F01FF8F8BD4B
:10A85000FFEFFFFF70B50C000E25495F00F060F8B8
:10A86000A389421C03D1054A1340A38170BD8022F5
:10A8700052011343A3816065F8E7C046FFEFFFFF75
:10A8800010B50E23C95E00F015F810BD70B50400B8
:10A89000080011001A000023054D2B6000F0C0F8DD
:10A8A000431C03D12B68002B00D0236070BDC04631
:10A8B00040290020002370B5064D040008002B60DD
:10A8C00000F068F8431C03D12B68002B00D02360F4
:10A8D00070BDC04640290020002370B5064D04001D
:10A8E000080011002B6000F05DF8431C03D12B68B9
:10A8F000002B00D0236070BD40290020002370B5DC
:10A90000064D040008002B6000F05CF8431C03D1E6
:10A910002B68002B00D0236070BDC046402900206A
:10A9200070B50400080011001A000023054D2B60CB
:10A9300000F058F8431C03D12B68002B00D0236093
:10A9400070BDC046402900200B1F1B68181F002B3C
:10A9500001DA0B58C018704770B5040008001100E8
:10A960001A000023054D2B6000F044F8431C03D16E
:10A970002B68002B00D0236070BDC046402900200A
:10A9800003B47146490840004900095E49008E44FD
:10A9900003BC704758220120014B40421A607047A7
:10A9A0004029002058220120014B40421A60704784
:10A9B0004029002058220120014B40421A60704774
:10A9C000402900205822024B00201A607047C046E0
:10A9D0004029002058220120014B40421A60704754
:10A9E0004029002058220120014B40421A60704744
:10A9F0004029002058220120014B40421A60704734
:10AA000040290020044A03001068002802D0C3181F
:10AA1000136070470148FAE73029002044290020DC
:10AA200058220120014B40421A6070474029002003
:10AA3000FEE7C046F8B5C046F8BC08BC9E46704765
:10AA4000F8B5C046F8BC08BC9E467047474F4F4417
:10AA5000004A4F42004C6F77004261747400456DAC
:10AA6000707479002530345800494E494349414CAF
:10AA7000495A41444100454550524F4D20496E6965
:10AA80006369616C697A6164612E00566F6C636101
:10AA90006E646F20454550524F4D2E002C00486982
:10AAA000210050756E7465726F2070657264696400
:10AAB0006F2E200A0044454C00454E44004E495438
:10AAC000524F004C4F5720564F4C54004F4E004FA2
:10AAD000464600536176696E672E2E2E004C4F5706
:10AAE000005354415254210A0D00253034780A0095
:10AAF000526573657420506F776572204F6E2052D7
:10AB00006573657400526573657420424F44313239
:10AB100000526573657420424F44333300526573AD
:10AB200065742045787465726E616C00526573655A
:10AB300074205761746368446F670052657365746D
:10AB40002053797374656D004920256400562025D3
:10AB500064004F4B00424144004C6F6164696E6772
:10AB60002E2E2E004E49434B4E414D45004D454E35
:10AB700055003320322000332032203100332D3273
:10AB80002D310054455354005354415254005448FD
:10AB9000414E4B00594F5500FEFFFFFFFFFFFFFFE7
:10ABA000FFFFFFFFFFFFFFFFFFFFFFFFFFFFFFFFB5
:10ABB000FFFFFFFFFFFFFFFFFFFFFFFFFFFFFFFFA5
:10ABC000FFFFFFFFFFFFFFFFFFFFFFFFFFFFFFFF95
:10ABD000FFFFFE00000000000FFFFE00000000006D
:10ABE0000FFFFE7FFFFFFFFFC07FFE7FFFFFFFFF26
:10ABF000C07FFE7FFFFFFFFFCE7FFE7FFFFFFFFFD7
:10AC0000CE7FFE7FFFFFFFFFCE7FFE7FFFFFFFFFB8
:10AC1000CE7FFE7FFFFFFFFFCE7FFE7FFFFFFFFFA8
:10AC2000CE7FFE7FFFFFFFFFCE7FFE7FFFFFFFFF98
:10AC3000CE7FFE7FFFFFFFFFCE7FFE7FFFFFFFFF88
:10AC4000CE7FFE7FFFFFFFFFC07FFE7FFFFFFFFF86
:10AC5000C07FFE00000000000FFFFE0000000000AB
:10AC60000FFFFFFFFFFFFFFFFFFFFFFFFFFFFFFFE4
:10AC7000FFFFFFFFFFFFFFFFFFFFFFFFFFFFFFFFE4
:10AC8000FFFFFFFFFFFFFFFFFFFFFFFFFFFFFFFFD4
:10AC9000FFFFFFFFFFFFFFFFFFFF30002E002C0034
:10ACA0002A00280026002400220020001E001C008C
:10ACB0001A00180016001400120010000E000C00FC
:10ACC0000A00080006000400020000006F0F640084
:10ACD00000009A14C80000006F0F0A000A009A14BE
:10ACE0000A000A0000000000000000000000000050
:10ACF0000000000000000007000000000000000F3E
:10AD0000800000000000001FC00000000000003FA5
:10AD1000E00000000000007FF0000000000000F8EC
:10AD2000F8000000000001F8FC000000000003F83B
:10AD3000FE000000000007F8FF00000000000FF810
:10AD4000FF80000000001FF8FFC0000000003FF877
:10AD5000FFE0000000007FF8FFF0000000007FF837
:10AD6000FFF0000000007FF8FFF0000000003FF857
:10AD7000FFE0000000001FF8FFC0000000000FF817
:10AD8000FF800000000007FFFF000000000003F844
:10AD9000FE000000000001F8FC000000000000F8C8
:10ADA000F80000000000007FF00000000000003FFD
:10ADB000E00000000000001FC00000000000000FC5
:10ADC00080000000000000070000000000000000FC
:10ADD00000000000400C7D0005002D097D000500ED
:10ADE0002D087D0005004D0A7D00050020067D0030
:10ADF000050027057D0005005A10640032005A1036
:10AE0000640032005A10640032005A1064003200AC
:10AE10009A14640000006F0FC80000005B120A0063
:10AE20000A00C00D0A000A0027057D000500200663
:10AE30007D0005004D0A7D0005002D087D00050000
:10AE40002D097D000500400C7D0005000B027D00F2
:10AE50000A002D087D000A0017047D000A0000008A
:10AE600000000000000000000000000000000000E2
:10AE700000000000000000000000000000000000D2
:10AE800000000000000000000000000000000000C2
:10AE900000000000000000000000000000000000B2
:10AEA00000000000000000000000000000000000A2
:10AEB0000000000000000000000000000000000092
:10AEC0000000000000000000000000000000000082
:10AED0000000000000000000000000000000000072
:10AEE0000000000000000000000000000000000062
:10AEF0000000000000000000000000000000000052
:10AF00000000000000000000000000000000000041
:10AF10000000000000000000000000000000000031
:10AF20000000000000000000000000000000000021
:10AF30000000000000000000000000000000000011
:10AF40000000000000000000000000000000000001
:10AF500000000000000000000000000000000000F1
:10AF600000000000000000000000000000000000E1
:10AF700000000000000000000000000000000000D1
:10AF800000000000000000000000000000000000C1
:10AF900000000000000000000000000000000000B1
:10AFA00000000000000000000000000000000000A1
:10AFB0000000000000000000000000000000000091
:10AFC0000000000000000000000000000000000081
:10AFD0000000000000000000000000000000000071
:10AFE0000000000000000000000000000000000061
:10AFF0000000000000000000000000000000000051
:10B000000000000000000000000000000000000040
:10B010000000000000000000000000000000000030
:10B020000000000000000000000000000000000020
:10B030000000000000000000000000000000000010
:10B040000000000000000000000000000000000000
:10B0500000000000000000000000000000000000F0
:10B0600000000000000000000000000000000000E0
:10B0700000000000000000000000000000000000D0
:10B0800000000000000000000000000000000000C0
:10B0900000000000000000000000000000000000B0
:10B0A00000000000000000000000000000000000A0
:10B0B0000000000000000000000000000000000090
:10B0C0000000000000000000000000000000000080
:10B0D0000000000000000000000000000000000070
:10B0E0000000000000000000000000000000000060
:10B0F0000000000000000000000000000000000050
:10B10000000000000000000000000000000000003F
:10B11000000000000000000000000000000000002F
:10B12000000000000000000000000000000000001F
:10B13000000000000000000000000000000000000F
:10B1400000000000000000000000000000000000FF
:10B1500000000000000000000000000000000000EF
:10B1600000000000000000000000000000000000DF
:10B1700000000000000000000000000000000000CF
:10B1800000000000000000000000000000000000BF
:10B1900000000000000000000000000000000000AF
:10B1A000000000000000000000000000000000009F
:10B1B000000000000000000000000000000000008F
:10B1C000000000000000000000000000000000007F
:10B1D000000000000000000000000000000000006F
:10B1E000000000000000000000000000000000005F
:10B1F000000000000000000000000000000000004F
:10B20000000000000000000000000000000000003E
:10B21000000000000000000000000000000000002E
:10B22000000000000000000000000000000000001E
:10B23000000000000000000000000000000000000E
:10B2400000000000000000000000000000000000FE
:10B2500000000000000000000000000000000000EE
:10B2600000000000000000000000000000000000DE
:10B2700000000000000000000000000000000000CE
:10B2800000000000000000000000000000000000BE
:10B2900000000000000000000000000000000000AE
:10B2A000000000000000000000000000000000009E
:10B2B000000000000000000000000000000000008E
:10B2C000000000000000000000000000000000007E
:10B2D000000000000000000000000000000000006E
:10B2E000000000000000000000000000000000005E
:10B2F000000000000000000000000000000000004E
:10B3000017047D000A002D087D000A000B027D0055
:10B310000A006E0296000A006E0296000A006E0293
:10B3200096000A006E0290010500EE0190010500F2
:10B330002A02900105006E02960096002A029600ED
:10B3400005006E02F40105006F0FC8000A00EA0A4A
:10B35000C8000A006F0FC8000A00EA0AC8000A0005
:10B360006F0FC8000A00EA0AC8000A001003640050
:10B370000A00100364000A00100364000A000000C1
:10B380000000000000000000913E0000553D00005C
:10B39000513D0000793D0000953D0000573F000001
:10B3A0007B3D0000FFFFFFFF0000000000000000E9
:10B3B000000000000000000000000000FFFFFFFF91
:10B3C000000000000000000000000000000000007D
:10B3D00000000000FFFFFFFF000000000000000071
:10B3E000000000000000000000000000030000005A
:10B3F000000000000900000000000000742000426E
:10B4000040000000040000000000000008000000F0
:10B41000000000007020004204000000FFFFFFFF5A
:10B42000000000000000000000000000000000001C
:10B4300000000000FFFFFFFF000000000000000010
:10B44000000000000000000000000000FFFFFFFF00
:10B4500000000000000000000000000000000000EC
:10B4600000000000080000000000000006000000CE
:10B4700001000000702400420400000009000000E8
:10B4800000000000070000000100000074240042DA
:10B49000400000000A000000000000001200000050
:10B4A0000000000078200042050000000B000000B2
:10B4B00000000000100000000200000070280042A0
:10B4C000040000000C000000000000001300000059
:10B4D000000000007C200042500000000D00000031
:10B4E000000000001100000002000000742800426B
:10B4F0004000000000000000003E5B4F5B3E3E6BE2
:10B500004F6B3E1C3E7C3E1C183C7E3C181C577DFD
:10B51000571C1C5E7F5E1C00183C1800FFE7C3E749
:10B52000FF0018241800FFE7DBE7FF30483A060E5B
:10B530002629792926407F050507407F05253F5AA2
:10B540003CE73C5A7F3E1C1C08081C1C3E7F142212
:10B550007F22145F5F005F5F06097F017F006689BD
:10B56000956A606060606094A2FFA29408047E0403
:10B570000810207E201008082A1C08081C2A080829
:10B580001E101010100C1E0C1E0C30383E383006E9
:10B590000E3E0E06000000000000005F00000007E5
:10B5A000000700147F147F14242A7F2A1223130813
:10B5B000646236495620500008070300001C2241EF
:10B5C000000041221C002A1C7F1C2A08083E080893
:10B5D0000080703000080808080800006060002043
:10B5E000100804023E5149453E00427F4000724926
:10B5F0004949462141494D331814127F10274545CA
:10B6000045393C4A494931412111090736494949DF
:10B6100036464949291E000014000000403400004D
:10B6200000081422411414141414004122140802B6
:10B63000015909063E415D594E7C1211127C7F4929
:10B640004949363E414141227F4141413E7F49497E
:10B6500049417F090909013E414151737F080808AA
:10B660007F00417F41002040413F017F081422417B
:10B670007F404040407F021C027F7F0408107F3ED5
:10B680004141413E7F090909063E4151215E7F0942
:10B69000192946264949493203017F01033F4040A9
:10B6A000403F1F2040201F3F4038403F6314081494
:10B6B0006303047804036159494D43007F414141CC
:10B6C0000204081020004141417F040201020440AD
:10B6D00040404040000307080020545478407F2831
:10B6E0004444383844444428384444287F38545427
:10B6F000541800087E090218A4A49C787F0804044A
:10B700007800447D40002040403D007F10284400E8
:10B7100000417F40007C047804787C080404783879
:10B7200044444438FC1824241818242418FC7C08A9
:10B73000040408485454542404043F44243C404026
:10B74000207C1C2040201C3C4030403C44281028D9
:10B75000444C9090907C4464544C44000836410022
:10B760000000770000004136080002010204023C9C
:10B770002623263C1EA1A161123A4040207A38546B
:10B7800054555921555579412254547842215554E4
:10B79000784020545579400C1E5272123955555537
:10B7A00059395454545939555454580000457C4122
:10B7B0000002457D420001457C407D1211127DF062
:10B7C000282528F07C545545002054547C547C0A8C
:10B7D000097F4932494949323A4444443A324A4855
:10B7E00048303A4141217A3A42402078009DA0A059
:10B7F0007D3D4242423D3D4040403D3C24FF2424AB
:10B80000487E4943662B2FFC2F2BFF0929F620C0C9
:10B81000887E090320545479410000447D4130481A
:10B82000484A32384040227A007A0A0A727D0D195D
:10B83000317D2629292F28262929292630484D40BF
:10B8400020380808080808080808382F10C8ACBABB
:10B850002F102834FA00007B000008142A1422223A
:10B86000142A14085500550055AA55AA55AAFF5583
:10B87000FF55FF000000FF00101010FF001414140B
:10B88000FF001010FF00FF1010F010F0141414FC53
:10B89000001414F700FF0000FF00FF1414F404FC70
:10B8A000141417101F10101F101F1414141F001051
:10B8B0001010F0000000001F101010101F101010CA
:10B8C00010F010000000FF101010101010101010D9
:10B8D000FF10000000FF140000FF00FF00001F1019
:10B8E000170000FC04F414141710171414F404F4D3
:10B8F0000000FF00F714141414141414F700F714C4
:10B900001414171410101F101F141414F414101012
:10B91000F010F000001F101F0000001F14000000B6
:10B92000FC140000F010F01010FF10FF141414FFAE
:10B93000141010101F00000000F010FFFFFFFFFFA9
:10B94000F0F0F0F0F0FFFFFF0000000000FFFF0F3D
:10B950000F0F0F0F3844443844FC4A4A4A347E02E1
:10B96000020606027E027E02635549416338444462
:10B970003C04407E201E2006027E020299A5E7A517
:10B98000991C2A492A1C4C7201724C304A4D4D3088
:10B990003048784830BC625A463D3E494949007EAD
:10B9A0000101017E2A2A2A2A2A44445F4444405144
:10B9B0004A444040444A51400000FF0103E080FFF8
:10B9C000000008086B6B083612362436060F090F84
:10B9D00006000018180000001010003040FF0101A0
:10B9E000001F01011E00191D1712003C3C3C3C00C9
:10B9F000000000000000000000000000D54D000025
:10BA000059630000513D00002D43000019840000DF
:10BA1000F5430000F743000021440000014400000A
:10BA2000114400002F430000F54300001D460000B4
:10BA3000994500003944000075440000B1440000FD
:10BA4000FF4400009B45000019450000705F7365CE
:10BA500072636F6D20213D204E554C4C0053504970
:10BA6000436C6173733A3A535049436C6173732862
:10BA7000534552434F4D2A2C2075696E74385F74BC
:10BA80002C2075696E74385F742C2075696E74385B
:10BA90005F742C20536572636F6D537069545850F6
:10BAA00061642C20536572636F6D52585061642934
:10BAB00000433A5C55736572735C6A617669655CD4
:10BAC000417070446174615C4C6F63616C5C417285
:10BAD0006475696E6F31355C7061636B6167657346
:10BAE0005C61646166727569745C686172647761D7
:10BAF00072655C73616D645C312E372E31365C6C1F
:10BB000069627261726965735C5350495C53504954
:10BB10002E63707000000000280800420200000040
:10BB200001000000280C0042040000000300000097
:10BB30002810004206000000050000002814004202
:10BB40000800000007000000281800420A0000005A
:10BB500009000000281C00420C0000000B0000003F
:10BB60000000000000000000D54D000059630000F7
:10BB7000513D00002D430000395A0000F5430000FC
:10BB8000F74300002144000001440000114400007C
:10BB90002F430000F54300001D46000099450000BA
:10BBA0006158000089560000B1440000FF440000C5
:10BBB0009B45000019450000000000000000000047
:10BBC0000000000000000000000000000000000075
:10BBD0000000000000000000000000000000000065
:10BBE0000000000000000000000000000000000055
:10BBF0000000000000000000000000000000000045
:10BC00000000000000000000000000000000000034
:10BC10000000000000000000000000000000000024
:10BC20000000000000000000000000000000000014
:10BC30000000000000000000000000000000000004
:10BC400000000000000000000000000000000000F4
:10BC500000000000000000000000000000000000E4
:10BC600000000000000000000000000000000000D4
:10BC700000000000000000000000000000000000C4
:10BC800000000000000000000000000000000000B4
:10BC900000000000000000000000000000000000A4
:10BCA0000000000000000000000000000000000094
:10BCB0000000000000000000000000000000000084
:10BCC0000000000000000000000000000000000074
:10BCD0000000000000000000000000000000000064
:10BCE0000000000000000000000000000000000054
:10BCF0000000000000000000000000000000000044
:10BD00000000000000000000000000000000000033
:10BD10000000000000000000000000000000000023
:10BD20000000000000000000000000000000000013
:10BD30000000000000000000000000000000000003
:10BD400000000000000000000000000000000000F3
:10BD500000000000000000000000000000000000E3
:10BD600000000000000000000000000000000000D3
:10BD700000000000000000000000000000000000C3
:10BD800000000000000000000000000000000000B3
:10BD900000000000000000000000000000000000A3
:10BDA0000000000000000000000000000000000093
:10BDB0000000000000000000000000000000000083
:10BDC0000000000000000000000000000000000073
:10BDD0000000000000000000000000000000000063
:10BDE0000000000000000000000000000000000053
:10BDF0000000000000000000000000000000000043
:10BE00000000000000000000000000000000000032
:10BE10000000000000000000000000000000000022
:10BE20000000000000000000000000000000000012
:10BE30000000000000000000000000000000000002
:10BE400000000000000000000000000000000000F2
:10BE500000000000000000000000000000000000E2
:10BE600000000000000000000000000000000000D2
:10BE700000000000000000000000000000000000C2
:10BE800000000000000000000000000000000000B2
:10BE900000000000000000000000000000000000A2
:10BEA0000000000000000000000000000000000092
:10BEB0000000000000000000000000000000000082
:10BEC0000000000000000000000000000000000072
:10BED0000000000000000000000000000000000062
:10BEE0000000000000000000000000000000000052
:10BEF0000000000000000000000000000000000042
:10BF00000000000000000000000000000000000031
:10BF10000000000000000000000000000000000021
:10BF20000000000000000000000000000000000011
:10BF30000000000000000000000000000000000001
:10BF400000000000000000000000000000000000F1
:10BF500000000000000000000000000000000000E1
:10BF600000000000000000000000000000000000D1
:10BF700000000000000000000000000000000000C1
:10BF800000000000000000000000000000000000B1
:10BF900000000000000000000000000000000000A1
:10BFA0000000000000000000000000000000000091
:10BFB0000000000000000000000000000000000081
:10BFC0000000000000000000000000000000000071
:10BFD0000000000000000000000000000000000061
:10BFE0000000000000000000000000000000000051
:10BFF0000000000000000000000000000000000041
:10C000000000000000000000000000000000000030
:10C010000000000000000000000000000000000020
:10C020000000000000000000000000000000000010
:10C030000000000000000000000000000000000000
:10C0400000000000000000000000000000000000F0
:10C0500000000000000000000000000000000000E0
:10C0600000000000000000000000000000000000D0
:10C0700000000000000000000000000000000000C0
:10C0800000000000000000000000000000000000B0
:10C0900000000000000000000000000000000000A0
:10C0A0000000000000000000000000000000000090
:10C0B0000000000000000000000000000000000080
:10C0C0000000000000000000000000000000000070
:10C0D0000000000000000000000000000000000060
:10C0E0000000000000000000000000000000000050
:10C0F0000000000000000000000000000000000040
:10C1000008000000100000002000000040000000B7
:10C110008000000000010000000200000004000098
:10C12000000000000B000000020000001C000000E6
:10C13000FF00010101010B00000000000A000000E7
:10C14000020000001C000000FF00000100010A00C6
:10C15000000000000E0000000800000004000000C5
:10C16000FF00000000000E000000000009000000B9
:10C17000040000001C000000FF0001000100090095
:10C180000000000008000000040000001C00000087
:10C19000FF00000000001000000000000F00000081
:10C1A000040000001C000000FF00010301030F0059
:10C1B0000000000014000000050000002C0000003A
:10C1C000FF00020002000400000000001500000053
:10C1D0000800000004000000FF00FFFFFFFF050053
:10C1E0000000000006000000040000001C00000029
:10C1F000060000010001060000000000070000002A
:10C20000040000001C0000000700010101010700FC
:10C210000000000012000000040000001C000000EC
:10C22000FF000003000302000000000010000000F7
:10C23000040000001C000000FF00000200020000DB
:10C240000000000013000000050000002C000000AA
:10C25000FF000300030003000000000011000000C5
:10C26000040000001C000000FF00010201020100A8
:10C2700000000000020000000100000002000000B9
:10C280000000FFFFFFFF02000100000008000000A7
:10C290000100000018000000020000040004080073
:10C2A000010000000900000001000000180000006B
:10C2B0000300010401040900000000000400000064
:10C2C000010000001800000004000000000004004D
:10C2D0000000000005000000010000001800000040
:10C2E000050001000100050001000000020000003F
:10C2F00001000000000000000A00FFFFFFFF020035
:10C300000000000016000000020000000400000011
:10C31000FF00FFFFFFFF0600000000001700000005
:10C320000200000004000000FF00FFFFFFFF070005
:10C33000000000000C0000000300000004000000EA
:10C34000FF00FFFFFFFF0C00010000000A000000DB
:10C350000300000004000000FF00FFFFFFFF0A00D1
:10C36000010000000B0000000300000004000000BA
:10C37000FF00FFFFFFFF0B000100000003000000B3
:10C380000B00000004000000FF00FFFFFFFFFF00A4
:10C39000000000001B0000000B0000000400000073
:10C3A000FF00FFFFFFFFFF00000000001C00000077
:10C3B0000600000000000000FF00FFFFFFFFFF007D
:10C3C000000000001800000006000000000000004F
:10C3D000FF00FFFFFFFFFF0000000000190000004A
:10C3E0000600000000000000FF00FFFFFFFFFF004D
:10C3F0000100000016000000030000000000000023
:10C40000FF00FFFFFFFFFF0001000000170000001A
:10C410000300000000000000FF00FFFFFFFFFF001F
:10C4200000000000160000000200000000000000F4
:10C43000FF00FFFFFFFFFF000000000017000000EB
:10C440000200000000000000FF00FFFFFFFFFF00F0
:10C4500000000000130000000200000000000000C7
:10C46000FF00FFFFFFFFFF000000000010000000C2
:10C470000200000000000000FF00FFFFFFFFFF00C0
:10C480000000000012000000020000000000000098
:10C49000FF00FFFFFFFFFF00000000001100000091
:10C4A0000200000000000000FF00FFFFFFFFFF0090
:10C4B000000000000D000000040000000C0000005F
:10C4C000FF000100FFFF0D0000000000150000004C
:10C4D000050000000C000000FF000300FFFFFF004C
:10C4E0000000000006000000040000000C00000036
:10C4F000FF000001FFFFFF00000000000700000038
:10C50000040000000C000000FF000101FFFFFF001D
:10C510000000000003000000010000000200000015
:10C52000FF00FFFFFFFFFF0000000000020000000F
:10C5300001000000020000001400FFFFFFFF0200E6
:10C5400000000000060000000100000002000000E2
:10C5500006000001000106000000000007000000C6
:10C5600001000000020000000700010101010700B6
:10C570000D0A00000008004214090000000C0042EF
:10C58000150A000000100042160B000000140042C3
:10C59000170C000000180042180D0000001C00429B
:10C5A000190E000000010002000300040000000555
:10C5B000000000060000000700000000000000006E
:10C5C0008D6C0000B96C0000896C0000AD6C00003F
:10C5D000A16C0000016D0000E56C0000000000008F
:10C5E000000000002F71000015700000616F000056
:10C5F0000D6E0000356E0000496E000046656174E6
:10C60000686572204D3000000403090441646166CE
:10C61000727569740012010002EF0201409A230B47
:10C620008000010102030100000000000000000082
:10C63000A180000059630000B97F0000737F0000F3
:10C640008D7F000065810000657D0000557D000044
:10C65000DD7D00007F7D0000517D00001A001A0082
:10C660001B001B001C001C001D001D002C206675FB
:10C670006E6374696F6E3A200061737365727469DA
:10C680006F6E2022257322206661696C65643A20F2
:10C6900066696C6520222573222C206C696E6520EA
:10C6A0002564257325730A00A4030020232D302B55
:10C6B0002000686C4C0065666745464700303132A3
:10C6C00033343536373839414243444546003031FA
:10C6D0003233343536373839616263646566000059
:10C6E000000000000000000000000000000000004A
:10C6F000000000000000000000000000000000003A
:10C700000000000000000000000000000000000029
:10C710000000000000000000000000000000000019
:10C720000000000000000000000000000000000009
:10C7300000000000000000000000000000000000F9
:04C7400000000000F5
:08C7440014CBFF7F010000008F
:10C74C00000007073F202020202020202020202030
:10C75C002020202020202020203F0000000000006E
:10C76C0000008080F010101010101010101010101D
:10C77C00101010101010101010F00000000000002D
:10C78C000200000000000000000101010101010194
:10C79C000101000000010101010101010100000083
:10C7AC000000000000000000001F2040800000007E
:10C7BC0000000000008080808080000000000000ED
:10C7CC00008040201F0000000000000000FF00005F
:10C7DC000000008ADAAA8A8A8A890000F9222222B9
:10C7EC002222210000000000FF00000000000000D9
:10C7FC0000FF00000000004C52504C42528C0000D4
:10C80C00925458505854920000000000FF00000051
:10C81C000000000000FF000000000060909090906D
:10C82C00906000009090909090906000000000004C
:10C83C00FF000000000000000080402010080808E5
:10C84C00080808081810101010180808080808081C
:10C85C0008102040800000000000010101010101CE
:10C86C004142434445464748494A4B4C4D4E4F5034
:10C87C005152535455565758595AFA110B0000003F
:10C88C000100000001000100010001000100010194
:10C89C00A10000000100000000000000E8030000FF
:10C8AC001C00010032000101002000420020004267
:10C8BC003C2000426C200042FFFFFF000100000002
:10C8CC0020A1070000000000000100000000000093
:10C8DC0000240042002400423C2400426C2400420C
:10C8EC00FFFFFF000100000020A107000000000076
:10C8FC000001000000000000002800420028004257
:10C90C003C2800426C280042FFFF000001000000A0
:10C91C0050C30000000000000001000000000000F7
:10C92C00000103070F1F3F7F0080C0E0F0F8FCFE02
:10C93C0000000000000000000000000000000000EB
:10C94C0000000000000000000000000000000000DB
:10C95C0000000000000000000000000000000000CB
:10C96C00000000000000000000000000000000803B
:10C97C0080800000000000000000000000000000AB
:10C98C00008080C0C000000000000000000000001B
:10C99C00000000000000000000000000000000008B
:10C9AC00000000000000000000000000000000007B
:10C9BC00000000000000000000000000000000006B
:10C9CC000000000080C0E0F0F8FCF8E0000000007F
:10C9DC0000000000000000000000000000808080CB
:10C9EC00808000808000000000808080808000FFBC
:10C9FC00FFFF00000000808080800000808000002D
:10CA0C0080FFFF808000808000808080800080809C
:10CA1C000000000000808000008C8E84000080F8F4
:10CA2C00F8F880000000000000000000000000008A
:10CA3C00002000420024004200280042002C00424A
:10CA4C000030004200340042FFFFFFFF00366E0151
:10CA5C00FFFFFFFF00C2010000000800080B0002EE
:10CA6C00020200000904000001020200000524007B
:10CA7C00100104240206052406000105240101010D
:10CA8C000705810310001009040100020A000000D0
:10CA9C000705020240000007058302400000000069
:10CAAC00FFFFFFFF000000008300000002000000F9
:10CABC0082000000000000000000000000000000E8
:10CACC0000000000000000000000000040420F00C9
:10CADC000A0000000A00000008000000FFFFFFFF32
:10CAEC00A40300200000000000C7000020C70000C5
:10CAFC00E0C6000000000000000000000000000084
:10CB0C000000000000000000000000000000000019
:10CB1C000000000000000000000000000000000009
:10CB2C0000000000000000000000000000000000F9
:10CB3C0000000000000000000000000000000000E9
:10CB4C0000000000DD0000002D130000C93C0000B7
:10CB5C008D400000AD510000B55E0000FD6000008E
:10CB6C00C5620000E56D0000417D0000B5000000CD
:040000030000843144
:00000001FF
