:100000000080002091880000598800007B88000053
:1000100000000000000000000000000000000000E0
:100020000000000000000000000000007B880000CD
:1000300000000000000000007B880000E588000050
:100040007B8800007B880000294100005D6500007E
:100050001D8800007B880000E95600007D880000B4
:100060007B880000ED6600007B8800007B88000034
:10007000C54400007B880000FD6600007B8800000E
:100080007B8800007B8800007B8800007B88000064
:10009000797000007B8800007B88000029650000E3
:1000A0007B8800007B8800007B8800007B88000044
:1000B0000000000010B5064C2378002B07D1054B3B
:1000C000002B02D0044800E000BF0123237010BDC4
:1000D000400400200000000080F70000044B10B531
:1000E000002B03D00349044800E000BF10BDC04608
:1000F000000000004404002080F700000122014BB2
:100100001A707047DD0E002070B506000C2008F054
:100110009BFD08250024300008F000FE013D041975
:1001200024B2002DF7D10723E01718400019C010A2
:1001300080B270BD70B505000C00272917DD002ABC
:1001400000D00334782C00DD78242000FE245021D8
:100150002838FF344942604309F07AF98B239B0029
:10016000C11889B20E20698008F050FE70BDEE21E2
:10017000FF3141800E2008F049FE283C054B640009
:10018000E35E0A220D215A43AB80034804F012FAC1
:10019000ECE7C0466EDB00005401002010B5438838
:1001A00004888B4215D20179104B5B1AA34200DD03
:1001B00023005B1803800188C2880023914205D385
:1001C0004379994200D31300038001230372007A1C
:1001D00010BD42791300A24206D80179034B5B1A85
:1001E000A34200DD23009BB29B1AE3E7FFFF000060
:1001F00010B5084C01233C220221200005F02CFF01
:10020000200005F0B5FE200006F012F8024B6361F5
:1002100010BDC046AC04002001000100F0B5324D15
:1002200085B02800002405F0A3FE2027082601231E
:10023000220021002800029303942C4B0197009682
:1002400004F05CFE01232200310028000293039495
:10025000274B0197009604F051FE0123220028004D
:1002600002931021234B03940197009604F046FE5D
:10027000012322002800029318211F4B03940197A9
:10028000009604F03BFE012322003900280002936F
:1002900003941A4B0197009604F030FE01232200CC
:1002A000280002932821164B03940197009604F02E
:1002B00025FE01232200280002933021114B0394D4
:1002C0000197009604F01AFE01232200382128002D
:1002D000029303940C4B0197009604F00FFE280044
:1002E00005F0A6FF05B0F0BDAC04002062040020BC
:1002F00042000020660000208A000020AE0000209E
:10030000D2000020F60000208604002010B5044C26
:10031000200005F02DFE200005F08AFF10BDC0462C
:10032000AC04002010B50C4C200005F021FE20008C
:10033000022104F0EEFF002320002361074906F0AC
:100340004FFA80235B0306492361200006F048FA38
:10035000200005F06DFF10BDAC040020A4D8000003
:10036000A9D8000010B50C4C200005F001FE2000BB
:10037000022104F0CEFF002320002361074906F08C
:100380002FFA80235B0306492361200006F028FA38
:10039000200005F04DFF10BDAC040020ADD80000DA
:1003A000B1D80000F0B58027032685B07F031E4C2E
:1003B0004B25200005F0DCFD0221200004F0A9FF00
:1003C00000231A492361200006F00AFA1849200088
:1003D000276106F005FA200005F02AFF0A20013DFA
:1003E00008F0C4FA002DF9D1200005F0C1FD012369
:1003F00003931F330193203320002A002900009328
:1004000002950C4B04F01FFD200005F011FF4B245A
:100410000A20013C08F0AAFA002CF9D1013EB6B23C
:10042000002EC4D105B0F0BDAC040020B6D8000049
:10043000B1D800006EDA0000F0B50025092791B0B0
:1004400000900191019BAB422BDD174C200005F081
:100450008FFD2000022104F05CFF144E2A003100C1
:10046000276103A80CF080FB200003A906F0B8F96F
:100470000F4B009A23616B00D25A310003A80CF095
:1004800073FB200003A906F0ABF9200005F0D0FEB5
:1004900021240A20013C08F069FA002CF9D1013529
:1004A000D0E711B0F0BDC046AC040020BCD80000BD
:1004B00009001000F8B50600264C0D00200005F0DC
:1004C00057FD0321200004F024FF300009F0C6FF8F
:1004D000214909F0B5FB0BF0E7FD060028000F00ED
:1004E00009F0BCFF0BF0E0FD1C4A1D4B0AF0A8FF11
:1004F00000221C4B0AF09EFB02000B00300039006A
:100500000BF00AFA0BF018FE0BF0CEFD0022164B92
:100510000AF096FF0022154B0AF022F809F00AF9BA
:100520000100632813D8124B0A222361200006F031
:10053000DCF9104B20002361012104F0EAFE0E4992
:10054000200006F04DF9200005F072FEF8BD802372
:10055000DB02E9E7AC040020000020416666666625
:100560006666204000408F400080324000003440EA
:100570000D00040032001000C1D80000AA4AF8B5EE
:1005800011680500012308001840194202D1A7494B
:1005900013608870A64A01231168080018401942A8
:1005A00002D1A44913608870A34A0123116808008E
:1005B0001840194202D1A14913608870A04A012352
:1005C000116808001840194202D19E4913608870D2
:1005D0009D4A0123116808001840194202D19B4925
:1005E000136088709A4A0123116808001840194264
:1005F00002D1984913608870974F984E002D20D0F3
:100600000123974A0B241370964A1370964A13706D
:10061000964A1370964A1370964A13700023964AAE
:100620003B701370954A33701370954A1370954A56
:100630001370954A1370954A1370954A13702000F1
:10064000F8BD3B78002B21D02900784803F08AFDC3
:100650000B24002800D03D703778002F5CD000219B
:10066000744803F07FFD002801D000233370884BCD
:100670001D78002D00D194E00021704803F072FD38
:100680000028DCD00023824A1370D8E7032008F04A
:10069000FFFC03005A1E9341744A1370704B1B7881
:1006A000002822D1674C002B0BD032215F4803F089
:1006B0004BFD0123200077493B7003F045FD0B24DF
:1006C0000EE02900200003F04DFD0028F7D0FA21AC
:1006D0000122694B200049001A70042403F034FD04
:1006E000624B5F4A1B781370B6E7664C002B07D14C
:1006F00032214E4803F028FD01233B702370DEE7D2
:100700002378002BDBD05C4B25701A780924002A53
:10071000E6D01D700234E3E7042008F0B9FC0300C2
:100720005A1E9341524A13704E4B002821D119781A
:10073000464D00290ED032213E4803F005FD01232D
:1007400028005449337003F0FFFC494B454A1B789D
:1007500013708CE7280003F005FD0028F5D0FA217E
:100760000122464B280049001A70052403F0ECFCD6
:10077000EBE71B78444D002B07D132212D4803F0C5
:10078000E3FC012333702B70DFE72B78002BDCD0E8
:100790003A4B2F701A78002A01D01F70D5E70A242F
:1007A000D3E7072008F074FC03005A1E9341314A36
:1007B0002D4F137000281DD13978264D00290ED0F9
:1007C00032211E4803F0C0FC0123314A3149137025
:1007D000280003F0B9FC274B1B783B702FE728005B
:1007E00003F0C0FC0028F6D00124FA21244B490074
:1007F0001C70EDE73B78254E002B08D132210F48C5
:1008000003F0A2FC0123224A33701370E3E733782C
:10081000002BE0D01A4B35701A78002A01D01D70D9
:10082000D9E70624D7E7C046400E00205E0E002020
:10083000480E0020680E0020500E0020720E00208E
:10084000440E0020620E00204C0E00206E0E002090
:10085000540E0020780E00205A0E00205C0E00205E
:100860001D0100201E0100201F0100201A01002090
:100870001B0100201C010020660E00206C0E0020D1
:10088000760E0020580E0020590E00205B0E00202E
:100890005D0E00201A040000F8B5242706260C255A
:1008A00002242F4B08001980012108F095FB3A0023
:1008B0002C492D480BF062FD2C4B3A002C492D4859
:1008C0001E800BF05BFD2C4B2A002C492C481E800F
:1008D0000BF054FD2B4B2A002B492C481C800BF0AD
:1008E0004DFD2B4B2A002B492B481C800BF046FD5D
:1008F0002A4B2A002A492B48AD191C800BF03EFDDB
:10090000294B2A0029492A481C800BF037FD294B26
:100910002A000134284929481C800BF02FFD284B60
:100920002A00284928481C800BF028FD274B362236
:10093000274928481C800BF021FD0922264B274916
:100940001A8027483A000BF019FD264B1822264939
:1009500026481E800BF012FD0422254B1A80F8BD9C
:1009600040000020FCDC0000A80C002062130020E6
:10097000A8DC0000F807002056130020ACDB0000C4
:10098000700D002064130020F0DC00003007002010
:1009900054130020A0DB0000E00B002060130020B7
:1009A000E4DC0000180B00205E13002020DD0000B6
:1009B000D80400204E13002000E20000A005002013
:1009C000501300206CE20000680600205213002043
:1009D00012E20000880900205A13002048E20000BB
:1009E000500A00205C130020CCDC0000C00800206E
:1009F0005813002010B5012907D1C8222F490BF048
:100A0000BDFC2F4B1B88180010BD022905D1C82240
:100A10002C490BF0B3FC2C4BF4E7032905D1C82279
:100A20002A490BF0ABFC2A4BECE7042905D1C8227C
:100A300028490BF0A3FC284BE4E7052905D1C8227F
:100A400026490BF09BFC264BDCE7062905D1C82282
:100A500024490BF093FC244BD4E7072905D1C82285
:100A600022490BF08BFC224BCCE7082905D1C82288
:100A700020490BF083FC204BC4E7092905D1C8228B
:100A80001E490BF07BFC1E4BBCE70A2905D1C8228E
:100A90001C490BF073FC1C4BB4E70B2905D1C82291
:100AA0001A490BF06BFC1A4BACE700230C29AAD1B6
:100AB000C82218490BF062FC174BA3E7A80C0020D2
:100AC00062130020F807002056130020700D00204C
:100AD000641300203007002054130020E00B002096
:100AE00060130020180B00205E130020D8040020A3
:100AF0004E130020A005002050130020680600209F
:100B000052130020880900205A130020500A0020A8
:100B10005C130020C008002058130020F0B5B3B0CB
:100B200081B26846FFF766FF0A210500154803F009
:100B30000BFB00240321200008F000FC80B2A84237
:100B40001ED2104E0021300003F00CFB0028F8D01C
:100B50006B466946671C7F00DA5B6300C95A0A4B23
:100B6000188806F0B3F96A46A31C5B00D15AD35B20
:100B70003000C91889B2033403F0E6FAA4B2D9E709
:100B800033B0F0BD8813002040000020F0B59D4C2C
:100B90009D4DA5446B696A4606000F00280029692F
:100BA00005F038FCE022994C6946200092000BF0D9
:100BB000E5FB607CA37C00285FD1002B59D1C822C3
:100BC0005200628002221900FF326360A360E3607A
:100BD000226126756775E38223838D4AD1520233E1
:100BE000642BFAD1002318008A4FD91902330880E8
:100BF000522BFAD100239C4687496246581802338B
:100C000002802A2BF9D12088DF239330FF30861908
:100C100000209B00E6507E4A125A023094466644F9
:100C20006428F8D1E6500023FA5A0233B618522B42
:100C3000FAD1DF2300229B00E650885A0232361890
:100C40002A2AFAD1E022210092006846E6500BF0F1
:100C500095FB28006A69296905F0CAFB6A462800E5
:100C60006B69296905F078FB6C496D4805F0CAFD90
:100C70000120E1239B009D44F0BD00208342F8D178
:100C8000674D6849280005F0BDFD6749280005F05B
:100C9000B9FD0A222188280005F01DFE0A2261887C
:100CA000280005F018FE0A22A188280005F013FE8E
:100CB0000A22E188280005F00EFE0A222189280078
:100CC00005F009FE0A226189280005F004FE0A22C7
:100CD000A189280005F0FFFD0A22E189280005F01E
:100CE000FAFD0A22217C280005F0F5FD0A22617C2C
:100CF000280005F0F0FD0A22A17C280005F0EBFD9C
:100D00000A22E17C280005F0E6FD0A22217D280068
:100D100005F0E1FD0A22E18A280005F0DCFD0A2247
:100D20002800218B05F0D7FD2600718B0A222800B0
:100D300005F0CDFD3D4F2800390005F051FD3C4B3D
:100D400002369E42F1D1280005F054FD0026314BB9
:100D50000A22995B280005F0BAFD02363900280006
:100D600005F03EFD522EF2D1280005F043FD00268D
:100D7000294B0A22995B280005F0A9FD02363900AB
:100D8000280005F02DFD2A2EF2D1280005F032FDB5
:100D9000002263882088C018A3881B18E088C01828
:100DA00023891B186089C018A3891B18E089C01803
:100DB000237C1B18607CC018A37C1B18E07CC01827
:100DC000237D1B18E08AC018238B1B181048815AFA
:100DD00002325B18642AFAD100220E49895A023283
:100DE0005B18522AF9D100220B49895A02325B184A
:100DF0002A2AF9D1DF229200A058C01A4342584152
:100E0000C0B236E77CFCFFFFEC0E00200C0F002088
:100E1000260F00208A0F0020DC0F0020C4D800001D
:100E2000A01F0020D1D80000E6D80000F7D80000AD
:100E3000700F00200839030010B50800092908D8F0
:100E400008F072FA353A3F07070707081E051F4AE0
:100E5000D38110BDFA22181CD200934200DD101C71
:100E6000030400D50020322100B208F0F1FA00B2EC
:100E7000164B3C3040001818C3880133C380E8E7A4
:100E8000134A181C934200DD101C124B02B29A4206
:100E900000DA181C104B00B2C018142108F0D8FA60
:100EA0000A4A68304000835A01338352D1E719005F
:100EB0004A1E9141054AD17419004A1E9141034AC4
:100EC0001175581E8341014A5375C2E70C0F00206B
:100ED00004100000E40C00001CF3FFFF00B5042820
:100EE00009DC002809DB0138114B032806D808F07B
:100EF0001BFA090D1115162814D000BDDA8801322D
:100F0000DA80FAE71A8901321A81F6E75A89013242
:100F10005A81F2E79A8901329A81EEE79A88013282
:100F20009A80EAE7024A138B01331383E5E7C04650
:100F30000C0F002030B52A4900204A880B88294C24
:100F40009B188A88284D9B18CA88A5449B180A8933
:100F50009B184A899B188A899B18CA899B180A7C06
:100F60009B184A7C9B188A7C9B18CA7C9B180A7D1C
:100F70009B184A7D9B18CA8A9B180A8B9B18DF22F4
:100F800092008B502C5A02301B196428FAD18B50D6
:100F90000022164CA05A02321B18522AFAD1DF2224
:100FA00000209200124D8B502C5A02301B192A2817
:100FB000FAD18B50E022684692000BF0DFF90D4C1D
:100FC00020006269216905F013FA6A46200063690E
:100FD000216905F0C1F9E1239B009D4430BDC04665
:100FE0000C0F00207CFCFFFF260F00208A0F002042
:100FF000DC0F0020EC0E0020F7B5A025A126009202
:1010000000220193124B6D007600A224A4465F8853
:101010009C4464461F801F002488A0373C80F12434
:101020009F5B64005F531F5B0132023C1F5302331E
:101030004F2AEAD1074B4A32FF329852A0329952D6
:101040000099A03299520199A0329952F7BDC04639
:10105000061000200C0F002010B5354C3548A54473
:10106000436901696A4605F0D5F9E022324C9200E5
:10107000694620000BF082F96A4623682F480093E6
:1010800063680193A3680293E3680393237C13824C
:10109000637C5382A37C9382E37CD382237D13837E
:1010A000637D5383E38A9383238BD38300231A00C6
:1010B000C15A6A4402331184642BF8D100232048BA
:1010C00021AAC15AD1520233A02BFAD100231D48C4
:1010D00049AAC15AD1520233A02BFAD100231A488F
:1010E00071AAC15AD1520233A02BFAD1002317485A
:1010F00099AAC15AD1520233A02BFAD10023144825
:10110000C1AAC15AD1520233522BFAD10023114A3B
:1011100011486A44C15AD15202332A2BFAD1E02134
:1011200068464900FFF788F9E0239B009D4410BD05
:1011300080FCFFFFEC0E00200C0F0020260F00208B
:1011400006100020A610002046110020E611002005
:101150008A0F002056030000DC0F0020074B70B5FB
:1011600004001A003234057801305D830233A04256
:10117000F9D1D182FFF7DEFE70BDC0460C0F002012
:10118000064B01001A0010B532315C8B023304703B
:1011900001308842F9D1D08A10BDC0460C0F002022
:1011A000F0B595B007AF3800FFF7EAFF00243A4DDD
:1011B0000590280004F0DCFE0221280004F0A9F8C4
:1011C000280036492C6105F00BFB0C23059A0326F9
:1011D0005343334A403B1BB21380A34233DA314BB3
:1011E0001C80059BA34212DD2E4E3B5D0022B15EAA
:1011F00002220292002201920132009228000F3254
:1012000003F0FEFF338801340C333380E9E7280014
:1012100005F00EF815B0F0BD1F4805F009F80A20DA
:1012200007F0A4FB0A2007F0A1FB0A2007F09EFBB1
:101230000A2007F09BFB0A2007F098FB013403E02B
:10124000013E002EE6D000240321154B00229A5EB9
:10125000D3170B409B189B100133A342F0DB0423F0
:1012600000255B4263430F4A1380059BAB42D3DDED
:101270000C4F07AB0022B95E0222EB5C0292002207
:1012800001920132009204480F3203F0B9FF3B880B
:1012900001350C333B80E8E7AC040020F9D80000AE
:1012A000DE120020C80E0020F0B585B0002903D062
:1012B0004D4B1A684D4B1A6009F0D0F8051C0AF026
:1012C000F3FE4B4C02000B0020004A4905F0A4FA43
:1012D000464E4949306808F0B3FC8321071CC90514
:1012E000281C08F0B9FD454908F0AAFC011C381C6F
:1012F00008F0CCFE051C0AF0D7FE02000B0020000F
:101300003F4905F089FA3F4F38680AF0CDFE0200E8
:101310000B0020003C4905F07FFA3868291C08F0D2
:10132000B5FE051C0AF0C0FE02000B002000374984
:1013300005F072FAFF21281C890508F08DFD019047
:101340000AF0B2FE02000B002000314905F064FAF9
:10135000304F281C396808F0D7FA2F49386008F058
:101360007BFD02900AF0A0FE02000B0020002B493A
:1013700005F052FA2A4F386809F070F8011C281C51
:1013800008F084FE274908F067FD03900AF08CFE00
:1013900002000B002000244905F03EFA306816498F
:1013A00008F04EFC019908F0AFFA029908F0ACFA87
:1013B000039908F0A9FA30600AF076FE02000B00EB
:1013C00020001A4905F028FA0B49306808F044FD5E
:1013D000041C3060281C09F021F83860201C09F03A
:1013E0001DF805B0F0BDC046380E0020E013002007
:1013F000D4220020FDD800000000204100007A44E3
:101400000DD900003C0E002018D9000024D900009E
:1014100033D90000080F00208FC2F53C3ED90000F0
:10142000181300200AD7A33C49D9000054D9000062
:1014300070B50E1C0A49041C08F002FC8321051C2F
:10144000C905301C08F008FD064908F0F9FB011C2D
:10145000281C08F01BFE044B1860044B1C6070BD78
:101460000000204100007A443C0E0020380E00208D
:1014700010B50449044805F0CFF9FA20800007F0C0
:1014800075FA10BD5ED90000A01F0020F7B5050059
:101490000C200E000192082707F0D6FB002428003C
:1014A00007F03CFC013F041924B2002FF7D10723B9
:1014B000E017184004192248E4104443E0170005DF
:1014C000000D0019FA2400136043962107F0C0FFB5
:1014D00064251C4BC4186C431B4B9C4215DB1B4BF7
:1014E0009C4228DC20001A4907F0B2FF194B05B2D4
:1014F0009C420CDC0123019A092013703370FFF722
:101500000DFBFEF74FFF2800FEBD3D00F2E7124B3A
:101510009C4210DC019B19241F7001233370FEF7DD
:1015200021FF0B20FFF7FAFA0A20013C07F01EFA10
:10153000002CF9D1E7E70023019A33701370E2E73A
:10154000B80B00001CF3FFFF13FDFFFFE5270100B0
:10155000EE02000093110000DF2E000030B50021E4
:1015600085B04848002404F0E7FCE022464B474998
:101570009C709200464804F0D7FE6421454B14222B
:101580009C70454B96209C70444B8000D980FA217A
:101590005A80F6321C809A80414B89001C80598009
:1015A0009A80D8803F4B40481C805880C8208000DB
:1015B0009A80D8803D4B0B2059803D491C809980F2
:1015C000C8214900D9803B4B3B499A80423ADA8096
:1015D000C8221C805980394B12015A800222FF32E6
:1015E0001C809A809622364D1201DA8028800121D3
:1015F00007F0F2FC0023E85E210007F01DFD314DED
:1016000022002800302102F071FF00233222022143
:101610000092019328000294313A03F037F82A4BE4
:101620009C702A4B9C702A4B9C702A4B9C702A4BB6
:101630009C702A4B9C702A4B9C702A4B9C702A4BA6
:101640009C702A4B9C702A4B9C702A4B9C702A4B96
:101650009C702A4B9C702A4B9C702A4B9C702A4B86
:101660009C702A4B9C702A4B9C702A4B9C702A4B76
:101670009C702A4B9C702A4B9C702A4B9C7005B026
:1016800030BDC046AC0400208813002000DE0000FE
:10169000EC0E002020130020820E0020860E002079
:1016A000E2120020FC12002088130000E413002046
:1016B000010A0000341300206C0700008E12002085
:1016C0005C040020540100201C130020C4130020DF
:1016D00090130020BC130020D8130020AC1300206E
:1016E000A413002094130020A813002098130020B6
:1016F000C0130020B4130020B01300208C1300206E
:10170000DC1300208013002084130020D01300205D
:10171000CC130020C8130020D41300209C130020F9
:10172000B8130020A013002073B51B4C0600042141
:10173000200003F0EEFD194B002163611E230A0017
:10174000200001910093223303F0D6F80A213000E3
:1017500007F07EFE0A2501B26D424D430F23AD19FD
:10176000632E00DD0E4B23610A22200005F0AFF846
:10177000012301930233200000931922262103F054
:10178000BBF82C2329000A222361200005F09FF8D2
:10179000200004F04DFD73BDAC04002001000100E9
:1017A000FCFF0000F0B5334C060085B0200004F0CB
:1017B000DFFB6425642E02DCF543ED173540032181
:1017C000200003F0A6FD2C4B002163611C230A00BE
:1017D000009320000191243303F08EF8092E3EDCA3
:1017E000264B290023610A22200005F070F800260C
:1017F0000127202308222000019300923221320089
:101800001F4B0396029703F079FB20230822200048
:10181000019300923A2132001A4B0396029703F08B
:101820006DFB122300930C3B1A0020003621019718
:1018300003F062F80A20372168434942019607F015
:1018400007FE0623123000B21A0036210090200055
:1018500003F052F8200004F0EBFC05B0F0BD132EAD
:1018600001DC094BBDE7632E01DC084BB9E780239F
:10187000DB02B6E7AC040020010001001F000400F9
:101880000000002020000020120004000D000400D1
:10189000F0B5012305002A4C2A4E85B0002923D03B
:1018A0002360002333602368274F9BB201932023DA
:1018B0001E22009300213800DB1803F01DF8002DD4
:1018C00014DC236838009BB2019320231E2200936E
:1018D0000421DB1803F010F8380004F0A9FC1A48C2
:1018E00004F0A6FC05B0F0BD2160DBE7291C0F2D3C
:1018F00000DD0F2100250BB203933368124F9BB21A
:1019000001930723ADB2A90000931E22053B3800C6
:1019100009B202F0F1FF0135039B2DB2AB42ECDAC4
:101920001900236801319BB20193122389000093AF
:101930001E22380009B22E3302F0DEFFCFE7C04688
:10194000A80E002040010020AC04002070B50A4C15
:101950000D000022A35E834200DA20800023E05EB7
:10196000A621533007F074FD290000B2FFF790FF65
:101970000023238070BDC0467C0E002013B5134B9E
:101980000124134A002914D000211C601160114C5D
:10199000002811D0136800219BB2019307231E2257
:1019A0000093053B200002F0A7FF200004F040FC5C
:1019B00013BD19601460EAE71B681E229BB20193F5
:1019C000072301000093053BECE7C046A80E00206A
:1019D00040010020AC040020F0B5002502240126BF
:1019E00089B0FEF705FCCC4F380004F0C1FA0221A3
:1019F000380003F08EFCC94B3D617B612A001B233C
:101A00002900380002940195009603F0F9FB412368
:101A10002A001C21380002940195009603F0F0FB87
:101A20001A232A003421380002940195009603F00D
:101A3000E7FB380004F0FCFB1022B94B1D80B94BCA
:101A40001A80B64B0793B84B1B78002B00D006E2E8
:101A5000B64D2B880B2B2DD10020FEF78FFDFA21E0
:101A600028804900B24802F07DFB0028F0D0B14B3D
:101A7000B14D0021595EAB4B00229A5E2B78002BB2
:101A80000FD00023012601930096163338000294EC
:101A900003F0B6FB2B785E402E70380004F0C8FBD4
:101AA000D6E701202870009002943800019303F0DB
:101AB000A7FBF2E7092B01D0042B32D19F4AA04E9D
:101AC00012883378013A0021934201D00133D9B210
:101AD000317000250E232A000093102116333800A0
:101AE000019502F009FF3378964AD35C112B12D18D
:101AF000102395493B61380004F072FE934B1B782C
:101B0000002B35D1380004F093FB0020FEF736FDA2
:101B1000864B188097E7FA2B13D110238C493B6131
:101B2000E9E70A2B01D0052B15D1854E3278531EDB
:101B3000DBB2002A03D1814B1B88013BDBB233703F
:101B4000C7E701221C21009238002A000294019567
:101B500003F056FBD2E7062B01D0012BCED1784BF8
:101B6000784A1B78D25CFA2A45D1784BF93A1A7038
:101B700000260125380004F0FBF95923320031001A
:101B8000380002940196009503F03AFB4E23320090
:101B90003421380002940196009503F031FB05963C
:101BA00006956A4E3378002BACD00020FEF7E6FC99
:101BB0005E4B80B21880092802D0042800D081E052
:101BC0000025069B102229003800009302942B0068
:101BD000019503F015FB069B102200933421182376
:101BE00038000294019503F00BFB012305933800A4
:101BF00004F01EFBD5E7574B1B88112A3BD1002B65
:101C000011D00021544AD218013A1170013B1A1C1C
:101C10009BB20F2B00D90F224E4B91B21A804F4826
:101C20000A2204F058FE10220025402329000092C9
:101C30003800019502F060FE464B394A19880429A4
:101C40001DD81580364E0023F15E424B1B88AB42F7
:101C500033DD344A404B0020125E0020EB5C0190E3
:101C6000013000900294380003F0CAFA338801353D
:101C70000C333380E6E73849CA540133C7E70C23F5
:101C80005B424B4334331380254E0023F15E314BCE
:101C90001B88AB4211DD234A2F4B0020125E00202F
:101CA000EB5C0190013000900294380003F0A8FA38
:101CB000338801350C333380E6E7194B1A881D4B06
:101CC0001A801BE70A2801D0052816D10025069B9B
:101CD000102229003800009302941823019503F084
:101CE0008FFA069B1022009334212B0038000294B7
:101CF000019503F085FA022378E7062802D001282F
:101D000000D074E7059B022B2AD1074B069A1A7064
:101D1000002333706BE7C046AC04002001000100D3
:101D2000C80E0020CC0E0020CE0E0020A00E0020F9
:101D3000820E0020CA0E00206901002062010020EE
:101D4000A40E00202001002071D900007E0E00208A
:101D500075D90000DC120020A8120020A01F00206E
:101D6000059B0025012B78D13800357004F000F96F
:101D70002100380003F0CDFA079B3D617B61059B94
:101D80002A0029003800009302941B23019503F0D8
:101D900037FA059B2A001C21380000930294412346
:101DA000019503F02DFA059B2A0034213800009399
:101DB00002941A23019503F023FA380004F038FA4C
:101DC000102140230A0000913800019502F094FD93
:101DD000744B754A1988042919D81580724E00234E
:101DE000F15E704B1B88AB422FDD704A704B0020B8
:101DF000125E0020EB5C019006980294009038007F
:101E000003F0FEF9338801350C333380E6E70C2309
:101E10005B424B4334331380634E0023F15E614BCE
:101E20001B88AB4211DD614A614B0020125E00202D
:101E3000EB5C0190069802940090380003F0E0F902
:101E4000338801350C333380E6E7574B1A88594BFA
:101E50001A800022584B1A70C9E60595C7E600247F
:101E6000380004F085F8554938003C6104F0B8FCAE
:101E70004C4B53481A880C2353439BB219004039EA
:101E800009B20180A1422CDA0226474B1C80454B47
:101E90001B88A34214DD444D444A454B0021525E49
:101EA0000020295E0020E35C019001300090029642
:101EB000380003F0A5F92B8801340C332B80E6E7BA
:101EC000380004F0B5F9374B39481988FFF746F95F
:101ED000C8240A20013C06F049FD002CF9D109B0C4
:101EE000F0BD1400324988180138013C02D306784D
:101EF0004671F9E75700C81949000D00052400266E
:101F0000391A013C06714E550138002CF8D125498B
:101F10000A320A802A4A3833138003340025032109
:101F2000274B00229A5ED3170B409B189B1001335E
:101F3000AB4233DB042300265B426B431A4A138017
:101F4000184B1B88B34215DD174F184A184B002158
:101F5000525E0020395E0220F35C02900020019066
:101F600001300090174803F04BF93B8801360C33E1
:101F70003B80E5E7134804F05BF90A2006F0F6FC25
:101F80000A2006F0F3FC0A2006F0F0FC0A2006F016
:101F9000EDFC0A2006F0EAFC0135C0E7013C002C0C
:101FA000BCD190E7DC120020C80E0020CC0E00202F
:101FB000A8120020CA0E0020A40E0020F9D80000AC
:101FC000DE120020AC0400200023F0B50125B74F3D
:101FD00087B03B70B64C2388A12B00D1DAE0A22B4E
:101FE00000D1F5E0032007F053F8002800D0FBE013
:101FF0000A2006F0BBFCF5E73B780493002BE9D000
:102000002388A12B5ED10025AA4C0226200003F0D4
:10201000AFFF0221200003F07CF9A74920002561D1
:1020200004F0DEFB1E2320002361A44904F0D8FB4A
:10203000A34B1F780296AF4200D00BE101231D0095
:10204000009310223B0008212000019703F0D8F8EC
:102050002B00029601970095173310222C212000A7
:1020600003F0CEF80120FEF789FA01270A2006F0D6
:102070007DFC0020FEF782FA924B80B28D4E1880D4
:10208000092802D0042800D0F3E000250223102202
:1020900008213000029301952B00009703F0B0F85F
:1020A0000223102202932A21163330000195009753
:1020B00003F0A6F8824B1D70049D7E4804F0B8F82A
:1020C000002DD3D17A4B1B88A22B61D10025794CEE
:1020D0000226200003F04CFF0221200003F019F932
:1020E00075492000256104F07BFB1E23200023613D
:1020F000724904F075FB744B1F780296AF4200D012
:1021000077E101231D00009310223B0008212000ED
:10211000019703F075F82B0002960197009517338D
:1021200010222C21200003F06BF80120FEF726FA84
:1021300001270A2006F01AFC0020FEF71FFA614B67
:1021400080B25C4E1880092802D0042800D05FE1DC
:1021500000250223102208213000029301952B0054
:10216000009703F04DF80223102202932A21163320
:1021700030000195009703F043F8534B1D70049D08
:102180004C4804F055F8002DD3D101224F4B1A7062
:1021900007B0F0BD474E300003F0EAFE29003000E2
:1021A00003F0B7F84A4B4B493361300004F018FB99
:1021B000002220231100300000930195DB1802F06B
:1021C000CFFB300004F034F80720FEF7A7FC09E746
:1021D000384E300003F0CCFE2900300003F099F8AF
:1021E0003D4B3E493361E0E7042006F051FF0028F3
:1021F00000D1FDE632260A20013E06F0B7FB002E94
:10220000F9D12800FEF7BAF9354E30800022B35ECE
:102210000B2B00D0F0E60A2006F0A8FB0020FEF70A
:10222000ADF93080092801D0042809D12388A12BD9
:1022300002D1A2232380E9E7A22BE7D1A123F9E76A
:102240000A28F3D00528F1D0062801D00128DDD1D5
:102250003D70DBE701231F00009310221733082194
:102260002000019502F0CCFF2B000296019500970B
:10227000F3E60A2801D0052834D1002502231022D4
:1022800008213000029301951633009702F0B8FF41
:102290000223102202932A212B003000019500977F
:1022A00002F0AEFF064B1F7006E7C046E40E0020AA
:1022B00050010020AC0400208AD900008DD9000014
:1022C000DA120020A00E0020FF1300206801002079
:1022D00011000C0079D9000003000C007FD9000028
:1022E0003C010020062803D0049D012800D0E4E62C
:1022F0000025200003F03CFE3900200003F009F81F
:1023000094492000256104F06BFA102310220093F9
:10231000290030332000019702F022FB102305939F
:102320006421280007F094F8059A03B200213000D8
:1023300000920197102202F0DFFA0A2006F016FB45
:102340000A2006F013FB300003F072FFCA23403569
:102350005B019D42E4D132250A20013D06F006FBD7
:10236000002DF9D17C4E09213078FEF763FDFEF790
:10237000E1FD33782000794E002B1DD003F0F8FDED
:102380000221200002F0C5FF31002561200004F089
:1023900027FA80235B0372492361200004F020FAAE
:1023A000200003F045FFC8350A20013D06F0DEFAA3
:1023B000002DF9D1002580E603F0DAFD022120008E
:1023C00002F0A7FF31002561200004F009FA802304
:1023D0005B0364492361200004F002FA200003F04B
:1023E00027FFC8250A20013D06F0C0FA002DF9D1CB
:1023F000E0E701231F00009310221733082120007B
:10240000019502F0FDFE2B0002960195009787E6EC
:102410000A2801D0052817D10025022310220821FF
:102420003000029301951633009702F0E9FE022373
:10243000102202932A212B0030000195009702F010
:10244000DFFE494B1F709AE6062803D0049D012841
:1024500000D095E60025200003F08AFD3900200019
:1024600002F057FF3B492000256104F0B9F9102321
:1024700010220093290030332000019702F070FAF7
:10248000102305936421280006F0E2FF059A03B2A9
:102490000021300000920197102202F02DFA0A204C
:1024A00006F064FA0A2006F061FA300003F0C0FE7C
:1024B000CA2340355B019D42E4D132250A20013D0B
:1024C00006F054FA002DF9D1274E284B32785A7570
:1024D000FEF730FD33782000002B1DD003F048FDBF
:1024E0000221200002F015FF21492561200004F09F
:1024F00077F980235B031A492361200004F070F907
:10250000200003F095FEC8350A20013D06F02EFAA2
:10251000002DF9D1002533E603F02AFD0221200029
:1025200002F0F7FE13492561200004F059F98023D9
:102530005B030C492361200004F052F9200003F0F2
:1025400077FEC8250A20013D06F010FA002DF9D1CA
:10255000E0E7C04691D90000DA12002079D90000E6
:102560008AD900008DD90000FF1300200C0F002035
:102570009BD90000A1D90000E121F0B5BC4D87B086
:102580002800090205F016FEBA49280004F03AF9BD
:10259000B94801F05BFEB94801F0C0FDB84C02003B
:1025A0002080B849280004F037F92388B64CDA07B0
:1025B00000D406E12800B54904F024F91023238053
:1025C0000221072006F008FD0221032006F004FD89
:1025D0000221042006F000FD01210D2006F0FCFC84
:1025E0000121080006F0F8FC01210D2006F024FD71
:1025F0000121080006F020FD23881A00113A012A63
:1026000000D844E3152B00D1B0E2A14B112019886A
:10261000FEF742F9FDF7ECFD00210800FEF7B6FADF
:10262000002802D101229B4B1A709B4B1B7C002B74
:1026300000D105E10122994B99481A7003F098FCEA
:10264000FA219848890001F07FFD944B1C78002CFA
:1026500000D1E6E00F20FDF757FD0A23924C0F2131
:1026600060430013584306F0F3FE904B188012208D
:10267000FDF74AFDD0232721584306F0E9FE4443E5
:102680008B4B2413002187481C8001F06BFD002830
:1026900048D0884B884F1C683868210006F04EFEF1
:1026A000864E21003860306806F048FE0023002284
:1026B0007B4C3060019320331100200000931233D3
:1026C00002F01AF90121200002F023FE002320006D
:1026D0003A687B49236104F09FF880235B033268EA
:1026E00078492361200004F097F8774A3B687749DE
:1026F0009B1832222261642B00D97549200004F016
:102700008BF8C821734A336889009B18724A22618A
:102710008B4200D97EE06D49200004F07DF8200056
:1027200003F086FD64216D4801F01CFD002817D0E0
:10273000614A5E4B11681B880D205B1813605F4A6D
:102740005B4B11681B885B1801211360594A1368A1
:1027500001331360624B1A785140197006F06CFC1B
:102760003221604801F0FEFC002807D001215E4BB9
:102770000B201A785140197006F05EFCFA215B4874
:10278000490001F0EFFC002810D0434B0A2228003A
:10279000198804F0A0F8564C56482278002A3BD0FD
:1027A00000223C21FDF7C6FC00232370072006F021
:1027B0006FFC002800D048E7374B1874374B18706F
:1027C00043E79A0705D528004B4904F01BF811236D
:1027D000F5E65A0705D52800484904F013F81223F6
:1027E000EDE6DA0605D52800454904F00BF8142378
:1027F000E5E69A0605D52800424904F003F81523BA
:10280000DDE65B0600D4DBE628003F4903F0FAFF73
:102810001623D4E62E497FE77821FDF78BFC0123B0
:10282000C3E721000B2006F007FC01210D2006F074
:1028300003FC220032212F48FDF77CFCFEF77AFBD7
:102840001320324A3249FEF721FE0024314F3880EE
:102850002000FEF7A7FF2100642006F0F9FD002507
:102860000600AE4258D0012006F080F80135F8E7A6
:10287000A01F0020A5D9000004140020001400208F
:1028800026130020AED9000024130020B4D9000084
:1028900040000020D60E00200C0F002076130020F0
:1028A000AC040020D4130020B80B00002813002033
:1028B0002E130020C40E0020781300207C1300206B
:1028C0000CDA000011DA00004AFCFFFF16DA000003
:1028D00019DA000050E2FFFF32001000D013002090
:1028E00077130020CC13002075130020C81300209C
:1028F000741300205C040020C9D90000D5D9000061
:10290000E1D90000F0D90000FFD90000D70E002067
:10291000DE0E0020A20E00203B880134A34297DA8D
:1029200064240A20013C06F021F8002CF9D1FDF7BF
:10293000EDFCDE4EF37C002B00D0C0E0FDF7E6FCA2
:102940000320FEF7EBF8F289D94B1A80002A00D158
:10295000BFE0327DD74BD8491A70727DD74B1A70C1
:102960000023D74A1380D74A1380D74AD488201C23
:102970008C4201D9D54800881080D54A1380D54BA8
:10298000D888021C884201D9D04A1288D249D3483B
:102990001A8001F0D9FBD24B1B78002B00D1F3E059
:1029A000032006F075FB002800D096E0043006F006
:1029B0006FFB041E00D090E0CA4D2F78002F00D18D
:1029C000B2E0C94F0125380003F0D2FA38000121E6
:1029D00002F09FFC3800C5493C6103F001FF102262
:1029E00038000A27402321000195009201F0B8FF2A
:1029F00005956421200006F02BFD059ABA4D019241
:102A0000102203B200210092280001F075FF380067
:102A100005F0ACFF380005F0A9FF380005F0A6FF6F
:102A2000380005F0A3FF380005F0A0FF280003F0F0
:102A3000FFFBCA2340345B019C42DAD1C8240A2040
:102A4000013C05F093FF002CF9D1FDF75FFCC83481
:102A50000A20013C05F08AFF002CF9D1280003F080
:102A600087FA0121280002F054FCA14BA1492B61F7
:102A7000280003F0B5FE012301931F33220021003B
:102A800028000093203301F06BFF280003F0D0FBF7
:102A90000720FEF743F89134FF340A20013C05F08B
:102AA00065FF002CF9D1FEF797FF0123F374022391
:102AB000FF33B382FDF72AFC894B1C703EE0FEF722
:102AC0006FFBC8240A20013C05F050FF002CF9D10F
:102AD00034E73222F2811A803BE700217F4801F07F
:102AE00041FB041E3BD1844B00229B5E012B25D170
:102AF00002217B4A1070814A1180814A1070814AFC
:102B00001070814A1380814A1070814A1070814A86
:102B10001370814A1370FDF781FBFA217F48890009
:102B200001F012FB7E4BC8E77E4C0023E15E0129D9
:102B30000AD17D497D4801F007FB27800020FDF781
:102B40001DFD6D4B188026E70029F7D1774801F06D
:102B500009FB0028F2D001232B702380EEE700232D
:102B60005F4A13700122654B1A80E7E71620FEF7D3
:102B7000B5F900210800FEF709F8002802D101226A
:102B80006B4B1A70FEF7D6F905F0C0FE694B484F43
:102B9000186064233A880F205343674A0A249B181D
:102BA000494A614D5380FDF7AFFA684300130F2186
:102BB000604306F04DFC614B18800F2006F0AEF824
:102BC0006843000B0F21604306F0B8FB5C4B1860B4
:102BD0001220FDF799FAD0232721584306F038FC3C
:102BE0000300FA216B43574A1B131380534A98B2D0
:102BF00012888900504306F02BFC534B1880132099
:102C0000FDF782FAFA23684300139621584306F031
:102C10001FFC4E4C494B4E4E208019883000FDF76A
:102C2000BDFA0595002800D1A4E00122494B1A7095
:102C3000324B00255D5F022D00D0F0E00127464DAC
:102C4000464E2978464C3770002906D1334801F0AA
:102C500089FA002800D194E02F702378002B00D04F
:102C600096E03378002B00D1ABE001233D493E4A8A
:102C700013202370FEF70AFC3C4B80B21880FEF74D
:102C800091FDFA213A48890001F05EFA99E0122B91
:102C900000D079E700210800FDF778FF002800D078
:102CA00072E70122224B1A706EE7C0460C0F00201B
:102CB00066010020DA120020FEFF0000FF13002052
:102CC000E2120020FC120020E41300206CDA000065
:102CD000341300208E12002088130000DC13002023
:102CE0004E010020E30E0020AC0400201DDA00009D
:102CF00008000C0028DA00003C01002064010020DC
:102D00006A130020DC0E00204C010020E20E00209F
:102D1000E70E0020D80E002068010020A813002034
:102D2000480100204A010020B80B00008013002059
:102D3000D60E00206C13002030F8FFFF281300206F
:102D4000301300202E1300202A1300202C13002003
:102D5000860E0020E0120020E10E0020E80E002088
:102D6000D50E0020DE0E0020D70E0020A20E00207F
:102D7000901300203388002B00D059E7D94A1370F4
:102D800056E72A782378002A00D066E7002B18D06F
:102D9000D54D0021280001F0E5F9002806D1D34BDC
:102DA00000229B5E012B0CD1D14B35E0D04C237817
:102DB000002B30D0FA212800890001F0C5F900234A
:102DC0002370CC4DCC4C0022AB5ECC4E022B01D0FC
:102DD00000F0CEFFCA4A1378002B01D101F01CF895
:102DE00004232B8000231370C64AC7491370C74AB7
:102DF0000B70C7491370C74A0B70237001331370EF
:102E0000C54AC649C648137001F09EF9FA21C54863
:102E1000890001F0AEF8BA4B01221A70D1E7002DFB
:102E200062D0042D01D000F0C4FCBF4C21780029F1
:102E30001ED1BC4801F096F9002819D00122B54BEB
:102E400021001A701320B94AFEF720FBB84B80B25C
:102E500018802378002B0BD0FEF7A4FC4B240A200B
:102E6000013C05F083FD002CF9D10122AA4B1A7018
:102E70009E4BAB4C00229B5E0B2B00D066E20021E8
:102E8000200001F06FF900280CD0AA4A1388013302
:102E90001BB213801E2B00D053E20121A64B1970E8
:102EA00000231380032006F0F3F8A44D002814D16A
:102EB000043006F0EDF800280FD1A149A14801F037
:102EC00043F9032006F0E4F8002800D146E201208F
:102ED000FDF754FB00229C4B1A8000239B4A2B7069
:102EE00013609B4A13803CE09A4B9B4E198830003C
:102EF000FDF754F9002814D001221424974B032025
:102F00001A70974B1C80FDF7E9FF0023FA5E884B8F
:102F100035800021595E934B0020185E2300FEF798
:102F20006BF8914B1C78002C00D033E18F4B904D07
:102F30001E78002E5AD131000D2006F07DF82800B1
:102F400032006421FDF7F6F82D2005F00FFD012277
:102F500028003988FDF7EEF80123624A1370824A8F
:102F60001370032006F094F8624E002800D152E25C
:102F70000021804801F0F6F8002800D03AE35B4BCE
:102F8000654D00229B5E0B2B00D04BE37A4B1A78E9
:102F9000002A01D000221A700021784801F0E2F8DE
:102FA000002800D166E3012300222B70664B1A80B3
:102FB000674C0023E05E002801D0FDF7AFFD704BA9
:102FC0001B78002B01D100F0F0FB0023E05E00280D
:102FD00001D0FDF7A3FD0023F85E6A4B1B78002BA0
:102FE00000D0D6E3FEF7A0FB00F0DCFB220032218C
:102FF0002800FDF79FF821000D2006F01DF8322073
:1030000005F0B4FC32260A24012231005848FDF7AD
:1030100091F80F2005F082FE059B0F215843000B0D
:10302000604306F08BF9584B81B218605748FDF7A2
:10303000B5F8142005F09AFC07360F20FDF764F868
:10304000782EE1D10F2005F069FE059B0F21584332
:10305000000B604306F072F93E4B0A2418801220E0
:1030600005F05CFED0232721584306F067F9FA21CA
:10307000059B474A43431B0B1380364A98B212887C
:103080008900504306F0E4F9364B18801B4B00B220
:103090001978FEF75BFC3D880A21701B06F0D8F911
:1030A000010061434919324D01222800FDF742F821
:1030B0000F2005F033FE059B0F2158430A23000B18
:1030C000584306F03BF9304B81B218602F48FDF7AA
:1030D00065F8062005F04AFC0F20FDF715F8013CC5
:1030E000D9D234E7E0120020901300203C010020E8
:1030F000D30E0020640100206A1300206813002012
:10310000DB0E0020E80E0020FE130020D50E00206C
:10311000E10E0020D90E002068010020307500006B
:10312000A4130020BC130020DE0E0020D70E0020C8
:10313000A20E0020AC0E0020E60E0020E00E0020C3
:10314000EE0200009C1300208C120020C00E002014
:10315000661300202813002034130020DA0E00200C
:10316000D00E00202A1300207F0E0020DA1200204B
:103170005C040020B8130020E50E0020C0130020DE
:10318000FF130020040F002030130020860E0020C3
:103190002E130020FA21D648890000F0E3FF002812
:1031A00039D0D44AD4491368013313600A68013214
:1031B0000A60062B2FD1D14B6421188806F0BEF887
:1031C000CF4BD04C0021595E02B20023E05E0023B9
:1031D000FDF712FF0023E05E0F21FDF72BFECA4B27
:1031E000CA4A1B88181C1BB2934200DD101CC84B36
:1031F00002B29A4200DA181CC64B00B2C018142161
:1032000006F026F9C44A68304000835A01338352DD
:103210000022B84B1A60BC4BC04C19882000FCF748
:10322000BDFF00281ED12388002B1BD1E288BC499A
:10323000131C8A4201D9BB4B1B882380BA4BAE4C6E
:103240001D78002D72D0962322685B009A4209D324
:10325000FDF788F80B20FDF761FC0122B34B1A70D3
:1032600000232360B24BB34E19883000FCF796FF61
:10327000A44C002813D001201025AF4B1870AF4B81
:103280001D80FDF72BFE002333800023FA5E9C4B4C
:103290000021595E0023E05E2B00FDF7ADFEA84D36
:1032A00021882800FCF77AFF002814D00122A24BC5
:1032B00099491A701123A14A1380CA880132CA8021
:1032C00000222A8000217A5E8D490020095E0025B7
:1032D000605FFDF791FE894B9A481988FCF75EFF05
:1032E000002800D03DE6974B1B88002B00D038E625
:1032F0000122914B02301A70904B11321A80FDF767
:10330000EDFD904B8649DA88131C8A4201D9854B22
:103310001B888C4A13800023FA5E794B0021595E8A
:103320000023E05E1223FDF767FE1AE601261E70F9
:10333000FDF718F80B20FDF7F1FB7C4B25601E70A4
:1033400090E72000804900F0FFFEABE520007E49B9
:1033500000F0FAFE00227D4B1A80A3E5042005F060
:1033600097FE041E00D0B2E52B780593002B4CD1BC
:103370007749784800F0F6FE002826D0764E0320E4
:10338000336801333360FDF7C9FB3368734C012B9D
:1033900022D1200002F0ECFD0823802623610221C7
:1033A000200001F0B6FF76036D49200003F018FA03
:1033B00002212000266101F0ACFF6A49266120004D
:1033C00003F00EFA654802F033FF0122574B1A70E2
:1033D0000B23654A138074E5022B04D180235B0321
:1033E00062492361EBE7032B04D180235B0360492F
:1033F0002361E4E7042BE5D120005E4903F0F0F9F6
:1034000001232B70059B3360DCE7FEF7DDFD524B9B
:103410002C701C60D9E7072005F03AFE041E00D08E
:10342000A6E5554B1D780023F65E002E00D0ABE0DC
:103430004A4C002D3ED1504B01361E703C4B188833
:1034400007F052F80590388807F04EF80599FDF717
:10345000EFFF200002F08CFD3100200001F059FF49
:10346000464B47492361200003F0BAF920232A0084
:10347000290000930196DB18200001F071FA20006A
:1034800002F0D6FE200002F073FD0720FDF746FB98
:10349000FA20800005F06AFA032005F0F9FD002803
:1034A0001FD00120FDF76AF801222F4B18801F4B17
:1034B0001A7064E5304B20001E7002F059FD0121A6
:1034C000200001F026FF2D4B2E492361200003F040
:1034D00087F9012301931F33009332003100203319
:1034E000CAE7072005F0D4FD0028D5D0D9E7C046AB
:1034F000B0130020B00E0020B40E00202E130020C8
:10350000A20E00202A1300202C130020041000001B
:10351000E40C00001CF3FFFF0C0F00208E120020B3
:10352000FEFF00006CDA0000DF0E002068010020C2
:1035300028130020E2120020DA0E0020D00E002016
:10354000FC120020E413002030750000AC0E0020B7
:10355000EE0200009C130020C00E0020AC040020EE
:1035600031DA0000DFD900003C01002036DA00002B
:103570003BDA000041DA00006813002008000C006C
:1035800047DA000050DA0000002D00D1F7E4AC4D1E
:10359000AC4B1870280002F0EBFC0121280001F070
:1035A000B8FEA94BA9492B61280003F019F90123A2
:1035B00001931F332200210028000093203301F0E3
:1035C000CFF9280002F034FE280002F0D1FC0720D9
:1035D000FDF7A4FAFA20800005F0C8F9032005F0F1
:1035E00057FD002800D05CE7072005F051FD0028BA
:1035F000F4D056E70022B35E002B00D0BFE4944B1A
:10360000188806F071FF041C388806F06DFF211C35
:10361000FDF70EFF01238F4A13708A4A13708E4AFA
:103620001370ACE400218D4A1180012B74D18C4EB3
:1036300032888A4207D18B490B70824B19788A4BAA
:103640001970804B1A70FA21013288488900328043
:1036500000F07AFD3388012B28D1854A1278002AA0
:1036600022D077483C22022102F0F6FC814B1888D8
:10367000FEF798F82B78002B00D099E400217E48C3
:1036800000F070FD002806D0714B0021595E002328
:10369000F85EFCF70FFF6B4B1978784B0020185E33
:1036A000FEF754F9FFF78DFB3280E3E7DA1E022ABA
:1036B0002AD8634C200002F05BFC10230221236116
:1036C000200001F026FE6E49200003F089F88023D7
:1036D0005B0323610221200001F01BFE3388042BD1
:1036E0000BD0052B0ED06749032B07D0200002F02A
:1036F0009FFD0320FDF712FABCE76349200003F0A9
:103700006FF8F3E76149F9E7062BB3D10122604B6B
:103710001A7000233380ADE7042B14D13B88772B3C
:1037200005D80A333B8003231380023B2B70454BA3
:103730001B78002B22D06421564800F005FD0023A1
:10374000404A13701AE0092B04D13B88772BEED83E
:103750000133E7E7052B08D13B88282BE7D90A3B43
:103760003B8004231380033BE0E70A2B04D13B8812
:10377000282BDCD9013BF3E7062BD8D13A88131C60
:10378000782A00D978239AB2282A00D228233B80AD
:1037900070E72F4B0021595EFCF78CFEC82136489C
:1037A00000F0D2FC00232B7068E70023F85EFFF7DF
:1037B00019FC012D00D006E2374B384E1A78002A4A
:1037C0002BD0002235701A700122354B1A703378D5
:1037D000344E002B09D03388934206D19621002322
:1037E00031488900338000F0AFFC3588002D61D16D
:1037F0002D4F2900380000F0B5FC002801D1FFF75B
:10380000CEFA2A4C2378002B16D096213800890056
:1038100000F09AFC2570FFF7D4FA3778002FD3D147
:10382000FCF780FD3900224800F09CFC0028CBD03A
:103830003570FCF76BFDC7E702233380FFF7C1FA51
:10384000AC0400206813002008000C0050DA0000CF
:10385000281300206001002068010020661300206A
:103860008C120020E50E002069130020C0130020F8
:10387000D90E0020A20E0020A01300202A13002041
:103880008DD90000DFD9000036DA00003BDA0000F5
:10389000E60E0020B813002048010020E20E0020B0
:1038A000E70E00204C010020D8130020D30E00208A
:1038B00098130020022D01D0FFF783FACB4FCC4D97
:1038C0003B78002B53D02B78002B01D000232B709A
:1038D000FDF730FB002308262380132005F01EFA95
:1038E000059B96215843FA23000B584305F026FD0B
:1038F0002388013EC0182080322005F037F8002EC2
:10390000EBD12388BB4ADB102380934207DD3100D3
:10391000012005F091FB01210B2005F08DFBB64C39
:103920000323B64A0721200002F0D2FD200002F056
:10393000A5FD072004F032FF0121080005F07CFB03
:1039400000210B2005F078FB642005F00FF8FCF750
:103950004FFC2B78002B01D1FFF733FA0023012213
:103960003B70A74BA749A8481A80FFF78DF92B7821
:10397000002B01D1FFF725FA072005F089FB00286D
:1039800011D00021A04800F0EDFB002800D016E186
:103990009E4B00229B5E012B01D0FFF712FA9C4A3E
:1039A0001370FFF70EFA042005F072FB0028E8D12F
:1039B000984B1B78002B01D1FFF703FA964D012796
:1039C0002A78002A7ED18E4C2388012B04D193497A
:1039D00093482280FFF758F9002B01D0FFF7F1F947
:1039E00000218F4800F0BEFB002801D1FFF7E9F964
:1039F00001232B702380FFF7E4F90A2004F0B6FFBF
:103A0000AAE00A2802D0052800D0D4E000232370C1
:103A1000D1E0814B1B78002B54D00926814C6425C2
:103A2000200002F0A5FA0221200001F072FC7E4B7A
:103A30000A2231002361200002F049FF200002F039
:103A4000F7FB0A20013D04F091FF002DF9D1013E62
:103A5000E4D2FDF701FB200002F08AFA73492561E8
:103A6000200002F0BDFE80235B037149236120002A
:103A700002F0B6FE200002F0DBFB64350A20013DB7
:103A800004F074FF002DF9D1200002F071FA6949A9
:103A90002000256102F0A4FE80235B0366492361B8
:103AA000200002F09DFE200002F0C2FB5A4B0820CD
:103AB0001D70FDF733F8200002F05AFA51495248C0
:103AC00000F042FB544B1B78002B01D1FFF779F932
:103AD000544C6425200002F04BFA0221200001F032
:103AE00018FC564B00222361202311002000009374
:103AF0000197DB1800F034FF4C49200002F070FE03
:103B0000200002F095FB0720FDF708F80A20013D90
:103B100004F02CFF002DF9D10226200002F028FA33
:103B200020004749256102F05BFE20005923102246
:103B3000290002960195009701F062FB20004E23B8
:103B40001022342102960195009701F059FB2000C4
:103B500002F06EFB3B4C2770072005F099FA002815
:103B600000D14AE7042005F093FA002800D144E789
:103B7000032005F08DFA002800D13EE73800FCF75D
:103B8000FDFC2378002B00D143E70020FCF7F6FC76
:103B90001E4B244D1880092802D0042800D030E79D
:103BA00000231D4A28002370137002F0E1F9154923
:103BB000154800F0C9FA280002F03AFBE1E70123BA
:103BC0003B70FFF7FEF8032D01D0FFF7FAF81E4C0B
:103BD0002378002B76D11D4B18881038042852D832
:103BE00005F0A2FB9136AE519100C0464F01002076
:103BF000DD0E0020470D0000981C0020FD00000095
:103C000046010020E2040000AC1300203C0100202B
:103C1000DC0E0020D80E0020D40E002088130000F7
:103C20008C130020AC0400201C000A0057DA0000AE
:103C300075D9000062DA000068DA00000A000A00A4
:103C40005CDA0000D20E002044010020D00E0020DB
:103C50000123D64D0E221F21280000930C3300F0C3
:103C6000C9FF00260C23062200931E21093B2800D1
:103C7000019600F041FE03231422019600931E21B9
:103C8000280000F039FEC821C94800F06BFAC94B82
:103C9000002803D0012219784A401A7019780029A7
:103CA0005CD02023002100931E22C0480191DB1824
:103CB00000F022FE0021C04800F054FA002851D044
:103CC000012323700023BD4ABD491370BD4A1380F0
:103CD000BD4A1380BD4AD088021C884201D9BC4A23
:103CE0001288BA480280BB4A1380BB4BD888021C9A
:103CF000884201D9B64A12881A80FCF707FBFDF703
:103D000019F9FFF75EF801232F22A84D0393193309
:103D10001F21280002930192009300220B3B00F028
:103D200096FF00260C23072200931E21093B280042
:103D3000019600F0E1FD03231522019600939EE712
:103D40000123002102931D330193223300930A00C3
:103D5000A24B9648039101F076F894E70F20FDF707
:103D600097FDA7E72378002B01D1FFF72AF8A9E7F1
:103D7000002B00D0AEE09A4B00229B5E062B01D0B8
:103D8000012B20D104232B8000230127954A237087
:103D90001370954A06201370944A1360944A136076
:103DA000944A1370944A1360944B1F70FCF7B6FE4C
:103DB0009349944800F0C8F9FA219348890000F02B
:103DC000C3F9924B1F707D4B1B78002B24D003232B
:103DD0002B80002501210D20257005F0FDF8012123
:103DE0000D2005F029F9804B89491D707F4B7248E1
:103DF0001D607F4B1D607F4B1D707F4B1D60854B91
:103E00001D7000F0A1F9FCF781FA28002900FDF7E8
:103E10003FFD0C20FCF782FE22787F4D7F4B002A6D
:103E200000D021E1002401210D201C7005F004F9CF
:103E300020003178FDF7A2FD624B61491C80624B86
:103E40001C80624BD888021C884201D9604A1288C3
:103E50001A80604B1C80604BD888021C884201D9B4
:103E60005B4A12881A80FA212A886D4B6D488900B6
:103E7000DA8100F077F9002817D0E1226A4C92002D
:103E800023680133236093420FD1684D2B78002BB8
:103E900000D129E100210800FCF778FE0123002869
:103EA00000D000232B70002323600020FCF766FB6A
:103EB0004B4B188004F02AFD5D4C5E4B206022685D
:103EC0001B68D31A5C4A934201D9FEF75DFE04F0E9
:103ED0001DFDF2E7042B31D10022584B1A70404BE4
:103EE00000229B5E062B0BD1554B484F1A78002AB7
:103EF0001CD00920FCF712FEFCF754FA01233B709A
:103F0000504A1378002B87D001232B8000254E497F
:103F100015700D704D494E4A0D70FA214D488900BB
:103F20002570137000F010F9357075E701232D49E5
:103F30002A800B70314923700A70E0E7012B1BD1F6
:103F400045490A78002A00D166E702222A80002229
:103F50000A70424922700B803B490A703B490A7043
:103F60003F4A1370294A1370FCF758F9FA213D486B
:103F7000890000F0E9F84FE7032B00D04CE70F4B26
:103F80001A78D3B2002A00D046E704322A800125ED
:103F9000144A23701370194B19491A481D7000F008
:103FA000D3F81A4B1D70FEF731FFC046AC04002059
:103FB00084130020800E002094130020DA0E0020CD
:103FC000FEFF0000E2120020FC120020E41300209B
:103FD0006CDA0000341300208E120020B8DB0000E1
:103FE0003C010020FE130020DE0E0020B00E002059
:103FF000B40E0020DF0E0020B80E0020D90E0020E5
:1040000030750000A4130020BC13002068010020BC
:10401000DC0500004401002066010020040F0020A0
:104020000C0F0020C4130020BC0E0020D60E002070
:10403000701300206C130020A76100007F0E002089
:10404000D70E0020E60E0020E20E0020E70E002032
:104050004F01002098130020DC0E00204C010020AE
:10406000D80E0020A8130020224A1278002A00D17E
:10407000D8E601221A70204B1A783378002B20D012
:10408000002A27D01D4C1E4B21781888FDF70CF90B
:1040900000232370031C80B278280DD97823194A95
:1040A00099B21380184B19481A78FCF743F800218D
:1040B0000D2004F0C1FF0DE09AB2282AEFD2282388
:1040C000EDE729880B1C782909D9782399B22B8030
:1040D000002AE7D101203178FDF750FCC3E689B210
:1040E0002829F3D22823F1E70420FCF7F7FEFCF798
:1040F00021FFD8E6FE1300207F0E00206001002083
:104100002813002016130020E01200205C04002079
:104110000022014B1A70704700140020014B1878E0
:10412000C0B27047380400400221064B1A788A4317
:104130001A70DA79D209FCD1997901320A439A715D
:104140007047C046001000400B005A1E934170B5E6
:1041500005000C1E837004D004F0D2FB013C24182F
:104160002C8070BD70B5847805000E00002C0AD03C
:10417000048804F0C5FB074A231A9BB2002493422B
:1041800005D95B42DCB231002800FFF7DDFF2000DB
:1041900070BDC04660EA000000207047F8B5050019
:1041A0000E0017000024BC4208D02B682800315DA7
:1041B0001B689847002801D00134F4E72000F8BDBF
:1041C00070470300FC33196ADA69914203D01B6A15
:1041D000C018007E704701204042FBE70300FC331B
:1041E000D8691B6AC01A01D50130FF307047000042
:1041F000F7B50193FA238027002504009B00836014
:10420000114B7F0008330E004560290000920360C7
:104210003A00183008F0BBF823002000FC332130AE
:10422000DD613A001D622900FF3008F0B0F88723F5
:104230009B00E3185D609D60009B20002375019B3F
:104240002661A5756375FEBD80E2000070B50400AF
:1042500018260C49006902F0E7FD206902F036FCDF
:1042600033000821207D084D4343EB18595604F0D4
:1042700027FF0821607D4643AD19695604F020FFF1
:1042800070BDC046A086010020F0000070B504009B
:104290000D00006902F02FFC2900206902F0C4FD26
:1042A000206902F013FC70BD8A2300229B00C154D8
:1042B0000C3BC3185A609A60012383757047020053
:1042C000FC32536810B501339468DBB29C4202D0D3
:1042D00054680155536010BD10B50300827D002065
:1042E00082420ED0872292009C186268A468013234
:1042F000D2B2A24205D02133FF331800FFF7DFFF0F
:10430000012010BD0300FC3399685A68914206D021
:104310009A68805C9A680132D2B29A607047012034
:104320004042FBE700228A2370B59B00827505009E
:104330000E00C15C006902F011FC002806D10321C7
:10434000286902F0F5FB0224200070BD87232800B5
:104350009B00EA18536894682130FF301C1B01D57C
:104360000134FF34002C0ED02C69FFF7CBFFC1B213
:10437000200002F031FC0028E8D10321286902F076
:10438000D7FB0324E0E7002EDED00321286902F0EA
:10439000CFFBD9E710B50121FFF7C4FF10BD10B561
:1043A0001830FFF7AFFF10BD70B50400006902F0D0
:1043B00035FC002814D0206902F03EFC002810D003
:1043C000206902F0ABFB0321206902F0B1FB8C23D2
:1043D0009B00E558002D39D10023FC34E3612362B2
:1043E00070BD206902F032FC002809D0206902F07B
:1043F00028FC002804D0206902F02DFC0028DFD022
:10440000206902F023FC002826D1206902F00FFC6D
:104410000028E5D0206902F01EFC002837D0872351
:104420009B00E218536892689B1A01D50133FF3351
:10443000FF21002B05D020002130FF30FFF762FF65
:10444000C1B2206902F0DBFBA075C9E72368200038
:104450001B699847A847BFE7206902F05FFB206906
:10446000032102F065FB206902F0F5FB0028B7D0BC
:10447000872300229B00E3185A609A600123A375EA
:104480008B239B00E3589342AAD09847A8E72200C9
:10449000FC32D369126A0133DBB22069934206D140
:1044A00002F033FB0321206902F042FB98E702F09F
:1044B000D7FB010020001830FFF701FF206902F050
:1044C0002DFBEFE710B50248FFF76EFF10BDC046A9
:1044D0000414002010B51523142202490248FFF7E6
:1044E00087FE10BDA82200200414002030B5234B05
:1044F000002A37D0224A5A605A78D209FCD1214A80
:104500009A605A78D209FCD11F4A5A805A78D20947
:10451000FCD15F241D4A94641D4CD46402221D4CBE
:1045200025782A4322701C4A5A605A78D209FCD155
:1045300001320271FF291CD9FF2104220160090206
:104540001143164A11605A78D209FCD1144A154910
:1045500011805978C909FCD1134911805A78D209C0
:10456000FCD130BD114A124C14605A78D209FCD1EA
:10457000DFE70029E1D10131DFE7C046000C004050
:104580000507030005300000014500000008004059
:10459000281000004408004004080300080C0040F4
:1045A000020C00401A4400001B440000040C0040B0
:1045B00004070300F8B50400182500200B0020496B
:1045C0002E0046438E599E4204D001300E28F7D16A
:1045D000002034E00020834231DB01266B43C91800
:1045E0004B68184D8868DB015B191D1840352F7822
:1045F00040083E431B182E70303318784D69CE6842
:104600002843C0B2187028237343A4680E4D2000BD
:104610000F69EB18944200D910009A69DB690021F8
:1046200005F060F82200002305F03CF828235E43E3
:10463000AA59386093685B021B0FFBD10120F8BDBB
:10464000A4E200000044004170010020002010B5E9
:10465000022913D828234B430B4CE318981CC2772C
:104660005B680220002A0AD01A68104318602823C9
:104670005943625893689B07FCD4012010BD1A6807
:1046800082431A60F3E7C04670010020F7B508AB1B
:1046900030CB1E78009401950023022958D81C00C5
:1046A000012A17D0022A13D0042A53D0082A54D042
:1046B000102A54D0402A55D00133FF339A4253D0A8
:1046C0008023E024DB009A424AD00024012201E04A
:1046D0008024640028254D43244B5D196F686A616E
:1046E0003A6814436A1CD677AA683C6015680224AD
:1046F000002E00D11E4C2C43146028224A439C58A3
:10470000A2685206FCD4019A009F9446002A02D166
:10471000022F00D202272822150000264D435D19E2
:104720002D69664503D1BD4201D93D0066464A4325
:104730009A189561D661D2681560A2685203FCD4BC
:1047400028224A439B180233DA7FFFF77FFF0123B9
:104750001800FEBD8024A400BCE7C024FBE7802431
:10476000E400B7E7A024FBE7C024F9E770010020CC
:1047700005000F007047F0B515000C001E0089B051
:104780000EAB00229B5E0FAA1288019005925A1B65
:10479000D11752184A400292321BD11752184A4080
:1047A00003920399029A8A4205DD32001E0013002B
:1047B00022002C001500B44205DD2A001D00130064
:1047C000220034001600321B91B20691591BC81703
:1047D0000918414012B20791D10F8A185210009265
:1047E000012204929D4202DB01235B420493B44206
:1047F00022DC019B039A1B689B691F00029B93426A
:1048000016DD22002900059B0198B847009B079AF6
:104810009A1A11B293B20091120406D5049AAD18F7
:10482000069A2DB2D3181BB20093013424B2DEE7EE
:104830002A002100059BE7E709B0F0BD704710B5DD
:1048400004682469A04710BD37B506AC2588046804
:104850000095A46BA04737BD37B506AC2588046822
:104860000095E46BA04737BD73B506AC0025655FC6
:1048700007AC2688046801960095246CA04773BD98
:10488000F0B5160004000D0085B003930AAB1F8835
:1048900003685B699847039B2268013B9B191BB225
:1048A000009301972B0029002000976A3200B84737
:1048B00023682000DB6A984705B0F0BDF0B505001D
:1048C0001C000E00170085B00AAB1B88013C039347
:1048D0000368A4195B69984703992A6801910097B6
:1048E0003100280023B2946A3A00A0472B682800C0
:1048F000DB6A984705B0F0BDF0B50E0087B00393B2
:104900000CAB029200229B5E040004930DAB1B884B
:104910003500059303685B699847039A2368B218CA
:1049200095420BDA059A290000921B6A20001F00AD
:10493000029A049B0135B8472DB2EEE72000DB6AEE
:10494000984707B0F0BD13B501910E24015F0C220A
:10495000835E02680091146C00221100A04713BD11
:10496000F0B5040015000E0087B004930CAB0022D4
:104970009B5E05930DAB1B88039303685B699847A7
:10498000039A2368009231002A0020005F6A049B8A
:10499000B847059B03995A1E2368009152193100AC
:1049A00020005F6A12B2049BB847039A2368009202
:1049B00031002A0020001F6A059BB8470499039A1A
:1049C00023680139009289192A0020001F6A09B260
:1049D000059BB84723682000DB6A984707B0F0BD05
:1049E0007047F0B585B002930AAB0027DF5F0BABD1
:1049F0001B8816000393029B04000D000268994275
:104A000010D1BE4202DD33003E001F000399013782
:104A10000091BB1B976B1BB2320029002000B847E6
:104A200005B0F0BDBE420CD1029B994201DD029D52
:104A30000291029B039901335B1B0091D76B1BB260
:104A4000EAE753699847039A236801920097200088
:104A50009F6A3200029B2900B84723682000DB6A66
:104A60009847DDE703230B4010B583760822835E69
:104A70000A24025FC90702D48381C28110BD8281EA
:104A8000C381FBE74281C2810122002310B552425B
:104A9000064C4261064A083443600460018181810A
:104AA000036182610377036210BDC046F4E8000031
:104AB00001010001F0B51C008FB00692012214AB79
:104AC0001B780591079315AB0021595E16AB1B8827
:104AD00005000893A3B2D01A93405B421BB2891819
:104AE0000C938BB209930493002300B202900393BA
:104AF0000D92039BA3427BDA029B2700002B09DB6C
:104B00000C9B671E02331AB20C92029A3FB29B189A
:104B10001BB202936B469B890A9301339AB21BB274
:104B200003930B925300029A01339B181BB202931A
:104B3000039B9F422CDB079B0D9A134212D00999CD
:104B4000BAB25300CB1806990B988A1A05992E68A9
:104B5000411808981BB20090306A12B2060009B2E0
:104B60002800B0470222079B134211D00999BAB21C
:104B70005300CB1806990B988A1A0599089E091AB2
:104B800028680096066A1BB2280012B209B2B04724
:104B9000BC4227D0079B0D9A13420FD06B460A994F
:104BA00010229B5E069A089E521A059928680919D8
:104BB0000096066A12B2280009B2B0470222079B8B
:104BC00013420FD06B460A9910229B5E069A286802
:104BD000521A059912B2091B089C09B20094066A80
:104BE0002800B047049B3C0002339BB2049380E74B
:104BF0000FB0F0BDF0B51E0004000F0087B00CAB85
:104C00001B880492059303685B699847049905988B
:104C1000B2B253008A1A21680090096A01330D006C
:104C2000200039001BB212B2A847059B390002933D
:104C30000023019303332000049A00933300FFF70D
:104C400039FF23682000DB6A984707B0F0BDF0B554
:104C500091B01D0016AB029200229B5E07000393E9
:104C600017AB00269E5F18AB00229B5E039A04934D
:104C700019AB1B880C000993029B934200DCD7E020
:104C8000049A93421DDD049B039A934212DA1300A7
:104C9000049A0392029A02932B0035002600049294
:104CA0001C000EE0029B039A0393230002922C0047
:104CB0001D00E8E7029B049A0493230034001E00C1
:104CC00002923B6838005B699847039B049A9342C1
:104CD0001DD1A54202DD2B0025001C00B54205DCDC
:104CE000231CB44200DA331C2E001CB209993A6826
:104CF00001340091A31B556A31003800039A1BB29E
:104D0000A8473B683800DB6A984711B0F0BDA3B2F2
:104D1000ADB205935B1B1BB26A460D936B4691893E
:104D20001B89B6B25A1A12B20E92721B12B20892B4
:104D30006A46128A511A09B20B910599D21A761A4B
:104D400031B212B20C910F920499029A0A928A42DD
:104D500002D0013B1BB20A930023039E07930693E4
:104D60000A9B9E422ADC0E99069804F071FB2818D3
:104D70000B9904B2079804F06BFB0D9A069B9446BE
:104D8000089A634494460693079B2818634400B22C
:104D90000793844202DD23000400180009993A6851
:104DA0000091526A01309446031B32002100380002
:104DB00064461BB20136A04736B2D1E7029BF21A15
:104DC0000C9B53430293039B089AF31A5A43039292
:104DD000049B9E4200DD94E70F99029804F038FB93
:104DE000059B0B99181804B2039804F031FB0C9A38
:104DF000029B9446089A634494460293039B2818A6
:104E0000634400B20393844202DD230004001800CF
:104E100009993A680091526A01309446031B3200A6
:104E20002100380064461BB20136A04736B2CFE7F6
:104E3000039B049A934200DD34E7029A02930392A3
:104E40002B000D002CE7F0B58DB0079312AB069246
:104E500000229B5E0591019313AB00229B5E040030
:104E6000089314AB1B880026099315AB1B883500EB
:104E70000A9303685B6998470722019B0B92D91D2F
:104E8000CB1713405B18DB10029333009AB20392E6
:104E9000069A99B28A1812B20492089A934227DAB3
:104EA0000023019A93421DDA9AB200920B9A6D0088
:104EB000EDB2134203D1079ADB109219D55C236837
:104EC000059A9B691F00009B99186AB2099B09B259
:104ED000002A00DB0A9B2000049AB847009B01339C
:104EE0001BB2DEE7039B029A01331BB2B618CDE773
:104EF00023682000DB6A98470DB0F0BDF0B585B09F
:104F00000AAC0025645F0BAD0026AD5F0DAF0CAEA3
:104F100036883F880296039701950094FFF793FF28
:104F200005B0F0BDF0B595B01D001AAB1B8804921A
:104F300005931BAB1E881CAB1B78026A02931DAB4A
:104F40001B78040008910393002A00D0C4E00C22CF
:104F5000835E8B4200DC7DE00E22835E049A9342E6
:104F600078DD0623029A53435B18002B72DD039B06
:104F7000049ADB009B18002B6CDD037F002B03D110
:104F8000AF2D01D90135EDB2236820005B69984748
:104F90000522002355430793984B0B925B190F93FF
:104FA000079A0F9B9B5C0A936B469B8B09936B46FE
:104FB0001B89099A0E936B461F8C029B5343FB1867
:104FC0001BB20D9308230C930023069301220A9B26
:104FD0002068134252D06B461A8B198A029B012B10
:104FE0003AD1039B012B37D1099B52188569D919F6
:104FF000059B12B209B22000A847069B01335BB2A1
:1050000006930A9B5B080A930C9B013BDBB20C9353
:10501000002BDBD1079B01335BB207930B9B013B5A
:10502000DBB20B93002BBBD1059BB3420ED0029B8E
:105030002268012B3FD1039B012B3CD10537009601
:10504000156A2000049A39B20733A8472368200064
:10505000DB6A984715B0F0BD6B4608255B5F039D82
:105060006A438A18059912B2019169460C25495F75
:105070000091C5690D992000A847BEE7059BB34282
:10508000BBD06B461A8B198A029B012B0AD1039B5A
:10509000012B07D1099B5218D9198569330012B227
:1050A00009B2A8E76B4608255B5F039D01966A433A
:1050B0008A1812B2D9E76B4608215B5E05210E986B
:1050C0000196414303987918C0000090D5692000EB
:1050D000049A09B2A847B9E7137A5168ED1A126821
:1050E000EDB2ED0013924A5B4B1909929A780D923A
:1050F000DA78119205229A569B790E925BB20F9341
:10510000029B012B02D8039B012B56D96B463822F8
:105110009B5E0B936B463C229B5E0C93002723689F
:1051200020005B69984707970697119B069A9A4259
:1051300000D38BE76B461B8A00260A930C9B9B18B7
:10514000039A53430A9AD3181BB210933B000D9A4B
:1051500096424BD25A1CD2B212920722134207D166
:10516000099B0999139A0133525C9BB207920993E8
:105170006B461B7F5BB2002B17DA6B46198C029BC8
:105180002068012B1DD1039B012B1AD10A9B0F9A7A
:105190009A18069BD2180E9B12B2C91883698919F6
:1051A0001D002000059B09B2A847079B01365B0044
:1051B000DBB20793F6B2129BC9E700230C930B9363
:1051C000ACE76B4608229B5E0B9A029D92196A43DC
:1051D0008918059A09B201926A460C25525F00921D
:1051E000C26920001500109AA847DEE7069D0D9BB6
:1051F0000135FF18EBB2FFB2069396E7F4E3000027
:105200007FB508AC258809AC26880AAC24780196BD
:10521000009503940294FFF785FE7FBDF0B5026A06
:1052200004000D0085B0002A2CD10A2908D1437E44
:105230000282DB00628A9B186382012005B0F0BD08
:105240000D29FAD01223C25E1023C15E437E039360
:10525000037E0293C38A0193838A00932B00FFF796
:1052600061FE227E238A312D08D1042A02D1133314
:105270002382E2E7032A01D10E33F9E706214A43EC
:105280009B18F5E70A2905D100230382127B437E90
:105290005343CFE70D29D0D0137A9942CDD3917AD9
:1052A000A942CAD3EB1A5168DBB2DB00CE18B17841
:1052B000002929D0F378002B26D0E37E007E677E7C
:1052C000002B13D00523F3565B1843439C46102351
:1052D000E15E8C440C23E15E8C4507DD1223E15E28
:1052E00000232382137B7B435B1863821223E25EDD
:1052F0001023E15EE38A02900193A38A20000093C9
:1053000003972B00FFF70EFE227E33795343228A48
:10531000B6E70B1C002900D10123037643767047C2
:1053200010B500F02DFB0022024B8000C35849331A
:105330001A7010BD8C160020F0B5040085B01E0058
:105340000AAB1B78103001930BAB1B78170002934C
:105350000CAB1B780D00039300F094F9200024306F
:1053600000F090F9220000234832A363E363236432
:1053700063641370537063729D4205D12721084BFB
:10538000084A094806F08AFF2000019B25606371E6
:10539000029B2771E371039BA671237205B0F0BDD8
:1053A0004CE900005DE90000B1E9000030B50400FF
:1053B00085B002AD00680291039201F042FB6B7967
:1053C000227AE17920680093002301F003FD297916
:1053D000029A206801F05AFB206801F028FB05B012
:1053E00030BD000007B5837A00910192002B07D0F1
:1053F0009A070AD5EFF310835A425341C37272B62B
:105400000099019AFFF7D2FF07BDDB07F8D5C36803
:10541000014A9BB29360F3E70018004010B50068A2
:1054200001F018FB10BD000010B5006801F026FC6B
:1054300003000020834203DB0C304343014A9858A9
:1054400010BDC04618EA000010B5006801F016FC57
:10545000002805DB0C2343430348C018406810BDF7
:1054600001204042FBE7C04618EA000010B5006882
:1054700001F004FC002805DB0C2343430348C0185B
:10548000806810BD01204042FBE7C04618EA0000DA
:10549000F0B506001036050089B0300000F048F97C
:1054A00000286CD12F002437380000F041F9041E89
:1054B00062D12800FFF7DAFFC1B2300000F018FA1D
:1054C0000221300000F038FA01222E49300000F0AD
:1054D0000BFA300000F054FA2B4B8000C550280026
:1054E000FFF7B2FFC1B2380000F002FA0221380023
:1054F00000F022FA380000F043FA234B8000C55038
:105500002800FFF791FF01230100220002933000E1
:105510002300049403940194009400F033FAA863E8
:105520002800FFF781FF01230200210001933800CA
:105530002300049403940294009400F023FAE86397
:10554000402006F007FF2A0048322864079200280E
:105550000BD00123137068646B6C10221819E96B6F
:10556000103406F00BFF402CF6D1079B1B78002B64
:1055700005D1380000F076F9300000F073F909B079
:10558000F0BDC046215300008C16002070B5437A50
:105590000400002B03D1012243814272C360230027
:1055A00048331B78002B02D12000FFF771FF18262B
:1055B0003300082120790D4D4343EB18595603F071
:1055C0007FFD33000821A0794343EB18595603F0BF
:1055D00077FD082160794643AD19695603F070FDE7
:1055E000034B200006CBFFF7E1FE70BD20F000006A
:1055F000841600201FB5094A094B0A49136000238D
:1056000093800293013301931633009316220133E2
:105610000548FFF791FE05B000BDC0468416002086
:1056200000093D00AC22002038160020084B196804
:10563000002909D1EFF31080064A002803D172B681
:10564000BFF35F8F013111701A6801321A60704721
:105650004818002044180020084B1A68002A0CD073
:105660001A68013A1A601B68002B06D1044B1B789C
:10567000002B02D0BFF35F8F62B67047481800203E
:1056800044180020FF2310B50370C023002104003C
:105690009B004170418083800C22083006F077FE29
:1056A000200010BD01230A0010B51A40194208D08D
:1056B0000C4A1370033343708368002B00D0984763
:1056C00010BD0223194204D006490B70C368427012
:1056D000F3E704231942F3D0024A137003334370F3
:1056E0000369EAE74E48004110B5FFF79FFF0C4BF6
:1056F0001B8C1B071B0F0B2B0FD80A4A99008858CD
:1057000000280AD00F2408490A78A24313430B70DB
:10571000064B1978C9B2FFF7C5FFFFF79DFF10BD13
:10572000004800414C1800203F4800414E480041CD
:10573000F8B500230278050018000B2A77D93C4EF3
:105740002B702B780B2B07D801229A40316811421D
:1057500004D001332B70F4E7012068E0FFF766FF07
:105760003768344C002F2BD12022334B33485969F2
:105770000A435A611022D9690A43DA610222238856
:105780003900934323802388013A134323802C4B11
:105790006063BF32A36306F0FAFDC02239002848D7
:1057A00006F0F5FD4022C120264B80002380264BC9
:1057B00026491A601A581140C02212040A431A508E
:1057C00001231A00297830688A40024332600F268C
:1057D0001F4A880085501F4831400278B2430A436F
:1057E000027002201C4A117881431170117819430C
:1057F0001170297822698B409A43226160223F21EF
:10580000636C934363642A79636C0A401349120200
:105810000B400321134363646A79636C0A401049A7
:1058200092050B4013436364FFF716FF0020F8BD99
:10583000401800200048004100040040801700206C
:10584000C0160020020F000000E100E0FFFF00FF93
:105850004C1800203F48004140480041FFC0FFFF76
:10586000FFFF3FFF70B50500FFF7E0FE6B785CB20D
:10587000062B2BD02B7802240B2B27D801229A4001
:10588000144B1968114221D01968914319601B68A3
:10589000002B14D14022104BDA67BFF34F8FBFF3B8
:1058A0006F8F21000D4A0E311388A34313800C4BD8
:1058B000DA698A43DA615A6910318A435A610024ED
:1058C0002B78084A9B009C50FF232B70FFF7C4FEE7
:1058D000200070BD4018002004E100E000480041B5
:1058E000000400404C180020023292001150704712
:1058F000037870B505000C0001710B2B14D8FFF76D
:1059000095FE29780F25094829400378084AAB43BA
:105910000B4303703F23516C1C40064B240219407B
:105920000C435464FFF798FE70BDC0463F480041E9
:1059300000480041FFC0FFFF037870B505000C0070
:1059400041710B2B14D8FFF771FE29780F250948F8
:1059500029400378084AAB430B4303700323516C7F
:105960001C40064BA40519400C435464FFF774FE19
:1059700070BDC0463F48004100480041FFFF3FFF67
:1059800000787047F0B587B001930CAB1E780DAB73
:105990001B78050002930EAB1B780078039310ABC5
:1059A0001F78049105920B2802D9002007B0F0BDA2
:1059B0006B78062BF9D0AB78002B00D179E0102161
:1059C000080006F0BDFC0028EFD02B783B4A1B01F5
:1059D0009B181A00D168002904D0D1688B4201D0ED
:1059E000D268F7E7D06001220223AA70964203D062
:1059F000DB18022E00D01300062401881143018019
:105A00000188A143018001881234A1430180153C23
:105A1000018826402A4C360221400E430680029E11
:105A20000188284C16402140B6020E430680039E92
:105A30000188254C16402140F6020E43068001885D
:105A4000224E3A40314012030A43072102800F9A46
:105A5000114002884903D204D20C0A4302806A46EC
:105A600092884280049A4260029A002A08D0019AE1
:105A700041685A43002F01D00F9CA2408A1842600F
:105A8000059A8260039A002A09D0019A84685A43D1
:105A90001300002F01D10F9A9340E3188360002375
:105AA000EA789A4203D02B78044A1B019B18C36002
:105AB0007CE7024B0001C01895E7C0468017002024
:105AC000FFFCFFFFFFFBFFFFFFF7FFFFFFEFFFFF05
:105AD000F0B5150005AA1488827E022A00D16BE079
:105AE000032A00D19FE0012A00D06DE0EA43058936
:105AF000AD182DB2002D5EDB0826825FAA425ADD6A
:105B0000002902DA5B1800211BB20A22825EC81843
:105B1000904201DD531A1BB2002B4CDDC8B2C20803
:105B20005E4992015219521807250100DBB2294043
:105B300028421CD008205A4D401AC0B22D5C834226
:105B400000D3A3E0FF26C71A3E413540012C00D107
:105B50006EE0022C00D16FE0002C2CD11678AE4301
:105B60001670834227D308395B18DBB24032072B0B
:105B700014D9022C63D11000190005780839ED43BF
:105B8000C9B2057040300729F7D819000839C9B2E1
:105B9000C90801318901521807210B40002B0AD096
:105BA0004049CB5C012C58D0022C5AD0002C02D199
:105BB000117899431170F0BDEA434589C918AD18B1
:105BC00002892DB2511A09B2002DF4DB0A26825F38
:105BD000AA42F0DD002902DA5B1800211BB208227C
:105BE000825EC818904201DD531A1BB2002BE2DD21
:105BF000EA1092015118294A01208A1807210D4004
:105C0000A840C0B2012C2FD0022C36D0002CD2D10B
:105C1000C043C0B2013B1BB2591CCCD0117801402B
:105C200011700132F6E74289C918511A09B261E7C9
:105C300016783543157094E716787540FAE7611EBB
:105C400048424141150018004942C9B20838C0B263
:105C5000297040350728F9D897E711780B4313705E
:105C6000A9E711784B40FAE7013B1BB2591CA2D0BF
:105C70001178014311700132F6E7013B1BB2591C48
:105C800099D01178414011700132F6E7012CCFD044
:105C9000022CD1D0002C00D065E75FE7F80100208E
:105CA000F0010020E8010020F0B50C0005A90D88E6
:105CB000817E02293CD0032900D1A1E001293FD1F6
:105CC0000189D2188A1A12B2002C00DA97E00A264B
:105CD000815FA14200DC92E0002A02DA9B180022D8
:105CE0001BB20821415ED018884201DD8B1A1BB21D
:105CF000002B00DC83E0E11089018A185D49012056
:105D0000511807221440A040C0B2012D00D17CE000
:105D1000022D00D182E0002D71D1C043C0B2013B01
:105D20001BB25A1C6BD00A7802400A700131F6E7A8
:105D3000E1430489D2186418418924B28A1A12B244
:105D4000002C5CDB0826815FA14258DD002A02DAC4
:105D50009B1800221BB20A21415ED018884201DD47
:105D60008B1A1BB2002B4ADDD2B2D10841488901FF
:105D70000919091814000720DBB2044002421AD0A6
:105D800001303D4A001BC0B2125C834200D36AE07E
:105D9000FF26C71A3E413240012D48D0022D4AD07D
:105DA000002D2CD10E7896430E70834227D3083CE9
:105DB0001B19DBB24031072B14D9022D3ED108004C
:105DC0001A000478083AE443D2B204704030072A3B
:105DD000F7D81A00083AD2B2D208013292018918D3
:105DE00007221340002B0AD0244AD35C012D33D064
:105DF000022D35D0002D02D10A789A430A70F0BDE9
:105E0000E1434489641824B25EE7013B1BB25A1C8B
:105E1000F5D00A7802430A700131F6E7013B1BB264
:105E20005A1CECD00A7842400A700131F6E70E782D
:105E300032430A70B9E70E787240FAE76A1E5042A0
:105E400042410C0018005242D2B20838C0B222704F
:105E500040340728F9D8BCE70A7813430B70CEE723
:105E60000A785340FAE7012DE1D0022DE3D0002D4E
:105E70009DD197E7F8010020F0010020E801002003
:105E800030B5002947DB0C25445F8C4243DD002AF6
:105E900041DB0E25445F94423DDD847E022C1ED002
:105EA000032C25D0012C04D1D243008980180A008C
:105EB00001B2012B22D0022B2ED0002B2BD1072098
:105EC000D31703409B18DB109B0159180123024094
:105ED00093401A00174C635C934363541BE004899E
:105EE000013C611AD443428909B2121912B2E0E7A7
:105EF00040890138401A110002B2DAE70724D017AE
:105F00002040801822409340C01080014118094869
:105F1000425C1343435430BD0720D31703409B1802
:105F2000DB109B015918012302409340014C625C35
:105F30005340D2E7F801002070B504000D00202284
:105F40004021FEF79FFD094BFF2208332360230009
:105F50002A331A702200012328325B42E384137033
:105F60002300293320001D7070BDC04660EA000088
:105F7000802210B500210248520006F008FA10BD38
:105F8000F80100200300F7B52B331B7804000D0047
:105F9000002B03D01348FFF741FAF7BD08238026F2
:105FA0000127009323001F20083301931856002176
:105FB00003F042F831001F20E31D185629402E42FD
:105FC00000D0390003F038F81F20019B3900185623
:105FD00003F032F8009B7608013B0093002BE1D1DF
:105FE000DBE7C0463816002070B5C31DDB7F040018
:105FF0005BB20D0001331AD0060000202A360121C1
:10600000305603F019F828200021205603F014F828
:1060100000200021305603F00FF829002000FFF780
:10602000B1FF00200121305603F006F870BD0534A1
:10603000E17F084C2000FEF737F900212000FEF731
:106040004BF929002000FEF747F92000FEF7A2F9DE
:10605000ECE7C04604140020F0B585B00093831D22
:10606000D977431DDA771F23C71DFB5604000D00A7
:10607000013300D1CAE003002020083301931856F1
:10608000012102F0A9FF26002A20012120562B36EB
:1060900002F0A2FF3378002B00D1A7E0604E300061
:1060A000FFF774FA002302AA938030005D49039A37
:1060B000FFF798F9009B002B1DD026000020293601
:1060C0003056002817DB012102F086FF0020012155
:1060D000305602F0B1FF012002F048FC0020002100
:1060E000305602F0A9FF0A2002F040FC00200121F6
:1060F000305602F0A1FFAE212000FFF775FFD52139
:106100002000FFF771FF80212000FFF76DFFA8211D
:106110002000FFF769FF1F212000FFF765FFD32153
:106120002000FFF761FF00212000FFF75DFF402105
:106130002000FFF759FF8D212000FFF755FF1021A8
:10614000012D00D014212000FFF74EFF2021200058
:10615000FFF74AFF00212000FFF746FFA1212000A2
:10616000FFF742FFC8212000FFF73EFFDA212000A1
:10617000FFF73AFF12212000FFF736FF81212000B0
:10618000FFF732FFCF212000FFF72EFFD92120009B
:10619000FFF72AFF2221012D00D0F1212000FFF777
:1061A00023FFD9212000FFF71FFF2221012D00D05E
:1061B000F1212000FFF718FF2000DB21FFF714FF7B
:1061C00020004021FFF710FF2000A421FFF70CFF63
:1061D0002000A621FFF708FF20002E21FFF704FF73
:1061E000AF212000FFF700FF05B0F0BD1F20012107
:1061F000385602F0F1FE1F20019B0121185602F0D3
:10620000EBFE3378002B00D154E747E7064E300011
:10621000FEF71CF830000549FEF738F84AE7C0469B
:106220003816002000127A0004140020801A06009C
:10623000F8B504002121FFF7D7FE20212000FFF749
:10624000D3FE5F212000FFF7CFFE22212000FFF7C1
:10625000CBFE00212000FFF7C7FE03212000FFF73F
:10626000C3FEE31DDB7F10265BB2013321D0260085
:1062700000202A360121305602F0DEFE28200121BE
:10628000205602F0D9FE002000218027305602F06F
:10629000D3FE00257F00174B2000595D0135FFF725
:1062A00071FEBD42F7D100200121305602F0C4FE3C
:1062B000F8BD3500104F631D3800D97FFDF7F4FF9E
:1062C000103D40213800ADB2FEF706F8094B38000A
:1062D000595D0135ADB2FDF7FFFFAE42F6D1380092
:1062E000FEF758F888231036B6B25B009E42E0D124
:1062F000DEE7C046F80100200414002010B5054A6E
:106300000549064800F010F80022054B05491A70AF
:106310005A5410BD0104000000EB0000801C002056
:106320007C1800200204000030B5094D094CAB6810
:106330005B035B0F9B001C590460AB6801619BB25F
:1063400043606343A4008360C460426130BDC046C3
:106350000040004100F00000F7B58026194D019182
:106360006F6803333E439B086E60002B29D0164EA6
:106370002E802E7DF107FCD51E000768991BBF08F3
:106380008F4217D9002E15D0FF2117788C433C433C
:106390000E4957780C403F023C439778A4B2390429
:1063A000D7780C433F0601993C4310C10191043258
:1063B000013EE2E7064B2B802B7DDB07FCD533004B
:1063C000D3E7F7BD0040004144A5FFFFFF00FFFFFA
:1063D00004A5FFFF044B054A4908D9611A801A7DBC
:1063E000D207FCD57047C0460040004102A5FFFF20
:1063F00070B504000D001600E36829002000B342C8
:1064000005D2FFF7E7FFE368ED18F61AF4E7FFF7A8
:10641000E1FF70BD10B510001A0005F0AFFF10BD10
:10642000114B12495A880A405A805A78D209FCD135
:106430000F4A5A805A78D209FCD10E4A5A605A78CB
:1064400052B2002AFBDB8022596892030A435A6049
:106450005A7852B2002AFBDBC023074A9B005168DE
:106460000B4353607047C046000C0040FFBFFFFF66
:1064700005460000060301000040004170B51048C9
:1064800000F0CCFE0024A04203D10E4801F0CEF96A
:10649000013402220C4B0D48196891431960042104
:1064A000056929430161BFF34F8F30BF19680A4363
:1064B0001A60002C02D0034801F07CF970BDC04680
:1064C000D4220020F022002010E000E000ED00E0E7
:1064D00070B50500140008001A001A290AD9FF290E
:1064E00007D10021280000F099F82100280000F0D1
:1064F00043F870BD182116254143094B5B185D57C1
:106500006B1CF6D0102DF4D0210002F085F8FFF7B7
:1065100087FF0123AB40034A51690B435361E8E70E
:1065200020F00000001800400423044A10B5117E3A
:106530000B431376024B5B68984710BD0040004246
:10654000981C002010B5024800F004F810BDC046A9
:10655000981C00200023037070470000044B10B506
:106560001B68002B00D098470122024B1A7210BD05
:10657000A01C002000140040014B19607047C04669
:10658000A01C0020094B0A4A9A605A7852B2002A8D
:10659000FBDB084A5A605A7852B2002AFBDB064AF3
:1065A0005A805A78D209FCD17047C046000C00408E
:1065B0000204000002051100044200000221044B05
:1065C0001A888A431A809A7AD209FCD17047C04649
:1065D000001400400222044B19880A431A809A7A58
:1065E000D209FCD17047C046001400400122044B80
:1065F00019880A431A809A7AD209FCD17047C0469A
:10660000001400400121044B1A888A431A809A7AA8
:10661000D209FCD17047C046001400402023F7B5D2
:1066200000272A4A0E00916905000B439361284B0D
:10663000284A294C9A82BE420BD1284B37001A783F
:1066400070231A4205D023881B0702D5012723692E
:1066500001932800FFF796FF2800FFF7AFFF2800FF
:10666000FFF7C4FF63881E4A134063801D4B2380DD
:10667000A37ADB09FCD1C0211B4A083313608900CF
:1066800053581B021B0A53500123E279134307227C
:10669000E371237F93432377A37ADB09FCD128009E
:1066A000FFF798FF2800FFF7ADFF002E0BD1002F5A
:1066B00009D0019B002B06D02361A37ADB09FCD112
:1066C00001332B70F7BD8423DB03F5E700040040A2
:1066D00000080040CE0600000014004038040040CE
:1066E000FFBFFFFF080A000000E100E010B502480C
:1066F00001F098FE10BDC046A41C002010B5024851
:1067000001F090FE10BDC046A01F0020F7B5012487
:106710000326154F1549380000F0F3F814491548C1
:1067200000F0EFF81449154800F0EBF8144915484B
:1067300000F0E7F81449154800F0E3F8144D154946
:10674000280000F0DEF839002300009600220194B2
:10675000114801F0FDFD290000961E231F2201941F
:106760000E4801F0F5FDF7BD9C2200200008004214
:10677000000C0042A022002000100042A4220020B1
:1067800000140042A822002000180042AC22002081
:10679000B0220020001C0042A41C0020A01F0020EA
:1067A000F8B505000E0017000024BC4208D02B6885
:1067B0002800315D1B689847002801D00134F4E7B8
:1067C0002000F8BD70B505000C00081E07D006F0CB
:1067D000EBF92B680200210028005B68984770BD28
:1067E00010B5FFF7EFFF10BD10B503681B689847A1
:1067F00010BD000010B50249FFF7E4FF10BDC04610
:1068000070F4000070B50400FFF7DCFF0500200005
:10681000FFF7F0FF401970BD0EB410B5040097B03B
:1068200019AB04CB502102A8019306F0EFF9200028
:1068300002A9FFF7C7FF17B010BC08BC03B0184788
:10684000F0B58BB06B4614000022053307000D0035
:10685000DA77012C00D80A2409AE2800210002F0C2
:10686000F3FD0300CAB2080029001D0013003733EE
:10687000DBB2092802D813003033DBB2013E33709B
:106880008C42EAD931003800FFF79CFF0BB0F0BD15
:10689000F8B507000D00161E04D10368C9B21B68C5
:1068A0009847F8BD0A2A0CD100290BDA2D21FFF7F1
:1068B0009BFF3200040069423800FFF7C1FF201837
:1068C000EFE7D2B229003800FFF7BAFFE9E710B5C9
:1068D000FFF7DEFF10BD70B50400FFF7D9FF05001C
:1068E0002000FFF787FF401970BD10B5002A04D1C2
:1068F0000368C9B21B68984710BDD2B2FFF7A0FF6A
:10690000FAE7016070479446F0B505AC25789C1E07
:10691000621E9441624606689207376824063A432D
:1069200022430724326000682140AD010024426800
:106930002943022B00D05C030A4322434260F0BD8E
:1069400030B5C0250368AD031C6812052A402243F8
:10695000C0240904A40221400A431A6003685A684B
:1069600014435C6030BD0123026811680B4313605F
:1069700003681A68D207FCD4DA69D207F9D47047E1
:106980000223026811680B4313600268D3699B07F6
:10699000FCD4704703681A7ED20702D41A7E92078D
:1069A000FCD57047002203685A8370470368187E3D
:1069B0004007C00F70470368187EC00970478023E6
:1069C00002685B42117E0B43137670470368588B55
:1069D0008007C00F704702230268518B0B4353831B
:1069E00070470368187EC007C00F70470368188D92
:1069F000C0B2704703681A7ED207FCD589B2012065
:106A000019857047012203689A757047012203684F
:106A10001A7570470123026811680B4313600368FD
:106A20001A68D207FCD4DA69D207F9D47047022376
:106A3000026811680B4313600268D3699B07FCD49A
:106A400070470368DA699207FCD402211A688A4306
:106A50001A6070470268936A5B0A5B020B43936299
:106A600003681A7E5207FCD5986AC0B270470000CE
:106A700010B50548490002F061FC80B2002801D041
:106A8000013880B2C0B210BD006CDC0270B50C00E1
:106A9000012611006308026833403440156824075A
:106AA0005B0723432B4313600468FFF7E1FF207368
:106AB00070BD0123026811680B43136003681A68F4
:106AC000D207FCD4DA69D207F9D4704702230268EE
:106AD00011680B4313600368DA699207FCD4302114
:106AE0005A8B8A43110010220A435A830268D369E1
:106AF0005B07FCD470470221026813688B43136064
:106B00000268D3699B07FCD4704780230268DB02CC
:106B1000116851680B4353607047000003680349D4
:106B20001A685A680A405A607047C046FFFFFBFF68
:106B3000032230B5036811401C68074D5A680904E8
:106B40002A40E4061143640F5960052C03D1026802
:106B5000D3695B07FCD430BDFFFFFCFF30B5036891
:106B60000400588B8006800F022813D05D8B002014
:106B7000AD06AD0F032D2ED0588B800705D55D8B4C
:106B80000020AD06AD0F012D25D15D8BAD06AD0FFB
:106B9000281E20D04800596A1043C90AC0B2C90251
:106BA000014359622368002A08D11A7ED207FCD516
:106BB000588B01234007C00F58400CE01A7E920703
:106BC000D00F002AF4DB1A7ED207F7D5C02259680D
:106BD00092020A435A6030BD036828331970026874
:106BE000137EDB07D80F002B03D1538BDB07F7D5C0
:106BF00070470123508B4007C00F5840F8E70368E7
:106C0000283319700268137E5B07D80F002B04DA53
:106C10000123508B4007C00F584070470368186825
:106C2000C006400F043843425841C0B27047036861
:106C3000187E4007C00F70470368187EC007C00F5A
:106C400070470368588BC006C00F70470368187EF2
:106C50008007C00F70470368588B0007C00F70474C
:106C600003681A68D206520F052A02D11A7E9207CB
:106C7000FCD528331878C0B2704700000368104A6A
:106C8000934213D00F4A934212D00F4A934211D02D
:106C90000E4A934210D00E4A93420FD001200D4A63
:106CA0004042934201D1063040B270470020FBE7DA
:106CB0000120F9E70220F7E70320F5E70420F3E7D6
:106CC00000080042000C0042001000420014004284
:106CD00000180042001C0042F8B5FFF7CFFF002863
:106CE0002CDB1D4BC000181805230479C356032064
:106CF000FF221840C0008240C021D2438140002BB7
:106D00001DDB1F2501201D40C026A840134D760025
:106D1000A851C0269B089B005B19B6009F593A40BA
:106D20001143995128603F2323408024E4011C43F0
:106D30000B4B5C805A7852B2002AFBDBF8BD0F2067
:106D40000340083B07489B089B001B18D86902407A
:106D50001143D961E7E7C04674F4000000E100E0A8
:106D6000000C004000ED00E0F8B504000F00160034
:106D70001D00FFF7B1FF2000FFF7F5FD1C21BB0050
:106D80000B4071072268090C0B43136084232268AF
:106D90009375012F1AD11021012E00D008390C4B08
:106DA00069431868C00002F0C9FA0722216802404E
:106DB0008B895203DB04DB0C13438B8122680304B1
:106DC0009089DB0C400B400318439081F8BDC0460E
:106DD00094030020F7B50500019308AB0C001600E2
:106DE0001F78FFF717FE2800FFF776FFC021C022AB
:106DF000890224040C409203BF073605274316403E
:106E00003E430C2707222B683E431E60019B2968E6
:106E100013401A0080239B0213434B602A68D369F6
:106E20005B07FCD4F7BD0000F8B504000F00FFF7C6
:106E300053FF2000FFF73DFE1422236879001A60FB
:106E40000C4B25681E68300002F078FA0A490400ED
:106E5000300002F073FA7D23FA215843C90002F092
:106E60006DFAFF23241AE868053C1C40984304434C
:106E7000EC60F8BD9403002040420F000221084B53
:106E80001A888A431A80DA7BD209FCD101321A802F
:106E9000DA7BD209FCD11A88D207FCD47047C046ED
:106EA00000340042074B10B51B780400002B08D0BB
:106EB000FFF7E4FF0021200002F0BEF80022024BA1
:106EC0001A7010BDB4220020D0220020F7B50400B3
:106ED0000E1E019202D1FFF7E5FFF7BD8023554A50
:106EE0005B03554DD367BFF34F8FBFF36F8FC02246
:106EF0005200AB50514B1A78002A23D0504B1B78CC
:106F0000002B31D14F4B3100186802F017FA802264
:106F1000431E52020093944600230427009A6245C0
:106F200029D301005A1CD140013900911900B943FD
:106F3000C9B2032902D0D2B2062A01D10233DAB291
:106F40001300EBE70122C5211A7089006B58FE324D
:106F500093431A00402313436B503B4A3B4B5A80E8
:106F60005A78D209FCD1C9E7394B1868A042C9D078
:106F7000FFF798FFC6E7013B0027092B02D8354AE7
:106F80005B009F5A019B002B4FD0FA21734389006D
:106F9000580002F0D3F9002302002F492F4E0A6057
:106FA0004B60FFF76BFF33883B4320271F4337803D
:106FB000F37BDB09FCD16B461B883383F17BC9096A
:106FC000FCD11820264F6043BC46264B264FC356A3
:106FD000DB019C4462463A60244A254F9B183B6083
:106FE0000127204B1A1853683A009A40214B1A6027
:106FF0001023727B13437373154B1A68A24209D096
:1070000020001C6002F018F83900200001F0E4FFB5
:107010000B4B1F700223328813433380F37BDB0951
:10702000FCD180235B032B6057E701225242D31728
:10703000B3E7C04604E100E000E100E0B422002034
:10704000D0220020140300201C400000000C00404F
:1070500010030020A4F40000C822002000340042E5
:107060001C44004120F00000C022002014440041D4
:10707000BC220020B8220020154B70B51868596852
:107080000500144C0D4319D0134A21681268116091
:1070900018685968002902DC0AD1002808D018684D
:1070A000596801246442E517001969411860596064
:1070B00010230A4A917B0B43937370BDFFF7DEFEEA
:1070C000074B22681B681A60064B1D70F5E7C04627
:1070D000C8220020B8220020C02200200034004234
:1070E000BC220020D02200203F20704713B56B4601
:1070F0000268D9710733546819000122A04716BDF0
:1071000010B50221006900F047FC10BD10B5032145
:10711000006900F057FC10BD10B51300084A0400C8
:10712000D279002A03D101230020636010BD0A0038
:107130000069032100F03EFD0028F4D0F6E7C046C8
:107140001C03002010B5054C03002068421C04D12C
:107150001A68180052699047206010BD680300202B
:10716000074A0300106810B5411C03D001235B429D
:10717000136010BD0221186900F00EFDF9E7C0464A
:107180006803002010B503784222023303700249DD
:10719000024800F0BBFD10BD24030020F0220020B7
:1071A00010B50178030042780020A12908D1212AD6
:1071B00005D1174917481A3A00F0A8FD012010BD63
:1071C0002129FCD1202A13D111491248193A00F083
:1071D0003DFC96220E4BD200196891420ED1DA790D
:1071E00001231A420AD1FA2001F0C8FF0020E6E785
:1071F000222A06D19A78064BDA71EAE701F0C4FF39
:10720000F4E7232ADBD15A88034B1A60D7E7C0463C
:107210001C030020F02200201803002010B501F00C
:107220006FFBFA2300245B00984207D3044B0A202B
:10723000DC79631E9C41E4B201F098FB200010BD94
:107240001C030020FA220021054B92009A60054A97
:1072500008321A60044A59601A6119767047C046AC
:10726000D4220020B8F40000F0220020704770B54E
:107270000F26CB1D02003240D5B22C00000930345D
:10728000092A00DD07341C705A1E994200D170BDD6
:107290001300EFE710B50400806905F065F8A06AF7
:1072A00005F062F8200010BD10B50400FFF7F2FFF2
:1072B000200001F0A5FB200010BD000070B50329DF
:1072C00008D1324B8000C058002802D00368DB6828
:1072D000984770BD82291FD1C3B22D4D5A01AA18FB
:1072E00091692C4C80010C40C0218905214391619A
:1072F000294908334018802150612A685B01D01861
:1073000004794942214301717020995C814308004E
:10731000302101439954DCE70029DAD1C024C1B2FD
:107320001B4E4A01B21893681A4DA4052B40234303
:1073300093601A4B8001C0180B005060306807261C
:1073400008335B01195CB1430E000121314319542C
:1073500091690D402C43946170240F495161195C6F
:10736000A1430C0010212143195491680C4CC318FF
:107370000C4080214903214391609168890B890366
:107380009160402259790A435A71A2E7F422002001
:10739000A8270020FFFFFF8F1C230020DC240020F3
:1073A000FF3F00F0EFF3108303600123436072B6E8
:1073B00070470368002B02D162B6BFF36F8F70472E
:1073C00037B5056904006846002D14D1FFF7EAFFC0
:1073D000019B621D013B02D3D57FEDB2FAE76846FF
:1073E0000193FFF7E6FF002D01D100203EBD206A8A
:1073F000E369C01AFAE7FFF7D5FF22000025019BD9
:107400003432013B02D31578EDB2FAE768460193B6
:10741000FFF7CFFF002DE8D0206BE36AE9E700001B
:10742000F0B5FF2501264268836811682B405B0197
:10743000CC186419A77AD3183E43A672C6689C6814
:107440000B4FB60436093C4034439C6083682B40A4
:107450005B01D2189468A40BA40394604022836853
:107460002B4008335B01CB1819790A431A71F0BD20
:10747000FF3F00F0F7B5056904000E0017006846ED
:10748000002D43D1FFF78EFF019B601D013B5A1C6D
:107490000BD0C27F591E002A05D168460193FFF721
:1074A00088FF2800FEBD0B00F1E768460193FFF757
:1074B00080FFE369AF420AD0226A9A4207D95A1C78
:1074C000E261A269D3181B7873550135F1E7226A8E
:1074D0009A42E6D10023E361013368462361FFF756
:1074E00061FF22000021019B671D013B3532581CC2
:1074F000D3D0F97710785E1E002805D020001170D7
:107500000193FFF78DFFECE73300F0E7FFF74AFF49
:107510002000019B3430013B5A1C06D00278591ED2
:10752000D5B2002AB9D00B00F6E7684601930025D2
:10753000FFF73FFFE36ABD4202D0226B9A421CD89C
:10754000226B9A42ADD100236846E3622361FFF7C4
:1075500029FF270022000021019B3437013B3532EF
:10756000581C9AD0397010785E1E00280DD020006B
:1075700011700193FFF754FFEBE75A1CE262A26A15
:10758000D3181B7873550135D4E73300E8E7F7B516
:1075900082684368D2B211000400083118684901BA
:1075A0004118C879C00729D501255201CD719B1812
:1075B0009A6861699204920C002923D12262226A9E
:1075C000002A41D0A26A656168465A60FFF7EAFE68
:1075D000342294462200019B671D013BA4443532AE
:1075E000591C2DD06146FD770978581ECEB200296E
:1075F00005D0019368461570FFF7DBFEF7BD030069
:107600001670EDE72263226B002A1DD000222700AE
:107610006261A26968465A60FFF7C4FE019B621D61
:107620009446013B34373032591C09D061463D70D5
:10763000C97F581ECEB20029DBD103001670F3E7D4
:1076400068460193FFF7B5FE2000FFF7E9FED5E796
:1076500013B56A4600230C00D01DD371FFF792FDCD
:1076600023681818206001F005FE6B46D91D01F053
:10767000CDFD236818186B462060D87916BD000030
:1076800003290ED180220E4B62311B68FF31585CFA
:10769000524202435A5468226339FF32FF399954E7
:1076A00070470129FCD18022054B24311B68FF3132
:1076B000585C524202435A5428222339FF32EDE7E4
:1076C000A827002070B500252F4B012104001A20A7
:1076D0001D7001F081FC01211A2001F0ADFC2B4B43
:1076E000012119201D7001F077FC0121192001F002
:1076F000A3FC2023264A0F20D1690B43D36101222A
:1077000024490B7813430B70234B1978814319706C
:1077100006211D782943197020490D782A430A70E3
:107720001A7802401A70602219780A431A701C4BAA
:107730001C4A5A805A78D209FCD11B4801F0DAF869
:107740001A4D280001F0AAFD280001F0BDFD7F219F
:107750002B68C1201A7880000A401A700422197818
:107760000A430C211A701A898A4311491A810A584E
:107770001202120A0A5080220A6019787E3A0A43DD
:107780001A700123237070BD1123002010230020E4
:1077900000040040584400413C4400415944004129
:1077A000000C00400640000091810000A827002046
:1077B00000E100E00078002810D00121084B1B6890
:1077C0001A898A431A810822198B0A431A830422D0
:1077D000198B0A431A830022024B1A607047C04675
:1077E000A8270020A02700200A000E498B699B0BC8
:1077F0009B038B610B680221FF33197298798239E0
:1078000001439971197A8907FCD57F20064B024004
:10781000997A8143114380229972997A52420A439C
:107820009A727047A8270020005000410078002875
:1078300005D0034B1A68012311890B43138170474C
:10784000A827002010B50B790C00002B0CD10800E4
:10785000FFF7A6FC002801D0012010BD094A93695A
:107860009B0B9B039361F7E701F004FD210001F0FE
:10787000F1FC0028F0D1034A93699B0B9B039361B1
:10788000EBE7C046A8270020F7B50D001100832ABA
:1078900019D1EBB2324C5A01A21891693148AD01AD
:1078A0000840C0218905014391612F4920686D1866
:1078B0007021083355615B011A5C8A431100402234
:1078C0000A431A54F7BD022A45D1284AAB009858FA
:1078D000002802D003685B699847382001F08CF8D3
:1078E000234B8027036000231D4E7F00421D03624F
:1078F00003614361C36146608560C760D3772F32FF
:10790000C3620363040013703800537004F022FD57
:107910000190A061380004F01DFDEBB25A01A06295
:10792000B21891680F4808330840C0218905014307
:107930009160316807265B01585CAD00B0430600DA
:10794000032030435854019B20005360FFF768FD2B
:10795000064B5C51B6E72800FFF7B0FCB2E7C04623
:10796000A8270020FFFFFF8F1C230020F422002007
:10797000E4F4000070B505000124064BA200D258C3
:10798000002A05D021002800FFF77EFF0134F4E72C
:1079900070BDC0466C030020084B8A00D05810B55B
:1079A000002803D003689B68984710BD044BC9B2F8
:1079B0004901591888688004800CF6E7F4220020F9
:1079C000A827002010B50C00FFF7E6FF00280CD018
:1079D000064BE4B219688023083464010C196279FB
:1079E0005B42134363710223E37110BDA82700209B
:1079F00070B5CBB2124A13485C018901891802198B
:107A000051609168104D08330D408021890229434F
:107A1000402591609168890B8903916001685A0142
:107A20008A1816793543157195796D06FCD55B0179
:107A3000C918CB79DB07FCD500198068C0B270BDCE
:107A4000DC240020A8270020FF3F00F070B51400C0
:107A500040220B4B0D001B68FF3359790A435A71C2
:107A60000021FFF7C5FFA04200D9200000230549EF
:107A7000A34203D0CA5CEA540133F9E770BDC046A3
:107A8000A8270020DC24002010B50C48C9B2490109
:107A9000421893689B049B0C3F2B0BD99468403B86
:107AA0009B04A40B9B0CA403234393604118886898
:107AB000C0B210BD93689B0B9B03F6E7A82700207C
:107AC000F0B51C002F4B85B01B6806000D0001921D
:107AD000002B54D02C4F3B78D9B2002B02D1192067
:107AE00001F0AAFA64233B70284BAA00D058002862
:107AF00008D0036822005B680199984704002000C1
:107B000005B0F0BD29003000FFF746FF844204D9DC
:107B100029003000FFF740FF040029003000FFF784
:107B2000B3FF0121EBB21A4F03935B010293029A58
:107B30003B6801989B18FF335A7A0A435A72154BD7
:107B4000A9012200C91804F019FC002CD7D0290083
:107B50003000FFF721FF0028D1D14021039B3A6874
:107B600008335B01D3181879014319710121D971C8
:107B7000029BD318FF339A7A0A439A72BFE7012413
:107B80006442BCE7A027002010230020F42200203C
:107B9000A8270020DC24002013B56B46DC1D220042
:107BA0000123FFF78DFF012801D1207816BD0120A8
:107BB0004042FBE7F0B51C003A4B85B01B680E0055
:107BC0000192002B3FD08023DB019C423BD8364DF5
:107BD0002B78D9B2002B02D11A2001F02DFA6423A0
:107BE00000272B70314BB201D3180293002C2CD0FC
:107BF0002F4B1B680393FF2333401D000093083570
:107C0000039B6D015D19AB79DB0921D0294B2A4912
:107C1000186801F093FB294B1721584301F08EFBA4
:107C2000274BEA79920713D49A5D002A01D10138D3
:107C3000F7D201229A55009B5A011D4B9B189A6955
:107C4000920B92039A6101277F42380005B0F0BD84
:107C500000221B4B25009A55402C00D940252A00B4
:107C60000199029804F08AFB009BA9045A01104B69
:107C7000890C9B18029A7F195A619A69641B920BAE
:107C800092030A439A61009B039A08335B01D3185D
:107C90000222DA715979823A0A435A71019B5B19BF
:107CA0000193A3E7A0270020112300201C2300201C
:107CB000A82700209403002040420F00701101000B
:107CC0001323002070B50C001D000D4BA601F61803
:107CD000110030002A0004F051FBE4B2094A6401AB
:107CE00014196661A369084928000B40A361A169C2
:107CF000AB04890B9B0C89031943A16170BDC0467D
:107D00001C230020A8270020FF3F00F0F7B5104BF0
:107D10000F001B7814000190002B0CD10D4B1600A6
:107D20001D78002D09D00C4E0C48358828182D19C7
:107D300004F024FB35802000FEBD002EFBD0330074
:107D40007A1900210198FFF7BDFF2D18361AF4E7C4
:107D50009C2600209D2700209E2700209D26002095
:107D6000F8B50F0016000024012A26D9100004F0EF
:107D7000F1FA0500380004F017FF03230222013056
:107D8000400028706B7096420DD9397800290AD0CE
:107D9000531CDBB20137A9549E4203D00232EC548B
:107DA000D2B2F0E7320029000548FFF7AFFF441ECA
:107DB000A041C4B2280004F0D7FA2000F8BDC046A4
:107DC000F0220020F0B50025012785B0184B0E00E9
:107DD00069461F7004000095FFF73AFC154B01A996
:107DE0000B806A3BFF3BCB716E3B0B72009B3200FA
:107DF00009334B800E4B8D714F7108711D70092E28
:107E00000FD00D4E092237700C4F200000953D8099
:107E1000FFF77CFF69462000FFF71AFC3A88084903
:107E200035702000FFF772FF012005B0F0BDC0469D
:107E30009C260020090200009D2700209E2700208C
:107E40009D260020F0B5CF7805000E0093B0022FDC
:107E500009D1C9882B48FFF7B5FF441EA041C4B221
:107E6000200013B0F0BD01F005FA310001F0E2F995
:107E7000002803D0C417241AE40FF1E7012F0BD117
:107E8000F2882149112A11D8D2B2002A0ED0280036
:107E9000FFF73CFF0124E3E70400032FE0D1B378B0
:107EA000002B05D1F2881949032AEDD90A78EEE7AB
:107EB000022B06D1F28816492800FFF751FF040073
:107EC000CEE7012B02D1F2881249F5E7032BC7D187
:107ED000114B01A91868FFF7CAF9104B03A91868DC
:107EE000FFF7C5F90E4B05A91868FFF7C0F90D4B50
:107EF00007A91868FFF7BBF96B460533DC77F288F2
:107F000001A9D9E7F022002015F5000008F50000CE
:107F1000FCF400000CF500000CA0800040A08000E4
:107F200044A0800048A0800037B5050048780C00C8
:107F30000B2810D801F0F8F9061B0F310F484D75CA
:107F400051546E71097801AA002906D102231180CB
:107F50002800FFF7B7FE01203EBD00231380324BFF
:107F60001B78012B00D1137002230021F0E78A78DF
:107F70000023012A09D16A4693802C4B1B78012BE0
:107F800000D11371022301AAEFE7274A1370284A90
:107F900093699B0B9B039361DDE78C78012C07D1E0
:107FA000224B01AA1C70234B1B7813702300DCE7C3
:107FB00000208442D0D11C4B01301D4A18709369B7
:107FC0009B0B9B039361C7E728008978FFF70CFCA4
:107FD000C1E72800FFF736FFBEE70123164AC4E7D2
:107FE0000B780020DB06B7D12800FFF7C3FC2A205E
:107FF0000221A278104BFF301A600D4A13681C5CF6
:1080000021434A241954FF34195D2938FF380143AC
:108010001955D4E70123094AA7E78A78074B1A6064
:10802000B5E7002098E7C046122300201A2300205D
:10803000A827002072F40000A0270020A427002019
:108040004B4BF7B51C780700002C00D083E0494E5D
:1080500033689B8B1B070ED521002000FFF72EF9FC
:10806000326810231100FF31887A03438B72424B30
:108070001C600823938333689A8B52071FD5042210
:108080009A833E4A1378002B0AD01378013BDBB267
:1080900013701378002B03D101211A2000F0CCFFBC
:1080A000374A1378002B0AD01378013BDBB21370E8
:1080B0001378002B03D10121192000F0BDFF336894
:1080C000FF331A7AD2061ED510221A72597930322D
:1080D0000A435A7160232B4938000A781A423BD16F
:1080E000FFF722FF3368FF33002838D080229979C8
:1080F00052420A439A711A7A520604D540221A72E1
:10810000597A0A435A72336800241D8C01239D4317
:10811000EDB20193E1B2002D1DD02B002341019A55
:10812000134215D02300326808335B01D318DA7983
:10813000D20702D4DB799B0707D5134BA200D05896
:10814000002810D003681B689847019BA3409D43FB
:108150000134092CDED1F7BDFFF774FBC2E7202103
:108160000A4A9171C7E73800FFF78AFAEDE7C0467F
:108170009D270020A8270020A027002011230020F1
:1081800010230020DC240020F4220020FF500041B6
:1081900010B50248FFF754FF10BDC046F022002082
:1081A000014B024A1A607047A82700200050004186
:1081B0000120704710B50368014A1B6A984710BD3B
:1081C000130400000300FC33D96F9A6F914203D06F
:1081D000DB6FC018007D704701204042FBE710B5FF
:1081E00004000069FEF7BFFB22000023FC32936706
:1081F000D3679E229200A4186366A36610BDF02385
:108200001B011940802306209B0099420AD00133AC
:10821000FF330130994205D0802300205B00994252
:1082200000D1053070470F2001400020012903D004
:108230000239481E8141481C70470000B923F0B53F
:10824000182785B002919B000400C05C3B00082108
:108250004343324E1500F318595600F031FF304BAE
:108260000821E05C3B004343F318595600F028FF17
:108270002C4BE25C0393022A09D11133E05CFF2806
:1082800005D008214743F719795600F019FFBA279E
:10829000BF00E05DFF2819D0012100F09DFE1822EB
:1082A000E35D21495A43B356B618DB015818BB2188
:1082B000890060501D4901225B18BC218900635070
:1082C00071688A40BD21890062501A600122029BB8
:1082D00011002069FEF748FD29002000FFF78FFFFD
:1082E000290006002000FFF79EFFF0221540303DD8
:1082F0006A42554103003100206901220095FEF7D2
:1083000002FB0B4B2069E25C039BE15CFEF718FB70
:108310002069FEF735FB05B0F0BDC04620F0000037
:10832000E5020000E7020000184400411444004147
:10833000E6020000AF2210B504000021520004F054
:1083400026F823000022FC3320005A669A6610BDEE
:10835000F7B51D0008AB1B780400009309AB1B7830
:108360001600019300234360FA239B008360104BA7
:108370000F00083303601430FFF7DCFF20007D306E
:10838000FF30FFF7D7FFB9239B002761E654094B65
:10839000009AE554084B2000E254019A074BE2543E
:1083A000BA22E93BFF3B9200A3541032A354FEBD16
:1083B00028F50000E5020000E6020000E7020000E8
:1083C0000300FC33586E9B6EC01A01D55F30FF303E
:1083D000704710B5040020007D30FF30FFF7F0FF3C
:1083E0000028F8D12069FEF7D5FA10BD10B5143079
:1083F000FFF7E6FF10BD0300FC33596E9A6E914201
:1084000005DB5A6E986E801A5E30FF307047986EAA
:108410005B6EC01A0138F9E710B57D30FF30FFF709
:10842000EAFF10BD70B504000069FEF7CFFA00281E
:1084300005D02069FEF7DAFA2069FEF7CCFA206948
:10844000FEF7B4FA002824D025002069FEF7CEFA02
:10845000AF21FC350600A86F4900013000F0F4FFA1
:10846000EB6F994203D0AB6FE3181E75A967BA236F
:108470009B00E35CFF2B0CD020001430FFF7BBFF08
:10848000092806DCBB23BD229B009200E358A258BA
:108490001A602069FEF7A5FA00281DD020007D3063
:1084A000FF30FFF78DFF002825D09E239B00E618A4
:1084B000B26E736E9A421BD0BE22AF21B36EB06E05
:1084C000E3185200013049009D5C00F0BDFFB16629
:1084D0002069E9B2FEF78EFA2069FEF76CFA0028EF
:1084E00005D02069FEF76BFA2069FEF75BFA70BDD4
:1084F00001256D42ECE72069FEF788FAECE7000001
:10850000F7B5040000690E00FEF76BFA002847D1AA
:10851000AF277F009E239B00E518686EAB6E390085
:108520000130019300F090FF019B994224D1EFF3B9
:108530001083DB070ED4204B5B68DB05DA0D002BC4
:10854000E8D0103A53B212060DD49B081B4AC03330
:108550009B009B582069FEF744FA0028DAD02000DF
:10856000FFF760FFD6E70F221340083B144A9B0831
:108570009B009B181B68EDE7AF21686E4900013036
:1085800000F062FFAB6E994205D0BE226B6E5200C6
:10859000E3189E5469662069FEF734FA0120FEBD97
:1085A00020007D30FF30FFF70BFF0028B0D13100F5
:1085B0002069FEF71FFAF1E700ED00E000E100E0BE
:1085C0001CED00E070B50500FC35EA6FAB6F0400F0
:1085D0009A421DD0AF21EB6F4900C318E86F1E7D92
:1085E000013000F031FFE967BA239B00E35CFF2B09
:1085F0000CD020001430FFF7FEFE0A2806DDBC2355
:10860000BD229B009200E358A2581A60300070BD52
:1086100001267642E8E70000F7B5009218221626F8
:108620004243544B07009B189E570191731C52D034
:10863000514B524C1D68002D2BD12900442250482B
:1086400003F0A5FE290044224E4803F0A0FE1022AC
:108650004D4B4E491D604E4BCA67BFF34F8FBFF362
:108660006F8FC021C12049005A5080001958FF3532
:10867000A94319501A60474B474A5A80022322786F
:10868000134323706378DB09012BFBD001223A4BA3
:108690001A6001231D00B54062692A436261019A94
:1086A000002A18D0102E1FD1E2781343E370009BEC
:1086B000042B0BD818000723A2789A4300F034FE4D
:1086C000030C0E10120005231343A3702D4B019AC7
:1086D0001A64ADB2E560F7BD0423F5E70323F3E7C1
:1086E0000223F1E70123EFE738000027002100F023
:1086F000E7FC254B22499C461B68BA00BB421DD1B2
:108700006046013303601F4B8D5001999950072E2D
:1087100019DD32000123083A9200072090401749E2
:108720009B005B1899698143996100990429D0D80D
:10873000080000F0F9FD0B1215181B008858A8421C
:10874000E1D00137D9E70023B200E6E705219869B7
:1087500091400A0002439A61BBE704219869F7E758
:1087600003219869F4E702219869F1E701219869EA
:10877000EEE7C04620F00000342900200018004039
:10878000F0280020AC2800203829002004E100E077
:1087900000E100E0000C0040054000001823162214
:1087A0004343194870B5C0188256531C0ED0174B5E
:1087B000102A0CD107209978814399700120002359
:1087C000134C90402168134A994208D170BD012191
:1087D000914088B29860586988435861EEE79D00DF
:1087E000AE5886420AD00133EEE75568013320C205
:1087F000456820C09942F8D82160E7E70648521939
:1088000040190139F6E7C04620F00000001800408A
:1088100038290020F0280020AC28002070B5002462
:10882000094D0A4B1B68A34200D870BD084E2A6848
:1088300033691A4205D0074BA200D35898472B68DA
:10884000336101340435ECE7F0280020382900209A
:1088500000180040AC280020054B10B51B6C002B05
:1088600000D098470123034AD1780B43D37010BD41
:10887000AC28002000180040FEE7FEE7034B10B5CF
:108880001B68002B00D0984710BDC0463C29002033
:108890000F4A1048110010B50F4B824202D093428C
:1088A00009D11300824209D100F0AEF800F082F83D
:1088B000FEE710CB10C18142FBD3F3E7074A8B429E
:1088C000F2D00021064B9A42EED202C2FBE7C0462C
:1088D00000000020400400208CF70000400400202D
:1088E0007429002010B500F062F8002801D100F0D2
:1088F00053F810BD014B18607047C0463C2900205A
:10890000014B18687047C04640290020F7B513484E
:10891000012284461249134C8E68636805689B0ED9
:108920001340019288686268019F920E3A40674640
:108930003F6893420ED1BD420CD186420AD35B19E7
:10894000FA254868AD00861B07486B437043000D4D
:10895000C018FEBD3D0013000600E3E740290020DB
:1089600010E000E000ED00E05555000070B5041E79
:1089700011D0FFF7CBFFFA260500B60000F016F87D
:10898000FFF7C4FF401BB042F8D3FA23013C9B0021
:10899000ED18002CF4D170BD10B5034A13680133F3
:1089A000136000F0F9FB10BD402900207047002043
:1089B0007047704710B500F0D7F803F09DFCFFF743
:1089C000F8FF0120FFF7D2FF094C2000FEF77AFEE6
:1089D0002000FEF7EFFEF9F7CFFDF8F749FDFFF7AE
:1089E000E5FF044B002BF8D000E000BFF5E7C046E0
:1089F000F02200200000000010B503F0ABFC10BD19
:108A000010B503F0B1FC10BD1E2270B546484749B1
:108A1000436893431C3A1343436008238C69234300
:108A20008B61434C434B9C829C8A14439C82DC6840
:108A30001442FCD00124404A14701578254203D01A
:108A400055786DB2002DF8DB01249460547864B23F
:108A5000002CFBDB394C5460547864B2002CFBDBF7
:108A60008224E4015480547864B2002CFBDB02249D
:108A70009C840E34DD682542FCD0314CDC6210242D
:108A8000DD682542FCD09D8C2E4C2C439C84102408
:108A9000DD682542FCD002249D8C80262C439C84DA
:108AA0004024DD683542FCD0DD682542F9D0102431
:108AB000DD682542FCD000249460547864B2002C18
:108AC000FBDB214C5460547864B2002CFBDB1C6A45
:108AD0001E4D2C4080251C621C6AAC431C62032383
:108AE00093601B4B536053785BB2002BFBDB00237E
:108AF000FF240B72174A4B728B72CB72164B1A60A3
:108B0000164B174A1B6811689A065B01C90E234071
:108B1000520F12020B431343124A138580234268FB
:108B20001343436070BDC046004000410004004054
:108B30000C06000000080040000C00400105010088
:108B4000B905FF7D040A000000070300FFFCFFFFDA
:108B500003060100006CDC02940300202460800006
:108B60002060800000400042FA212E4B10B51868AA
:108B7000890000F0E3FB802301385B0498424FD268
:108B800029492A4A4860C020136A00061B021B0AB2
:108B90000343136200238B6007330B608021136A49
:108BA00009061B021B0A0B431362FC22204B196AA5
:108BB0000A431A62FF22196A12020A431A62A022A9
:108BC000196AD2020A431A621A4B1C005A7852B22E
:108BD000002AFBDB184A5A80184B1A00597EC90933
:108BE0000129FBD0C821890099800521D970537EC5
:108BF000DB09012BFBD0C02300205B0113619070C7
:108C000000F048F863785BB2002BFBDB0C4B0D4A9D
:108C10006380D379DB09012BFBD04123537010BD56
:108C2000FEE7C0469403002010E000E000ED00E005
:108C300000040040000C00401E40000000400042C4
:108C400021400000004800420F4B302218600F49BD
:108C50000F4B0A2809DD988890439880243A0A60CF
:108C60005A7ED209012AFBD07047082806DD988871
:108C70009043202202439A800A22F0E79888024318
:108C80009A800822EBE7C0469C030020980300204E
:108C9000004000421F4900B50B004A7ED209012A5C
:108CA000FBD001380A282FD800F03EFB1B2E2E2EB9
:108CB0002E2E062E2E2411001A6917490A400F2164
:108CC0001A615A788A43110001220A4310E01A6996
:108CD00011490A400F211A615A788A431100032270
:108CE000F3E71A690C490A400F211A615A788A433E
:108CF0005A7000BD1A6908490A400F211A615A7852
:108D00008A4311000222E0E7F022196912050A43A2
:108D1000F3E7C04600400042FFFFFFF010B504003B
:108D2000062861D0072861D0052800D80E3401211B
:108D3000200000F0C5F90E2C0DD12F4B1900DA7967
:108D4000D209012AFBD002201A7882431A70CB790B
:108D5000DB09012BFBD029490B004A7ED209012AED
:108D6000FBD018206043264C0A692418207C1F245D
:108D70002040A24302430A615A7ED209012AFBD055
:108D8000022219780A431A705A7ED209012AFBD0AE
:108D90000222197B0A431A731A7ED207FCD50122DC
:108DA0001A765A7ED209012AFBD00222197B0A4385
:108DB0001A731A7ED207FCD5588B80B25A7ED2091C
:108DC000012AFBD002211A788A431A705A7ED209EE
:108DD000012AFBD00B4B1A680B4B1B689A4202D03E
:108DE00006D9D31AD84010BD2C24A0E72D249EE725
:108DF0009B1A9840F7E7C0460048004200400042F6
:108E000020F00000980300209C0300201823434317
:108E1000F0B5684A0E009B18D968040085B08A072F
:108E200018D50E2816D1644A1300D179C909012931
:108E3000FBD0B605B60D1681DA79D209012AFBD02E
:108E4000022219780A431A70DA79D209012AFBD072
:108E500005B0F0BD0825594F294200D194E03A6889
:108E6000102A02D044D9103AD64012255D5FCB06B5
:108E700042D50421200000F023F92F12504BBA00F4
:108E8000D458504BEDB2DA5D002A5CD10132DA558C
:108E900068460F324C4903F071FA6A467B009B5AD0
:108EA0008022D2011A43494B5A805A78D209012AAA
:108EB000FBD00222974223D9238893432380E37B6C
:108EC000DB09FCD12288403313432380E37BDB0999
:108ED000FCD10C35B6B26D002E53E37BDB09FCD11F
:108EE0002288023313432380E37BDB09FCD1AFE705
:108EF0001020821A9640B8E78B06A9D50521B9E75C
:108F000023689343324A23601300A1681142FCD1C5
:108F10000222E16B0A43E263A2681A42FCD11035D7
:108F2000AD0065196E60A2681A42FCD1294A22641C
:108F3000A2681A42FCD1022221680A432260A26878
:108F40001A42FCD184E7022F07D90C35B6B26D0066
:108F50002E53E37BDB09FCD17AE7022362791343CA
:108F600063711B4B1A00A1681942FCD11C35AD007E
:108F70002E51A3681342FCD1022321790B432371A4
:108F8000A3681342FCD163E70121200000F024F81C
:108F90003B68082B02D009D9083BDE4000217F2E18
:108FA00000D90121200000F047F851E7EB1A9E405C
:108FB000F4E7C04620F0000000480042A003002073
:108FC000F8020020442900205CF50000000C00405D
:108FD000FF0F7F00FFFF0000182310B5082458433F
:108FE000134A13181C57013412D001245B688256AF
:108FF0009C4003290CD808000E49D2015218D318FE
:10900000403300F091F90210060B022119705460F0
:1090100010BD0621197054609461F9E7062119709A
:1090200054605461F4E7422119709460F0E7C0463F
:1090300020F00000004400411823F0B508245843F4
:10904000114A13181C5701341BD0012635005F68E4
:109050008356BD400D4ADB019A18906805420BD13A
:109060000C00601E8441D21940321078344003361F
:10907000A400B04320431070044A9B18002901D17A
:109080005D61F0BD9D61FCE720F0000000440041FF
:10909000182310B50824434307490020CA18145761
:1090A000013408D05B560549DB015B18186A536828
:1090B000D8400123184010BD20F0000000440041BA
:1090C000182370B5082643432A4AD518AE573400F2
:1090D000013607D0072907DC00291DDA01314C428F
:1090E0004C416442200070BD0B00083BDBB2002401
:1090F000032BF7D8092903D12100FFF76DFFF1E712
:109100000A2904D10839FFF767FF0024EAE70024A1
:109110000B29E7D10A39F0E76C68012520009B563E
:10912000C9B262082840DB012C4211D012480E352A
:109130001B189A1830321078090128400143C9B22F
:10914000117041221B19403319780A431A70DCE769
:109150000F26094D5B199A18303215781B19B54343
:109160002943117041224033197804000A431A70D0
:10917000B8E7C04620F0000000440041014B1860F1
:109180007047C046A40300200122024B52421A60DD
:109190007047C046A4030020164A10B51368591C36
:1091A00027D0013B1360002B23D172B68122124BD2
:1091B00092000433934213D3104A01211000147D0E
:1091C0000C42FCD02021148BFF319B085B00214313
:1091D0001183D3610A4B13800123027D1A42FCD014
:1091E000BFF34F8F074B084ADA60BFF34F8FC0467B
:1091F000FDE710BDA4030020000000000040004176
:1092000002A5FFFF00ED00E00400FA0570B50E00B6
:1092100000254468002C0BD02368310020005B68D7
:109220009847002802DBE4682D18F3E701256D421A
:10923000280070BD70B50D004468002C08D023686C
:10924000290020009B689847002802D1E468F4E7D1
:10925000200070BD70B50D004468002C08D0236854
:10926000290020001B689847002802D1E468F4E731
:10927000200070BD064A0123116810B50C00054896
:109280001C40194203D1044944600180136010BDA1
:109290004C290020502900200204000070B5040071
:1092A000012320CC00212A782000134380222B7038
:1092B000520003F06CF8AB78DB07FCD4AB789B076B
:1092C000F9D46C6270BD00001F22144B70B51B688E
:1092D000590B9C0C9B0111405B0F22401F2900D1B0
:1092E0001A391F2A00D1023A072B00D1043B1F254F
:1092F00000688E01048D0A492A40214031430185CE
:10930000018D14000A00AA4322430285028D19032D
:10931000044B13400B43038570BDC046246080009E
:109320003FF8FFFFFF8FFFFF02B471464908490075
:10933000095C49008E4402BC7047C04600224308C5
:109340008B4274D303098B425FD3030A8B4244D30D
:10935000030B8B4228D3030C8B420DD3FF2209024F
:1093600012BA030C8B4202D31212090265D0030B0E
:109370008B4219D300E0090AC30B8B4201D3CB0304
:10938000C01A5241830B8B4201D38B03C01A524146
:10939000430B8B4201D34B03C01A5241030B8B4248
:1093A00001D30B03C01A5241C30A8B4201D3CB0233
:1093B000C01A5241830A8B4201D38B02C01A524118
:1093C000430A8B4201D34B02C01A5241030A8B421B
:1093D00001D30B02C01A5241CDD2C3098B4201D333
:1093E000CB01C01A524183098B4201D38B01C01AB1
:1093F000524143098B4201D34B01C01A5241030928
:109400008B4201D30B01C01A5241C3088B4201D3D6
:10941000CB00C01A524183088B4201D38B00C01A83
:10942000524143088B4201D34B00C01A5241411AAA
:1094300000D20146524110467047FFE701B50020B7
:1094400000F0F0F802BDC0460029F7D076E770477B
:1094500003460B437FD4002243088B4274D3030995
:109460008B425FD3030A8B4244D3030B8B4228D336
:10947000030C8B420DD3FF22090212BA030C8B425C
:1094800002D31212090265D0030B8B4219D300E0FC
:10949000090AC30B8B4201D3CB03C01A5241830B81
:1094A0008B4201D38B03C01A5241430B8B4201D331
:1094B0004B03C01A5241030B8B4201D30B03C01A5A
:1094C0005241C30A8B4201D3CB02C01A5241830AD4
:1094D0008B4201D38B02C01A5241430A8B4201D303
:1094E0004B02C01A5241030A8B4201D30B02C01A2D
:1094F0005241CDD2C3098B4201D3CB01C01A524194
:1095000083098B4201D38B01C01A524143098B421C
:1095100001D34B01C01A524103098B4201D30B0105
:10952000C01A5241C3088B4201D3CB00C01A52412A
:1095300083088B4201D38B00C01A524143088B42EF
:1095400001D34B00C01A5241411A00D20146524188
:10955000104670475DE0CA0F00D04942031000D3A7
:109560004042534000229C4603098B422DD3030AFC
:109570008B4212D3FC22890112BA030A8B420CD30C
:10958000890192118B4208D3890192118B4204D335
:1095900089013AD0921100E08909C3098B4201D3B5
:1095A000CB01C01A524183098B4201D38B01C01AEF
:1095B000524143098B4201D34B01C01A5241030966
:1095C0008B4201D30B01C01A5241C3088B4201D315
:1095D000CB00C01A524183088B4201D38B00C01AC2
:1095E0005241D9D243088B4201D34B00C01A524199
:1095F000411A00D20146634652415B10104601D326
:109600004042002B00D54942704763465B1000D3AF
:10961000404201B5002000F005F802BD0029F8D055
:1096200016E770477047C0468446101C62468C4659
:10963000191C634600E0C0461FB501F091FE0028EA
:1096400001D40021C8421FBD10B501F0DBFD40422E
:10965000013010BD10B501F083FE002801DB0020B1
:1096600010BD012010BDC04610B501F079FE0028E4
:1096700001DD002010BD012010BDC04610B501F075
:10968000FDFD002801DC002010BD012010BDC046FA
:1096900010B501F0F3FD002801DA002010BD012013
:1096A00010BDC046002B11D1002A0FD1002900D1D6
:1096B000002802D00021C943081C07B4024802A1B7
:1096C0004018029003BDC0465DFFFFFF03B468462B
:1096D00001B5029800F04CF8019B9E4602B00CBC0C
:1096E0007047C046F0B515042D0C0F0001002E0088
:1096F000C64684460004140C000C090C46434D4336
:10970000604361434019340C241800B5A54203D9C5
:109710008020400280464144250C6D186146594323
:109720007A43300449192404000C2018891804BC19
:109730009046F0BD70B500220C4B04000D00FFF701
:10974000A7FF002804D12000290002F077FC70BD9B
:10975000064B00222000290002F0DEF802F06EFC29
:1097600080231B069C466044F1E7C0460000E041B0
:10977000F0B557464E464546DE46E0B504000D00BE
:109780009246994683B08B4230D82DD049465046F8
:1097900002F078FD29000600200002F073FD331A64
:1097A0009846203B9B4633D45A4653469340424604
:1097B0001F00534693401E00AF423AD8AF4200D13B
:1097C00078E05B46A41BBD41002B00DA75E0002267
:1097D00000230092019301235A46934001930123F1
:1097E00042469340009328E08242CFD900220023D2
:1097F000009201930C9B002B01D01C605D600098CF
:10980000019903B03CBC90469946A246AB46F0BDD8
:10981000424620239B1A5246DA40414613004A46EC
:109820008A40170042461F43534693401E00AF42F2
:10983000C4D900220023009201934346002BD9D0C3
:10984000FB0772081A4346467B080EE0AB4201D183
:10985000A2420CD8A41A9D41012024196D41002177
:10986000013E24184D41002E06D0AB42EED9013EF8
:1098700024196D41002EF8D1009801995B4600191A
:109880006941002B24DB2B005A464446D3402A0072
:10989000E2401C005B461500002B2ADB26009E40A0
:1098A000330026004746BE403200801A994100909E
:1098B00001919FE7A342BCD883E7424620230021C1
:1098C0009B1A0022009101920122DA40019286E760
:1098D000424620239B1A2A0046469A402300F34022
:1098E000444613432A00E2401C005B461500002B4F
:1098F000D4DA42462F002023260097409B1ADE40F0
:109900003B003343CDE7C046F0B54646D6464F460A
:109910004D024202C0B5520A6E0A4700B0463F0EE1
:109920004E00C40FD00094463B008246360EC90F4D
:10993000AD098C426DD0B81B814600284DDD002E4C
:1099400000D188E0FF2F5AD08023DB041D434B4613
:1099500001221B2B0ADC2B004A464946D340202219
:10996000521A95402A00551EAA411A4353469A1A84
:10997000530100D4B9E092019609300002F064FC72
:1099800005388640874200DDD4E03300C71B202025
:109990000137FB40C71BBE403200561EB2410027B4
:1099A0001A43530704D00F231340042B00D0043272
:1099B000530100D49CE07B1CFE2F00D19AE0920161
:1099C000520A9446DBB2D8056346E40718432043A5
:1099D0001CBC90469946A246F0BD002849D0F31B16
:1099E000002F00D0B6E05246002A60D0013B002B89
:1099F00000D1FCE0FF2E00D0B4E00C004246002A6B
:109A000078D08020C00310434202530A9C46FF23B3
:109A1000D9E7B91B002971DD002E3FD0FF2FEED012
:109A20008023DB041D4301221B2907DC2A0020239D
:109A3000CA40591A8D406B1E9D412A43524453011E
:109A400053D50137FF2F55D001237B4913405208CE
:109A50000A401A43A5E7002D2CD001235B429C4607
:109A6000E1444B46002B00D1ADE0FF2F00D06EE764
:109A7000C5E7FE207E1C304260D1002F00D093E06D
:109A80005246002A00D1B6E0002D9CD0521B500156
:109A900000D4C3E053460C00EA1A82E7002D09D037
:109AA0000139002900D18BE0FF2FBCD1A7E70C00C2
:109AB00042463700FF2FA2D05202530A9C46FBB207
:109AC00081E7FE210137394265D1002B7ED1002884
:109AD00000D1AAE0002D00D175E72A0052440027EA
:109AE000530102D5554B01371A40530700D05AE7AE
:109AF000D208DFE70022FF23944664E70029E0D084
:109B0000F31B002F3ED0FF2E00D177E7802201000B
:109B1000D20411438A4601221B2B08DC5246202125
:109B20005046DA40CB1A9840431E98410243370012
:109B3000521984E7414A3F1A324032E753465E1BCE
:109B400073012DD4002E00D017E70022002400233B
:109B5000944638E7FF2E00D14FE780225046D204CA
:109B60001043824601221B2B08DC5246202450461B
:109B7000DA40E31A9840431E984102430C00370034
:109B8000AA1AF5E6002893D0013B002B4FD0FF2EF8
:109B9000C1D1424633E7FF2FACD055446A08A4E751
:109BA00053460C00EE1AE8E65346002B28D1002D50
:109BB00000D022E78023DB039C460024FF2302E73A
:109BC0002A0052443BE753465A1BD1E6002800D1F5
:109BD00014E7002D00D112E78023DB031A4200D1E5
:109BE0000DE74146194200D009E7424607E70C005D
:109BF0003700AA1ABCE6002D13D00C00C446E2E6DA
:109C0000002D00D1FBE68023DB031A4200D1F6E6EB
:109C10004046184200D0F2E60C00EFE6002A00D0E1
:109C200063E7002200249446CDE6C446CBE62A0032
:109C30003700524403E7C046FFFFFF7DFFFFFFFBF5
:109C4000F0B54F464646D6464502C0B547000C1C07
:109C50006D0A3F0EC60F002F66D0FF2F6CD0002379
:109C6000EA00802599469A46ED0415437F3F60023D
:109C70006100430A9846090EE40F002948D0FF29E5
:109C800010D08022D800D2040243904600207F39B1
:109C90004A4633007F1A02436C4992008A58634057
:109CA000DBB29746002B6DD10220FF3F33E000234B
:109CB00098462600454682465346022B00D17FE057
:109CC000032B00D194E0012B17D038007F300028FF
:109CD0005FDD6B0704D00F232B40042B00D004352D
:109CE0002B0103D538005A4B80301D40FE2867DC1D
:109CF000AD016D0AC0B202E01E0000200025C005C3
:109D00002843F60730431CBC90469946A246F0BD56
:109D1000002B2BD101204A4633004E4902439200CA
:109D20008A586340DBB29746002D13D1042399462D
:109D3000033B00279A469AE7002D05D10823994650
:109D4000063BFF279A4692E70C239946093BFF27DB
:109D50009A468CE7280002F077FA7627431F9D4049
:109D600000237F4299469A463F1A80E7180002F086
:109D70006BFA4246431F76219A404942091A90469F
:109D8000002085E7FF21032082E71E00FF20002539
:109D9000B5E701231B1A1B2BAFDC9E372900BD4002
:109DA000D9406A1E95410D436B0704D00F232B4009
:109DB000042B00D004356B0144D5012000259EE71B
:109DC000FF2000259BE780250026FF20ED0396E776
:109DD000002398468020C003054209D04346034231
:109DE00006D1454605436D022600FF206D0A86E731
:109DF0008020C00305436D02FF206D0A7FE74146C6
:109E00006A014801824219D21B210025013F012627
:109E100014006D005200002C01DB904201D8121A90
:109E2000354301390029F3D1501E824138007F307B
:109E30001E001543002800DD4BE7AAE71A21012583
:109E4000121AE4E7AD0100206D0A58E76CF5000036
:109E5000FFFFFFF7ACF50000F8B557464E46454604
:109E6000DE464402E0B545000F1C640A2D0EC60F05
:109E7000002D47D0FF2D4DD0002380209A469B46D1
:109E8000E400C00404437F3D7802430A99467A0007
:109E9000FB0F9846120E4B4644D0FF2A11D0D80033
:109EA0008023DB040343994600207F3AAD184746E0
:109EB00053467740691C0F2B3FD8724A9B00D358FA
:109EC0009F46FF35002B00D079E0524602231A430B
:109ED00092460220EBE747464C4683465B46022B00
:109EE00028D0032B00D1C6E0012B4FD10020002445
:109EF000C005FF07204338433CBC90469946A24624
:109F0000AB46F8BD002C71D104239A46033B0025D3
:109F10009B46B9E7002C63D108239A46063BFF25F0
:109F20009B46B1E7002B50D1524601331A4392466B
:109F30000120BCE7FF200024DAE74846260C240471
:109F4000220C0404240C4B4620001B0C5043744389
:109F50005A435E431219030C9B189C4203D980227A
:109F600052029446664400041A04000C121894012C
:109F7000601E84411B0C920E9B1914439B011C43D1
:109F80001B0172D50120630804401C4308007F3088
:109F900000283CDD630704D00F232340042B00D0AE
:109FA0000434230103D580310800374B1C40FE28C0
:109FB000C0DCA401640AC0B29AE737008EE75246BB
:109FC00003231A439246032071E7484602F03CF906
:109FD0004A46431F9A402D1A91460020763D66E777
:109FE0000C239A46093BFF259B464DE7200002F0D3
:109FF0002BF97625431F9C4000236D429A469B46D1
:10A000002D1A41E780240027FF20E40370E7012395
:10A010001B1A1B2B00DD69E79E3120008C40D840C5
:10A02000631E9C410443630704D00F232340042B89
:10A0300000D0043463011AD50120002458E78020A1
:10A04000C003044209D04B46034206D14C460443A8
:10A0500064024746FF20640A4AE78020C0030443A5
:10A0600064023700FF20640A42E729008EE7A4015A
:10A070000020640A3CE78020C00304436402FF2000
:10A08000640A35E7ECF50000FFFFFFF7F0B5464640
:10A09000D6464F4643025B0ADA0094464A02C0B5F0
:10A0A0004400560A051CB046240E4E0092091F00BB
:10A0B00020009246ED0F360EC90FFF2E00D17FE033
:10A0C000012251408D4251D0A21B9146002A00DC52
:10A0D0007EE0002E00D199E0FF2C00D18CE080239F
:10A0E0005246DB041A4392464A4601231B2A08DCE7
:10A0F00053462021D340891A52468A40511E8A4134
:10A1000013436246D31A5A0100D4F3E09B019E091F
:10A11000300002F099F805388640844200DDF7E00F
:10A120003200041B20200134E240041BA64033000F
:10A130005E1EB341002413435A0704D00F221A4075
:10A14000042A00D004335A0100D4D6E0621CFE2C4D
:10A1500000D1DAE09B015F0AD0B2C0053843ED07B9
:10A1600028431CBC90469946A246F0BDA21B9146CE
:10A17000002A63DD002E00D199E0FF2C3CD0802323
:10A180005246DB041A4392464A4601231B2A08DC46
:10A1900053462021D340891A52468A40511E8A4193
:10A1A000134363445A0100D4A4E00134FF2C00D1CE
:10A1B000ABE0012297491A405B080B401343BBE711
:10A1C000002A32D08D4235D0FF2252429146A1441E
:10A1D0004A46002A51D0301B002C00D09CE0634638
:10A1E000002B00D1DFE00138002800D1F7E0FF2E7E
:10A1F00000D099E00D004346002B00D185E0802778
:10A20000FF031F437F02FF207F0AA6E75246002A72
:10A2100074D0012252429046C1444A46002A00D1DD
:10A22000C8E0FF2C00D05FE7E6E701225140A942D9
:10A2300000D049E7FF2252429146A1444A46002AF3
:10A2400043D0311B002C00D18CE0FF2E00D192E0D6
:10A2500080236246DB041A43944601231B2909DC50
:10A26000202063466246CB40411A8A401100481EB6
:10A2700081410B433400534494E7FE22661C324272
:10A2800064D1002C00D082E06346002B00D1ABE00B
:10A290005346002B00D160E7634652469B1A5A0191
:10A2A00000D4AAE0634652460D00D31A44E7524652
:10A2B000002A23D0012252429046C1444A46002A35
:10A2C00075D0FF2C00D05FE796E7FE2601342642CA
:10A2D00053D1002872D16346002B00D193E053463E
:10A2E000002B00D139E7634400245A0102D54A4AC1
:10A2F000013413405A0700D020E7DB08FF2C00D1BF
:10A300007AE75B025F0AE0B227E7FF20002724E735
:10A31000414B241A33400FE7FF2E00D16AE7802318
:10A320006246DB041A43944601231B2809DC2024DF
:10A3300063466246C340201A82401000441EA0417A
:10A34000034352460D003400D31ADCE663465246FE
:10A350009E1A730117D4002E00D0D9E600250020E4
:10A360000027FAE66346002B44D0013900294CD07F
:10A37000FF2E00D071E743463EE7FF2CC5D0524682
:10A3800062445308B6E763460D00D61AC0E662463B
:10A39000002A16D15346002B00D02BE7802700253A
:10A3A000FF20FF03D9E60D0043463400A6E75346DD
:10A3B0006344F7E6634652469B1AA4E66246002AC7
:10A3C000D9D05246002A00D116E78022D203134288
:10A3D00000D111E74046104200D00DE70AE752468F
:10A3E0000D003400D31A8EE65346002B08D00D0022
:10A3F0004746B2E64346340080E7002B00D079E7B9
:10A4000000250027A9E64746A7E6534634006344E3
:10A41000C8E6C046FFFFFF7DFFFFFFFB4102420091
:10A42000C30F490A0020120E7E2A03D99D2A02D9A1
:10A43000094A98187047802000040143952A07DCD8
:10A440009620821AD1404842002BF3D10800F1E750
:10A45000963A9140F7E7C046FFFFFF7F70B50028AE
:10A4600013D0C317C5185D40C40F280001F0ECFEDF
:10A470009E2301001B1A962B0FDC082801DD0839EA
:10A480008D406D026D0AD8B202E000240020002544
:10A49000C0052843E407204370BD992B0BDD05223E
:10A4A0002E00121AD64002001B3295402800451E8D
:10A4B000A84135000543052901DD4A1F95402A00C2
:10A4C000084E3240680709D00F202840042805D0E4
:10A4D0000432500102D59F2332405B1A9201550A83
:10A4E000D8B2D5E7FFFFFFFB70B5051E0ED001F017
:10A4F000ABFE9E2304001B1A962B0CDC082801DD02
:10A50000083CA5406D026D0AD8B201E0002000258C
:10A51000C005284370BD992B09DD020029001B32BC
:10A5200091404A1E91410522121AD5400D43052C37
:10A5300001DD621F95402900084E31406A0709D0AD
:10A540000F202840042805D004314A0102D59F235A
:10A5500031401B1B89014D0AD8B2D9E7FFFFFFFB31
:10A56000F0B54F46D64646460D0001001800C0B56E
:10A5700017002B035A0A4B0F1343CA0091460203DC
:10A580006E004100520AEC0F7D0F1543760D490D08
:10A59000C00F8246AC46FF00721A844200D198E098
:10A5A000002A00DC81E0002900D1B6E0C9498E42D2
:10A5B00000D172E180212800090408438446382A2A
:10A5C00000DD5EE11F2A00DDEEE120203900654656
:10A5D000801A8740D14085400D4339004F1EB94154
:10A5E0006746D7402943DB1B4A46551AA94589418E
:10A5F00049425B1A984643461B0200D4CCE04346CE
:10A600005B025B0A98464346002B00D12CE1404692
:10A6100001F01AFE01000839202228004346521A90
:10A620008B40D0408D4003438E4200DD17E18E1BEE
:10A63000721C1F2A00DDA7E1202118002E00891AB4
:10A640008D408840D640D340691E8D4130439846A6
:10A65000002605436B0709D00F232B40042B05D0A0
:10A660002B1DAB42AD416D42A8441D0043461B0269
:10A6700000D494E0974B721C9A4200D19DE0414671
:10A68000954BED0819400B00520549075B02294321
:10A690001B0B520D12051343E40723430800190056
:10A6A0001CBC90469946A246F0BD002A43D08A1BA6
:10A6B000002E00D02AE14C461C4300D1D1E1541EAB
:10A6C000012A00D11FE2834DAA4200D172E222008A
:10A6D00023E1002A00DC98E0002942D07D498E4227
:10A6E00000D1DAE080212800090408438446382A92
:10A6F00000DD29E11F2A00DC87E1110065462039D1
:10A70000CD40202A04D040206146821A91400F4358
:10A7100039004F1EB9410D431BE12900394300D1D7
:10A72000B5E0511E012A00D1ABE16A48824200D156
:10A73000B2E10A0043E76949751C0D4200D0CFE041
:10A74000002E00D093E14946194300D1D1E1614682
:10A75000394300D0E3E149465807C9080143DB0803
:10A7600026E02900394300D191E0511E012A05D08D
:10A770005848824200D18FE10A00B8E73D004D44BD
:10A780004D458941634498464942884443460226E0
:10A790001B0200D5EBE0013E6B0700D05CE74346AF
:10A7A000E9085A0711433200DB084A48824221D0A7
:10A7B0001B0352051B0B520D6CE70023002169E7B8
:10A7C0002A003A4369D04A465807D108DA0880235C
:10A7D0001B0308431A4207D02900ED081D4203D18C
:10A7E0002A00FF0848073843430FC1005B07C90828
:10A7F000194313000A001A4300D113E28022120306
:10A8000013431B03334A1B0B44E7002A4BD08A1B1C
:10A81000002E00D1E7E02F48814200D195E1802051
:10A8200000040343382A00DD43E11F2A00DDDBE199
:10A8300020201D004E46801A8540D64035434E46A6
:10A8400086403000D340461EB0419C440543ED197C
:10A85000BD429B415B42634498460E007FE01E4A26
:10A86000761A13409846F5E6280001F0EDFC010049
:10A8700018311F2900DCCFE62B0008388340002563
:10A88000D2E662463A4311004F1EB941ACE6494652
:10A890005807C9080143DB0887E749465A07C90832
:10A8A0001143DB08A6E70D49701C084200D0BBE04D
:10A8B000002E00D014E14946194300D175E129006A
:10A8C000394300D07EE149465807C9080143DB08F7
:10A8D0006EE7C046FF070000FFFF7FFFFE07000096
:10A8E0004946CD1B6146581AA945894149428846C7
:10A8F00001004046091A8846090200D5A6E04146F3
:10A90000294300D07FE60023002451E7C74CA14231
:10A9100000D1C7E0802424042343382A54DC1F2AB2
:10A9200000DDCCE020244846A41A1D004E46A0407D
:10A93000D640A5400400D34062463543661EB4416C
:10A94000D31A9C46254344E062463A4315006F1EE5
:10A95000BD414D444D45894149428846984443464E
:10A960001B0200D418E7B14B01369E4249D0424643
:10A97000AF4B01211A4013006A080D401543D90757
:10A980005B0898460D4365E618001F3EF040202AFC
:10A9900003D040218A1A93401D43691E8D41002334
:10A9A000002698460543F7E6110065462039CD405C
:10A9B000202A04D040206146821A91400F4339007A
:10A9C0004F1EB94129430FE64A4613431D006B1E33
:10A9D0009D417D1BAF429B4162465B42D31A984624
:10A9E00054460E0007E64846184300D1B3E0501E17
:10A9F000012A00D10DE18D4DAA4200D1A5E002004F
:10AA000010E732000023002144E620213800891A93
:10AA100065468F408D40D040791E8F4105433D43B0
:10AA20006746D740DB1994E7804A904200D1ECE0BA
:10AA30003900494449459241634452429B18DD071D
:10AA400049085B08984606000D43A5E64A46BD1A2C
:10AA5000AF42894162464942D31A5B1A984654462E
:10AA6000D1E56C07F9082143EB0804009DE64A464E
:10AA70001A4375D16146394314D1802300241B0346
:10AA8000BCE64A46D51BA9458941624649429B1A04
:10AA90005B1A98460126AEE54A46D1085A0711438B
:10AAA000DB08A7E66346F9085A0754461143DB085A
:10AAB000A0E64A4613431D006B1E9D41C7E61400E5
:10AAC0001E00203CE640202A05D04024A21A9340D4
:10AAD0004A461A4391464D466B1E9D41354378E7E1
:10AAE0004A461A4300D06BE66B07F9081943EB0896
:10AAF00080E66146394354D06346F9085C07214338
:10AB0000DB08040054E64A46BD1AAF42894162465A
:10AB10004942D31A5B1A9846040001266BE54A465F
:10AB2000D51BA9458941624649429A1A521A904654
:10AB3000120232D54A46BD1AAF42894162464942A5
:10AB4000D31A5B1A9846040084E56346F9085A074D
:10AB50001143DB084EE6F90868070143EB0824E6D9
:10AB600062463A4300D198E64A46D1085A07114353
:10AB7000DA0880231B031A4208D06046C5081D422C
:10AB800004D154462A00F908430719434B0FC90062
:10AB90005B07C908194313002CE64146294300D03E
:10ABA000FAE500230A00002402E66B07F9081943BE
:10ABB000EB08FDE56346F9085B07194363460400AB
:10ABC000DB0817E63D004D4463444D4589419846F6
:10ABD0004942884443461B0200D4DDE54246144BFB
:10ABE00001261A409046D7E510001E002038C640C6
:10ABF000202A05D04020821A93404A461A439146A3
:10AC00004D466B1E9D41354321E602000023002185
:10AC100040E54A46D519BD428941634498464942B8
:10AC20008844B3E50021014A0B0033E5FF0700002B
:10AC3000FFFF7FFFF0B557464E464546DE46E0B57E
:10AC4000814605000C03480092461F0085B0240B86
:10AC5000400DCE0F002859D0874B984200D198E084
:10AC60006B0FE4001C4380231B0423439846834B53
:10AC7000ED009B4600239946834400933C037B00F0
:10AC80005046240B5B0DFF0F002B67D07A4A93428E
:10AC900018D07A49420F8C46E4005946144380226A
:10ACA00063441204CB1A14439B46C20000203300B5
:10ACB0007B409A464B460F2B00D9EFE070499B0032
:10ACC000CB589F466F4B52469C462243E344002A92
:10ACD00000D095E04946022319438946002402200A
:10ACE000E5E700230024002552461B052343D20735
:10ACF00013432800190005B03CBC90469946A24673
:10AD0000AB46F0BD002400255B4BEDE74B462343EB
:10AD1000984600D189E0002C00D1E0E1200001F04C
:10AD200093FA010002000B391D235B1A49461000FB
:10AD3000D940083884400B004D462343984685404F
:10AD400051483C03831A9B460023994600937B009D
:10AD50005046240B5B0DFF0F002B97D15246224328
:10AD600055D0002C00D1CAE1200001F06DFA02009C
:10AD70000B3A1D2301009B1A52460839DA408C40D9
:10AD8000144352468A40414B58449B46834400201A
:10AD90008DE74B462343984640D108239946063B0E
:10ADA00000258346009369E7B246009B022BA9D099
:10ADB000032B00D111E2012B93D0354A5A44002ACB
:10ADC00000DC3CE16B0700D0A7E1ED084346DB0166
:10ADD00006D542462F4B1A4090468022D2005A4454
:10ADE0002D4B9A428EDC4346520558075C020543C0
:10ADF000240B530D78E7BA46A04615000090D4E71F
:10AE00004A4603231A439146032052464FE74946D8
:10AE10000123194389460024012048E70C23994661
:10AE2000093BA0468346009328E704239946002364
:10AE30009B4601330025009320E7002380249A4697
:10AE400000250D4B24034FE7802341461B03194285
:10AE500008D01C4206D11C432403BA461500064BF9
:10AE6000240B41E78024434624031C432403B246B9
:10AE7000014B240B38E7C046FF07000001FCFFFF31
:10AE80002CF6000001F8FFFF0DFCFFFFF3030000AC
:10AE9000FF030000FFFFFFFEFE070000444500D255
:10AEA00016E100D111E101235B429C462E00404691
:10AEB0000025E3442302140E1C431B0C9946230473
:10AEC0001F0C1202494600920197FEF7BDFA0200DC
:10AED0007A430B04310C804619438A420BD9012373
:10AEE0005B429C460919E0448C4204D88A4202D94C
:10AEF000831E98460919881A4946FEF7A5FA0904DF
:10AF00008C4631046646019A090C424303003143E2
:10AF10008A4204D90919013B8C4200D811E1891AEF
:10AF20004246009E12041A43330C1F00100C904638
:10AF3000029313043204160C32001B0C5A4303967E
:10AF40007B4346437843170CBC469B1963449E429F
:10AF500003D980267602B44660441E0C30181604CD
:10AF60001B04360C9E19814200D29CE000D197E070
:10AF7000AE1B091AB54280414042081A844200D1F2
:10AF800011E14946FEF760FA019A0B044243310C85
:10AF9000050019438A4207D90919013D8C4203D89B
:10AFA0008A4201D9851E0919881A4946FEF74CFACA
:10AFB00009048C4631046646019A090C4243030099
:10AFC00031438A4207D90919013B8C4203D88A428E
:10AFD00001D9831E0919039E891A32002D041D43CD
:10AFE000029F2B041B0C5A437B439C46280C464370
:10AFF000130CB444634478439E4203D980267602FE
:10B00000B44660441E0C12041B04120C30189B182A
:10B01000814206D302D001231D43CEE6002B00D18E
:10B02000CBE661186E1EA14200D2A4E0814200D29C
:10B03000C9E000D1D9E03500EDE701256D420121DD
:10B04000891A382900DD4CE61F2900DC7FE01F2328
:10B050005B429A1A4346D340202904D04446654AAD
:10B060005A44944025436A1E954107222B431500FC
:10B0700000241D401A4200D1A1E00F2200241A40F2
:10B08000042A00D198E01A1D9A429B415B42E418C1
:10B090001300220200D48FE001230024002523E6C0
:10B0A000B54200D364E743465A1E009B9C46654464
:10B0B0001F009D429B415B421B19C9188C423AD22A
:10B0C000884263D860D0904652E7AA4200D9EAE6A7
:10B0D0004346DE0758086B081E43ED07EAE648467C
:10B0E00001F0B2F801000200153120321C2900DC09
:10B0F0001AE64B46083883400025984620E601F0C2
:10B10000A3F803001A00153220301C2A00DC30E6B8
:10B110005446083B00229C4035E60F232B40042B6D
:10B1200000D152E605235B42AB429B4104355B42B2
:10B13000ED0898444AE68C42C5D1AF42C0D990464A
:10B1400016E78A4200D8EAE6831E0919E7E62A4A8A
:10B1500028005A44434695409340C8406A1E954192
:10B16000444603432B43CC405A0792D00F221A4047
:10B17000042A88D18DE73500814200D04BE7009A40
:10B18000934200D047E718E6AE429CD902235B42C7
:10B190009C46009BE0449C4665449D429B415B422B
:10B1A0001B19C918E4E6154A5A44002A00DC44E792
:10B1B00001230025984409E665076402240BDB0897
:10B1C0001D43002390E5009E023D7200B242BF4144
:10B1D0007F423C1909190092CEE78024434624039C
:10B1E0001C432403064B240B7EE5009A9A42EAD3C3
:10B1F0003500C4E73E0400001E040000FF03000009
:10B20000FF070000F0B54F464646D64694469146A5
:10B210001A03120B184DC0B54C000F0392465A008A
:10B22000060080463F0B0120640DC90F520DDB0F55
:10B23000AC420AD0AA4203D0944201D157450DD066
:10B240001CBC90469946A246F0BD3D003543F7D15F
:10B25000A242F5D1524665462A43F1D10120C845A4
:10B26000EED1994206D0002CEAD13E433000461E72
:10B27000B041E5E70020E3E7FF070000F0B54E46E8
:10B2800045465746DE4604001800E0B516001B038D
:10B290001B0B324D0F034A0099464300A446B046AB
:10B2A0003F0B520DC90F5B0DC00FAA4229D0AB4214
:10B2B00018D0002A2AD13C43A34665426541002BA1
:10B2C00002D14C46264327D0002D15D1814228D0EB
:10B2D00002200139084001383CBC90469946A246FC
:10B2E000AB46F0BD4D462E432FD1002AEED13C4354
:10B2F00065426541002DE9D00028EDD10120404292
:10B30000EAE73D00254320D19342EBD0002BDDD16D
:10B310004C462643DAD1DBE75B460020002BDBD02E
:10B32000D6E79A420ADCE7DB4F45D1D810D000209F
:10B330004F45D1D20029E1D00800CDE74342584122
:10B340000223404218400138C6E702204042C3E7CA
:10B35000C445BDD80020C445BED2EBE7FF070000BE
:10B36000F0B54E4645465746DE4604001800E0B5A7
:10B3700016001B031B0B314D0F034A009946430077
:10B38000A446B0463F0B520DC90F5B0DC00FAA4239
:10B3900011D0AB4214D0002A2FD13C43A3466542C2
:10B3A0006541002B14D14C46264311D15B46002049
:10B3B000002B17D010E03D00254312D193421CD141
:10B3C0004D462E430DD1002A04D13C4365426541D0
:10B3D000002D0DD1814216D00220013908400138DC
:10B3E00000E002203CBC90469946A246AB46F0BD28
:10B3F0000028F7D101204042F4E7002BEAD14C4667
:10B400002643E7D1E8E79A4206DD4342584102234A
:10B41000404218400138E5E79A42E9DB4F45DBD866
:10B4200006D000204F45DDD20029E3D00800D9E73F
:10B43000C445D1D80020C445D4D2F5E7FF070000A9
:10B44000F0B557464E464546DE46E0B598460C03F5
:10B450004B000600924687B0240B5B0DCF0F002BEC
:10B460006CD0DD4A934200D186E0420FE4001443E1
:10B47000802212041443D94AC500944663440093C1
:10B48000002399469B46434642461E03D20F5B006B
:10B4900050469046360B5B0D00D178E0CE4A934281
:10B4A0001DD0CE49420F8C4600996344F6008C466D
:10B4B000164380229C44120463461643C2000020B7
:10B4C00000930099434601318C4649467B400193E5
:10B4D0000F2900D97EE0C24B890059588F46524649
:10B4E000009B324300D056E1BB4900268C466344A2
:10B4F000494600930223194389460220E1E7434667
:10B5000001933400150083465B46022B5ED0032B6B
:10B5100000D1F3E1012B00D018E100220024002526
:10B52000019B12052243DB071A432800110007B0D4
:10B530003CBC90469946A246AB46F0BD250005436B
:10B5400000D141E1002C00D1ADE1200000F07CFEF3
:10B55000010002000B391D2310005B1A3100350079
:10B5600008388440D94085400C439E48831A009394
:10B57000002399469B4686E70500254300D01CE141
:10B58000082200930223002491469B467BE7524603
:10B59000324300D10AE1002E00D176E1300000F004
:10B5A00053FE02000B3A1D2301009B1A5246083934
:10B5B000DA408E40164352468A40009B8949181A49
:10B5C00003008C466344002000937AE700240025A2
:10B5D000814AA5E72F0C2D042D0C2B00110C120411
:10B5E000120C53439846130028007B439946484366
:10B5F0004844834640460B00000C824658467B4335
:10B6000050440293814506D99A4680235B029946AD
:10B61000CA4453460293030C9B4643461B04000452
:10B620001B0C9846030043440493330C99462B00AB
:10B630003604360C7343984633007B439A464B4698
:10B640005D435F4343465544180C4019824503D976
:10B6500080235B029A465744050CEB190593434639
:10B660001D042D0C00044019250C2404240C270073
:10B6700057436A4390462A003B0C9A464A4361432B
:10B68000414451448344884503D980235B02984652
:10B6900042443F040B0C3F0C0904C919270098468B
:10B6A0004B4677435C436E435D433B0C9946A4197C
:10B6B0004C4442440395A64204D980235B02984639
:10B6C00045440395029B3F045B441E008342804136
:10B6D00023049846059B3F0C4744984676188E42B3
:10B6E0008941474440423D18A846934649428A460C
:10B6F000C3449F42BF4180458041039BDA44984642
:10B70000534640427F420743240C934592418A4569
:10B7100089413F19DC0D049B75021D43681E85415C
:10B720005346524249420A43BF184744F60D7F022E
:10B7300035435A023C431543FB0100D4C1E00121CB
:10B740006A080D401543E207154364082649614421
:10B75000002956DD6B0709D00F222A40042A05D0A4
:10B760002A1DAA42AD416D4264191500E30104D5BA
:10B7700080211E4AC900144061441D4A914200DDE7
:10B7800024E76207ED08640249051543240B4A0DBE
:10B79000C6E60197B8E6104A0320944663444A4639
:10B7A000009303231A43914652468AE649460123F1
:10B7B000194389460026012083E60C2200930323C7
:10B7C000050091469B465EE60423994600230093BC
:10B7D000013300249B4656E6FF07000001FCFFFFF3
:10B7E0006CF600000DFCFFFFFF030000FFFFFFFEF3
:10B7F000FE070000002380240025444A019324030F
:10B800008EE60120401A382800DD86E61F285BDD21
:10B810001F2223005242511ACB401900202803D086
:10B820003B4A6244944025436A1E95412A000A43DC
:10B8300007210D000024154011425BD00F21002488
:10B840001140042953D0111D914292415242A41833
:10B850000A0023024BD501220024002560E6802344
:10B860001B031C4209D01E4207D133431C0343462D
:10B870001500240B254A019352E68022120314433B
:10B880002403224A240B01974AE600F0DDFC030062
:10B890001A00153220301C2A00DC84E65646083B8C
:10B8A00000229E4089E600F0CFFC01000200153125
:10B8B00020321C2900DC4EE6340008380025844084
:10B8C00053E6009B9C4641E71249220061442E004A
:10B8D0008D408A40C640691E8D4132432A43C44090
:10B8E0005307B6D00F2111400429ACD1B1E7650749
:10B8F0006402240BD2081543002211E680221203B1
:10B9000014432403014A240B0AE6C046FF07000043
:10B910003E0400001E040000F8B557464E4645465A
:10B92000DE460400E0B51F0010000B03620F4E005E
:10B93000CD0F5B0A39031343490AE200440F214348
:10B94000C24C91469246C0007A008046760D520D58
:10B95000FF0FA24200D1B4E001246740BB46BD42C4
:10B9600000D188E0B41AA446002C00DCB2E0002A22
:10B9700000D1C5E0B54A964200D18BE28022120484
:10B9800011436246382A00DDA1E11F2A00DD16E2DC
:10B9900020270C00BF1ABC400200A0466446B840F5
:10B9A000E240444614430200501E82416046C140BA
:10B9B00022435B1A49468C1AA145924152429B1A76
:10B9C000984643461B0200D417E143465B025B0ADC
:10B9D00098464346002B00D16CE1404600F034FC11
:10B9E0000200083A202120004346891A9340C840AB
:10B9F00094400343964200DD57E1961B711C1F29BA
:10BA000000DDCBE1202218002600521A944090401D
:10BA1000CE40CB40621E94413043984600260443FA
:10BA2000630709D00F232340042B05D0231DA34215
:10BA3000A4416442A0441C0043461B0200D4DFE042
:10BA4000824B01369E4200D1FBE04246804BE40827
:10BA50001A401300710552075B0222431B0B490D6C
:10BA60000905ED071943294310003CBC904699464F
:10BA7000A246AB46F8BDB41AA446002C58DD002AF5
:10BA800000D19EE0714A964200D13BE1802212042F
:10BA900011436246382A00DDC1E01F2A00DCBBE109
:10BAA0000C00203AD44022006446202C04D04027C9
:10BAB0003F1BB940084380464446611E8C411443F5
:10BAC000B1E00C0004432AD0BB46BD422DD0614CEE
:10BAD000A446B4446446002C5CD0941BA446002EBB
:10BAE00000D015E14D461D4300D1C3E1651E012C78
:10BAF00000D10CE2554EB44200D1F8E1AC460EE163
:10BB00000A00024300D136E12200013A012C00D1A3
:10BB1000C6E14E4CA44500D1F4E0944631E701243F
:10BB20006740BB46BD4200D01CE74A4CA446B44423
:10BB30006446002C00D1CFE0941BA446002E00D117
:10BB40005CE1424EB24200D1ECE180263604334340
:10BB50006446382C00DDB3E11F2C00DD38E22026DE
:10BB6000361B1C00B4404F46A0466446E74044469E
:10BB70003C434F46B7403E00771EBE4134436646C5
:10BB8000F340C918241884429B415B429846160032
:10BB900088444EE0304A741C144200D0D6E04A4635
:10BBA0001A43002E00D05BE1002A00D1A5E10A0073
:10BBB000024300D0BBE14A465907D2080A43DB08DA
:10BBC00027E00A00024300D174E12200013A012C6F
:10BBD00005D01E4CA44500D194E0944659E7484452
:10BBE000484592415B1898460400524290444346AF
:10BBF00002261B0200D5C4E0013E630700D011E716
:10BC00004346B4465907E2080A43DB080F498C450E
:10BC100040D061461B0349051B0B490D20E701433A
:10BC20000C00611E8C414C444C459241524290465E
:10BC3000984443461B02E0D5044B01369E4200D097
:10BC40009FE03100002300220AE7C046FF07000002
:10BC5000FFFF7FFF01F8FFFFFE070000002A00D171
:10BC600060E10A0002434DD04A465C07D2082243F5
:10BC70008024DB082403234207D0CE08264204D1C7
:10BC80005D463300C20849070A43510FD200D2086B
:10BC900049070A431100194300D1C8E18021090373
:10BCA0000B431B03D5491B0BDAE6D549B61A0B40EB
:10BCB0009846B5E6200000F0C7FA020018321F2AA5
:10BCC00000DC8FE6230008388340002492E6084316
:10BCD0000200501E82416DE6CA4C721C224200D006
:10BCE000ADE04A461A43002EB8D1002A00D158E1EF
:10BCF0000A00024300D059E14A465907D2080A43D4
:10BD0000DB0886E74A465907D2080A43DB08C1E741
:10BD1000BA4DAA4200D11EE180252D042B43644672
:10BD2000382C5DDC1F2C00DDD0E0202567462D1B64
:10BD30004E461C00FE40AC4034434E46AE403500FB
:10BD4000FB406E1EB541C91A2C434EE04A46141AF8
:10BD5000A1459241524290465F1A3A004746D21B93
:10BD60009046120200D58BE04246224300D030E6D6
:10BD7000002300254DE74A465907D2080A43DB084D
:10BD800044E742469E4B61081A40130001221440CA
:10BD90000C43DA075B089846144341E61A001F3E3D
:10BDA000F2401600202903D04022511A8B401C4338
:10BDB000621E944100233443984600261DE70C0080
:10BDC000203AD44022006446202C04D040273F1B58
:10BDD000B940084380464446611E8C412243E9E550
:10BDE0004C4623431C00631E9C41041BA0429B4104
:10BDF0005B42CB1A98465D461600E2E54E461E436E
:10BE000000D1AEE0661E012C00D1FDE07B4FBC42AC
:10BE100000D107E1B4469BE664462022121B0C00C9
:10BE2000944007009040A0466446421E90416246FE
:10BE3000E7404446D1403C4304435B18F3E66F4C73
:10BE4000A24200D1D5E048445B18484589414942A7
:10BE50005B18DC0740085B08984616000443CCE6F4
:10BE6000002A00D082E00A00024340D1802300254E
:10BE70001B0313E74B07C2081A435D46CB08C5E610
:10BE80004A46841AA0429241CB1A52429B1A9846C3
:10BE90005D469EE54A465907D2080A43DB08F9E6A3
:10BEA0004A46141AA14592415B1A52429B1A98467F
:10BEB000012686E54A465907D2080A43DB08A5E66B
:10BEC0004C4623431C00631E9C415BE665461E00F6
:10BED000203DEE40202C05D040252D1BAB404C468C
:10BEE0001C43A2465446631E9C4134437DE74B07E6
:10BEF000C2081A435D46CB08CCE60A00024300D1D3
:10BF000036E74B07C2081A435D46CB0881E64A462E
:10BF1000841AA0429241CB1A52429B1A98465D461F
:10BF200001264EE54B07C2081A43CB08B2E64A4643
:10BF3000141AA14592415F1A5242BA1A904612024F
:10BF40006BD54A46841AA0429241CB1A52429B1AA0
:10BF500098465D4664E54B07C2081A435D46CB0828
:10BF600098E64B07C2081A43CB084FE60A00024383
:10BF700090D04A465C07D20814438022DB081203A3
:10BF8000134208D0CE08164205D1C008490708431D
:10BF900004005D463300610FE2004907D2080A43FE
:10BFA00078E64B07C2081A43CB0832E648445B18D0
:10BFB00048459241984652429044434604001B0231
:10BFC00000D41AE642460E4B01261A40904614E66B
:10BFD00066461F00203EF740202C05D04026361B29
:10BFE000B3404C461C43A2465446631E9C413C430E
:10BFF000C8E511000023002232E5C046FF0700001B
:10C00000FFFF7FFFFE0700004A461418844292415A
:10C010005B18984652429044E9E54246224300D1DB
:10C02000A6E6EAE54B07C2081A43CB0832E600222F
:10C030000149130014E5C046FF0700000A0030B5AF
:10C04000134C530009030500090B00205B0DD20FB0
:10C05000A34204DD0F48834202DD0F4BD01830BDF0
:10C060008020400301430D48C01A1F2808DD0C48FA
:10C07000C31AD9400B005842002AF0D11800EEE74D
:10C08000084CC540A446634499400B002B43F2E79B
:10C09000FE0300001D040000FFFFFF7F33040000CB
:10C0A00013040000EDFBFFFF70B543004602C40F10
:10C0B000FE201B0E591C750A08420CD0E02292008B
:10C0C00094466D07360B63441B053343E407234353
:10C0D0002800190070BD002B14D1002D1BD02800A2
:10C0E00000F0B2F80A281CDC0B232A001B1ADA40E5
:10C0F000030015339D400E4B12031B1A5B05160BF4
:10C100005B0DE1E7002D09D0320B80263603094B89
:10C110006D071643D8E700230026D5E70026054B18
:10C12000D2E703002A000B3B9A400025E3E7C04614
:10C1300089030000FF07000002004B00F0B5080370
:10C140005B0D3D4ECC0F400A510F5F1C0843D500DC
:10C1500037420AD039495E18FE2E16DDFF23002132
:10C16000DB050B43E0071843F0BD002B06D1284345
:10C1700027D005218901490ADBB2F1E70543EDD05B
:10C180008021C903FF230143EAE7002E1CDD920151
:10C1900011004A1E9141C0006D0F014329434B0716
:10C1A00048D00F230B40042B00D004318023DB0444
:10C1B0000B403FD0721CFE2ED0D08901490AD3B269
:10C1C000CEE700230021CBE73200173222DB8021AB
:10C1D0001E2209040843921B1F2A1DDD0221494229
:10C1E0008E1B0100F1400E00202A04D0144A944610
:10C1F00063449840054329004D1EA9413143002660
:10C200004B07CED180200B00C00401220340014225
:10C21000D3D1AFE70023ACE70A498C462900634439
:10C22000D1409D400A00290098404D1EA94101437C
:10C230001143E4E733009DE7FE07000080FCFFFFA9
:10C24000A2FCFFFF82FCFFFF1C2101231B0498427C
:10C2500001D3000C10391B0A984201D3000A083997
:10C260001B09984201D30009043902A2105C40184E
:10C270007047C046040302020101010100000000F2
:10C280000000000010B5002903D1FFF7DDFF2030CA
:10C2900002E0081CFFF7D8FF10BDC04630B51400FF
:10C2A0001A00094B05001B6885B0D868074B002CA5
:10C2B00001D1074B1C00019300912B00054902940A
:10C2C00000F00AF800F07CFDA8030020ACF60000A6
:10C2D00072F40000B9F600000EB403B5010003AB20
:10C2E000044804CB0068019300F070F902B008BC68
:10C2F00003B01847A803002070B500260C4D0D4C64
:10C30000641BA410A64209D1002601F0BFFA0A4D11
:10C310000A4C641BA410A64205D170BDB300EB58B3
:10C3200098470136EEE7B300EB5898470136F2E73D
:10C330000C0400200C0400200C0400203404002015
:10C3400010B5034B0A000100186800F073F810BD27
:10C35000A803002010B5034B0100186800F0B0F8E6
:10C3600010BDC046A803002010B5034B010018689B
:10C3700000F016F810BDC046A8030020002310B539
:10C380009A4200D110BDCC5CC4540133F8E70300DD
:10C390008218934200D1704719700133F9E7000009
:10C3A00070B50500002910D00C1F2368002B00DA9F
:10C3B000E418280000F068FF1D4A1368002B05D11F
:10C3C00063601460280000F067FF70BDA34208D9C5
:10C3D000216860188342F3D118685B6841182160B6
:10C3E000EEE71A005B68002B01D0A342F9D911686F
:10C3F0005018A0420BD120680918501811608342D0
:10C40000E0D118685B68411811605360DAE7A04218
:10C4100002D90C232B60D5E721686018834203D131
:10C4200018685B684118216063605460CAE7C046C1
:10C4300058290020F8B54B1E06000F0015001942C0
:10C4400002D000242000F8BD082900D20827042DBE
:10C4500000D204250323390003359D4308393000F9
:10C46000491900F02DF80028EBD004380368002BA0
:10C4700000DAC018F91C41187C420C40011D631AF7
:10C480008C420AD0C7180B2B17D90268D21A3A600F
:10C4900003603000FFF784FF38002A0003680C3285
:10C4A000C118A2189142CDD961190A1A9B1A0260CB
:10C4B000300008C1FFF774FFC4E75B423B60ECE764
:10C4C000F8B50323CD1C9D43083506000C2D1FD263
:10C4D0000C25A9421ED8300000F0D6FE25490A6876
:10C4E0001400002C1AD1244F3B68002B04D12100EA
:10C4F000300000F027FB38602900300000F022FBFC
:10C50000431C2BD10C233000336000F0C5FE03E048
:10C51000002DDEDA0C2333600020F8BD23685B1B9E
:10C5200019D40B2B03D92360E418256003E063685A
:10C53000A2420ED10B60300000F0AEFE20000722B8
:10C540000B30231D9043C21A9842E6D01B1AA35009
:10C55000E3E75360EFE722006468C2E70323C41CEB
:10C560009C43A042E1D0211A300000F0EBFA431CBA
:10C57000DBD1C7E7582900205C290020936810B55B
:10C58000013B9360002B04DA9469A34207DB0A297C
:10C5900005D01368581C10601970080010BD00F019
:10C5A00041FB0100F9E7F8B506000F001400D518AB
:10C5B000AC4201D1002007E021783A003000FFF7BB
:10C5C000DDFF0134431CF3D1F8BD0000F0B5A1B08C
:10C5D00006000C001F000392002804D08369002B82
:10C5E00001D100F023FD8E4B9C421CD17468636E18
:10C5F000DB0705D4A3899B0502D4A06D00F0B7FD2D
:10C60000A3891B0702D52369002B1DD1210030000F
:10C6100000F05EFB002817D0636EDB070DD501200C
:10C62000404221B0F0BD7F4B9C4201D1B468DEE7AF
:10C630007D4B9C42DBD1F468D9E7A3899B05EED4FE
:10C64000A06D00F095FDEAE7002308AD6B61203393
:10C650006B761033AB760797039F3B78002B01D0A6
:10C66000252B4ED1039BFB1A0593039B9F420DD0B4
:10C67000059B21003000039AFFF795FF431C00D172
:10C68000B5E06A69059B944663446B613B78002B77
:10C6900000D1ACE001227B1C0393002352426A606C
:10C6A00004A9543252182B60EB60AB601370AB6579
:10C6B000039B052219785D4800F0C8FD039B5F1CB1
:10C6C000002820D12A68D30604D5532304A95B1877
:10C6D00020211970130704D5532304A95B182B21BB
:10C6E0001970039B1B782A2B16D00021EB68039F3F
:10C6F0003A78781C303A8446092A4FD9002911D15A
:10C7000017E00137A9E7494B2A68C01A0123834083
:10C7100013432B600397CBE7079B191D1B680791F9
:10C72000002B01DB0B9304E05B42EB60022313431D
:10C730002B603B782E2B0AD17B782A2B37D1079B95
:10C7400002371A1D1B680792002B2DDB0993032269
:10C750003978374800F07AFD002807D0344B2A6832
:10C76000C01A40238340134301372B6039787B1C68
:10C77000062230480393297600F068FD002845D052
:10C780002D4B002B27D10722079B073393430833F8
:10C7900007936B69049A9B186B615DE70A214B4311
:10C7A00067469B180939A3E701235B42CEE70023C4
:10C7B0001A0001376B603978781C303984460929B2
:10C7C00003D9002BC3D00992C1E70A235A43674615
:10C7D0005218093BEFE707AB009322002900300015
:10C7E000164B00E000BF0490049B0133D1D1636E6F
:10C7F000DB0705D4A3899B0502D4A06D00F0B8FC2B
:10C80000A3895B0600D50AE70D980AE707AB0093FA
:10C81000220029003000094B00F082F8E3E7C0460F
:10C8200040F7000060F7000020F70000ECF6000081
:10C83000F2F60000F6F6000000000000A7C50000B8
:10C84000F7B5150001938A680B690C0000909342BC
:10C8500000DA130022002B6043321278002A01D044
:10C8600001332B6023689B0602D52B6802332B60B3
:10C870002268062317001F401A4227D023004333A3
:10C880001B785A1E93412268920630D422000199E7
:10C890000098089E4332B047431C25D006232068E9
:10C8A0002A68E16800250340042B03D18D1AEB436D
:10C8B000DB171D40A3682269934201DD9B1AED1826
:10C8C0000027BD4220D1002010E00137E3682A682C
:10C8D0009B1ABB42D2DD2200012301990098089ED9
:10C8E0001932B047431CF0D101204042FEBD302038
:10C8F000E1184331087021005A1C45310978A2180B
:10C90000433202331170C1E72200012301990098DC
:10C91000089E1A32B047431CE6D00137D1E7000029
:10C92000F0B58BB006920A0043320793059004924B
:10C930000A7E0C00109B782A06D8622A08D8002AA2
:10C9400000D1C0E0582A52D026004236327022E090
:10C95000100063381528F7D800F03EFF16001F00BE
:10C96000F6FFF6FFF6FFF6FF1F00F6FFF6FFF6FFF5
:10C97000F6FFA80036009A00F6FFF6FFB900F6FFB2
:10C980003600F6FFF6FF9E0026001A684236111D9B
:10C990001960136833700123A7E0086819680A1D3D
:10C9A00005060BD50D681A60002D03DA2D23049AB5
:10C9B0006D421370614B0A27039332E00D681A60D1
:10C9C0004106F1D52DB2EFE70D681968081D186012
:10C9D0002E0601D50D6803E06D06FBD50D68ADB2DE
:10C9E000564B0A2703936F2A17D1082715E04531C4
:10C9F0000A70524A03921A68216820CA1A6008060F
:10CA000050D5CB0702D52023194321601027002DD4
:10CA100003D1202322689A4322602300002243335B
:10CA20001A706368A360002B03DB04222168914322
:10CA30002160002D02D1049E002B0CD0049E280002
:10CA40003900FCF701FD039B013E5B5C33702B005A
:10CA500005009F42F3D9082F09D12368DB0706D5CB
:10CA600063682269934202DC3023013E3370049BE9
:10CA70009B1B2361079B210000930598069B09AA35
:10CA8000FFF7DEFE431C35D1012040420BB0F0BD64
:10CA9000202209680A432260220078214532117061
:10CAA000274AA7E74806ACD5ADB2AAE71A680D68D1
:10CAB000101D4969186013682E0601D5196002E03F
:10CAC0006D06FBD519800023049E2361D2E71A6806
:10CAD000111D1960166800213000626800F0B6FB75
:10CAE000002801D0801B6060636823610023049AE2
:10CAF0001370BFE72369320006990598079DA84780
:10CB0000431CC1D023689B0715D4099BE068984259
:10CB1000BCDA1800BAE72200012306990598079E9F
:10CB20001932B047431CAFD00135E368099A9B1A0C
:10CB3000AB42F0DCE9E70025F7E7C046FDF6000070
:10CB40000EF70000002370B5064D040008002B60AE
:10CB500000F084FE431C03D12B68002B00D023601F
:10CB600070BDC046702900200EB400B50B499CB0C2
:10CB70001DAB02900690079104910948094904CB26
:10CB80000591006802A9019300F016FC0023029AA7
:10CB900013701CB008BC03B01847C046FFFFFF7FEE
:10CBA000A80300200802FFFF0023C25C0133002A13
:10CBB000FBD1581E704730B5140005001A009BB019
:10CBC000002C05DA8B230360012040421BB030BDEE
:10CBD000822368469B0083810023009104919C423C
:10CBE00000D0631E02930593012369465B42CB810B
:10CBF00028001E9B00F0E0FB431C01DA8B232B6016
:10CC0000002CE3D00023009A1370DFE707B50093F0
:10CC100013000A00010002480068FFF7CCFF0EBDB8
:10CC2000A8030020F8B505000E001400002804D069
:10CC30008369002B01D100F0F9F9224B9C422ED1DF
:10CC40006C68A369A360A3891B0732D52369002BF5
:10CC50002FD023682269F7B2981A6369F6B283422B
:10CC600005DC2100280000F03FF9002827D1A36847
:10CC70000130013BA36023685A1C22601F70636966
:10CC8000834204D0A389DB0707D50A2E05D12100F2
:10CC9000280000F029F9002811D13000F8BD0A4B16
:10CCA0009C4201D1AC68CCE7084B9C42C9D1EC68EE
:10CCB000C7E72100280000F00BF80028C9D00126A2
:10CCC0007642EAE740F7000060F7000020F7000036
:10CCD000374B70B51D6806000C00002D05D0AB6900
:10CCE000002B02D1280000F0A1F9324B9C420FD159
:10CCF0006C680C23E25E93B211072DD4D90611D4CF
:10CD000009230120336037331343A381404270BDB0
:10CD1000294B9C4201D1AC68EBE7284B9C42E8D1FF
:10CD2000EC68E6E75B0713D5616B002908D02300A8
:10CD30004433994202D03000FFF732FB0023636393
:10CD40002422A3899343A381002363602369236082
:10CD50000823A2891343A3812369002B0BD1A021AF
:10CD60008022A389890092000B40934203D02100C6
:10CD7000300000F027FA0C22A35E01201A0099B2BD
:10CD8000024003420FD00022A26062695242A261B7
:10CD9000002022698242BAD10A06B8D54022134344
:10CDA000A3810138B3E7880700D46269A260EFE786
:10CDB000A803002040F7000060F7000020F7000003
:10CDC000062010B500F022FC012000F05DFD0000FF
:10CDD000F7B58B8905000C001A075FD44A68002A52
:10CDE00004DC0A6C002A01DC0020FEBDE76A002F8B
:10CDF000FAD0002280212E682A601A0049010A40D8
:10CE00000B4234D0606DA3895B0706D56368C01AF6
:10CE1000636B002B01D0236CC01A0200216A00232F
:10CE20002800E76AB847A189431C06D12B681D2B4F
:10CE300031D82C4ADA40D3072DD50023636023690B
:10CE40002360CB0405D5431C02D12B68002B00D1F5
:10CE50006065616B2E600029C6D02300443399427F
:10CE600002D02800FFF79CFA00206063BDE7012391
:10CE70002800216AB847431CC5D12B68002BC2D0BB
:10CE80001D2B01D0162B01D12E60ADE74023A289C6
:10CE90001343A381A9E740230B43FAE70F69002F4F
:10CEA000A2D00A680F60D21B019200229B0700D11A
:10CEB0004A69A260019B002B00DC95E73A0028003C
:10CEC000019B216AA66AB047002806DC40230120A6
:10CED000A28940421343A38187E7019B3F181B1A95
:10CEE0000193E7E7010040200B6970B505000C00D5
:10CEF000002B02D10025280070BD002804D08369D2
:10CF0000002B01D100F092F8144B9C421BD16C68AD
:10CF10000C22A35E002BEDD0626ED20704D49B05D9
:10CF200002D4A06D00F023F928002100FFF750FF84
:10CF3000636E0500DB07DED4A3899B05DBD4A06DFF
:10CF400000F016F9D7E7064B9C4201D1AC68DFE749
:10CF5000044B9C42DCD1EC68DAE7C04640F70000A5
:10CF600060F7000020F70000002310B50400036004
:10CF700043608360818143661900C281036143611C
:10CF8000836108225C30FFF702FA054B6362054BB0
:10CF90002462A362044BE362044B236310BDC046CA
:10CFA0004DD6000075D60000ADD60000D9D60000E1
:10CFB00010B5024900F0BAF810BDC046E9CE000035
:10CFC00070B568254A1E55430E0029007431FFF7DD
:10CFD00077FA041E08D000212A00016046600C3058
:10CFE000A0606832FFF7D3F9200070BD10B5024889
:10CFF00000F0BDF810BDC0466C29002010B50248F5
:10D0000000F0B6F810BDC0466C29002010B50248EB
:10D0100000F0ADF810BDC0466729002010B50248E9
:10D0200000F0A6F810BDC0466729002013B5040023
:10D03000FFF7ECFFA369002B02D0FFF7EFFF13BD52
:10D04000A364E3642365134B134A1B68A262019334
:10D05000A34201D10123A361200000F01FF860600A
:10D06000200000F01BF8A060200000F017F800225C
:10D070000421E0606068FFF777FF01220921A068C2
:10D08000FFF772FF02221221E068FFF76DFF012314
:10D09000A361D2E7E8F60000B1CF0000F8B50700C1
:10D0A000FFF7A4FF1F4B1E68B369002B02D13000AD
:10D0B000FFF7BCFF4836B4687368013B04D533689A
:10D0C000002B22D03668F6E70C22A55E002D1AD17F
:10D0D0002000154B5830E360656600F047F8FFF715
:10D0E0008DFF2000082229002560A560656025616C
:10D0F0006561A5615C30FFF74AF96563A563A564C6
:10D10000E5642000F8BD6834D7E704213800FFF754
:10D1100057FF041E3060D5D1FFF770FF0C233B6032
:10D12000EFE7C046E8F600000100FFFFF7B5040096
:10D1300006000027019148346368A5680093009BAE
:10D14000013B009304D52468002CF5D13800FEBDC6
:10D15000AB89012B08D90E22AB5E013304D0290024
:10D160003000019B984707436835E8E770477047F0
:10D170007047000070B50E001D000E23C95E14003C
:10D1800096B0002907DA00232B60B3891B0611D45F
:10D190008023DB000FE06A4600F0CAFA0028F2DBC9
:10D1A000F02301991B021940054BC9184B42594104
:10D1B0002960EDE740230020236016B070BDC04613
:10D1C00000E0FFFFF7B502268B8905000C00334213
:10D1D00006D0230047332360236101236361F7BD39
:10D1E0006A4601ABFFF7C6FF009907002800FFF76A
:10D1F00067F9002808D10C22A35E9A05EFD4032218
:10D2000093431E43A681E4E70F4BAB628023A289C0
:10D2100020601343A381009B20616361019B002B6D
:10D220000DD028000E23E15E00F094FA002806D00D
:10D230000322A38993431A0001231343A381A089E6
:10D240000743A781CBE7C046B1CF0000C9B282181F
:10D25000904201D10020704703788B42FBD001300F
:10D26000F6E710B5884202D98B18984203D3002301
:10D2700007E08B5C8354013AFBD210BDCC5CC454F4
:10D2800001339A42FAD1F8E710B50248FFF76FFF71
:10D2900010BDC0466829002010B50248FFF768FF9E
:10D2A00010BDC04668290020F8B507000D00160023
:10D2B000002905D11100FFF703F904002000F8BD93
:10D2C000002A03D1FFF76CF83400F7E700F068FAA2
:10D2D0002C00B042F2D231003800FFF7F1F8041E02
:10D2E000ECD029003200FFF749F829003800FFF799
:10D2F00057F8E3E7F0B58E6885B007000C0003929D
:10D3000001939E423CD890238A89DB001A4234D094
:10D310000325096923685B1A0293636902985D43D8
:10D32000EB0F5D19019B6D1001331B18AB4200D947
:10D330001D00530532D529003800FFF7C1F8061E3D
:10D3400009D10C233B6040230120A28940421343B2
:10D35000A38105B0F0BD029A2169FFF70FF8A389F8
:10D36000144A1A4080231343A381029B2661F618B6
:10D3700026606561019EED1AA560019B9E4200D961
:10D38000019E320003992068FFF76BFFA36800201D
:10D390009B1BA36023689E192660DAE72A003800E9
:10D3A000FFF782FF061EE0D138002169FEF7F8FF83
:10D3B000C7E7C0467FFBFFFFF0B5A1B003901D009B
:10D3C0008B890F0016001B0611D50B69002B0ED19F
:10D3D0004021FFF775F838603861002805D10C232B
:10D3E000039A0138136021B0F0BD40237B61002314
:10D3F00008AC6361203363761033A376079535005C
:10D400002B78002B01D0252B47D1AB1B0593B542C0
:10D410000CD0320039000398FFF76CFF431C00D199
:10D42000AEE06269059B9446634463612B78002BF0
:10D4300000D1A5E0012200235242626004A95432C7
:10D4400052186E1C2360E360A3601370A36505226D
:10D4500031785448FFF7FAFE751C00281FD1226866
:10D46000D30604D5532304A95B1820211970130790
:10D4700004D5532304A95B182B21197033782A2B68
:10D4800016D0350000210A20E3682A786E1C303A55
:10D49000092A4ED9002911D117E00135B0E7414BD7
:10D4A0002268C01A0123834013432E002360CEE775
:10D4B000079B191D1B680791002B01DB0B9304E0F0
:10D4C0005B42E3600223134323602B782E2B0AD1A7
:10D4D0006B782A2B35D1079B02351A1D1B680792E2
:10D4E000002B2BDB0993304E032230002978FFF705
:10D4F000ADFE002806D04023801B83402268013502
:10D50000134323602978062228486E1C2176FFF7F2
:10D510009DFE00283CD0264B002B25D10722079BDF
:10D5200007339343083307936369049A9B18636135
:10D5300065E74343350001219B18A6E701235B42C1
:10D54000D0E700230A201A000135636029786E1C99
:10D550003039092903D9002BC5D00992C3E74243CA
:10D56000350001235218F1E707AB00933A00210080
:10D57000104B039800E000BF0490049B0133D3D10B
:10D58000BB890D985B0600D42DE7012040422AE7B5
:10D5900007AB00933A002100064B0398FFF7C0F950
:10D5A000EAE7C046ECF60000F2F60000F6F60000EE
:10D5B00000000000F5D2000070B504000D001F2926
:10D5C00004D9162303600120404270BD436C002B38
:10D5D00004D08A009B181A68002A08D1200000F0A5
:10D5E00031F82A000100200000F01AF8EDE70020D1
:10D5F000012AEAD0511C03D1162301302360E4E74D
:10D60000002428001C6090472000DEE710B5034B83
:10D6100001001868FFF7D0FF10BDC046A803002026
:10D62000002370B5064D0400080011002B6000F0C7
:10D63000FDF8431C03D12B68002B00D0236070BD84
:10D640007029002010B500F0E1F810BD70B50C0095
:10D650000E25495F00F0ACF8002803DB636D1B1852
:10D66000636570BDA389024A1340A381F9E7C046F0
:10D67000FFEFFFFFF8B51F008B8905000C001600B7
:10D68000DB0505D50E23C95E0022022300F074F8E5
:10D69000A389054A28001340A38132000E23E15ECE
:10D6A0003B0000F01FF8F8BDFFEFFFFF70B50C0066
:10D6B0000E25495F00F060F8A389421C03D1054A9A
:10D6C0001340A38170BD802252011343A381606582
:10D6D000F8E7C046FFEFFFFF10B50E23C95E00F06C
:10D6E00015F810BD70B50400080011001A000023E1
:10D6F000054D2B6000F0C0F8431C03D12B68002BB4
:10D7000000D0236070BDC04670290020002370B592
:10D71000064D040008002B6000F068F8431C03D19C
:10D720002B68002B00D0236070BDC04670290020FC
:10D73000002370B5064D0400080011002B6000F0B6
:10D740005DF8431C03D12B68002B00D0236070BD13
:10D7500070290020002370B5064D040008002B60DE
:10D7600000F05CF8431C03D12B68002B00D0236031
:10D7700070BDC0467029002070B50400080011007B
:10D780001A000023054D2B6000F058F8431C03D10C
:10D790002B68002B00D0236070BDC046702900208C
:10D7A0000B1F1B68181F002B01DA0B58C01870479D
:10D7B00070B50400080011001A000023054D2B600D
:10D7C00000F044F8431C03D12B68002B00D02360E9
:10D7D00070BDC0467029002003B47146490840005E
:10D7E0004900095E49008E4403BC7047582201205D
:10D7F000014B40421A6070477029002058220120D6
:10D80000014B40421A6070477029002058220120C5
:10D81000014B40421A607047702900205822024B89
:10D8200000201A607047C04670290020582201204D
:10D83000014B40421A607047702900205822012095
:10D84000014B40421A607047702900205822012085
:10D85000014B40421A60704770290020044A0300BF
:10D860001068002802D0C318136070470148FAE717
:10D87000602900207429002058220120014B4042D9
:10D880001A60704770290020FEE7C046F8B5C04610
:10D89000F8BC08BC9E467047F8B5C046F8BC08BC4A
:10D8A0009E467047474F4F44004A4F42004C6F77A7
:10D8B000004261747400456D7074790025303458ED
:10D8C00000487A00494E494349414C495A41444134
:10D8D00000454550524F4D20496E696369616C693E
:10D8E0007A6164612E00566F6C63616E646F2045CF
:10D8F0004550524F4D2E002C00486921004375724F
:10D9000072656E743A25302E3166202D00563A2508
:10D91000302E3166202D200056743A25302E316687
:10D92000202D20004572726F723A25302E3266200B
:10D930002D2000503A25302E3266202D2000493A05
:10D9400025302E3266202D2000443A25302E3266B6
:10D95000202D2000553A25302E3266200A005075C1
:10D960006E7465726F207065726469646F2E200A30
:10D970000044454C00454E44004E4954524F005619
:10D98000414E5441204D4F4445004F4E004F4646B6
:10D9900000536176696E672E2E2E0056414E54411B
:10D9A000004C4F57005354415254210A0D0025306A
:10D9B00034780A00526573657420506F7765722061
:10D9C0004F6E205265736574005265736574204212
:10D9D0004F44313200526573657420424F443333F3
:10D9E0000052657365742045787465726E616C00D1
:10D9F0005265736574205761746368446F670052A1
:10DA0000657365742053797374656D0049202564CE
:10DA10000056202564004F4B00424144004C6F618A
:10DA200064696E672E2E2E004E49434B4E414D4584
:10DA3000004D454E55003320322000332032203136
:10DA400000332D322D3100574849502053484400AF
:10DA50004E4F524D414C0054455354005354415283
:10DA600054005448414E4B00594F5500FEFFFFFFF4
:10DA7000FFFFFFFFFFFFFFFFFFFFFFFFFFFFFFFFB6
:10DA8000FFFFFFFFFFFFFFFFFFFFFFFFFFFFFFFFA6
:10DA9000FFFFFFFFFFFFFFFFFFFFFFFFFFFFFFFF96
:10DAA000FFFFFFFFFFFFFE00000000000FFFFE0072
:10DAB000000000000FFFFE7FFFFFFFFFC07FFE7F23
:10DAC000FFFFFFFFC07FFE7FFFFFFFFFCE7FFE7FD8
:10DAD000FFFFFFFFCE7FFE7FFFFFFFFFCE7FFE7FBA
:10DAE000FFFFFFFFCE7FFE7FFFFFFFFFCE7FFE7FAA
:10DAF000FFFFFFFFCE7FFE7FFFFFFFFFCE7FFE7F9A
:10DB0000FFFFFFFFCE7FFE7FFFFFFFFFCE7FFE7F89
:10DB1000FFFFFFFFCE7FFE7FFFFFFFFFC07FFE7F87
:10DB2000FFFFFFFFC07FFE00000000000FFFFE00B0
:10DB3000000000000FFFFFFFFFFFFFFFFFFFFFFFE1
:10DB4000FFFFFFFFFFFFFFFFFFFFFFFFFFFFFFFFE5
:10DB5000FFFFFFFFFFFFFFFFFFFFFFFFFFFFFFFFD5
:10DB6000FFFFFFFFFFFFFFFFFFFFFFFFFFFF300093
:10DB70002E002C002A00280026002400220020006D
:10DB80001E001C001A0018001600140012001000DD
:10DB90000E000C000A00080006000400020000004D
:10DBA0006F0F640000009A14C80000006F0F0A0095
:10DBB0000A009A140A000A00000000000000000099
:10DBC000000000000000000000000007000000004E
:10DBD0000000000F800000000000001FC0000000D7
:10DBE0000000003FE00000000000007FF0000000A7
:10DBF000000000F8F8000000000001F8FC00000040
:10DC0000000003F8FE000000000007F8FF0000001D
:10DC100000000FF8FF80000000001FF8FFC00000A8
:10DC200000003FF8FFE0000000007FF8FFF0000078
:10DC300000007FF8FFF0000000007FF8FFF0000018
:10DC400000003FF8FFE0000000001FF8FFC00000E8
:10DC500000000FF8FF800000000007FFFF00000039
:10DC6000000003F8FE000000000001F8FC000000C6
:10DC7000000000F8F80000000000007FF000000045
:10DC80000000003FE00000000000001FC000000096
:10DC90000000000F800000000000000700000000EE
:10DCA0000000000000000000400C7D0005002D0970
:10DCB0007D0005002D087D0005004D0A7D00050052
:10DCC00020067D00050027057D0005005A10640030
:10DCD00032005A10640032005A10640032005A10A8
:10DCE000640032009A14640000006F0FC800000046
:10DCF0005B120A000A00C00D0A000A0027057D0019
:10DD0000050020067D0005004D0A7D0005002D0858
:10DD10007D0005002D097D000500400C7D000500FB
:10DD20000B027D000A002D087D000A0017047D000B
:10DD30000A000000000000000000000000000000D9
:10DD400000000000000000000000000000000000D3
:10DD500000000000000000000000000000000000C3
:10DD600000000000000000000000000000000000B3
:10DD700000000000000000000000000000000000A3
:10DD80000000000000000000000000000000000093
:10DD90000000000000000000000000000000000083
:10DDA0000000000000000000000000000000000073
:10DDB0000000000000000000000000000000000063
:10DDC0000000000000000000000000000000000053
:10DDD0000000000000000000000000000000000043
:10DDE0000000000000000000000000000000000033
:10DDF0000000000000000000000000000000000023
:10DE00000000000000000000000000000000000012
:10DE10000000000000000000000000000000000002
:10DE200000000000000000000000000000000000F2
:10DE300000000000000000000000000000000000E2
:10DE400000000000000000000000000000000000D2
:10DE500000000000000000000000000000000000C2
:10DE600000000000000000000000000000000000B2
:10DE700000000000000000000000000000000000A2
:10DE80000000000000000000000000000000000092
:10DE90000000000000000000000000000000000082
:10DEA0000000000000000000000000000000000072
:10DEB0000000000000000000000000000000000062
:10DEC0000000000000000000000000000000000052
:10DED0000000000000000000000000000000000042
:10DEE0000000000000000000000000000000000032
:10DEF0000000000000000000000000000000000022
:10DF00000000000000000000000000000000000011
:10DF10000000000000000000000000000000000001
:10DF200000000000000000000000000000000000F1
:10DF300000000000000000000000000000000000E1
:10DF400000000000000000000000000000000000D1
:10DF500000000000000000000000000000000000C1
:10DF600000000000000000000000000000000000B1
:10DF700000000000000000000000000000000000A1
:10DF80000000000000000000000000000000000091
:10DF90000000000000000000000000000000000081
:10DFA0000000000000000000000000000000000071
:10DFB0000000000000000000000000000000000061
:10DFC0000000000000000000000000000000000051
:10DFD0000000000000000000000000000000000041
:10DFE0000000000000000000000000000000000031
:10DFF0000000000000000000000000000000000021
:10E000000000000000000000000000000000000010
:10E010000000000000000000000000000000000000
:10E0200000000000000000000000000000000000F0
:10E0300000000000000000000000000000000000E0
:10E0400000000000000000000000000000000000D0
:10E0500000000000000000000000000000000000C0
:10E0600000000000000000000000000000000000B0
:10E0700000000000000000000000000000000000A0
:10E080000000000000000000000000000000000090
:10E090000000000000000000000000000000000080
:10E0A0000000000000000000000000000000000070
:10E0B0000000000000000000000000000000000060
:10E0C0000000000000000000000000000000000050
:10E0D0000000000000000000000000000000000040
:10E0E0000000000000000000000000000000000030
:10E0F0000000000000000000000000000000000020
:10E10000000000000000000000000000000000000F
:10E1100000000000000000000000000000000000FF
:10E1200000000000000000000000000000000000EF
:10E1300000000000000000000000000000000000DF
:10E1400000000000000000000000000000000000CF
:10E1500000000000000000000000000000000000BF
:10E1600000000000000000000000000000000000AF
:10E17000000000000000000000000000000000009F
:10E18000000000000000000000000000000000008F
:10E19000000000000000000000000000000000007F
:10E1A000000000000000000000000000000000006F
:10E1B000000000000000000000000000000000005F
:10E1C000000000000000000000000000000000004F
:10E1D000000000000000000000000000000000003F
:10E1E000000000000000000000000000000000002F
:10E1F000000000000000000000000000000000001F
:10E2000017047D000A002D087D000A000B027D0026
:10E210000A006E0296000A006E0296000A006E0264
:10E2200096000A006E0290010500EE0190010500C3
:10E230002A02900105006E02960096002A029600BE
:10E2400005006E02F40105006F0FC8000A00EA0A1B
:10E25000C8000A006F0FC8000A00EA0AC8000A00D6
:10E260006F0FC8000A00EA0AC8000A001003640021
:10E270000A00100364000A00100364000A00000092
:10E280000000000000000000D94200009D41000095
:10E2900099410000C1410000DD4100009F430000A2
:10E2A000C3410000FFFFFFFF00000000000000006E
:10E2B000000000000000000000000000FFFFFFFF62
:10E2C000000000000000000000000000000000004E
:10E2D00000000000FFFFFFFF000000000000000042
:10E2E000000000000000000000000000030000002B
:10E2F000000000000900000000000000742000423F
:10E3000040000000040000000000000008000000C1
:10E31000000000007020004204000000FFFFFFFF2B
:10E3200000000000000000000000000000000000ED
:10E3300000000000FFFFFFFF0000000000000000E1
:10E34000000000000000000000000000FFFFFFFFD1
:10E3500000000000000000000000000000000000BD
:10E36000000000000800000000000000060000009F
:10E3700001000000702400420400000009000000B9
:10E3800000000000070000000100000074240042AB
:10E39000400000000A000000000000001200000021
:10E3A0000000000078200042050000000B00000083
:10E3B0000000000010000000020000007028004271
:10E3C000040000000C00000000000000130000002A
:10E3D000000000007C200042500000000D00000002
:10E3E000000000001100000002000000742800423C
:10E3F0004000000000000000003E5B4F5B3E3E6BB3
:10E400004F6B3E1C3E7C3E1C183C7E3C181C577DCE
:10E41000571C1C5E7F5E1C00183C1800FFE7C3E71A
:10E42000FF0018241800FFE7DBE7FF30483A060E2C
:10E430002629792926407F050507407F05253F5A73
:10E440003CE73C5A7F3E1C1C08081C1C3E7F1422E3
:10E450007F22145F5F005F5F06097F017F0066898E
:10E46000956A606060606094A2FFA29408047E04D4
:10E470000810207E201008082A1C08081C2A0808FA
:10E480001E101010100C1E0C1E0C30383E383006BA
:10E490000E3E0E06000000000000005F00000007B6
:10E4A000000700147F147F14242A7F2A12231308E4
:10E4B000646236495620500008070300001C2241C0
:10E4C000000041221C002A1C7F1C2A08083E080864
:10E4D0000080703000080808080800006060002014
:10E4E000100804023E5149453E00427F40007249F7
:10E4F0004949462141494D331814127F102745459B
:10E5000045393C4A494931412111090736494949B0
:10E5100036464949291E000014000000403400001E
:10E520000008142241141414141400412214080287
:10E53000015909063E415D594E7C1211127C7F49FA
:10E540004949363E414141227F4141413E7F49494F
:10E5500049417F090909013E414151737F0808087B
:10E560007F00417F41002040413F017F081422414C
:10E570007F404040407F021C027F7F0408107F3EA6
:10E580004141413E7F090909063E4151215E7F0913
:10E59000192946264949493203017F01033F40407A
:10E5A000403F1F2040201F3F4038403F6314081465
:10E5B0006303047804036159494D43007F4141419D
:10E5C0000204081020004141417F0402010204407E
:10E5D00040404040000307080020545478407F2802
:10E5E0004444383844444428384444287F385454F8
:10E5F000541800087E090218A4A49C787F0804041B
:10E600007800447D40002040403D007F10284400B9
:10E6100000417F40007C047804787C08040478384A
:10E6200044444438FC1824241818242418FC7C087A
:10E63000040408485454542404043F44243C4040F7
:10E64000207C1C2040201C3C4030403C44281028AA
:10E65000444C9090907C4464544C440008364100F3
:10E660000000770000004136080002010204023C6D
:10E670002623263C1EA1A161123A4040207A38543C
:10E6800054555921555579412254547842215554B5
:10E69000784020545579400C1E5272123955555508
:10E6A00059395454545939555454580000457C41F3
:10E6B0000002457D420001457C407D1211127DF033
:10E6C000282528F07C545545002054547C547C0A5D
:10E6D000097F4932494949323A4444443A324A4826
:10E6E00048303A4141217A3A42402078009DA0A02A
:10E6F0007D3D4242423D3D4040403D3C24FF24247C
:10E70000487E4943662B2FFC2F2BFF0929F620C09A
:10E71000887E090320545479410000447D413048EB
:10E72000484A32384040227A007A0A0A727D0D192E
:10E73000317D2629292F28262929292630484D4090
:10E7400020380808080808080808382F10C8ACBA8C
:10E750002F102834FA00007B000008142A1422220B
:10E76000142A14085500550055AA55AA55AAFF5554
:10E77000FF55FF000000FF00101010FF00141414DC
:10E78000FF001010FF00FF1010F010F0141414FC24
:10E79000001414F700FF0000FF00FF1414F404FC41
:10E7A000141417101F10101F101F1414141F001022
:10E7B0001010F0000000001F101010101F1010109B
:10E7C00010F010000000FF101010101010101010AA
:10E7D000FF10000000FF140000FF00FF00001F10EA
:10E7E000170000FC04F414141710171414F404F4A4
:10E7F0000000FF00F714141414141414F700F71495
:10E800001414171410101F101F141414F4141010E3
:10E81000F010F000001F101F0000001F1400000087
:10E82000FC140000F010F01010FF10FF141414FF7F
:10E83000141010101F00000000F010FFFFFFFFFF7A
:10E84000F0F0F0F0F0FFFFFF0000000000FFFF0F0E
:10E850000F0F0F0F3844443844FC4A4A4A347E02B2
:10E86000020606027E027E02635549416338444433
:10E870003C04407E201E2006027E020299A5E7A5E8
:10E88000991C2A492A1C4C7201724C304A4D4D3059
:10E890003048784830BC625A463D3E494949007E7E
:10E8A0000101017E2A2A2A2A2A44445F4444405115
:10E8B0004A444040444A51400000FF0103E080FFC9
:10E8C000000008086B6B083612362436060F090F55
:10E8D00006000018180000001010003040FF010171
:10E8E000001F01011E00191D1712003C3C3C3C009A
:10E8F0000000000000000000000000001D520000A9
:10E90000A167000099410000754700007988000068
:10E910003D4800003F4800006948000049480000A9
:10E9200059480000774700003D480000654A000054
:10E93000E149000081480000BD480000F94800009E
:10E9400047490000E349000061490000705F7365BA
:10E9500072636F6D20213D204E554C4C0053504941
:10E96000436C6173733A3A535049436C6173732833
:10E97000534552434F4D2A2C2075696E74385F748D
:10E980002C2075696E74385F742C2075696E74382C
:10E990005F742C20536572636F6D537069545850C7
:10E9A00061642C20536572636F6D52585061642905
:10E9B00000433A5C55736572735C6A617669655CA5
:10E9C000417070446174615C4C6F63616C5C417256
:10E9D0006475696E6F31355C7061636B6167657317
:10E9E0005C61646166727569745C686172647761A8
:10E9F00072655C73616D645C312E372E31365C6CF0
:10EA000069627261726965735C5350495C53504925
:10EA10002E63707000000000280800420200000011
:10EA200001000000280C0042040000000300000068
:10EA300028100042060000000500000028140042D3
:10EA40000800000007000000281800420A0000002B
:10EA500009000000281C00420C0000000B00000010
:10EA600000000000000000001D520000A16700002F
:10EA70009941000075470000815E00003D4800009C
:10EA80003F4800006948000049480000594800001C
:10EA9000774700003D480000654A0000E14900005A
:10EAA000A95C0000D15A0000F94800004749000065
:10EAB000E349000061490000000000000000000080
:10EAC0000000000000000000000000000000000046
:10EAD0000000000000000000000000000000000036
:10EAE0000000000000000000000000000000000026
:10EAF0000000000000000000000000000000000016
:10EB00000000000000000000000000000000000005
:10EB100000000000000000000000000000000000F5
:10EB200000000000000000000000000000000000E5
:10EB300000000000000000000000000000000000D5
:10EB400000000000000000000000000000000000C5
:10EB500000000000000000000000000000000000B5
:10EB600000000000000000000000000000000000A5
:10EB70000000000000000000000000000000000095
:10EB80000000000000000000000000000000000085
:10EB90000000000000000000000000000000000075
:10EBA0000000000000000000000000000000000065
:10EBB0000000000000000000000000000000000055
:10EBC0000000000000000000000000000000000045
:10EBD0000000000000000000000000000000000035
:10EBE0000000000000000000000000000000000025
:10EBF0000000000000000000000000000000000015
:10EC00000000000000000000000000000000000004
:10EC100000000000000000000000000000000000F4
:10EC200000000000000000000000000000000000E4
:10EC300000000000000000000000000000000000D4
:10EC400000000000000000000000000000000000C4
:10EC500000000000000000000000000000000000B4
:10EC600000000000000000000000000000000000A4
:10EC70000000000000000000000000000000000094
:10EC80000000000000000000000000000000000084
:10EC90000000000000000000000000000000000074
:10ECA0000000000000000000000000000000000064
:10ECB0000000000000000000000000000000000054
:10ECC0000000000000000000000000000000000044
:10ECD0000000000000000000000000000000000034
:10ECE0000000000000000000000000000000000024
:10ECF0000000000000000000000000000000000014
:10ED00000000000000000000000000000000000003
:10ED100000000000000000000000000000000000F3
:10ED200000000000000000000000000000000000E3
:10ED300000000000000000000000000000000000D3
:10ED400000000000000000000000000000000000C3
:10ED500000000000000000000000000000000000B3
:10ED600000000000000000000000000000000000A3
:10ED70000000000000000000000000000000000093
:10ED80000000000000000000000000000000000083
:10ED90000000000000000000000000000000000073
:10EDA0000000000000000000000000000000000063
:10EDB0000000000000000000000000000000000053
:10EDC0000000000000000000000000000000000043
:10EDD0000000000000000000000000000000000033
:10EDE0000000000000000000000000000000000023
:10EDF0000000000000000000000000000000000013
:10EE00000000000000000000000000000000000002
:10EE100000000000000000000000000000000000F2
:10EE200000000000000000000000000000000000E2
:10EE300000000000000000000000000000000000D2
:10EE400000000000000000000000000000000000C2
:10EE500000000000000000000000000000000000B2
:10EE600000000000000000000000000000000000A2
:10EE70000000000000000000000000000000000092
:10EE80000000000000000000000000000000000082
:10EE90000000000000000000000000000000000072
:10EEA0000000000000000000000000000000000062
:10EEB0000000000000000000000000000000000052
:10EEC0000000000000000000000000000000000042
:10EED0000000000000000000000000000000000032
:10EEE0000000000000000000000000000000000022
:10EEF0000000000000000000000000000000000012
:10EF00000000000000000000000000000000000001
:10EF100000000000000000000000000000000000F1
:10EF200000000000000000000000000000000000E1
:10EF300000000000000000000000000000000000D1
:10EF400000000000000000000000000000000000C1
:10EF500000000000000000000000000000000000B1
:10EF600000000000000000000000000000000000A1
:10EF70000000000000000000000000000000000091
:10EF80000000000000000000000000000000000081
:10EF90000000000000000000000000000000000071
:10EFA0000000000000000000000000000000000061
:10EFB0000000000000000000000000000000000051
:10EFC0000000000000000000000000000000000041
:10EFD0000000000000000000000000000000000031
:10EFE0000000000000000000000000000000000021
:10EFF0000000000000000000000000000000000011
:10F000000800000010000000200000004000000088
:10F010008000000000010000000200000004000069
:10F02000000000000B000000020000001C000000B7
:10F03000FF00010101010B00000000000A000000B8
:10F04000020000001C000000FF00000100010A0097
:10F05000000000000E000000080000000400000096
:10F06000FF00000000000E0000000000090000008A
:10F07000040000001C000000FF0001000100090066
:10F080000000000008000000040000001C00000058
:10F09000FF00000000001000000000000F00000052
:10F0A000040000001C000000FF00010301030F002A
:10F0B0000000000014000000050000002C0000000B
:10F0C000FF00020002000400000000001500000024
:10F0D0000800000004000000FF00FFFFFFFF050024
:10F0E0000000000006000000040000001C000000FA
:10F0F00006000001000106000000000007000000FB
:10F10000040000001C0000000700010101010700CD
:10F110000000000012000000040000001C000000BD
:10F12000FF000003000302000000000010000000C8
:10F13000040000001C000000FF00000200020000AC
:10F140000000000013000000050000002C0000007B
:10F15000FF00030003000300000000001100000096
:10F16000040000001C000000FF0001020102010079
:10F17000000000000200000001000000020000008A
:10F180000000FFFFFFFF0200010000000800000078
:10F190000100000018000000020000040004080044
:10F1A000010000000900000001000000180000003C
:10F1B0000300010401040900000000000400000035
:10F1C000010000001800000004000000000004001E
:10F1D0000000000005000000010000001800000011
:10F1E0000500010001000500010000000200000010
:10F1F00001000000000000000A00FFFFFFFF020006
:10F2000000000000160000000200000004000000E2
:10F21000FF00FFFFFFFF06000000000017000000D6
:10F220000200000004000000FF00FFFFFFFF0700D6
:10F23000000000000C0000000300000004000000BB
:10F24000FF00FFFFFFFF0C00010000000A000000AC
:10F250000300000004000000FF00FFFFFFFF0A00A2
:10F26000010000000B00000003000000040000008B
:10F27000FF00FFFFFFFF0B00010000000300000084
:10F280000B00000004000000FF00FFFFFFFFFF0075
:10F29000000000001B0000000B0000000400000044
:10F2A000FF00FFFFFFFFFF00000000001C00000048
:10F2B0000600000000000000FF00FFFFFFFFFF004E
:10F2C0000000000018000000060000000000000020
:10F2D000FF00FFFFFFFFFF0000000000190000001B
:10F2E0000600000000000000FF00FFFFFFFFFF001E
:10F2F00001000000160000000300000000000000F4
:10F30000FF00FFFFFFFFFF000100000017000000EB
:10F310000300000000000000FF00FFFFFFFFFF00F0
:10F3200000000000160000000200000000000000C5
:10F33000FF00FFFFFFFFFF000000000017000000BC
:10F340000200000000000000FF00FFFFFFFFFF00C1
:10F350000000000013000000020000000000000098
:10F36000FF00FFFFFFFFFF00000000001000000093
:10F370000200000000000000FF00FFFFFFFFFF0091
:10F380000000000012000000020000000000000069
:10F39000FF00FFFFFFFFFF00000000001100000062
:10F3A0000200000000000000FF00FFFFFFFFFF0061
:10F3B000000000000D000000040000000C00000030
:10F3C000FF000100FFFF0D0000000000150000001D
:10F3D000050000000C000000FF000300FFFFFF001D
:10F3E0000000000006000000040000000C00000007
:10F3F000FF000001FFFFFF00000000000700000009
:10F40000040000000C000000FF000101FFFFFF00EE
:10F4100000000000030000000100000002000000E6
:10F42000FF00FFFFFFFFFF000000000002000000E0
:10F4300001000000020000001400FFFFFFFF0200B7
:10F4400000000000060000000100000002000000B3
:10F450000600000100010600000000000700000097
:10F460000100000002000000070001010101070087
:10F470000D0A00000008004214090000000C0042C0
:10F48000150A000000100042160B00000014004294
:10F49000170C000000180042180D0000001C00426C
:10F4A000190E000000010002000300040000000526
:10F4B000000000060000000700000000000000003F
:10F4C000ED70000019710000E97000000D7100007E
:10F4D0000171000061710000457100000000000032
:10F4E000000000008F75000075740000C1730000FB
:10F4F0006D72000095720000A9720000466561748B
:10F50000686572204D30000004030904416461669F
:10F51000727569740012010002EF0201409A230B18
:10F520008000010102030100000000000000000053
:10F5300001850000A167000019840000D38300004A
:10F54000ED830000C5850000C5810000B581000085
:10F550003D820000DF810000B18100001A001A0026
:10F560001B001B001C001C001D001D00FE9D000058
:10F570008A9D0000F89C0000B29C0000F89C0000EE
:10F58000C69D0000F89C0000B29C00008A9D00000F
:10F590008A9D0000C69D0000B29C0000B89C00003F
:10F5A000B89C0000B89C0000D49D00008A9D00001B
:10F5B0008A9D0000F89C0000AE9C0000F89C0000B2
:10F5C000C69D0000F89C0000AE9C00008A9D0000D3
:10F5D0008A9D0000C69D0000AE9C0000B89C000003
:10F5E000B89C0000B89C0000D09D00003A9F00002D
:10F5F000D89E0000D89E0000D69E0000DC9E000031
:10F60000DC9E000004A00000D69E0000DC9E0000EE
:10F6100004A00000DC9E0000D69E0000BA9F0000FF
:10F62000BA9F0000BA9F00003EA000009CAE000000
:10F6300004AD0000E2AC0000F6AD0000E2AC00005A
:10F640003AAE0000E2AC0000F6AD000004AD0000F0
:10F6500004AD00003AAE0000F6AD0000A8AD000019
:10F66000A8AD0000A8AD000048AE0000D4B5000071
:10F6700002B5000002B50000FEB4000008B50000AD
:10F6800008B50000F4B70000FEB4000008B50000A3
:10F69000F4B7000008B50000FEB4000092B7000007
:10F6A00092B7000092B700005EB800002C2066758B
:10F6B0006E6374696F6E3A2000617373657274696A
:10F6C0006F6E2022257322206661696C65643A2082
:10F6D00066696C6520222573222C206C696E65207A
:10F6E0002564257325730A00AC030020232D302BDD
:10F6F0002000686C4C006566674546470030313233
:10F700003334353637383941424344454600303189
:10F7100032333435363738396162636465660000E8
:10F7200000000000000000000000000000000000D9
:10F7300000000000000000000000000000000000C9
:10F7400000000000000000000000000000000000B9
:10F7500000000000000000000000000000000000A9
:10F760000000000000000000000000000000000099
:10F770000000000000000000000000000000000089
:04F780000000000085
:08F78400EC9FFF7F0100000073
:10F78C00000007073F2020202020202020202020C0
:10F79C002020202020202020203F000000000000FE
:10F7AC0000008080F01010101010101010101010AD
:10F7BC00101010101010101010F0000000000000BD
:10F7CC000200000000000000000101010101010124
:10F7DC000101000000010101010101010100000013
:10F7EC000000000000000000001F2040800000000E
:10F7FC00000000000080808080800000000000007D
:10F80C00008040201F0000000000000000FF0000EE
:10F81C000000008ADAAA8A8A8A890000F922222248
:10F82C002222210000000000FF0000000000000068
:10F83C0000FF00000000004C52504C42528C000063
:10F84C00925458505854920000000000FF000000E1
:10F85C000000000000FF00000000006090909090FD
:10F86C0090600000909090909090600000000000DC
:10F87C00FF00000000000000008040201008080875
:10F88C0008080808181010101018080808080808AC
:10F89C00081020408000000000000101010101015E
:10F8AC004142434445464748494A4B4C4D4E4F50C4
:10F8BC005152535455565758595AFA110B000000CF
:10F8CC000100000001000100010001000100010124
:10F8DC00A10000000100000000000000E80300008F
:10F8EC0001001C00010032000101000000000000BA
:10F8FC0000200042002000423C2000426C200042CC
:10F90C00FFFFFF000100000020A107000000000025
:10F91C00000100000000000000240042002400420E
:10F92C003C2400426C240042FFFFFF000100000059
:10F93C0020A10700000000000001000000000000F2
:10F94C0000280042002800423C2800426C2800425B
:10F95C00FFFF00000100000050C300000000000089
:10F96C000001000000000000000103070F1F3F7F93
:10F97C000080C0E0F0F8FCFE000000000000000079
:10F98C00000000000000000000000000000000006B
:10F99C00000000000000000000000000000000005B
:10F9AC00000000000000000000000000000000004B
:10F9BC0000000000000000808080000000000000BB
:10F9CC000000000000000000008080C0C0000000AB
:10F9DC00000000000000000000000000000000001B
:10F9EC00000000000000000000000000000000000B
:10F9FC0000000000000000000000000000000000FB
:10FA0C0000000000000000000000000080C0E0F0DA
:10FA1C00F8FCF8E00000000000000000000000000E
:10FA2C00000000000080808080800080800000004A
:10FA3C0000808080808000FFFFFF0000000080803D
:10FA4C00808000008080000080FFFF80800080802C
:10FA5C00008080808000808000000000008080009A
:10FA6C00008C8E84000080F8F8F880000000000004
:10FA7C0000000000000000000020004200240042B2
:10FA8C0000280042002C00420030004200340042AA
:10FA9C00FFFFFFFF00366E01FFFFFFFF00C20100FA
:10FAAC0000000800080B000202020000090400001C
:10FABC0001020200000524001001042402060524A2
:10FACC00060001052401010107058103100010093E
:10FADC00040100020A0000000705020240000007B2
:10FAEC000583024000000000FFFFFFFF0000000044
:10FAFC0083000000020000008200000000000000F3
:10FB0C0000000000000000000000000000000000E9
:10FB1C000000000040420F000A0000000A00000034
:10FB2C0008000000FFFFFFFFAC03002000000000F6
:10FB3C0040F7000060F7000020F700000000000014
:10FB4C0000000000000000000000000000000000A9
:10FB5C000000000000000000000000000000000099
:10FB6C000000000000000000000000000000000089
:10FB7C000000000000000000000000000000000079
:10FB8C00000000000000000000000000DD0000008C
:10FB9C005D15000011410000D5440000F555000032
:10FBAC00FD620000456500000D6700004572000015
:10FBBC00A1810000B5000000000000000000000062
:0400000300008891E0
:00000001FF
