  0
SECTION
  2
HEADER
  9
$ACADVER
  1
AC1009
  9
$FILLMODE
 70
1
  9
$EXTMIN
 10
-4.5730
 20
-1.9116
 30
0.0000
  9
$EXTMAX
 10
58.1129
 20
55.1563
 30
0.0000
  0
ENDSEC
  0
SECTION
  2
TABLES
  0
TABLE
  2
LTYPE
 70
1
  0
LTYPE
  2
CONTINUOUS
 70
64
  3
Solid line
 72
65
 73
0
 40
0
  0
ENDTAB
  0
TABLE
  2
LAYER
 70
255
  0
LAYER
  2
16
 70
64
 62
132
  6
CONTINUOUS
  0
LAYER
  2
17
 70
64
 62
110
  6
CONTINUOUS
  0
LAYER
  2
18
 70
64
 62
110
  6
CONTINUOUS
  0
LAYER
  2
20
 70
64
 62
53
  6
CONTINUOUS
  0
LAYER
  2
22
 70
64
 62
6
  6
CONTINUOUS
  0
LAYER
  2
24
 70
64
 62
6
  6
CONTINUOUS
  0
LAYER
  2
40
 70
64
 62
132
  6
CONTINUOUS
  0
LAYER
  2
42
 70
64
 62
132
  6
CONTINUOUS
  0
LAYER
  2
52
 70
64
 62
253
  6
CONTINUOUS
  0
ENDTAB
  0
ENDSEC
  0
SECTION
  2
BLOCKS
  0
BLOCK
  8
0
  2
RECT
 70
64
 10
0.0000
 20
0.0000
 30
0.0000
  3
RECT
  0
SOLID
  8
0
 10
-0.5000
 20
-0.5000
 30
0.0000
 11
0.5000
 21
-0.5000
 31
0.0000
 12
-0.5000
 22
0.5000
 32
0.0000
 13
0.5000
 23
0.5000
 33
0.0000
  0
ENDBLK
  8
0
  0
BLOCK
  8
0
  2
PIE
 70
64
 10
0.0000
 20
0.0000
 30
0.0000
  3
PIE
  0
POLYLINE
  8
0
 66
1
 10
0.0000
 20
0.0000
 30
0.0000
 40
0.5000
 41
0.5000
 70
0
  0
VERTEX
  8
0
 10
0.0000
 20
-0.2500
 30
0.0000
 42
1.0000
  0
VERTEX
  8
0
 10
0.0000
 20
0.2500
 30
0.0000
 42
1.0000
  0
VERTEX
  8
0
 10
0.0000
 20
-0.2500
 30
0.0000
  0
SEQEND
  8
0
  0
ENDBLK
  8
0
  0
BLOCK
  8
0
  2
OCTAGONP
 70
64
 10
0.0000
 20
0.0000
 30
0.0000
  3
OCTAGONP
  0
POLYLINE
  8
0
 66
1
 10
0.0000
 20
0.0000
 30
0.0000
 40
0.5000
 41
0.5000
 70
0
  0
VERTEX
  8
0
 10
-0.2500
 20
-0.1036
 30
0.0000
  0
VERTEX
  8
0
 10
-0.2500
 20
0.1036
 30
0.0000
  0
VERTEX
  8
0
 10
-0.1036
 20
0.2500
 30
0.0000
  0
VERTEX
  8
0
 10
0.1036
 20
0.2500
 30
0.0000
  0
VERTEX
  8
0
 10
0.2500
 20
0.1036
 30
0.0000
  0
VERTEX
  8
0
 10
0.2500
 20
-0.1036
 30
0.0000
  0
VERTEX
  8
0
 10
0.1036
 20
-0.2500
 30
0.0000
  0
VERTEX
  8
0
 10
-0.1036
 20
-0.2500
 30
0.0000
  0
VERTEX
  8
0
 10
-0.2500
 20
-0.1036
 30
0.0000
  0
VERTEX
  8
0
 10
-0.2500
 20
0.1036
 30
0.0000
  0
SEQEND
  8
0
  0
ENDBLK
  8
0
  0
BLOCK
  8
0
  2
SQUAREP
 70
64
 10
0.0000
 20
0.0000
 30
0.0000
  3
SQUAREP
  0
SOLID
  8
0
 10
-0.5000
 20
-0.5000
 30
0.0000
 11
0.5000
 21
-0.5000
 31
0.0000
 12
-0.5000
 22
0.5000
 32
0.0000
 13
0.5000
 23
0.5000
 33
0.0000
  0
ENDBLK
  8
0
  0
BLOCK
  8
0
  2
ROUNDP
 70
64
 10
0.0000
 20
0.0000
 30
0.0000
  3
ROUNDP
  0
POLYLINE
  8
0
 66
1
 10
0.0000
 20
0.0000
 30
0.0000
 40
0.5000
 41
0.5000
 70
0
  0
VERTEX
  8
0
 10
0.0000
 20
-0.2500
 30
0.0000
 42
1.0000
  0
VERTEX
  8
0
 10
0.0000
 20
0.2500
 30
0.0000
 42
1.0000
  0
VERTEX
  8
0
 10
0.0000
 20
-0.2500
 30
0.0000
  0
SEQEND
  8
0
  0
ENDBLK
  8
0
  0
BLOCK
  8
0
  2
ANNULUSP
 70
64
 10
0.0000
 20
0.0000
 30
0.0000
  3
ANNULUSP
  0
POLYLINE
  8
0
 66
1
 10
0.0000
 20
0.0000
 30
0.0000
 40
0.5000
 41
0.5000
 70
0
  0
VERTEX
  8
0
 10
0.0000
 20
-0.2500
 30
0.0000
 42
1.0000
  0
VERTEX
  8
0
 10
0.0000
 20
0.2500
 30
0.0000
 42
1.0000
  0
VERTEX
  8
0
 10
0.0000
 20
-0.2500
 30
0.0000
  0
SEQEND
  8
0
  0
ENDBLK
  8
0
  0
BLOCK
  8
0
  2
THERMALP
 70
64
 10
0.0000
 20
0.0000
 30
0.0000
  3
THERMALP
  0
POLYLINE
  8
0
 66
1
 10
0.0000
 20
0.0000
 30
0.0000
 40
0.1000
 41
0.1000
 70
0
  0
VERTEX
  8
0
 10
-0.2379
 20
0.4500
 30
0.0000
  0
VERTEX
  8
0
 10
0.2379
 20
0.4500
 30
0.0000
  0
SEQEND
  8
0
  0
POLYLINE
  8
0
 66
1
 10
0.0000
 20
0.0000
 30
0.0000
 40
0.0500
 41
0.0500
 70
0
  0
VERTEX
  8
0
 10
0.2379
 20
0.4250
 30
0.0000
 42
1.0000
  0
VERTEX
  8
0
 10
0.2379
 20
0.4750
 30
0.0000
  0
SEQEND
  8
0
  0
POLYLINE
  8
0
 66
1
 10
0.0000
 20
0.0000
 30
0.0000
 40
0.0500
 41
0.0500
 70
0
  0
VERTEX
  8
0
 10
-0.2379
 20
0.4750
 30
0.0000
 42
1.0000
  0
VERTEX
  8
0
 10
-0.2379
 20
0.4250
 30
0.0000
  0
SEQEND
  8
0
  0
POLYLINE
  8
0
 66
1
 10
0.0000
 20
0.0000
 30
0.0000
 40
0.1000
 41
0.1000
 70
0
  0
VERTEX
  8
0
 10
0.4500
 20
0.2379
 30
0.0000
  0
VERTEX
  8
0
 10
0.4500
 20
-0.2379
 30
0.0000
  0
SEQEND
  8
0
  0
POLYLINE
  8
0
 66
1
 10
0.0000
 20
0.0000
 30
0.0000
 40
0.0500
 41
0.0500
 70
0
  0
VERTEX
  8
0
 10
0.4250
 20
-0.2379
 30
0.0000
 42
1.0000
  0
VERTEX
  8
0
 10
0.4750
 20
-0.2379
 30
0.0000
  0
SEQEND
  8
0
  0
POLYLINE
  8
0
 66
1
 10
0.0000
 20
0.0000
 30
0.0000
 40
0.0500
 41
0.0500
 70
0
  0
VERTEX
  8
0
 10
0.4750
 20
0.2379
 30
0.0000
 42
1.0000
  0
VERTEX
  8
0
 10
0.4250
 20
0.2379
 30
0.0000
  0
SEQEND
  8
0
  0
POLYLINE
  8
0
 66
1
 10
0.0000
 20
0.0000
 30
0.0000
 40
0.1000
 41
0.1000
 70
0
  0
VERTEX
  8
0
 10
0.2379
 20
-0.4500
 30
0.0000
  0
VERTEX
  8
0
 10
-0.2379
 20
-0.4500
 30
0.0000
  0
SEQEND
  8
0
  0
POLYLINE
  8
0
 66
1
 10
0.0000
 20
0.0000
 30
0.0000
 40
0.0500
 41
0.0500
 70
0
  0
VERTEX
  8
0
 10
-0.2379
 20
-0.4250
 30
0.0000
 42
1.0000
  0
VERTEX
  8
0
 10
-0.2379
 20
-0.4750
 30
0.0000
  0
SEQEND
  8
0
  0
POLYLINE
  8
0
 66
1
 10
0.0000
 20
0.0000
 30
0.0000
 40
0.0500
 41
0.0500
 70
0
  0
VERTEX
  8
0
 10
0.2379
 20
-0.4750
 30
0.0000
 42
1.0000
  0
VERTEX
  8
0
 10
0.2379
 20
-0.4250
 30
0.0000
  0
SEQEND
  8
0
  0
POLYLINE
  8
0
 66
1
 10
0.0000
 20
0.0000
 30
0.0000
 40
0.1000
 41
0.1000
 70
0
  0
VERTEX
  8
0
 10
-0.4500
 20
-0.2379
 30
0.0000
  0
VERTEX
  8
0
 10
-0.4500
 20
0.2379
 30
0.0000
  0
SEQEND
  8
0
  0
POLYLINE
  8
0
 66
1
 10
0.0000
 20
0.0000
 30
0.0000
 40
0.0500
 41
0.0500
 70
0
  0
VERTEX
  8
0
 10
-0.4250
 20
0.2379
 30
0.0000
 42
1.0000
  0
VERTEX
  8
0
 10
-0.4750
 20
0.2379
 30
0.0000
  0
SEQEND
  8
0
  0
POLYLINE
  8
0
 66
1
 10
0.0000
 20
0.0000
 30
0.0000
 40
0.0500
 41
0.0500
 70
0
  0
VERTEX
  8
0
 10
-0.4750
 20
-0.2379
 30
0.0000
 42
1.0000
  0
VERTEX
  8
0
 10
-0.4250
 20
-0.2379
 30
0.0000
  0
SEQEND
  8
0
  0
ENDBLK
  8
0
  0
BLOCK
  8
0
  2
OCTAGONV
 70
64
 10
0.0000
 20
0.0000
 30
0.0000
  3
OCTAGONV
  0
POLYLINE
  8
0
 66
1
 10
0.0000
 20
0.0000
 30
0.0000
 40
0.5000
 41
0.5000
 70
0
  0
VERTEX
  8
0
 10
-0.2500
 20
-0.1036
 30
0.0000
  0
VERTEX
  8
0
 10
-0.2500
 20
0.1036
 30
0.0000
  0
VERTEX
  8
0
 10
-0.1036
 20
0.2500
 30
0.0000
  0
VERTEX
  8
0
 10
0.1036
 20
0.2500
 30
0.0000
  0
VERTEX
  8
0
 10
0.2500
 20
0.1036
 30
0.0000
  0
VERTEX
  8
0
 10
0.2500
 20
-0.1036
 30
0.0000
  0
VERTEX
  8
0
 10
0.1036
 20
-0.2500
 30
0.0000
  0
VERTEX
  8
0
 10
-0.1036
 20
-0.2500
 30
0.0000
  0
VERTEX
  8
0
 10
-0.2500
 20
-0.1036
 30
0.0000
  0
VERTEX
  8
0
 10
-0.2500
 20
0.1036
 30
0.0000
  0
SEQEND
  8
0
  0
ENDBLK
  8
0
  0
BLOCK
  8
0
  2
SQUAREV
 70
64
 10
0.0000
 20
0.0000
 30
0.0000
  3
SQUAREV
  0
SOLID
  8
0
 10
-0.5000
 20
-0.5000
 30
0.0000
 11
0.5000
 21
-0.5000
 31
0.0000
 12
-0.5000
 22
0.5000
 32
0.0000
 13
0.5000
 23
0.5000
 33
0.0000
  0
ENDBLK
  8
0
  0
BLOCK
  8
0
  2
ROUNDV
 70
64
 10
0.0000
 20
0.0000
 30
0.0000
  3
ROUNDV
  0
POLYLINE
  8
0
 66
1
 10
0.0000
 20
0.0000
 30
0.0000
 40
0.5000
 41
0.5000
 70
0
  0
VERTEX
  8
0
 10
0.0000
 20
-0.2500
 30
0.0000
 42
1.0000
  0
VERTEX
  8
0
 10
0.0000
 20
0.2500
 30
0.0000
 42
1.0000
  0
VERTEX
  8
0
 10
0.0000
 20
-0.2500
 30
0.0000
  0
SEQEND
  8
0
  0
ENDBLK
  8
0
  0
BLOCK
  8
0
  2
ANNULUSV
 70
64
 10
0.0000
 20
0.0000
 30
0.0000
  3
ANNULUSV
  0
POLYLINE
  8
0
 66
1
 10
0.0000
 20
0.0000
 30
0.0000
 40
0.5000
 41
0.5000
 70
0
  0
VERTEX
  8
0
 10
0.0000
 20
-0.2500
 30
0.0000
 42
1.0000
  0
VERTEX
  8
0
 10
0.0000
 20
0.2500
 30
0.0000
 42
1.0000
  0
VERTEX
  8
0
 10
0.0000
 20
-0.2500
 30
0.0000
  0
SEQEND
  8
0
  0
ENDBLK
  8
0
  0
BLOCK
  8
0
  2
THERMALV
 70
64
 10
0.0000
 20
0.0000
 30
0.0000
  3
THERMALV
  0
POLYLINE
  8
0
 66
1
 10
0.0000
 20
0.0000
 30
0.0000
 40
0.1000
 41
0.1000
 70
0
  0
VERTEX
  8
0
 10
-0.2379
 20
0.4500
 30
0.0000
  0
VERTEX
  8
0
 10
0.2379
 20
0.4500
 30
0.0000
  0
SEQEND
  8
0
  0
POLYLINE
  8
0
 66
1
 10
0.0000
 20
0.0000
 30
0.0000
 40
0.0500
 41
0.0500
 70
0
  0
VERTEX
  8
0
 10
0.2379
 20
0.4250
 30
0.0000
 42
1.0000
  0
VERTEX
  8
0
 10
0.2379
 20
0.4750
 30
0.0000
  0
SEQEND
  8
0
  0
POLYLINE
  8
0
 66
1
 10
0.0000
 20
0.0000
 30
0.0000
 40
0.0500
 41
0.0500
 70
0
  0
VERTEX
  8
0
 10
-0.2379
 20
0.4750
 30
0.0000
 42
1.0000
  0
VERTEX
  8
0
 10
-0.2379
 20
0.4250
 30
0.0000
  0
SEQEND
  8
0
  0
POLYLINE
  8
0
 66
1
 10
0.0000
 20
0.0000
 30
0.0000
 40
0.1000
 41
0.1000
 70
0
  0
VERTEX
  8
0
 10
0.4500
 20
0.2379
 30
0.0000
  0
VERTEX
  8
0
 10
0.4500
 20
-0.2379
 30
0.0000
  0
SEQEND
  8
0
  0
POLYLINE
  8
0
 66
1
 10
0.0000
 20
0.0000
 30
0.0000
 40
0.0500
 41
0.0500
 70
0
  0
VERTEX
  8
0
 10
0.4250
 20
-0.2379
 30
0.0000
 42
1.0000
  0
VERTEX
  8
0
 10
0.4750
 20
-0.2379
 30
0.0000
  0
SEQEND
  8
0
  0
POLYLINE
  8
0
 66
1
 10
0.0000
 20
0.0000
 30
0.0000
 40
0.0500
 41
0.0500
 70
0
  0
VERTEX
  8
0
 10
0.4750
 20
0.2379
 30
0.0000
 42
1.0000
  0
VERTEX
  8
0
 10
0.4250
 20
0.2379
 30
0.0000
  0
SEQEND
  8
0
  0
POLYLINE
  8
0
 66
1
 10
0.0000
 20
0.0000
 30
0.0000
 40
0.1000
 41
0.1000
 70
0
  0
VERTEX
  8
0
 10
0.2379
 20
-0.4500
 30
0.0000
  0
VERTEX
  8
0
 10
-0.2379
 20
-0.4500
 30
0.0000
  0
SEQEND
  8
0
  0
POLYLINE
  8
0
 66
1
 10
0.0000
 20
0.0000
 30
0.0000
 40
0.0500
 41
0.0500
 70
0
  0
VERTEX
  8
0
 10
-0.2379
 20
-0.4250
 30
0.0000
 42
1.0000
  0
VERTEX
  8
0
 10
-0.2379
 20
-0.4750
 30
0.0000
  0
SEQEND
  8
0
  0
POLYLINE
  8
0
 66
1
 10
0.0000
 20
0.0000
 30
0.0000
 40
0.0500
 41
0.0500
 70
0
  0
VERTEX
  8
0
 10
0.2379
 20
-0.4750
 30
0.0000
 42
1.0000
  0
VERTEX
  8
0
 10
0.2379
 20
-0.4250
 30
0.0000
  0
SEQEND
  8
0
  0
POLYLINE
  8
0
 66
1
 10
0.0000
 20
0.0000
 30
0.0000
 40
0.1000
 41
0.1000
 70
0
  0
VERTEX
  8
0
 10
-0.4500
 20
-0.2379
 30
0.0000
  0
VERTEX
  8
0
 10
-0.4500
 20
0.2379
 30
0.0000
  0
SEQEND
  8
0
  0
POLYLINE
  8
0
 66
1
 10
0.0000
 20
0.0000
 30
0.0000
 40
0.0500
 41
0.0500
 70
0
  0
VERTEX
  8
0
 10
-0.4250
 20
0.2379
 30
0.0000
 42
1.0000
  0
VERTEX
  8
0
 10
-0.4750
 20
0.2379
 30
0.0000
  0
SEQEND
  8
0
  0
POLYLINE
  8
0
 66
1
 10
0.0000
 20
0.0000
 30
0.0000
 40
0.0500
 41
0.0500
 70
0
  0
VERTEX
  8
0
 10
-0.4750
 20
-0.2379
 30
0.0000
 42
1.0000
  0
VERTEX
  8
0
 10
-0.4250
 20
-0.2379
 30
0.0000
  0
SEQEND
  8
0
  0
ENDBLK
  8
0
  0
ENDSEC
  0
SECTION
  2
ENTITIES
  0
POLYLINE
  8
52
 66
1
 10
0.0000
 20
0.0000
 30
0.0000
 40
0.2032
 41
0.2032
 70
0
  0
VERTEX
  8
52
 10
22.6300
 20
-0.3800
 30
0.0000
  0
VERTEX
  8
52
 10
24.2300
 20
-0.3800
 30
0.0000
  0
SEQEND
  8
0
  0
POLYLINE
  8
52
 66
1
 10
0.0000
 20
0.0000
 30
0.0000
 40
0.1016
 41
0.1016
 70
0
  0
VERTEX
  8
52
 10
24.2300
 20
-0.4308
 30
0.0000
 42
1.0000
  0
VERTEX
  8
52
 10
24.2300
 20
-0.3292
 30
0.0000
  0
SEQEND
  8
0
  0
POLYLINE
  8
52
 66
1
 10
0.0000
 20
0.0000
 30
0.0000
 40
0.1016
 41
0.1016
 70
0
  0
VERTEX
  8
52
 10
22.6300
 20
-0.3292
 30
0.0000
 42
1.0000
  0
VERTEX
  8
52
 10
22.6300
 20
-0.4308
 30
0.0000
  0
SEQEND
  8
0
  0
POLYLINE
  8
52
 66
1
 10
0.0000
 20
0.0000
 30
0.0000
 40
0.2032
 41
0.2032
 70
0
  0
VERTEX
  8
52
 10
24.2300
 20
-0.3800
 30
0.0000
  0
VERTEX
  8
52
 10
24.3100
 20
-0.3000
 30
0.0000
  0
SEQEND
  8
0
  0
POLYLINE
  8
52
 66
1
 10
0.0000
 20
0.0000
 30
0.0000
 40
0.1016
 41
0.1016
 70
0
  0
VERTEX
  8
52
 10
24.3459
 20
-0.3359
 30
0.0000
 42
1.0000
  0
VERTEX
  8
52
 10
24.2741
 20
-0.2641
 30
0.0000
  0
SEQEND
  8
0
  0
POLYLINE
  8
52
 66
1
 10
0.0000
 20
0.0000
 30
0.0000
 40
0.1016
 41
0.1016
 70
0
  0
VERTEX
  8
52
 10
24.1941
 20
-0.3441
 30
0.0000
 42
1.0000
  0
VERTEX
  8
52
 10
24.2659
 20
-0.4159
 30
0.0000
  0
SEQEND
  8
0
  0
POLYLINE
  8
52
 66
1
 10
0.0000
 20
0.0000
 30
0.0000
 40
0.2032
 41
0.2032
 70
0
  0
VERTEX
  8
52
 10
24.3100
 20
-0.3000
 30
0.0000
  0
VERTEX
  8
52
 10
24.3100
 20
1.5100
 30
0.0000
  0
SEQEND
  8
0
  0
POLYLINE
  8
52
 66
1
 10
0.0000
 20
0.0000
 30
0.0000
 40
0.1016
 41
0.1016
 70
0
  0
VERTEX
  8
52
 10
24.3608
 20
1.5100
 30
0.0000
 42
1.0000
  0
VERTEX
  8
52
 10
24.2592
 20
1.5100
 30
0.0000
  0
SEQEND
  8
0
  0
POLYLINE
  8
52
 66
1
 10
0.0000
 20
0.0000
 30
0.0000
 40
0.1016
 41
0.1016
 70
0
  0
VERTEX
  8
52
 10
24.2592
 20
-0.3000
 30
0.0000
 42
1.0000
  0
VERTEX
  8
52
 10
24.3608
 20
-0.3000
 30
0.0000
  0
SEQEND
  8
0
  0
POLYLINE
  8
22
 66
1
 10
0.0000
 20
0.0000
 30
0.0000
 40
0.0100
 41
0.0100
 70
0
  0
VERTEX
  8
22
 10
49.3921
 20
54.5197
 30
0.0000
  0
VERTEX
  8
22
 10
49.3921
 20
51.0461
 30
0.0000
  0
SEQEND
  8
0
  0
POLYLINE
  8
22
 66
1
 10
0.0000
 20
0.0000
 30
0.0000
 40
0.0050
 41
0.0050
 70
0
  0
VERTEX
  8
22
 10
49.3896
 20
51.0461
 30
0.0000
 42
1.0000
  0
VERTEX
  8
22
 10
49.3946
 20
51.0461
 30
0.0000
  0
SEQEND
  8
0
  0
POLYLINE
  8
22
 66
1
 10
0.0000
 20
0.0000
 30
0.0000
 40
0.0050
 41
0.0050
 70
0
  0
VERTEX
  8
22
 10
49.3946
 20
54.5197
 30
0.0000
 42
1.0000
  0
VERTEX
  8
22
 10
49.3896
 20
54.5197
 30
0.0000
  0
SEQEND
  8
0
  0
POLYLINE
  8
22
 66
1
 10
0.0000
 20
0.0000
 30
0.0000
 40
0.0100
 41
0.0100
 70
0
  0
VERTEX
  8
22
 10
49.3921
 20
51.0461
 30
0.0000
 42
0.4142
  0
VERTEX
  8
22
 10
50.0237
 20
50.4145
 30
0.0000
  0
SEQEND
  8
0
  0
POLYLINE
  8
22
 66
1
 10
0.0000
 20
0.0000
 30
0.0000
 40
0.0050
 41
0.0050
 70
0
  0
VERTEX
  8
22
 10
49.3946
 20
51.0460
 30
0.0000
 42
1.0000
  0
VERTEX
  8
22
 10
49.3896
 20
51.0461
 30
0.0000
  0
SEQEND
  8
0
  0
POLYLINE
  8
22
 66
1
 10
0.0000
 20
0.0000
 30
0.0000
 40
0.0050
 41
0.0050
 70
0
  0
VERTEX
  8
22
 10
50.0237
 20
50.4120
 30
0.0000
 42
1.0000
  0
VERTEX
  8
22
 10
50.0237
 20
50.4170
 30
0.0000
  0
SEQEND
  8
0
  0
POLYLINE
  8
22
 66
1
 10
0.0000
 20
0.0000
 30
0.0000
 40
0.0100
 41
0.0100
 70
0
  0
VERTEX
  8
22
 10
50.0237
 20
55.1513
 30
0.0000
 42
0.4142
  0
VERTEX
  8
22
 10
49.3921
 20
54.5197
 30
0.0000
  0
SEQEND
  8
0
  0
POLYLINE
  8
22
 66
1
 10
0.0000
 20
0.0000
 30
0.0000
 40
0.0050
 41
0.0050
 70
0
  0
VERTEX
  8
22
 10
50.0237
 20
55.1488
 30
0.0000
 42
1.0000
  0
VERTEX
  8
22
 10
50.0237
 20
55.1538
 30
0.0000
  0
SEQEND
  8
0
  0
POLYLINE
  8
22
 66
1
 10
0.0000
 20
0.0000
 30
0.0000
 40
0.0050
 41
0.0050
 70
0
  0
VERTEX
  8
22
 10
49.3896
 20
54.5197
 30
0.0000
 42
1.0000
  0
VERTEX
  8
22
 10
49.3946
 20
54.5197
 30
0.0000
  0
SEQEND
  8
0
  0
POLYLINE
  8
22
 66
1
 10
0.0000
 20
0.0000
 30
0.0000
 40
0.0100
 41
0.0100
 70
0
  0
VERTEX
  8
22
 10
57.4763
 20
50.4145
 30
0.0000
 42
0.4142
  0
VERTEX
  8
22
 10
58.1079
 20
51.0461
 30
0.0000
  0
SEQEND
  8
0
  0
POLYLINE
  8
22
 66
1
 10
0.0000
 20
0.0000
 30
0.0000
 40
0.0050
 41
0.0050
 70
0
  0
VERTEX
  8
22
 10
57.4763
 20
50.4170
 30
0.0000
 42
1.0000
  0
VERTEX
  8
22
 10
57.4763
 20
50.4120
 30
0.0000
  0
SEQEND
  8
0
  0
POLYLINE
  8
22
 66
1
 10
0.0000
 20
0.0000
 30
0.0000
 40
0.0050
 41
0.0050
 70
0
  0
VERTEX
  8
22
 10
58.1104
 20
51.0461
 30
0.0000
 42
1.0000
  0
VERTEX
  8
22
 10
58.1054
 20
51.0461
 30
0.0000
  0
SEQEND
  8
0
  0
POLYLINE
  8
22
 66
1
 10
0.0000
 20
0.0000
 30
0.0000
 40
0.0100
 41
0.0100
 70
0
  0
VERTEX
  8
22
 10
58.1079
 20
54.5197
 30
0.0000
 42
0.4142
  0
VERTEX
  8
22
 10
57.4763
 20
55.1513
 30
0.0000
  0
SEQEND
  8
0
  0
POLYLINE
  8
22
 66
1
 10
0.0000
 20
0.0000
 30
0.0000
 40
0.0050
 41
0.0050
 70
0
  0
VERTEX
  8
22
 10
58.1054
 20
54.5197
 30
0.0000
 42
1.0000
  0
VERTEX
  8
22
 10
58.1104
 20
54.5197
 30
0.0000
  0
SEQEND
  8
0
  0
POLYLINE
  8
22
 66
1
 10
0.0000
 20
0.0000
 30
0.0000
 40
0.0050
 41
0.0050
 70
0
  0
VERTEX
  8
22
 10
57.4763
 20
55.1538
 30
0.0000
 42
1.0000
  0
VERTEX
  8
22
 10
57.4763
 20
55.1488
 30
0.0000
  0
SEQEND
  8
0
  0
POLYLINE
  8
22
 66
1
 10
0.0000
 20
0.0000
 30
0.0000
 40
0.0100
 41
0.0100
 70
0
  0
VERTEX
  8
22
 10
58.1079
 20
51.0461
 30
0.0000
  0
VERTEX
  8
22
 10
58.1079
 20
54.5197
 30
0.0000
  0
SEQEND
  8
0
  0
POLYLINE
  8
22
 66
1
 10
0.0000
 20
0.0000
 30
0.0000
 40
0.0050
 41
0.0050
 70
0
  0
VERTEX
  8
22
 10
58.1104
 20
54.5197
 30
0.0000
 42
1.0000
  0
VERTEX
  8
22
 10
58.1054
 20
54.5197
 30
0.0000
  0
SEQEND
  8
0
  0
POLYLINE
  8
22
 66
1
 10
0.0000
 20
0.0000
 30
0.0000
 40
0.0050
 41
0.0050
 70
0
  0
VERTEX
  8
22
 10
58.1054
 20
51.0461
 30
0.0000
 42
1.0000
  0
VERTEX
  8
22
 10
58.1104
 20
51.0461
 30
0.0000
  0
SEQEND
  8
0
  0
POLYLINE
  8
22
 66
1
 10
0.0000
 20
0.0000
 30
0.0000
 40
0.0100
 41
0.0100
 70
0
  0
VERTEX
  8
22
 10
50.0237
 20
50.4145
 30
0.0000
  0
VERTEX
  8
22
 10
57.4763
 20
50.4145
 30
0.0000
  0
SEQEND
  8
0
  0
POLYLINE
  8
22
 66
1
 10
0.0000
 20
0.0000
 30
0.0000
 40
0.0050
 41
0.0050
 70
0
  0
VERTEX
  8
22
 10
57.4763
 20
50.4120
 30
0.0000
 42
1.0000
  0
VERTEX
  8
22
 10
57.4763
 20
50.4170
 30
0.0000
  0
SEQEND
  8
0
  0
POLYLINE
  8
22
 66
1
 10
0.0000
 20
0.0000
 30
0.0000
 40
0.0050
 41
0.0050
 70
0
  0
VERTEX
  8
22
 10
50.0237
 20
50.4170
 30
0.0000
 42
1.0000
  0
VERTEX
  8
22
 10
50.0237
 20
50.4120
 30
0.0000
  0
SEQEND
  8
0
  0
POLYLINE
  8
22
 66
1
 10
0.0000
 20
0.0000
 30
0.0000
 40
0.0100
 41
0.0100
 70
0
  0
VERTEX
  8
22
 10
57.4763
 20
55.1513
 30
0.0000
  0
VERTEX
  8
22
 10
50.0237
 20
55.1513
 30
0.0000
  0
SEQEND
  8
0
  0
POLYLINE
  8
22
 66
1
 10
0.0000
 20
0.0000
 30
0.0000
 40
0.0050
 41
0.0050
 70
0
  0
VERTEX
  8
22
 10
50.0237
 20
55.1538
 30
0.0000
 42
1.0000
  0
VERTEX
  8
22
 10
50.0237
 20
55.1488
 30
0.0000
  0
SEQEND
  8
0
  0
POLYLINE
  8
22
 66
1
 10
0.0000
 20
0.0000
 30
0.0000
 40
0.0050
 41
0.0050
 70
0
  0
VERTEX
  8
22
 10
57.4763
 20
55.1488
 30
0.0000
 42
1.0000
  0
VERTEX
  8
22
 10
57.4763
 20
55.1538
 30
0.0000
  0
SEQEND
  8
0
  0
POLYLINE
  8
20
 66
1
 10
0.0000
 20
0.0000
 30
0.0000
 40
0.0100
 41
0.0100
 70
0
  0
VERTEX
  8
20
 10
4.8984
 20
33.8076
 30
0.0000
  0
VERTEX
  8
20
 10
4.8984
 20
18.7985
 30
0.0000
  0
SEQEND
  8
0
  0
POLYLINE
  8
20
 66
1
 10
0.0000
 20
0.0000
 30
0.0000
 40
0.0050
 41
0.0050
 70
0
  0
VERTEX
  8
20
 10
4.8959
 20
18.7985
 30
0.0000
 42
1.0000
  0
VERTEX
  8
20
 10
4.9009
 20
18.7985
 30
0.0000
  0
SEQEND
  8
0
  0
POLYLINE
  8
20
 66
1
 10
0.0000
 20
0.0000
 30
0.0000
 40
0.0050
 41
0.0050
 70
0
  0
VERTEX
  8
20
 10
4.9009
 20
33.8076
 30
0.0000
 42
1.0000
  0
VERTEX
  8
20
 10
4.8959
 20
33.8076
 30
0.0000
  0
SEQEND
  8
0
  0
POLYLINE
  8
20
 66
1
 10
0.0000
 20
0.0000
 30
0.0000
 40
0.0100
 41
0.0100
 70
0
  0
VERTEX
  8
20
 10
4.3968
 20
3.7224
 30
0.0000
 42
0.4142
  0
VERTEX
  8
20
 10
7.2468
 20
0.8724
 30
0.0000
  0
SEQEND
  8
0
  0
POLYLINE
  8
20
 66
1
 10
0.0000
 20
0.0000
 30
0.0000
 40
0.0050
 41
0.0050
 70
0
  0
VERTEX
  8
20
 10
4.3993
 20
3.7224
 30
0.0000
 42
1.0000
  0
VERTEX
  8
20
 10
4.3943
 20
3.7224
 30
0.0000
  0
SEQEND
  8
0
  0
POLYLINE
  8
20
 66
1
 10
0.0000
 20
0.0000
 30
0.0000
 40
0.0050
 41
0.0050
 70
0
  0
VERTEX
  8
20
 10
7.2468
 20
0.8699
 30
0.0000
 42
1.0000
  0
VERTEX
  8
20
 10
7.2468
 20
0.8749
 30
0.0000
  0
SEQEND
  8
0
  0
POLYLINE
  8
20
 66
1
 10
0.0000
 20
0.0000
 30
0.0000
 40
0.0100
 41
0.0100
 70
0
  0
VERTEX
  8
20
 10
19.9000
 20
17.0908
 30
0.0000
 42
0.1438
  0
VERTEX
  8
20
 10
19.6229
 20
18.0343
 30
0.0000
  0
SEQEND
  8
0
  0
POLYLINE
  8
20
 66
1
 10
0.0000
 20
0.0000
 30
0.0000
 40
0.0050
 41
0.0050
 70
0
  0
VERTEX
  8
20
 10
19.8975
 20
17.0908
 30
0.0000
 42
1.0000
  0
VERTEX
  8
20
 10
19.9025
 20
17.0908
 30
0.0000
  0
SEQEND
  8
0
  0
POLYLINE
  8
20
 66
1
 10
0.0000
 20
0.0000
 30
0.0000
 40
0.0050
 41
0.0050
 70
0
  0
VERTEX
  8
20
 10
19.6250
 20
18.0357
 30
0.0000
 42
1.0000
  0
VERTEX
  8
20
 10
19.6208
 20
18.0329
 30
0.0000
  0
SEQEND
  8
0
  0
POLYLINE
  8
20
 66
1
 10
0.0000
 20
0.0000
 30
0.0000
 40
0.0100
 41
0.0100
 70
0
  0
VERTEX
  8
20
 10
19.3984
 20
18.7985
 30
0.0000
 42
0.1438
  0
VERTEX
  8
20
 10
19.6229
 20
18.0343
 30
0.0000
  0
SEQEND
  8
0
  0
POLYLINE
  8
20
 66
1
 10
0.0000
 20
0.0000
 30
0.0000
 40
0.0050
 41
0.0050
 70
0
  0
VERTEX
  8
20
 10
19.4009
 20
18.7985
 30
0.0000
 42
1.0000
  0
VERTEX
  8
20
 10
19.3959
 20
18.7985
 30
0.0000
  0
SEQEND
  8
0
  0
POLYLINE
  8
20
 66
1
 10
0.0000
 20
0.0000
 30
0.0000
 40
0.0050
 41
0.0050
 70
0
  0
VERTEX
  8
20
 10
19.6208
 20
18.0329
 30
0.0000
 42
1.0000
  0
VERTEX
  8
20
 10
19.6250
 20
18.0357
 30
0.0000
  0
SEQEND
  8
0
  0
POLYLINE
  8
20
 66
1
 10
0.0000
 20
0.0000
 30
0.0000
 40
0.0100
 41
0.0100
 70
0
  0
VERTEX
  8
20
 10
17.0500
 20
0.8724
 30
0.0000
 42
0.4142
  0
VERTEX
  8
20
 10
19.9000
 20
3.7224
 30
0.0000
  0
SEQEND
  8
0
  0
POLYLINE
  8
20
 66
1
 10
0.0000
 20
0.0000
 30
0.0000
 40
0.0050
 41
0.0050
 70
0
  0
VERTEX
  8
20
 10
17.0500
 20
0.8749
 30
0.0000
 42
1.0000
  0
VERTEX
  8
20
 10
17.0500
 20
0.8699
 30
0.0000
  0
SEQEND
  8
0
  0
POLYLINE
  8
20
 66
1
 10
0.0000
 20
0.0000
 30
0.0000
 40
0.0050
 41
0.0050
 70
0
  0
VERTEX
  8
20
 10
19.9025
 20
3.7224
 30
0.0000
 42
1.0000
  0
VERTEX
  8
20
 10
19.8975
 20
3.7224
 30
0.0000
  0
SEQEND
  8
0
  0
POLYLINE
  8
20
 66
1
 10
0.0000
 20
0.0000
 30
0.0000
 40
0.0100
 41
0.0100
 70
0
  0
VERTEX
  8
20
 10
10.8984
 20
39.8076
 30
0.0000
 42
0.4142
  0
VERTEX
  8
20
 10
4.8984
 20
33.8076
 30
0.0000
  0
SEQEND
  8
0
  0
POLYLINE
  8
20
 66
1
 10
0.0000
 20
0.0000
 30
0.0000
 40
0.0050
 41
0.0050
 70
0
  0
VERTEX
  8
20
 10
10.8984
 20
39.8051
 30
0.0000
 42
1.0000
  0
VERTEX
  8
20
 10
10.8984
 20
39.8101
 30
0.0000
  0
SEQEND
  8
0
  0
POLYLINE
  8
20
 66
1
 10
0.0000
 20
0.0000
 30
0.0000
 40
0.0050
 41
0.0050
 70
0
  0
VERTEX
  8
20
 10
4.8959
 20
33.8076
 30
0.0000
 42
1.0000
  0
VERTEX
  8
20
 10
4.9009
 20
33.8076
 30
0.0000
  0
SEQEND
  8
0
  0
POLYLINE
  8
20
 66
1
 10
0.0000
 20
0.0000
 30
0.0000
 40
0.0100
 41
0.0100
 70
0
  0
VERTEX
  8
20
 10
4.3968
 20
17.0908
 30
0.0000
  0
VERTEX
  8
20
 10
4.3968
 20
3.7224
 30
0.0000
  0
SEQEND
  8
0
  0
POLYLINE
  8
20
 66
1
 10
0.0000
 20
0.0000
 30
0.0000
 40
0.0050
 41
0.0050
 70
0
  0
VERTEX
  8
20
 10
4.3943
 20
3.7224
 30
0.0000
 42
1.0000
  0
VERTEX
  8
20
 10
4.3993
 20
3.7224
 30
0.0000
  0
SEQEND
  8
0
  0
POLYLINE
  8
20
 66
1
 10
0.0000
 20
0.0000
 30
0.0000
 40
0.0050
 41
0.0050
 70
0
  0
VERTEX
  8
20
 10
4.3993
 20
17.0908
 30
0.0000
 42
1.0000
  0
VERTEX
  8
20
 10
4.3943
 20
17.0908
 30
0.0000
  0
SEQEND
  8
0
  0
POLYLINE
  8
20
 66
1
 10
0.0000
 20
0.0000
 30
0.0000
 40
0.0100
 41
0.0100
 70
0
  0
VERTEX
  8
20
 10
19.3984
 20
18.7985
 30
0.0000
  0
VERTEX
  8
20
 10
19.3984
 20
33.8076
 30
0.0000
  0
SEQEND
  8
0
  0
POLYLINE
  8
20
 66
1
 10
0.0000
 20
0.0000
 30
0.0000
 40
0.0050
 41
0.0050
 70
0
  0
VERTEX
  8
20
 10
19.4009
 20
33.8076
 30
0.0000
 42
1.0000
  0
VERTEX
  8
20
 10
19.3959
 20
33.8076
 30
0.0000
  0
SEQEND
  8
0
  0
POLYLINE
  8
20
 66
1
 10
0.0000
 20
0.0000
 30
0.0000
 40
0.0050
 41
0.0050
 70
0
  0
VERTEX
  8
20
 10
19.3959
 20
18.7985
 30
0.0000
 42
1.0000
  0
VERTEX
  8
20
 10
19.4009
 20
18.7985
 30
0.0000
  0
SEQEND
  8
0
  0
POLYLINE
  8
20
 66
1
 10
0.0000
 20
0.0000
 30
0.0000
 40
0.0100
 41
0.0100
 70
0
  0
VERTEX
  8
20
 10
19.3984
 20
33.8076
 30
0.0000
 42
0.4142
  0
VERTEX
  8
20
 10
13.3984
 20
39.8076
 30
0.0000
  0
SEQEND
  8
0
  0
POLYLINE
  8
20
 66
1
 10
0.0000
 20
0.0000
 30
0.0000
 40
0.0050
 41
0.0050
 70
0
  0
VERTEX
  8
20
 10
19.3959
 20
33.8076
 30
0.0000
 42
1.0000
  0
VERTEX
  8
20
 10
19.4009
 20
33.8076
 30
0.0000
  0
SEQEND
  8
0
  0
POLYLINE
  8
20
 66
1
 10
0.0000
 20
0.0000
 30
0.0000
 40
0.0050
 41
0.0050
 70
0
  0
VERTEX
  8
20
 10
13.3984
 20
39.8101
 30
0.0000
 42
1.0000
  0
VERTEX
  8
20
 10
13.3984
 20
39.8051
 30
0.0000
  0
SEQEND
  8
0
  0
POLYLINE
  8
20
 66
1
 10
0.0000
 20
0.0000
 30
0.0000
 40
0.0100
 41
0.0100
 70
0
  0
VERTEX
  8
20
 10
7.2468
 20
0.8724
 30
0.0000
  0
VERTEX
  8
20
 10
17.0500
 20
0.8724
 30
0.0000
  0
SEQEND
  8
0
  0
POLYLINE
  8
20
 66
1
 10
0.0000
 20
0.0000
 30
0.0000
 40
0.0050
 41
0.0050
 70
0
  0
VERTEX
  8
20
 10
17.0500
 20
0.8699
 30
0.0000
 42
1.0000
  0
VERTEX
  8
20
 10
17.0500
 20
0.8749
 30
0.0000
  0
SEQEND
  8
0
  0
POLYLINE
  8
20
 66
1
 10
0.0000
 20
0.0000
 30
0.0000
 40
0.0050
 41
0.0050
 70
0
  0
VERTEX
  8
20
 10
7.2468
 20
0.8749
 30
0.0000
 42
1.0000
  0
VERTEX
  8
20
 10
7.2468
 20
0.8699
 30
0.0000
  0
SEQEND
  8
0
  0
POLYLINE
  8
20
 66
1
 10
0.0000
 20
0.0000
 30
0.0000
 40
0.0100
 41
0.0100
 70
0
  0
VERTEX
  8
20
 10
4.6740
 20
18.0343
 30
0.0000
 42
0.1438
  0
VERTEX
  8
20
 10
4.8984
 20
18.7985
 30
0.0000
  0
SEQEND
  8
0
  0
POLYLINE
  8
20
 66
1
 10
0.0000
 20
0.0000
 30
0.0000
 40
0.0050
 41
0.0050
 70
0
  0
VERTEX
  8
20
 10
4.6719
 20
18.0357
 30
0.0000
 42
1.0000
  0
VERTEX
  8
20
 10
4.6761
 20
18.0329
 30
0.0000
  0
SEQEND
  8
0
  0
POLYLINE
  8
20
 66
1
 10
0.0000
 20
0.0000
 30
0.0000
 40
0.0050
 41
0.0050
 70
0
  0
VERTEX
  8
20
 10
4.9009
 20
18.7985
 30
0.0000
 42
1.0000
  0
VERTEX
  8
20
 10
4.8959
 20
18.7985
 30
0.0000
  0
SEQEND
  8
0
  0
POLYLINE
  8
20
 66
1
 10
0.0000
 20
0.0000
 30
0.0000
 40
0.0100
 41
0.0100
 70
0
  0
VERTEX
  8
20
 10
4.6740
 20
18.0343
 30
0.0000
 42
0.1438
  0
VERTEX
  8
20
 10
4.3968
 20
17.0908
 30
0.0000
  0
SEQEND
  8
0
  0
POLYLINE
  8
20
 66
1
 10
0.0000
 20
0.0000
 30
0.0000
 40
0.0050
 41
0.0050
 70
0
  0
VERTEX
  8
20
 10
4.6761
 20
18.0329
 30
0.0000
 42
1.0000
  0
VERTEX
  8
20
 10
4.6719
 20
18.0357
 30
0.0000
  0
SEQEND
  8
0
  0
POLYLINE
  8
20
 66
1
 10
0.0000
 20
0.0000
 30
0.0000
 40
0.0050
 41
0.0050
 70
0
  0
VERTEX
  8
20
 10
4.3943
 20
17.0908
 30
0.0000
 42
1.0000
  0
VERTEX
  8
20
 10
4.3993
 20
17.0908
 30
0.0000
  0
SEQEND
  8
0
  0
POLYLINE
  8
20
 66
1
 10
0.0000
 20
0.0000
 30
0.0000
 40
0.0100
 41
0.0100
 70
0
  0
VERTEX
  8
20
 10
19.9000
 20
3.7224
 30
0.0000
  0
VERTEX
  8
20
 10
19.9000
 20
17.0908
 30
0.0000
  0
SEQEND
  8
0
  0
POLYLINE
  8
20
 66
1
 10
0.0000
 20
0.0000
 30
0.0000
 40
0.0050
 41
0.0050
 70
0
  0
VERTEX
  8
20
 10
19.9025
 20
17.0908
 30
0.0000
 42
1.0000
  0
VERTEX
  8
20
 10
19.8975
 20
17.0908
 30
0.0000
  0
SEQEND
  8
0
  0
POLYLINE
  8
20
 66
1
 10
0.0000
 20
0.0000
 30
0.0000
 40
0.0050
 41
0.0050
 70
0
  0
VERTEX
  8
20
 10
19.8975
 20
3.7224
 30
0.0000
 42
1.0000
  0
VERTEX
  8
20
 10
19.9025
 20
3.7224
 30
0.0000
  0
SEQEND
  8
0
  0
POLYLINE
  8
20
 66
1
 10
0.0000
 20
0.0000
 30
0.0000
 40
0.0100
 41
0.0100
 70
0
  0
VERTEX
  8
20
 10
13.3984
 20
39.8076
 30
0.0000
  0
VERTEX
  8
20
 10
10.8984
 20
39.8076
 30
0.0000
  0
SEQEND
  8
0
  0
POLYLINE
  8
20
 66
1
 10
0.0000
 20
0.0000
 30
0.0000
 40
0.0050
 41
0.0050
 70
0
  0
VERTEX
  8
20
 10
10.8984
 20
39.8101
 30
0.0000
 42
1.0000
  0
VERTEX
  8
20
 10
10.8984
 20
39.8051
 30
0.0000
  0
SEQEND
  8
0
  0
POLYLINE
  8
20
 66
1
 10
0.0000
 20
0.0000
 30
0.0000
 40
0.0050
 41
0.0050
 70
0
  0
VERTEX
  8
20
 10
13.3984
 20
39.8051
 30
0.0000
 42
1.0000
  0
VERTEX
  8
20
 10
13.3984
 20
39.8101
 30
0.0000
  0
SEQEND
  8
0
  0
POLYLINE
  8
52
 66
1
 10
0.0000
 20
0.0000
 30
0.0000
 40
0.1000
 41
0.1000
 70
0
  0
VERTEX
  8
52
 10
6.1300
 20
15.5100
 30
0.0000
 42
1.0000
  0
VERTEX
  8
52
 10
6.1300
 20
18.7100
 30
0.0000
 42
1.0000
  0
VERTEX
  8
52
 10
6.1300
 20
15.5100
 30
0.0000
  0
SEQEND
  8
0
  0
POLYLINE
  8
52
 66
1
 10
0.0000
 20
0.0000
 30
0.0000
 40
0.1000
 41
0.1000
 70
0
  0
VERTEX
  8
52
 10
18.1300
 20
15.4900
 30
0.0000
 42
1.0000
  0
VERTEX
  8
52
 10
18.1300
 20
18.6900
 30
0.0000
 42
1.0000
  0
VERTEX
  8
52
 10
18.1300
 20
15.4900
 30
0.0000
  0
SEQEND
  8
0
  0
POLYLINE
  8
22
 66
1
 10
0.0000
 20
0.0000
 30
0.0000
 40
0.0100
 41
0.0100
 70
0
  0
VERTEX
  8
22
 10
12.2400
 20
15.5697
 30
0.0000
 42
1.0000
  0
VERTEX
  8
22
 10
12.2400
 20
19.4855
 30
0.0000
 42
1.0000
  0
VERTEX
  8
22
 10
12.2400
 20
15.5697
 30
0.0000
  0
SEQEND
  8
0
  0
POLYLINE
  8
22
 66
1
 10
0.0000
 20
0.0000
 30
0.0000
 40
0.0100
 41
0.0100
 70
0
  0
VERTEX
  8
22
 10
12.1395
 20
5.8750
 30
0.0000
 42
1.0000
  0
VERTEX
  8
22
 10
12.1395
 20
9.3487
 30
0.0000
 42
1.0000
  0
VERTEX
  8
22
 10
12.1395
 20
5.8750
 30
0.0000
  0
SEQEND
  8
0
  0
POLYLINE
  8
22
 66
1
 10
0.0000
 20
0.0000
 30
0.0000
 40
0.0100
 41
0.0100
 70
0
  0
VERTEX
  8
22
 10
12.2305
 20
22.7550
 30
0.0000
 42
1.0000
  0
VERTEX
  8
22
 10
12.2305
 20
26.2287
 30
0.0000
 42
1.0000
  0
VERTEX
  8
22
 10
12.2305
 20
22.7550
 30
0.0000
  0
SEQEND
  8
0
  0
POLYLINE
  8
20
 66
1
 10
0.0000
 20
0.0000
 30
0.0000
 40
0.0100
 41
0.0100
 70
0
  0
VERTEX
  8
20
 10
18.1553
 20
16.1908
 30
0.0000
 42
1.0000
  0
VERTEX
  8
20
 10
18.1553
 20
17.9908
 30
0.0000
 42
1.0000
  0
VERTEX
  8
20
 10
18.1553
 20
16.1908
 30
0.0000
  0
SEQEND
  8
0
  0
POLYLINE
  8
20
 66
1
 10
0.0000
 20
0.0000
 30
0.0000
 40
0.0100
 41
0.0100
 70
0
  0
VERTEX
  8
20
 10
6.1416
 20
16.1908
 30
0.0000
 42
1.0000
  0
VERTEX
  8
20
 10
6.1416
 20
17.9908
 30
0.0000
 42
1.0000
  0
VERTEX
  8
20
 10
6.1416
 20
16.1908
 30
0.0000
  0
SEQEND
  8
0
  0
INSERT
  8
16
  2
RECT
 10
15.0000
 20
38.5000
 30
0.0000
 41
2.0000
 42
3.0000
 43
1.0000
 50
0.0000
  0
POINT
  8
24
 10
12.4700
 20
28.7700
 30
0.0000
  0
POLYLINE
  8
52
 66
1
 10
0.0000
 20
0.0000
 30
0.0000
 40
0.1524
 41
0.1524
 70
0
  0
VERTEX
  8
52
 10
12.6986
 20
28.4996
 30
0.0000
  0
VERTEX
  8
52
 10
12.6986
 20
29.0404
 30
0.0000
  0
SEQEND
  8
0
  0
POLYLINE
  8
52
 66
1
 10
0.0000
 20
0.0000
 30
0.0000
 40
0.0762
 41
0.0762
 70
0
  0
VERTEX
  8
52
 10
12.7367
 20
29.0404
 30
0.0000
 42
1.0000
  0
VERTEX
  8
52
 10
12.6605
 20
29.0404
 30
0.0000
  0
SEQEND
  8
0
  0
POLYLINE
  8
52
 66
1
 10
0.0000
 20
0.0000
 30
0.0000
 40
0.0762
 41
0.0762
 70
0
  0
VERTEX
  8
52
 10
12.6605
 20
28.4996
 30
0.0000
 42
1.0000
  0
VERTEX
  8
52
 10
12.7367
 20
28.4996
 30
0.0000
  0
SEQEND
  8
0
  0
POLYLINE
  8
52
 66
1
 10
0.0000
 20
0.0000
 30
0.0000
 40
0.1524
 41
0.1524
 70
0
  0
VERTEX
  8
52
 10
12.2414
 20
29.0404
 30
0.0000
  0
VERTEX
  8
52
 10
12.2414
 20
28.4996
 30
0.0000
  0
SEQEND
  8
0
  0
POLYLINE
  8
52
 66
1
 10
0.0000
 20
0.0000
 30
0.0000
 40
0.0762
 41
0.0762
 70
0
  0
VERTEX
  8
52
 10
12.2033
 20
28.4996
 30
0.0000
 42
1.0000
  0
VERTEX
  8
52
 10
12.2795
 20
28.4996
 30
0.0000
  0
SEQEND
  8
0
  0
POLYLINE
  8
52
 66
1
 10
0.0000
 20
0.0000
 30
0.0000
 40
0.0762
 41
0.0762
 70
0
  0
VERTEX
  8
52
 10
12.2795
 20
29.0404
 30
0.0000
 42
1.0000
  0
VERTEX
  8
52
 10
12.2033
 20
29.0404
 30
0.0000
  0
SEQEND
  8
0
  0
POLYLINE
  8
40
 66
1
 10
0.0000
 20
0.0000
 30
0.0000
 40
0.0508
 41
0.0508
 70
0
  0
VERTEX
  8
40
 10
13.1200
 20
27.5700
 30
0.0000
  0
VERTEX
  8
40
 10
13.1200
 20
29.9700
 30
0.0000
  0
SEQEND
  8
0
  0
POLYLINE
  8
40
 66
1
 10
0.0000
 20
0.0000
 30
0.0000
 40
0.0254
 41
0.0254
 70
0
  0
VERTEX
  8
40
 10
13.1327
 20
29.9700
 30
0.0000
 42
1.0000
  0
VERTEX
  8
40
 10
13.1073
 20
29.9700
 30
0.0000
  0
SEQEND
  8
0
  0
POLYLINE
  8
40
 66
1
 10
0.0000
 20
0.0000
 30
0.0000
 40
0.0254
 41
0.0254
 70
0
  0
VERTEX
  8
40
 10
13.1073
 20
27.5700
 30
0.0000
 42
1.0000
  0
VERTEX
  8
40
 10
13.1327
 20
27.5700
 30
0.0000
  0
SEQEND
  8
0
  0
POLYLINE
  8
40
 66
1
 10
0.0000
 20
0.0000
 30
0.0000
 40
0.0508
 41
0.0508
 70
0
  0
VERTEX
  8
40
 10
13.1200
 20
29.9700
 30
0.0000
  0
VERTEX
  8
40
 10
11.8200
 20
29.9700
 30
0.0000
  0
SEQEND
  8
0
  0
POLYLINE
  8
40
 66
1
 10
0.0000
 20
0.0000
 30
0.0000
 40
0.0254
 41
0.0254
 70
0
  0
VERTEX
  8
40
 10
11.8200
 20
29.9827
 30
0.0000
 42
1.0000
  0
VERTEX
  8
40
 10
11.8200
 20
29.9573
 30
0.0000
  0
SEQEND
  8
0
  0
POLYLINE
  8
40
 66
1
 10
0.0000
 20
0.0000
 30
0.0000
 40
0.0254
 41
0.0254
 70
0
  0
VERTEX
  8
40
 10
13.1200
 20
29.9573
 30
0.0000
 42
1.0000
  0
VERTEX
  8
40
 10
13.1200
 20
29.9827
 30
0.0000
  0
SEQEND
  8
0
  0
POLYLINE
  8
40
 66
1
 10
0.0000
 20
0.0000
 30
0.0000
 40
0.0508
 41
0.0508
 70
0
  0
VERTEX
  8
40
 10
11.8200
 20
29.9700
 30
0.0000
  0
VERTEX
  8
40
 10
11.8200
 20
27.5700
 30
0.0000
  0
SEQEND
  8
0
  0
POLYLINE
  8
40
 66
1
 10
0.0000
 20
0.0000
 30
0.0000
 40
0.0254
 41
0.0254
 70
0
  0
VERTEX
  8
40
 10
11.8073
 20
27.5700
 30
0.0000
 42
1.0000
  0
VERTEX
  8
40
 10
11.8327
 20
27.5700
 30
0.0000
  0
SEQEND
  8
0
  0
POLYLINE
  8
40
 66
1
 10
0.0000
 20
0.0000
 30
0.0000
 40
0.0254
 41
0.0254
 70
0
  0
VERTEX
  8
40
 10
11.8327
 20
29.9700
 30
0.0000
 42
1.0000
  0
VERTEX
  8
40
 10
11.8073
 20
29.9700
 30
0.0000
  0
SEQEND
  8
0
  0
POLYLINE
  8
40
 66
1
 10
0.0000
 20
0.0000
 30
0.0000
 40
0.0508
 41
0.0508
 70
0
  0
VERTEX
  8
40
 10
11.8200
 20
27.5700
 30
0.0000
  0
VERTEX
  8
40
 10
13.1200
 20
27.5700
 30
0.0000
  0
SEQEND
  8
0
  0
POLYLINE
  8
40
 66
1
 10
0.0000
 20
0.0000
 30
0.0000
 40
0.0254
 41
0.0254
 70
0
  0
VERTEX
  8
40
 10
13.1200
 20
27.5573
 30
0.0000
 42
1.0000
  0
VERTEX
  8
40
 10
13.1200
 20
27.5827
 30
0.0000
  0
SEQEND
  8
0
  0
POLYLINE
  8
40
 66
1
 10
0.0000
 20
0.0000
 30
0.0000
 40
0.0254
 41
0.0254
 70
0
  0
VERTEX
  8
40
 10
11.8200
 20
27.5827
 30
0.0000
 42
1.0000
  0
VERTEX
  8
40
 10
11.8200
 20
27.5573
 30
0.0000
  0
SEQEND
  8
0
  0
INSERT
  8
52
  2
RECT
 10
12.4700
 20
28.3660
 30
0.0000
 41
0.3000
 42
0.6096
 43
1.0000
 50
90.0000
  0
INSERT
  8
52
  2
RECT
 10
12.4700
 20
29.1788
 30
0.0000
 41
0.3000
 42
0.6096
 43
1.0000
 50
90.0000
  0
INSERT
  8
16
  2
RECT
 10
12.4700
 20
28.1900
 30
0.0000
 41
0.8500
 42
0.9000
 43
1.0000
 50
90.0000
  0
INSERT
  8
16
  2
RECT
 10
12.4700
 20
29.3500
 30
0.0000
 41
0.8500
 42
0.9000
 43
1.0000
 50
90.0000
  0
POINT
  8
24
 10
12.3600
 20
31.4700
 30
0.0000
  0
POLYLINE
  8
52
 66
1
 10
0.0000
 20
0.0000
 30
0.0000
 40
0.1524
 41
0.1524
 70
0
  0
VERTEX
  8
52
 10
12.5886
 20
31.1996
 30
0.0000
  0
VERTEX
  8
52
 10
12.5886
 20
31.7404
 30
0.0000
  0
SEQEND
  8
0
  0
POLYLINE
  8
52
 66
1
 10
0.0000
 20
0.0000
 30
0.0000
 40
0.0762
 41
0.0762
 70
0
  0
VERTEX
  8
52
 10
12.6267
 20
31.7404
 30
0.0000
 42
1.0000
  0
VERTEX
  8
52
 10
12.5505
 20
31.7404
 30
0.0000
  0
SEQEND
  8
0
  0
POLYLINE
  8
52
 66
1
 10
0.0000
 20
0.0000
 30
0.0000
 40
0.0762
 41
0.0762
 70
0
  0
VERTEX
  8
52
 10
12.5505
 20
31.1996
 30
0.0000
 42
1.0000
  0
VERTEX
  8
52
 10
12.6267
 20
31.1996
 30
0.0000
  0
SEQEND
  8
0
  0
POLYLINE
  8
52
 66
1
 10
0.0000
 20
0.0000
 30
0.0000
 40
0.1524
 41
0.1524
 70
0
  0
VERTEX
  8
52
 10
12.1314
 20
31.7404
 30
0.0000
  0
VERTEX
  8
52
 10
12.1314
 20
31.1996
 30
0.0000
  0
SEQEND
  8
0
  0
POLYLINE
  8
52
 66
1
 10
0.0000
 20
0.0000
 30
0.0000
 40
0.0762
 41
0.0762
 70
0
  0
VERTEX
  8
52
 10
12.0933
 20
31.1996
 30
0.0000
 42
1.0000
  0
VERTEX
  8
52
 10
12.1695
 20
31.1996
 30
0.0000
  0
SEQEND
  8
0
  0
POLYLINE
  8
52
 66
1
 10
0.0000
 20
0.0000
 30
0.0000
 40
0.0762
 41
0.0762
 70
0
  0
VERTEX
  8
52
 10
12.1695
 20
31.7404
 30
0.0000
 42
1.0000
  0
VERTEX
  8
52
 10
12.0933
 20
31.7404
 30
0.0000
  0
SEQEND
  8
0
  0
POLYLINE
  8
40
 66
1
 10
0.0000
 20
0.0000
 30
0.0000
 40
0.0508
 41
0.0508
 70
0
  0
VERTEX
  8
40
 10
13.0100
 20
30.2700
 30
0.0000
  0
VERTEX
  8
40
 10
13.0100
 20
32.6700
 30
0.0000
  0
SEQEND
  8
0
  0
POLYLINE
  8
40
 66
1
 10
0.0000
 20
0.0000
 30
0.0000
 40
0.0254
 41
0.0254
 70
0
  0
VERTEX
  8
40
 10
13.0227
 20
32.6700
 30
0.0000
 42
1.0000
  0
VERTEX
  8
40
 10
12.9973
 20
32.6700
 30
0.0000
  0
SEQEND
  8
0
  0
POLYLINE
  8
40
 66
1
 10
0.0000
 20
0.0000
 30
0.0000
 40
0.0254
 41
0.0254
 70
0
  0
VERTEX
  8
40
 10
12.9973
 20
30.2700
 30
0.0000
 42
1.0000
  0
VERTEX
  8
40
 10
13.0227
 20
30.2700
 30
0.0000
  0
SEQEND
  8
0
  0
POLYLINE
  8
40
 66
1
 10
0.0000
 20
0.0000
 30
0.0000
 40
0.0508
 41
0.0508
 70
0
  0
VERTEX
  8
40
 10
13.0100
 20
32.6700
 30
0.0000
  0
VERTEX
  8
40
 10
11.7100
 20
32.6700
 30
0.0000
  0
SEQEND
  8
0
  0
POLYLINE
  8
40
 66
1
 10
0.0000
 20
0.0000
 30
0.0000
 40
0.0254
 41
0.0254
 70
0
  0
VERTEX
  8
40
 10
11.7100
 20
32.6827
 30
0.0000
 42
1.0000
  0
VERTEX
  8
40
 10
11.7100
 20
32.6573
 30
0.0000
  0
SEQEND
  8
0
  0
POLYLINE
  8
40
 66
1
 10
0.0000
 20
0.0000
 30
0.0000
 40
0.0254
 41
0.0254
 70
0
  0
VERTEX
  8
40
 10
13.0100
 20
32.6573
 30
0.0000
 42
1.0000
  0
VERTEX
  8
40
 10
13.0100
 20
32.6827
 30
0.0000
  0
SEQEND
  8
0
  0
POLYLINE
  8
40
 66
1
 10
0.0000
 20
0.0000
 30
0.0000
 40
0.0508
 41
0.0508
 70
0
  0
VERTEX
  8
40
 10
11.7100
 20
32.6700
 30
0.0000
  0
VERTEX
  8
40
 10
11.7100
 20
30.2700
 30
0.0000
  0
SEQEND
  8
0
  0
POLYLINE
  8
40
 66
1
 10
0.0000
 20
0.0000
 30
0.0000
 40
0.0254
 41
0.0254
 70
0
  0
VERTEX
  8
40
 10
11.6973
 20
30.2700
 30
0.0000
 42
1.0000
  0
VERTEX
  8
40
 10
11.7227
 20
30.2700
 30
0.0000
  0
SEQEND
  8
0
  0
POLYLINE
  8
40
 66
1
 10
0.0000
 20
0.0000
 30
0.0000
 40
0.0254
 41
0.0254
 70
0
  0
VERTEX
  8
40
 10
11.7227
 20
32.6700
 30
0.0000
 42
1.0000
  0
VERTEX
  8
40
 10
11.6973
 20
32.6700
 30
0.0000
  0
SEQEND
  8
0
  0
POLYLINE
  8
40
 66
1
 10
0.0000
 20
0.0000
 30
0.0000
 40
0.0508
 41
0.0508
 70
0
  0
VERTEX
  8
40
 10
11.7100
 20
30.2700
 30
0.0000
  0
VERTEX
  8
40
 10
13.0100
 20
30.2700
 30
0.0000
  0
SEQEND
  8
0
  0
POLYLINE
  8
40
 66
1
 10
0.0000
 20
0.0000
 30
0.0000
 40
0.0254
 41
0.0254
 70
0
  0
VERTEX
  8
40
 10
13.0100
 20
30.2573
 30
0.0000
 42
1.0000
  0
VERTEX
  8
40
 10
13.0100
 20
30.2827
 30
0.0000
  0
SEQEND
  8
0
  0
POLYLINE
  8
40
 66
1
 10
0.0000
 20
0.0000
 30
0.0000
 40
0.0254
 41
0.0254
 70
0
  0
VERTEX
  8
40
 10
11.7100
 20
30.2827
 30
0.0000
 42
1.0000
  0
VERTEX
  8
40
 10
11.7100
 20
30.2573
 30
0.0000
  0
SEQEND
  8
0
  0
INSERT
  8
52
  2
RECT
 10
12.3600
 20
31.0660
 30
0.0000
 41
0.3000
 42
0.6096
 43
1.0000
 50
90.0000
  0
INSERT
  8
52
  2
RECT
 10
12.3600
 20
31.8788
 30
0.0000
 41
0.3000
 42
0.6096
 43
1.0000
 50
90.0000
  0
INSERT
  8
16
  2
RECT
 10
12.3600
 20
30.8900
 30
0.0000
 41
0.8500
 42
0.9000
 43
1.0000
 50
90.0000
  0
INSERT
  8
16
  2
RECT
 10
12.3600
 20
32.0500
 30
0.0000
 41
0.8500
 42
0.9000
 43
1.0000
 50
90.0000
  0
POINT
  8
24
 10
15.8800
 20
24.5600
 30
0.0000
  0
POLYLINE
  8
52
 66
1
 10
0.0000
 20
0.0000
 30
0.0000
 40
0.1524
 41
0.1524
 70
0
  0
VERTEX
  8
52
 10
15.6096
 20
24.3314
 30
0.0000
  0
VERTEX
  8
52
 10
16.1504
 20
24.3314
 30
0.0000
  0
SEQEND
  8
0
  0
POLYLINE
  8
52
 66
1
 10
0.0000
 20
0.0000
 30
0.0000
 40
0.0762
 41
0.0762
 70
0
  0
VERTEX
  8
52
 10
16.1504
 20
24.2933
 30
0.0000
 42
1.0000
  0
VERTEX
  8
52
 10
16.1504
 20
24.3695
 30
0.0000
  0
SEQEND
  8
0
  0
POLYLINE
  8
52
 66
1
 10
0.0000
 20
0.0000
 30
0.0000
 40
0.0762
 41
0.0762
 70
0
  0
VERTEX
  8
52
 10
15.6096
 20
24.3695
 30
0.0000
 42
1.0000
  0
VERTEX
  8
52
 10
15.6096
 20
24.2933
 30
0.0000
  0
SEQEND
  8
0
  0
POLYLINE
  8
52
 66
1
 10
0.0000
 20
0.0000
 30
0.0000
 40
0.1524
 41
0.1524
 70
0
  0
VERTEX
  8
52
 10
16.1504
 20
24.7886
 30
0.0000
  0
VERTEX
  8
52
 10
15.6096
 20
24.7886
 30
0.0000
  0
SEQEND
  8
0
  0
POLYLINE
  8
52
 66
1
 10
0.0000
 20
0.0000
 30
0.0000
 40
0.0762
 41
0.0762
 70
0
  0
VERTEX
  8
52
 10
15.6096
 20
24.8267
 30
0.0000
 42
1.0000
  0
VERTEX
  8
52
 10
15.6096
 20
24.7505
 30
0.0000
  0
SEQEND
  8
0
  0
POLYLINE
  8
52
 66
1
 10
0.0000
 20
0.0000
 30
0.0000
 40
0.0762
 41
0.0762
 70
0
  0
VERTEX
  8
52
 10
16.1504
 20
24.7505
 30
0.0000
 42
1.0000
  0
VERTEX
  8
52
 10
16.1504
 20
24.8267
 30
0.0000
  0
SEQEND
  8
0
  0
POLYLINE
  8
40
 66
1
 10
0.0000
 20
0.0000
 30
0.0000
 40
0.0508
 41
0.0508
 70
0
  0
VERTEX
  8
40
 10
14.6800
 20
23.9100
 30
0.0000
  0
VERTEX
  8
40
 10
17.0800
 20
23.9100
 30
0.0000
  0
SEQEND
  8
0
  0
POLYLINE
  8
40
 66
1
 10
0.0000
 20
0.0000
 30
0.0000
 40
0.0254
 41
0.0254
 70
0
  0
VERTEX
  8
40
 10
17.0800
 20
23.8973
 30
0.0000
 42
1.0000
  0
VERTEX
  8
40
 10
17.0800
 20
23.9227
 30
0.0000
  0
SEQEND
  8
0
  0
POLYLINE
  8
40
 66
1
 10
0.0000
 20
0.0000
 30
0.0000
 40
0.0254
 41
0.0254
 70
0
  0
VERTEX
  8
40
 10
14.6800
 20
23.9227
 30
0.0000
 42
1.0000
  0
VERTEX
  8
40
 10
14.6800
 20
23.8973
 30
0.0000
  0
SEQEND
  8
0
  0
POLYLINE
  8
40
 66
1
 10
0.0000
 20
0.0000
 30
0.0000
 40
0.0508
 41
0.0508
 70
0
  0
VERTEX
  8
40
 10
17.0800
 20
23.9100
 30
0.0000
  0
VERTEX
  8
40
 10
17.0800
 20
25.2100
 30
0.0000
  0
SEQEND
  8
0
  0
POLYLINE
  8
40
 66
1
 10
0.0000
 20
0.0000
 30
0.0000
 40
0.0254
 41
0.0254
 70
0
  0
VERTEX
  8
40
 10
17.0927
 20
25.2100
 30
0.0000
 42
1.0000
  0
VERTEX
  8
40
 10
17.0673
 20
25.2100
 30
0.0000
  0
SEQEND
  8
0
  0
POLYLINE
  8
40
 66
1
 10
0.0000
 20
0.0000
 30
0.0000
 40
0.0254
 41
0.0254
 70
0
  0
VERTEX
  8
40
 10
17.0673
 20
23.9100
 30
0.0000
 42
1.0000
  0
VERTEX
  8
40
 10
17.0927
 20
23.9100
 30
0.0000
  0
SEQEND
  8
0
  0
POLYLINE
  8
40
 66
1
 10
0.0000
 20
0.0000
 30
0.0000
 40
0.0508
 41
0.0508
 70
0
  0
VERTEX
  8
40
 10
17.0800
 20
25.2100
 30
0.0000
  0
VERTEX
  8
40
 10
14.6800
 20
25.2100
 30
0.0000
  0
SEQEND
  8
0
  0
POLYLINE
  8
40
 66
1
 10
0.0000
 20
0.0000
 30
0.0000
 40
0.0254
 41
0.0254
 70
0
  0
VERTEX
  8
40
 10
14.6800
 20
25.2227
 30
0.0000
 42
1.0000
  0
VERTEX
  8
40
 10
14.6800
 20
25.1973
 30
0.0000
  0
SEQEND
  8
0
  0
POLYLINE
  8
40
 66
1
 10
0.0000
 20
0.0000
 30
0.0000
 40
0.0254
 41
0.0254
 70
0
  0
VERTEX
  8
40
 10
17.0800
 20
25.1973
 30
0.0000
 42
1.0000
  0
VERTEX
  8
40
 10
17.0800
 20
25.2227
 30
0.0000
  0
SEQEND
  8
0
  0
POLYLINE
  8
40
 66
1
 10
0.0000
 20
0.0000
 30
0.0000
 40
0.0508
 41
0.0508
 70
0
  0
VERTEX
  8
40
 10
14.6800
 20
25.2100
 30
0.0000
  0
VERTEX
  8
40
 10
14.6800
 20
23.9100
 30
0.0000
  0
SEQEND
  8
0
  0
POLYLINE
  8
40
 66
1
 10
0.0000
 20
0.0000
 30
0.0000
 40
0.0254
 41
0.0254
 70
0
  0
VERTEX
  8
40
 10
14.6673
 20
23.9100
 30
0.0000
 42
1.0000
  0
VERTEX
  8
40
 10
14.6927
 20
23.9100
 30
0.0000
  0
SEQEND
  8
0
  0
POLYLINE
  8
40
 66
1
 10
0.0000
 20
0.0000
 30
0.0000
 40
0.0254
 41
0.0254
 70
0
  0
VERTEX
  8
40
 10
14.6927
 20
25.2100
 30
0.0000
 42
1.0000
  0
VERTEX
  8
40
 10
14.6673
 20
25.2100
 30
0.0000
  0
SEQEND
  8
0
  0
INSERT
  8
52
  2
RECT
 10
15.4760
 20
24.5600
 30
0.0000
 41
0.3000
 42
0.6096
 43
1.0000
 50
0.0000
  0
INSERT
  8
52
  2
RECT
 10
16.2888
 20
24.5600
 30
0.0000
 41
0.3000
 42
0.6096
 43
1.0000
 50
0.0000
  0
INSERT
  8
16
  2
RECT
 10
15.3000
 20
24.5600
 30
0.0000
 41
0.8500
 42
0.9000
 43
1.0000
 50
0.0000
  0
INSERT
  8
16
  2
RECT
 10
16.4600
 20
24.5600
 30
0.0000
 41
0.8500
 42
0.9000
 43
1.0000
 50
0.0000
  0
POINT
  8
24
 10
18.2960
 20
12.9860
 30
0.0000
  0
POLYLINE
  8
52
 66
1
 10
0.0000
 20
0.0000
 30
0.0000
 40
0.1524
 41
0.1524
 70
0
  0
VERTEX
  8
52
 10
18.0256
 20
12.7574
 30
0.0000
  0
VERTEX
  8
52
 10
18.5664
 20
12.7574
 30
0.0000
  0
SEQEND
  8
0
  0
POLYLINE
  8
52
 66
1
 10
0.0000
 20
0.0000
 30
0.0000
 40
0.0762
 41
0.0762
 70
0
  0
VERTEX
  8
52
 10
18.5664
 20
12.7193
 30
0.0000
 42
1.0000
  0
VERTEX
  8
52
 10
18.5664
 20
12.7955
 30
0.0000
  0
SEQEND
  8
0
  0
POLYLINE
  8
52
 66
1
 10
0.0000
 20
0.0000
 30
0.0000
 40
0.0762
 41
0.0762
 70
0
  0
VERTEX
  8
52
 10
18.0256
 20
12.7955
 30
0.0000
 42
1.0000
  0
VERTEX
  8
52
 10
18.0256
 20
12.7193
 30
0.0000
  0
SEQEND
  8
0
  0
POLYLINE
  8
52
 66
1
 10
0.0000
 20
0.0000
 30
0.0000
 40
0.1524
 41
0.1524
 70
0
  0
VERTEX
  8
52
 10
18.5664
 20
13.2146
 30
0.0000
  0
VERTEX
  8
52
 10
18.0256
 20
13.2146
 30
0.0000
  0
SEQEND
  8
0
  0
POLYLINE
  8
52
 66
1
 10
0.0000
 20
0.0000
 30
0.0000
 40
0.0762
 41
0.0762
 70
0
  0
VERTEX
  8
52
 10
18.0256
 20
13.2527
 30
0.0000
 42
1.0000
  0
VERTEX
  8
52
 10
18.0256
 20
13.1765
 30
0.0000
  0
SEQEND
  8
0
  0
POLYLINE
  8
52
 66
1
 10
0.0000
 20
0.0000
 30
0.0000
 40
0.0762
 41
0.0762
 70
0
  0
VERTEX
  8
52
 10
18.5664
 20
13.1765
 30
0.0000
 42
1.0000
  0
VERTEX
  8
52
 10
18.5664
 20
13.2527
 30
0.0000
  0
SEQEND
  8
0
  0
POLYLINE
  8
40
 66
1
 10
0.0000
 20
0.0000
 30
0.0000
 40
0.0508
 41
0.0508
 70
0
  0
VERTEX
  8
40
 10
17.0960
 20
12.3360
 30
0.0000
  0
VERTEX
  8
40
 10
19.4960
 20
12.3360
 30
0.0000
  0
SEQEND
  8
0
  0
POLYLINE
  8
40
 66
1
 10
0.0000
 20
0.0000
 30
0.0000
 40
0.0254
 41
0.0254
 70
0
  0
VERTEX
  8
40
 10
19.4960
 20
12.3233
 30
0.0000
 42
1.0000
  0
VERTEX
  8
40
 10
19.4960
 20
12.3487
 30
0.0000
  0
SEQEND
  8
0
  0
POLYLINE
  8
40
 66
1
 10
0.0000
 20
0.0000
 30
0.0000
 40
0.0254
 41
0.0254
 70
0
  0
VERTEX
  8
40
 10
17.0960
 20
12.3487
 30
0.0000
 42
1.0000
  0
VERTEX
  8
40
 10
17.0960
 20
12.3233
 30
0.0000
  0
SEQEND
  8
0
  0
POLYLINE
  8
40
 66
1
 10
0.0000
 20
0.0000
 30
0.0000
 40
0.0508
 41
0.0508
 70
0
  0
VERTEX
  8
40
 10
19.4960
 20
12.3360
 30
0.0000
  0
VERTEX
  8
40
 10
19.4960
 20
13.6360
 30
0.0000
  0
SEQEND
  8
0
  0
POLYLINE
  8
40
 66
1
 10
0.0000
 20
0.0000
 30
0.0000
 40
0.0254
 41
0.0254
 70
0
  0
VERTEX
  8
40
 10
19.5087
 20
13.6360
 30
0.0000
 42
1.0000
  0
VERTEX
  8
40
 10
19.4833
 20
13.6360
 30
0.0000
  0
SEQEND
  8
0
  0
POLYLINE
  8
40
 66
1
 10
0.0000
 20
0.0000
 30
0.0000
 40
0.0254
 41
0.0254
 70
0
  0
VERTEX
  8
40
 10
19.4833
 20
12.3360
 30
0.0000
 42
1.0000
  0
VERTEX
  8
40
 10
19.5087
 20
12.3360
 30
0.0000
  0
SEQEND
  8
0
  0
POLYLINE
  8
40
 66
1
 10
0.0000
 20
0.0000
 30
0.0000
 40
0.0508
 41
0.0508
 70
0
  0
VERTEX
  8
40
 10
19.4960
 20
13.6360
 30
0.0000
  0
VERTEX
  8
40
 10
17.0960
 20
13.6360
 30
0.0000
  0
SEQEND
  8
0
  0
POLYLINE
  8
40
 66
1
 10
0.0000
 20
0.0000
 30
0.0000
 40
0.0254
 41
0.0254
 70
0
  0
VERTEX
  8
40
 10
17.0960
 20
13.6487
 30
0.0000
 42
1.0000
  0
VERTEX
  8
40
 10
17.0960
 20
13.6233
 30
0.0000
  0
SEQEND
  8
0
  0
POLYLINE
  8
40
 66
1
 10
0.0000
 20
0.0000
 30
0.0000
 40
0.0254
 41
0.0254
 70
0
  0
VERTEX
  8
40
 10
19.4960
 20
13.6233
 30
0.0000
 42
1.0000
  0
VERTEX
  8
40
 10
19.4960
 20
13.6487
 30
0.0000
  0
SEQEND
  8
0
  0
POLYLINE
  8
40
 66
1
 10
0.0000
 20
0.0000
 30
0.0000
 40
0.0508
 41
0.0508
 70
0
  0
VERTEX
  8
40
 10
17.0960
 20
13.6360
 30
0.0000
  0
VERTEX
  8
40
 10
17.0960
 20
12.3360
 30
0.0000
  0
SEQEND
  8
0
  0
POLYLINE
  8
40
 66
1
 10
0.0000
 20
0.0000
 30
0.0000
 40
0.0254
 41
0.0254
 70
0
  0
VERTEX
  8
40
 10
17.0833
 20
12.3360
 30
0.0000
 42
1.0000
  0
VERTEX
  8
40
 10
17.1087
 20
12.3360
 30
0.0000
  0
SEQEND
  8
0
  0
POLYLINE
  8
40
 66
1
 10
0.0000
 20
0.0000
 30
0.0000
 40
0.0254
 41
0.0254
 70
0
  0
VERTEX
  8
40
 10
17.1087
 20
13.6360
 30
0.0000
 42
1.0000
  0
VERTEX
  8
40
 10
17.0833
 20
13.6360
 30
0.0000
  0
SEQEND
  8
0
  0
INSERT
  8
52
  2
RECT
 10
17.8920
 20
12.9860
 30
0.0000
 41
0.3000
 42
0.6096
 43
1.0000
 50
0.0000
  0
INSERT
  8
52
  2
RECT
 10
18.7048
 20
12.9860
 30
0.0000
 41
0.3000
 42
0.6096
 43
1.0000
 50
0.0000
  0
INSERT
  8
16
  2
RECT
 10
17.7160
 20
12.9860
 30
0.0000
 41
0.8500
 42
0.9000
 43
1.0000
 50
0.0000
  0
INSERT
  8
16
  2
RECT
 10
18.8760
 20
12.9860
 30
0.0000
 41
0.8500
 42
0.9000
 43
1.0000
 50
0.0000
  0
POINT
  8
24
 10
6.3520
 20
21.2400
 30
0.0000
  0
POLYLINE
  8
52
 66
1
 10
0.0000
 20
0.0000
 30
0.0000
 40
0.1524
 41
0.1524
 70
0
  0
VERTEX
  8
52
 10
6.6224
 20
21.4686
 30
0.0000
  0
VERTEX
  8
52
 10
6.0816
 20
21.4686
 30
0.0000
  0
SEQEND
  8
0
  0
POLYLINE
  8
52
 66
1
 10
0.0000
 20
0.0000
 30
0.0000
 40
0.0762
 41
0.0762
 70
0
  0
VERTEX
  8
52
 10
6.0816
 20
21.5067
 30
0.0000
 42
1.0000
  0
VERTEX
  8
52
 10
6.0816
 20
21.4305
 30
0.0000
  0
SEQEND
  8
0
  0
POLYLINE
  8
52
 66
1
 10
0.0000
 20
0.0000
 30
0.0000
 40
0.0762
 41
0.0762
 70
0
  0
VERTEX
  8
52
 10
6.6224
 20
21.4305
 30
0.0000
 42
1.0000
  0
VERTEX
  8
52
 10
6.6224
 20
21.5067
 30
0.0000
  0
SEQEND
  8
0
  0
POLYLINE
  8
52
 66
1
 10
0.0000
 20
0.0000
 30
0.0000
 40
0.1524
 41
0.1524
 70
0
  0
VERTEX
  8
52
 10
6.0816
 20
21.0114
 30
0.0000
  0
VERTEX
  8
52
 10
6.6224
 20
21.0114
 30
0.0000
  0
SEQEND
  8
0
  0
POLYLINE
  8
52
 66
1
 10
0.0000
 20
0.0000
 30
0.0000
 40
0.0762
 41
0.0762
 70
0
  0
VERTEX
  8
52
 10
6.6224
 20
20.9733
 30
0.0000
 42
1.0000
  0
VERTEX
  8
52
 10
6.6224
 20
21.0495
 30
0.0000
  0
SEQEND
  8
0
  0
POLYLINE
  8
52
 66
1
 10
0.0000
 20
0.0000
 30
0.0000
 40
0.0762
 41
0.0762
 70
0
  0
VERTEX
  8
52
 10
6.0816
 20
21.0495
 30
0.0000
 42
1.0000
  0
VERTEX
  8
52
 10
6.0816
 20
20.9733
 30
0.0000
  0
SEQEND
  8
0
  0
POLYLINE
  8
40
 66
1
 10
0.0000
 20
0.0000
 30
0.0000
 40
0.0508
 41
0.0508
 70
0
  0
VERTEX
  8
40
 10
7.5520
 20
21.8900
 30
0.0000
  0
VERTEX
  8
40
 10
5.1520
 20
21.8900
 30
0.0000
  0
SEQEND
  8
0
  0
POLYLINE
  8
40
 66
1
 10
0.0000
 20
0.0000
 30
0.0000
 40
0.0254
 41
0.0254
 70
0
  0
VERTEX
  8
40
 10
5.1520
 20
21.9027
 30
0.0000
 42
1.0000
  0
VERTEX
  8
40
 10
5.1520
 20
21.8773
 30
0.0000
  0
SEQEND
  8
0
  0
POLYLINE
  8
40
 66
1
 10
0.0000
 20
0.0000
 30
0.0000
 40
0.0254
 41
0.0254
 70
0
  0
VERTEX
  8
40
 10
7.5520
 20
21.8773
 30
0.0000
 42
1.0000
  0
VERTEX
  8
40
 10
7.5520
 20
21.9027
 30
0.0000
  0
SEQEND
  8
0
  0
POLYLINE
  8
40
 66
1
 10
0.0000
 20
0.0000
 30
0.0000
 40
0.0508
 41
0.0508
 70
0
  0
VERTEX
  8
40
 10
5.1520
 20
21.8900
 30
0.0000
  0
VERTEX
  8
40
 10
5.1520
 20
20.5900
 30
0.0000
  0
SEQEND
  8
0
  0
POLYLINE
  8
40
 66
1
 10
0.0000
 20
0.0000
 30
0.0000
 40
0.0254
 41
0.0254
 70
0
  0
VERTEX
  8
40
 10
5.1393
 20
20.5900
 30
0.0000
 42
1.0000
  0
VERTEX
  8
40
 10
5.1647
 20
20.5900
 30
0.0000
  0
SEQEND
  8
0
  0
POLYLINE
  8
40
 66
1
 10
0.0000
 20
0.0000
 30
0.0000
 40
0.0254
 41
0.0254
 70
0
  0
VERTEX
  8
40
 10
5.1647
 20
21.8900
 30
0.0000
 42
1.0000
  0
VERTEX
  8
40
 10
5.1393
 20
21.8900
 30
0.0000
  0
SEQEND
  8
0
  0
POLYLINE
  8
40
 66
1
 10
0.0000
 20
0.0000
 30
0.0000
 40
0.0508
 41
0.0508
 70
0
  0
VERTEX
  8
40
 10
5.1520
 20
20.5900
 30
0.0000
  0
VERTEX
  8
40
 10
7.5520
 20
20.5900
 30
0.0000
  0
SEQEND
  8
0
  0
POLYLINE
  8
40
 66
1
 10
0.0000
 20
0.0000
 30
0.0000
 40
0.0254
 41
0.0254
 70
0
  0
VERTEX
  8
40
 10
7.5520
 20
20.5773
 30
0.0000
 42
1.0000
  0
VERTEX
  8
40
 10
7.5520
 20
20.6027
 30
0.0000
  0
SEQEND
  8
0
  0
POLYLINE
  8
40
 66
1
 10
0.0000
 20
0.0000
 30
0.0000
 40
0.0254
 41
0.0254
 70
0
  0
VERTEX
  8
40
 10
5.1520
 20
20.6027
 30
0.0000
 42
1.0000
  0
VERTEX
  8
40
 10
5.1520
 20
20.5773
 30
0.0000
  0
SEQEND
  8
0
  0
POLYLINE
  8
40
 66
1
 10
0.0000
 20
0.0000
 30
0.0000
 40
0.0508
 41
0.0508
 70
0
  0
VERTEX
  8
40
 10
7.5520
 20
20.5900
 30
0.0000
  0
VERTEX
  8
40
 10
7.5520
 20
21.8900
 30
0.0000
  0
SEQEND
  8
0
  0
POLYLINE
  8
40
 66
1
 10
0.0000
 20
0.0000
 30
0.0000
 40
0.0254
 41
0.0254
 70
0
  0
VERTEX
  8
40
 10
7.5647
 20
21.8900
 30
0.0000
 42
1.0000
  0
VERTEX
  8
40
 10
7.5393
 20
21.8900
 30
0.0000
  0
SEQEND
  8
0
  0
POLYLINE
  8
40
 66
1
 10
0.0000
 20
0.0000
 30
0.0000
 40
0.0254
 41
0.0254
 70
0
  0
VERTEX
  8
40
 10
7.5393
 20
20.5900
 30
0.0000
 42
1.0000
  0
VERTEX
  8
40
 10
7.5647
 20
20.5900
 30
0.0000
  0
SEQEND
  8
0
  0
INSERT
  8
52
  2
RECT
 10
6.7560
 20
21.2400
 30
0.0000
 41
0.3000
 42
0.6096
 43
1.0000
 50
180.0000
  0
INSERT
  8
52
  2
RECT
 10
5.9432
 20
21.2400
 30
0.0000
 41
0.3000
 42
0.6096
 43
1.0000
 50
180.0000
  0
INSERT
  8
16
  2
RECT
 10
6.9320
 20
21.2400
 30
0.0000
 41
0.8500
 42
0.9000
 43
1.0000
 50
180.0000
  0
INSERT
  8
16
  2
RECT
 10
5.7720
 20
21.2400
 30
0.0000
 41
0.8500
 42
0.9000
 43
1.0000
 50
180.0000
  0
POINT
  8
24
 10
6.1460
 20
8.3440
 30
0.0000
  0
POLYLINE
  8
52
 66
1
 10
0.0000
 20
0.0000
 30
0.0000
 40
0.1524
 41
0.1524
 70
0
  0
VERTEX
  8
52
 10
6.4164
 20
8.5726
 30
0.0000
  0
VERTEX
  8
52
 10
5.8756
 20
8.5726
 30
0.0000
  0
SEQEND
  8
0
  0
POLYLINE
  8
52
 66
1
 10
0.0000
 20
0.0000
 30
0.0000
 40
0.0762
 41
0.0762
 70
0
  0
VERTEX
  8
52
 10
5.8756
 20
8.6107
 30
0.0000
 42
1.0000
  0
VERTEX
  8
52
 10
5.8756
 20
8.5345
 30
0.0000
  0
SEQEND
  8
0
  0
POLYLINE
  8
52
 66
1
 10
0.0000
 20
0.0000
 30
0.0000
 40
0.0762
 41
0.0762
 70
0
  0
VERTEX
  8
52
 10
6.4164
 20
8.5345
 30
0.0000
 42
1.0000
  0
VERTEX
  8
52
 10
6.4164
 20
8.6107
 30
0.0000
  0
SEQEND
  8
0
  0
POLYLINE
  8
52
 66
1
 10
0.0000
 20
0.0000
 30
0.0000
 40
0.1524
 41
0.1524
 70
0
  0
VERTEX
  8
52
 10
5.8756
 20
8.1154
 30
0.0000
  0
VERTEX
  8
52
 10
6.4164
 20
8.1154
 30
0.0000
  0
SEQEND
  8
0
  0
POLYLINE
  8
52
 66
1
 10
0.0000
 20
0.0000
 30
0.0000
 40
0.0762
 41
0.0762
 70
0
  0
VERTEX
  8
52
 10
6.4164
 20
8.0773
 30
0.0000
 42
1.0000
  0
VERTEX
  8
52
 10
6.4164
 20
8.1535
 30
0.0000
  0
SEQEND
  8
0
  0
POLYLINE
  8
52
 66
1
 10
0.0000
 20
0.0000
 30
0.0000
 40
0.0762
 41
0.0762
 70
0
  0
VERTEX
  8
52
 10
5.8756
 20
8.1535
 30
0.0000
 42
1.0000
  0
VERTEX
  8
52
 10
5.8756
 20
8.0773
 30
0.0000
  0
SEQEND
  8
0
  0
POLYLINE
  8
40
 66
1
 10
0.0000
 20
0.0000
 30
0.0000
 40
0.0508
 41
0.0508
 70
0
  0
VERTEX
  8
40
 10
7.3460
 20
8.9940
 30
0.0000
  0
VERTEX
  8
40
 10
4.9460
 20
8.9940
 30
0.0000
  0
SEQEND
  8
0
  0
POLYLINE
  8
40
 66
1
 10
0.0000
 20
0.0000
 30
0.0000
 40
0.0254
 41
0.0254
 70
0
  0
VERTEX
  8
40
 10
4.9460
 20
9.0067
 30
0.0000
 42
1.0000
  0
VERTEX
  8
40
 10
4.9460
 20
8.9813
 30
0.0000
  0
SEQEND
  8
0
  0
POLYLINE
  8
40
 66
1
 10
0.0000
 20
0.0000
 30
0.0000
 40
0.0254
 41
0.0254
 70
0
  0
VERTEX
  8
40
 10
7.3460
 20
8.9813
 30
0.0000
 42
1.0000
  0
VERTEX
  8
40
 10
7.3460
 20
9.0067
 30
0.0000
  0
SEQEND
  8
0
  0
POLYLINE
  8
40
 66
1
 10
0.0000
 20
0.0000
 30
0.0000
 40
0.0508
 41
0.0508
 70
0
  0
VERTEX
  8
40
 10
4.9460
 20
8.9940
 30
0.0000
  0
VERTEX
  8
40
 10
4.9460
 20
7.6940
 30
0.0000
  0
SEQEND
  8
0
  0
POLYLINE
  8
40
 66
1
 10
0.0000
 20
0.0000
 30
0.0000
 40
0.0254
 41
0.0254
 70
0
  0
VERTEX
  8
40
 10
4.9333
 20
7.6940
 30
0.0000
 42
1.0000
  0
VERTEX
  8
40
 10
4.9587
 20
7.6940
 30
0.0000
  0
SEQEND
  8
0
  0
POLYLINE
  8
40
 66
1
 10
0.0000
 20
0.0000
 30
0.0000
 40
0.0254
 41
0.0254
 70
0
  0
VERTEX
  8
40
 10
4.9587
 20
8.9940
 30
0.0000
 42
1.0000
  0
VERTEX
  8
40
 10
4.9333
 20
8.9940
 30
0.0000
  0
SEQEND
  8
0
  0
POLYLINE
  8
40
 66
1
 10
0.0000
 20
0.0000
 30
0.0000
 40
0.0508
 41
0.0508
 70
0
  0
VERTEX
  8
40
 10
4.9460
 20
7.6940
 30
0.0000
  0
VERTEX
  8
40
 10
7.3460
 20
7.6940
 30
0.0000
  0
SEQEND
  8
0
  0
POLYLINE
  8
40
 66
1
 10
0.0000
 20
0.0000
 30
0.0000
 40
0.0254
 41
0.0254
 70
0
  0
VERTEX
  8
40
 10
7.3460
 20
7.6813
 30
0.0000
 42
1.0000
  0
VERTEX
  8
40
 10
7.3460
 20
7.7067
 30
0.0000
  0
SEQEND
  8
0
  0
POLYLINE
  8
40
 66
1
 10
0.0000
 20
0.0000
 30
0.0000
 40
0.0254
 41
0.0254
 70
0
  0
VERTEX
  8
40
 10
4.9460
 20
7.7067
 30
0.0000
 42
1.0000
  0
VERTEX
  8
40
 10
4.9460
 20
7.6813
 30
0.0000
  0
SEQEND
  8
0
  0
POLYLINE
  8
40
 66
1
 10
0.0000
 20
0.0000
 30
0.0000
 40
0.0508
 41
0.0508
 70
0
  0
VERTEX
  8
40
 10
7.3460
 20
7.6940
 30
0.0000
  0
VERTEX
  8
40
 10
7.3460
 20
8.9940
 30
0.0000
  0
SEQEND
  8
0
  0
POLYLINE
  8
40
 66
1
 10
0.0000
 20
0.0000
 30
0.0000
 40
0.0254
 41
0.0254
 70
0
  0
VERTEX
  8
40
 10
7.3587
 20
8.9940
 30
0.0000
 42
1.0000
  0
VERTEX
  8
40
 10
7.3333
 20
8.9940
 30
0.0000
  0
SEQEND
  8
0
  0
POLYLINE
  8
40
 66
1
 10
0.0000
 20
0.0000
 30
0.0000
 40
0.0254
 41
0.0254
 70
0
  0
VERTEX
  8
40
 10
7.3333
 20
7.6940
 30
0.0000
 42
1.0000
  0
VERTEX
  8
40
 10
7.3587
 20
7.6940
 30
0.0000
  0
SEQEND
  8
0
  0
INSERT
  8
52
  2
RECT
 10
6.5500
 20
8.3440
 30
0.0000
 41
0.3000
 42
0.6096
 43
1.0000
 50
180.0000
  0
INSERT
  8
52
  2
RECT
 10
5.7372
 20
8.3440
 30
0.0000
 41
0.3000
 42
0.6096
 43
1.0000
 50
180.0000
  0
INSERT
  8
16
  2
RECT
 10
6.7260
 20
8.3440
 30
0.0000
 41
0.8500
 42
0.9000
 43
1.0000
 50
180.0000
  0
INSERT
  8
16
  2
RECT
 10
5.5660
 20
8.3440
 30
0.0000
 41
0.8500
 42
0.9000
 43
1.0000
 50
180.0000
  0
POINT
  8
24
 10
7.6800
 20
31.2000
 30
0.0000
  0
POLYLINE
  8
40
 66
1
 10
0.0000
 20
0.0000
 30
0.0000
 40
0.0508
 41
0.0508
 70
0
  0
VERTEX
  8
40
 10
8.3800
 20
29.6000
 30
0.0000
  0
VERTEX
  8
40
 10
8.3800
 20
32.8000
 30
0.0000
  0
SEQEND
  8
0
  0
POLYLINE
  8
40
 66
1
 10
0.0000
 20
0.0000
 30
0.0000
 40
0.0254
 41
0.0254
 70
0
  0
VERTEX
  8
40
 10
8.3927
 20
32.8000
 30
0.0000
 42
1.0000
  0
VERTEX
  8
40
 10
8.3673
 20
32.8000
 30
0.0000
  0
SEQEND
  8
0
  0
POLYLINE
  8
40
 66
1
 10
0.0000
 20
0.0000
 30
0.0000
 40
0.0254
 41
0.0254
 70
0
  0
VERTEX
  8
40
 10
8.3673
 20
29.6000
 30
0.0000
 42
1.0000
  0
VERTEX
  8
40
 10
8.3927
 20
29.6000
 30
0.0000
  0
SEQEND
  8
0
  0
POLYLINE
  8
40
 66
1
 10
0.0000
 20
0.0000
 30
0.0000
 40
0.0508
 41
0.0508
 70
0
  0
VERTEX
  8
40
 10
8.3800
 20
32.8000
 30
0.0000
  0
VERTEX
  8
40
 10
6.9800
 20
32.8000
 30
0.0000
  0
SEQEND
  8
0
  0
POLYLINE
  8
40
 66
1
 10
0.0000
 20
0.0000
 30
0.0000
 40
0.0254
 41
0.0254
 70
0
  0
VERTEX
  8
40
 10
6.9800
 20
32.8127
 30
0.0000
 42
1.0000
  0
VERTEX
  8
40
 10
6.9800
 20
32.7873
 30
0.0000
  0
SEQEND
  8
0
  0
POLYLINE
  8
40
 66
1
 10
0.0000
 20
0.0000
 30
0.0000
 40
0.0254
 41
0.0254
 70
0
  0
VERTEX
  8
40
 10
8.3800
 20
32.7873
 30
0.0000
 42
1.0000
  0
VERTEX
  8
40
 10
8.3800
 20
32.8127
 30
0.0000
  0
SEQEND
  8
0
  0
POLYLINE
  8
40
 66
1
 10
0.0000
 20
0.0000
 30
0.0000
 40
0.0508
 41
0.0508
 70
0
  0
VERTEX
  8
40
 10
6.9800
 20
32.8000
 30
0.0000
  0
VERTEX
  8
40
 10
6.9800
 20
29.6000
 30
0.0000
  0
SEQEND
  8
0
  0
POLYLINE
  8
40
 66
1
 10
0.0000
 20
0.0000
 30
0.0000
 40
0.0254
 41
0.0254
 70
0
  0
VERTEX
  8
40
 10
6.9673
 20
29.6000
 30
0.0000
 42
1.0000
  0
VERTEX
  8
40
 10
6.9927
 20
29.6000
 30
0.0000
  0
SEQEND
  8
0
  0
POLYLINE
  8
40
 66
1
 10
0.0000
 20
0.0000
 30
0.0000
 40
0.0254
 41
0.0254
 70
0
  0
VERTEX
  8
40
 10
6.9927
 20
32.8000
 30
0.0000
 42
1.0000
  0
VERTEX
  8
40
 10
6.9673
 20
32.8000
 30
0.0000
  0
SEQEND
  8
0
  0
POLYLINE
  8
40
 66
1
 10
0.0000
 20
0.0000
 30
0.0000
 40
0.0508
 41
0.0508
 70
0
  0
VERTEX
  8
40
 10
6.9800
 20
29.6000
 30
0.0000
  0
VERTEX
  8
40
 10
8.3800
 20
29.6000
 30
0.0000
  0
SEQEND
  8
0
  0
POLYLINE
  8
40
 66
1
 10
0.0000
 20
0.0000
 30
0.0000
 40
0.0254
 41
0.0254
 70
0
  0
VERTEX
  8
40
 10
8.3800
 20
29.5873
 30
0.0000
 42
1.0000
  0
VERTEX
  8
40
 10
8.3800
 20
29.6127
 30
0.0000
  0
SEQEND
  8
0
  0
POLYLINE
  8
40
 66
1
 10
0.0000
 20
0.0000
 30
0.0000
 40
0.0254
 41
0.0254
 70
0
  0
VERTEX
  8
40
 10
6.9800
 20
29.6127
 30
0.0000
 42
1.0000
  0
VERTEX
  8
40
 10
6.9800
 20
29.5873
 30
0.0000
  0
SEQEND
  8
0
  0
POLYLINE
  8
52
 66
1
 10
0.0000
 20
0.0000
 30
0.0000
 40
0.1016
 41
0.1016
 70
0
  0
VERTEX
  8
52
 10
8.1120
 20
30.8440
 30
0.0000
  0
VERTEX
  8
52
 10
8.1120
 20
31.5560
 30
0.0000
  0
SEQEND
  8
0
  0
POLYLINE
  8
52
 66
1
 10
0.0000
 20
0.0000
 30
0.0000
 40
0.0508
 41
0.0508
 70
0
  0
VERTEX
  8
52
 10
8.1374
 20
31.5560
 30
0.0000
 42
1.0000
  0
VERTEX
  8
52
 10
8.0866
 20
31.5560
 30
0.0000
  0
SEQEND
  8
0
  0
POLYLINE
  8
52
 66
1
 10
0.0000
 20
0.0000
 30
0.0000
 40
0.0508
 41
0.0508
 70
0
  0
VERTEX
  8
52
 10
8.0866
 20
30.8440
 30
0.0000
 42
1.0000
  0
VERTEX
  8
52
 10
8.1374
 20
30.8440
 30
0.0000
  0
SEQEND
  8
0
  0
POLYLINE
  8
52
 66
1
 10
0.0000
 20
0.0000
 30
0.0000
 40
0.1016
 41
0.1016
 70
0
  0
VERTEX
  8
52
 10
7.2610
 20
30.8440
 30
0.0000
  0
VERTEX
  8
52
 10
7.2610
 20
31.5560
 30
0.0000
  0
SEQEND
  8
0
  0
POLYLINE
  8
52
 66
1
 10
0.0000
 20
0.0000
 30
0.0000
 40
0.0508
 41
0.0508
 70
0
  0
VERTEX
  8
52
 10
7.2864
 20
31.5560
 30
0.0000
 42
1.0000
  0
VERTEX
  8
52
 10
7.2356
 20
31.5560
 30
0.0000
  0
SEQEND
  8
0
  0
POLYLINE
  8
52
 66
1
 10
0.0000
 20
0.0000
 30
0.0000
 40
0.0508
 41
0.0508
 70
0
  0
VERTEX
  8
52
 10
7.2356
 20
30.8440
 30
0.0000
 42
1.0000
  0
VERTEX
  8
52
 10
7.2864
 20
30.8440
 30
0.0000
  0
SEQEND
  8
0
  0
INSERT
  8
52
  2
RECT
 10
7.6851
 20
30.6119
 30
0.0000
 41
0.5001
 42
0.9500
 43
1.0000
 50
90.0000
  0
INSERT
  8
52
  2
RECT
 10
7.6851
 20
31.7803
 30
0.0000
 41
0.5001
 42
0.9500
 43
1.0000
 50
90.0000
  0
INSERT
  8
16
  2
RECT
 10
7.6800
 20
30.3500
 30
0.0000
 41
1.1000
 42
1.0000
 43
1.0000
 50
90.0000
  0
INSERT
  8
16
  2
RECT
 10
7.6800
 20
32.0500
 30
0.0000
 41
1.1000
 42
1.0000
 43
1.0000
 50
90.0000
  0
POINT
  8
24
 10
9.6600
 20
29.1900
 30
0.0000
  0
POLYLINE
  8
40
 66
1
 10
0.0000
 20
0.0000
 30
0.0000
 40
0.0508
 41
0.0508
 70
0
  0
VERTEX
  8
40
 10
11.2600
 20
29.8900
 30
0.0000
  0
VERTEX
  8
40
 10
8.0600
 20
29.8900
 30
0.0000
  0
SEQEND
  8
0
  0
POLYLINE
  8
40
 66
1
 10
0.0000
 20
0.0000
 30
0.0000
 40
0.0254
 41
0.0254
 70
0
  0
VERTEX
  8
40
 10
8.0600
 20
29.9027
 30
0.0000
 42
1.0000
  0
VERTEX
  8
40
 10
8.0600
 20
29.8773
 30
0.0000
  0
SEQEND
  8
0
  0
POLYLINE
  8
40
 66
1
 10
0.0000
 20
0.0000
 30
0.0000
 40
0.0254
 41
0.0254
 70
0
  0
VERTEX
  8
40
 10
11.2600
 20
29.8773
 30
0.0000
 42
1.0000
  0
VERTEX
  8
40
 10
11.2600
 20
29.9027
 30
0.0000
  0
SEQEND
  8
0
  0
POLYLINE
  8
40
 66
1
 10
0.0000
 20
0.0000
 30
0.0000
 40
0.0508
 41
0.0508
 70
0
  0
VERTEX
  8
40
 10
8.0600
 20
29.8900
 30
0.0000
  0
VERTEX
  8
40
 10
8.0600
 20
28.4900
 30
0.0000
  0
SEQEND
  8
0
  0
POLYLINE
  8
40
 66
1
 10
0.0000
 20
0.0000
 30
0.0000
 40
0.0254
 41
0.0254
 70
0
  0
VERTEX
  8
40
 10
8.0473
 20
28.4900
 30
0.0000
 42
1.0000
  0
VERTEX
  8
40
 10
8.0727
 20
28.4900
 30
0.0000
  0
SEQEND
  8
0
  0
POLYLINE
  8
40
 66
1
 10
0.0000
 20
0.0000
 30
0.0000
 40
0.0254
 41
0.0254
 70
0
  0
VERTEX
  8
40
 10
8.0727
 20
29.8900
 30
0.0000
 42
1.0000
  0
VERTEX
  8
40
 10
8.0473
 20
29.8900
 30
0.0000
  0
SEQEND
  8
0
  0
POLYLINE
  8
40
 66
1
 10
0.0000
 20
0.0000
 30
0.0000
 40
0.0508
 41
0.0508
 70
0
  0
VERTEX
  8
40
 10
8.0600
 20
28.4900
 30
0.0000
  0
VERTEX
  8
40
 10
11.2600
 20
28.4900
 30
0.0000
  0
SEQEND
  8
0
  0
POLYLINE
  8
40
 66
1
 10
0.0000
 20
0.0000
 30
0.0000
 40
0.0254
 41
0.0254
 70
0
  0
VERTEX
  8
40
 10
11.2600
 20
28.4773
 30
0.0000
 42
1.0000
  0
VERTEX
  8
40
 10
11.2600
 20
28.5027
 30
0.0000
  0
SEQEND
  8
0
  0
POLYLINE
  8
40
 66
1
 10
0.0000
 20
0.0000
 30
0.0000
 40
0.0254
 41
0.0254
 70
0
  0
VERTEX
  8
40
 10
8.0600
 20
28.5027
 30
0.0000
 42
1.0000
  0
VERTEX
  8
40
 10
8.0600
 20
28.4773
 30
0.0000
  0
SEQEND
  8
0
  0
POLYLINE
  8
40
 66
1
 10
0.0000
 20
0.0000
 30
0.0000
 40
0.0508
 41
0.0508
 70
0
  0
VERTEX
  8
40
 10
11.2600
 20
28.4900
 30
0.0000
  0
VERTEX
  8
40
 10
11.2600
 20
29.8900
 30
0.0000
  0
SEQEND
  8
0
  0
POLYLINE
  8
40
 66
1
 10
0.0000
 20
0.0000
 30
0.0000
 40
0.0254
 41
0.0254
 70
0
  0
VERTEX
  8
40
 10
11.2727
 20
29.8900
 30
0.0000
 42
1.0000
  0
VERTEX
  8
40
 10
11.2473
 20
29.8900
 30
0.0000
  0
SEQEND
  8
0
  0
POLYLINE
  8
40
 66
1
 10
0.0000
 20
0.0000
 30
0.0000
 40
0.0254
 41
0.0254
 70
0
  0
VERTEX
  8
40
 10
11.2473
 20
28.4900
 30
0.0000
 42
1.0000
  0
VERTEX
  8
40
 10
11.2727
 20
28.4900
 30
0.0000
  0
SEQEND
  8
0
  0
POLYLINE
  8
52
 66
1
 10
0.0000
 20
0.0000
 30
0.0000
 40
0.1016
 41
0.1016
 70
0
  0
VERTEX
  8
52
 10
10.0160
 20
29.6220
 30
0.0000
  0
VERTEX
  8
52
 10
9.3040
 20
29.6220
 30
0.0000
  0
SEQEND
  8
0
  0
POLYLINE
  8
52
 66
1
 10
0.0000
 20
0.0000
 30
0.0000
 40
0.0508
 41
0.0508
 70
0
  0
VERTEX
  8
52
 10
9.3040
 20
29.6474
 30
0.0000
 42
1.0000
  0
VERTEX
  8
52
 10
9.3040
 20
29.5966
 30
0.0000
  0
SEQEND
  8
0
  0
POLYLINE
  8
52
 66
1
 10
0.0000
 20
0.0000
 30
0.0000
 40
0.0508
 41
0.0508
 70
0
  0
VERTEX
  8
52
 10
10.0160
 20
29.5966
 30
0.0000
 42
1.0000
  0
VERTEX
  8
52
 10
10.0160
 20
29.6474
 30
0.0000
  0
SEQEND
  8
0
  0
POLYLINE
  8
52
 66
1
 10
0.0000
 20
0.0000
 30
0.0000
 40
0.1016
 41
0.1016
 70
0
  0
VERTEX
  8
52
 10
10.0160
 20
28.7710
 30
0.0000
  0
VERTEX
  8
52
 10
9.3040
 20
28.7710
 30
0.0000
  0
SEQEND
  8
0
  0
POLYLINE
  8
52
 66
1
 10
0.0000
 20
0.0000
 30
0.0000
 40
0.0508
 41
0.0508
 70
0
  0
VERTEX
  8
52
 10
9.3040
 20
28.7964
 30
0.0000
 42
1.0000
  0
VERTEX
  8
52
 10
9.3040
 20
28.7456
 30
0.0000
  0
SEQEND
  8
0
  0
POLYLINE
  8
52
 66
1
 10
0.0000
 20
0.0000
 30
0.0000
 40
0.0508
 41
0.0508
 70
0
  0
VERTEX
  8
52
 10
10.0160
 20
28.7456
 30
0.0000
 42
1.0000
  0
VERTEX
  8
52
 10
10.0160
 20
28.7964
 30
0.0000
  0
SEQEND
  8
0
  0
INSERT
  8
52
  2
RECT
 10
10.2482
 20
29.1951
 30
0.0000
 41
0.5001
 42
0.9500
 43
1.0000
 50
180.0000
  0
INSERT
  8
52
  2
RECT
 10
9.0798
 20
29.1951
 30
0.0000
 41
0.5001
 42
0.9500
 43
1.0000
 50
180.0000
  0
INSERT
  8
16
  2
RECT
 10
10.5100
 20
29.1900
 30
0.0000
 41
1.1000
 42
1.0000
 43
1.0000
 50
180.0000
  0
INSERT
  8
16
  2
RECT
 10
8.8100
 20
29.1900
 30
0.0000
 41
1.1000
 42
1.0000
 43
1.0000
 50
180.0000
  0
POINT
  8
24
 10
13.9100
 20
31.0700
 30
0.0000
  0
POLYLINE
  8
40
 66
1
 10
0.0000
 20
0.0000
 30
0.0000
 40
0.0508
 41
0.0508
 70
0
  0
VERTEX
  8
40
 10
14.6100
 20
29.4700
 30
0.0000
  0
VERTEX
  8
40
 10
14.6100
 20
32.6700
 30
0.0000
  0
SEQEND
  8
0
  0
POLYLINE
  8
40
 66
1
 10
0.0000
 20
0.0000
 30
0.0000
 40
0.0254
 41
0.0254
 70
0
  0
VERTEX
  8
40
 10
14.6227
 20
32.6700
 30
0.0000
 42
1.0000
  0
VERTEX
  8
40
 10
14.5973
 20
32.6700
 30
0.0000
  0
SEQEND
  8
0
  0
POLYLINE
  8
40
 66
1
 10
0.0000
 20
0.0000
 30
0.0000
 40
0.0254
 41
0.0254
 70
0
  0
VERTEX
  8
40
 10
14.5973
 20
29.4700
 30
0.0000
 42
1.0000
  0
VERTEX
  8
40
 10
14.6227
 20
29.4700
 30
0.0000
  0
SEQEND
  8
0
  0
POLYLINE
  8
40
 66
1
 10
0.0000
 20
0.0000
 30
0.0000
 40
0.0508
 41
0.0508
 70
0
  0
VERTEX
  8
40
 10
14.6100
 20
32.6700
 30
0.0000
  0
VERTEX
  8
40
 10
13.2100
 20
32.6700
 30
0.0000
  0
SEQEND
  8
0
  0
POLYLINE
  8
40
 66
1
 10
0.0000
 20
0.0000
 30
0.0000
 40
0.0254
 41
0.0254
 70
0
  0
VERTEX
  8
40
 10
13.2100
 20
32.6827
 30
0.0000
 42
1.0000
  0
VERTEX
  8
40
 10
13.2100
 20
32.6573
 30
0.0000
  0
SEQEND
  8
0
  0
POLYLINE
  8
40
 66
1
 10
0.0000
 20
0.0000
 30
0.0000
 40
0.0254
 41
0.0254
 70
0
  0
VERTEX
  8
40
 10
14.6100
 20
32.6573
 30
0.0000
 42
1.0000
  0
VERTEX
  8
40
 10
14.6100
 20
32.6827
 30
0.0000
  0
SEQEND
  8
0
  0
POLYLINE
  8
40
 66
1
 10
0.0000
 20
0.0000
 30
0.0000
 40
0.0508
 41
0.0508
 70
0
  0
VERTEX
  8
40
 10
13.2100
 20
32.6700
 30
0.0000
  0
VERTEX
  8
40
 10
13.2100
 20
29.4700
 30
0.0000
  0
SEQEND
  8
0
  0
POLYLINE
  8
40
 66
1
 10
0.0000
 20
0.0000
 30
0.0000
 40
0.0254
 41
0.0254
 70
0
  0
VERTEX
  8
40
 10
13.1973
 20
29.4700
 30
0.0000
 42
1.0000
  0
VERTEX
  8
40
 10
13.2227
 20
29.4700
 30
0.0000
  0
SEQEND
  8
0
  0
POLYLINE
  8
40
 66
1
 10
0.0000
 20
0.0000
 30
0.0000
 40
0.0254
 41
0.0254
 70
0
  0
VERTEX
  8
40
 10
13.2227
 20
32.6700
 30
0.0000
 42
1.0000
  0
VERTEX
  8
40
 10
13.1973
 20
32.6700
 30
0.0000
  0
SEQEND
  8
0
  0
POLYLINE
  8
40
 66
1
 10
0.0000
 20
0.0000
 30
0.0000
 40
0.0508
 41
0.0508
 70
0
  0
VERTEX
  8
40
 10
13.2100
 20
29.4700
 30
0.0000
  0
VERTEX
  8
40
 10
14.6100
 20
29.4700
 30
0.0000
  0
SEQEND
  8
0
  0
POLYLINE
  8
40
 66
1
 10
0.0000
 20
0.0000
 30
0.0000
 40
0.0254
 41
0.0254
 70
0
  0
VERTEX
  8
40
 10
14.6100
 20
29.4573
 30
0.0000
 42
1.0000
  0
VERTEX
  8
40
 10
14.6100
 20
29.4827
 30
0.0000
  0
SEQEND
  8
0
  0
POLYLINE
  8
40
 66
1
 10
0.0000
 20
0.0000
 30
0.0000
 40
0.0254
 41
0.0254
 70
0
  0
VERTEX
  8
40
 10
13.2100
 20
29.4827
 30
0.0000
 42
1.0000
  0
VERTEX
  8
40
 10
13.2100
 20
29.4573
 30
0.0000
  0
SEQEND
  8
0
  0
POLYLINE
  8
52
 66
1
 10
0.0000
 20
0.0000
 30
0.0000
 40
0.1016
 41
0.1016
 70
0
  0
VERTEX
  8
52
 10
14.3420
 20
30.7140
 30
0.0000
  0
VERTEX
  8
52
 10
14.3420
 20
31.4260
 30
0.0000
  0
SEQEND
  8
0
  0
POLYLINE
  8
52
 66
1
 10
0.0000
 20
0.0000
 30
0.0000
 40
0.0508
 41
0.0508
 70
0
  0
VERTEX
  8
52
 10
14.3674
 20
31.4260
 30
0.0000
 42
1.0000
  0
VERTEX
  8
52
 10
14.3166
 20
31.4260
 30
0.0000
  0
SEQEND
  8
0
  0
POLYLINE
  8
52
 66
1
 10
0.0000
 20
0.0000
 30
0.0000
 40
0.0508
 41
0.0508
 70
0
  0
VERTEX
  8
52
 10
14.3166
 20
30.7140
 30
0.0000
 42
1.0000
  0
VERTEX
  8
52
 10
14.3674
 20
30.7140
 30
0.0000
  0
SEQEND
  8
0
  0
POLYLINE
  8
52
 66
1
 10
0.0000
 20
0.0000
 30
0.0000
 40
0.1016
 41
0.1016
 70
0
  0
VERTEX
  8
52
 10
13.4910
 20
30.7140
 30
0.0000
  0
VERTEX
  8
52
 10
13.4910
 20
31.4260
 30
0.0000
  0
SEQEND
  8
0
  0
POLYLINE
  8
52
 66
1
 10
0.0000
 20
0.0000
 30
0.0000
 40
0.0508
 41
0.0508
 70
0
  0
VERTEX
  8
52
 10
13.5164
 20
31.4260
 30
0.0000
 42
1.0000
  0
VERTEX
  8
52
 10
13.4656
 20
31.4260
 30
0.0000
  0
SEQEND
  8
0
  0
POLYLINE
  8
52
 66
1
 10
0.0000
 20
0.0000
 30
0.0000
 40
0.0508
 41
0.0508
 70
0
  0
VERTEX
  8
52
 10
13.4656
 20
30.7140
 30
0.0000
 42
1.0000
  0
VERTEX
  8
52
 10
13.5164
 20
30.7140
 30
0.0000
  0
SEQEND
  8
0
  0
INSERT
  8
52
  2
RECT
 10
13.9151
 20
30.4819
 30
0.0000
 41
0.5001
 42
0.9500
 43
1.0000
 50
90.0000
  0
INSERT
  8
52
  2
RECT
 10
13.9151
 20
31.6502
 30
0.0000
 41
0.5001
 42
0.9500
 43
1.0000
 50
90.0000
  0
INSERT
  8
16
  2
RECT
 10
13.9100
 20
30.2200
 30
0.0000
 41
1.1000
 42
1.0000
 43
1.0000
 50
90.0000
  0
INSERT
  8
16
  2
RECT
 10
13.9100
 20
31.9200
 30
0.0000
 41
1.1000
 42
1.0000
 43
1.0000
 50
90.0000
  0
POINT
  8
24
 10
11.3500
 20
24.8400
 30
0.0000
  0
POLYLINE
  8
52
 66
1
 10
0.0000
 20
0.0000
 30
0.0000
 40
0.1524
 41
0.1524
 70
0
  0
VERTEX
  8
52
 10
11.1214
 20
25.1104
 30
0.0000
  0
VERTEX
  8
52
 10
11.1214
 20
24.5696
 30
0.0000
  0
SEQEND
  8
0
  0
POLYLINE
  8
52
 66
1
 10
0.0000
 20
0.0000
 30
0.0000
 40
0.0762
 41
0.0762
 70
0
  0
VERTEX
  8
52
 10
11.0833
 20
24.5696
 30
0.0000
 42
1.0000
  0
VERTEX
  8
52
 10
11.1595
 20
24.5696
 30
0.0000
  0
SEQEND
  8
0
  0
POLYLINE
  8
52
 66
1
 10
0.0000
 20
0.0000
 30
0.0000
 40
0.0762
 41
0.0762
 70
0
  0
VERTEX
  8
52
 10
11.1595
 20
25.1104
 30
0.0000
 42
1.0000
  0
VERTEX
  8
52
 10
11.0833
 20
25.1104
 30
0.0000
  0
SEQEND
  8
0
  0
POLYLINE
  8
52
 66
1
 10
0.0000
 20
0.0000
 30
0.0000
 40
0.1524
 41
0.1524
 70
0
  0
VERTEX
  8
52
 10
11.5786
 20
24.5696
 30
0.0000
  0
VERTEX
  8
52
 10
11.5786
 20
25.1104
 30
0.0000
  0
SEQEND
  8
0
  0
POLYLINE
  8
52
 66
1
 10
0.0000
 20
0.0000
 30
0.0000
 40
0.0762
 41
0.0762
 70
0
  0
VERTEX
  8
52
 10
11.6167
 20
25.1104
 30
0.0000
 42
1.0000
  0
VERTEX
  8
52
 10
11.5405
 20
25.1104
 30
0.0000
  0
SEQEND
  8
0
  0
POLYLINE
  8
52
 66
1
 10
0.0000
 20
0.0000
 30
0.0000
 40
0.0762
 41
0.0762
 70
0
  0
VERTEX
  8
52
 10
11.5405
 20
24.5696
 30
0.0000
 42
1.0000
  0
VERTEX
  8
52
 10
11.6167
 20
24.5696
 30
0.0000
  0
SEQEND
  8
0
  0
POLYLINE
  8
40
 66
1
 10
0.0000
 20
0.0000
 30
0.0000
 40
0.0508
 41
0.0508
 70
0
  0
VERTEX
  8
40
 10
10.7000
 20
26.0400
 30
0.0000
  0
VERTEX
  8
40
 10
10.7000
 20
23.6400
 30
0.0000
  0
SEQEND
  8
0
  0
POLYLINE
  8
40
 66
1
 10
0.0000
 20
0.0000
 30
0.0000
 40
0.0254
 41
0.0254
 70
0
  0
VERTEX
  8
40
 10
10.6873
 20
23.6400
 30
0.0000
 42
1.0000
  0
VERTEX
  8
40
 10
10.7127
 20
23.6400
 30
0.0000
  0
SEQEND
  8
0
  0
POLYLINE
  8
40
 66
1
 10
0.0000
 20
0.0000
 30
0.0000
 40
0.0254
 41
0.0254
 70
0
  0
VERTEX
  8
40
 10
10.7127
 20
26.0400
 30
0.0000
 42
1.0000
  0
VERTEX
  8
40
 10
10.6873
 20
26.0400
 30
0.0000
  0
SEQEND
  8
0
  0
POLYLINE
  8
40
 66
1
 10
0.0000
 20
0.0000
 30
0.0000
 40
0.0508
 41
0.0508
 70
0
  0
VERTEX
  8
40
 10
10.7000
 20
23.6400
 30
0.0000
  0
VERTEX
  8
40
 10
12.0000
 20
23.6400
 30
0.0000
  0
SEQEND
  8
0
  0
POLYLINE
  8
40
 66
1
 10
0.0000
 20
0.0000
 30
0.0000
 40
0.0254
 41
0.0254
 70
0
  0
VERTEX
  8
40
 10
12.0000
 20
23.6273
 30
0.0000
 42
1.0000
  0
VERTEX
  8
40
 10
12.0000
 20
23.6527
 30
0.0000
  0
SEQEND
  8
0
  0
POLYLINE
  8
40
 66
1
 10
0.0000
 20
0.0000
 30
0.0000
 40
0.0254
 41
0.0254
 70
0
  0
VERTEX
  8
40
 10
10.7000
 20
23.6527
 30
0.0000
 42
1.0000
  0
VERTEX
  8
40
 10
10.7000
 20
23.6273
 30
0.0000
  0
SEQEND
  8
0
  0
POLYLINE
  8
40
 66
1
 10
0.0000
 20
0.0000
 30
0.0000
 40
0.0508
 41
0.0508
 70
0
  0
VERTEX
  8
40
 10
12.0000
 20
23.6400
 30
0.0000
  0
VERTEX
  8
40
 10
12.0000
 20
26.0400
 30
0.0000
  0
SEQEND
  8
0
  0
POLYLINE
  8
40
 66
1
 10
0.0000
 20
0.0000
 30
0.0000
 40
0.0254
 41
0.0254
 70
0
  0
VERTEX
  8
40
 10
12.0127
 20
26.0400
 30
0.0000
 42
1.0000
  0
VERTEX
  8
40
 10
11.9873
 20
26.0400
 30
0.0000
  0
SEQEND
  8
0
  0
POLYLINE
  8
40
 66
1
 10
0.0000
 20
0.0000
 30
0.0000
 40
0.0254
 41
0.0254
 70
0
  0
VERTEX
  8
40
 10
11.9873
 20
23.6400
 30
0.0000
 42
1.0000
  0
VERTEX
  8
40
 10
12.0127
 20
23.6400
 30
0.0000
  0
SEQEND
  8
0
  0
POLYLINE
  8
40
 66
1
 10
0.0000
 20
0.0000
 30
0.0000
 40
0.0508
 41
0.0508
 70
0
  0
VERTEX
  8
40
 10
12.0000
 20
26.0400
 30
0.0000
  0
VERTEX
  8
40
 10
10.7000
 20
26.0400
 30
0.0000
  0
SEQEND
  8
0
  0
POLYLINE
  8
40
 66
1
 10
0.0000
 20
0.0000
 30
0.0000
 40
0.0254
 41
0.0254
 70
0
  0
VERTEX
  8
40
 10
10.7000
 20
26.0527
 30
0.0000
 42
1.0000
  0
VERTEX
  8
40
 10
10.7000
 20
26.0273
 30
0.0000
  0
SEQEND
  8
0
  0
POLYLINE
  8
40
 66
1
 10
0.0000
 20
0.0000
 30
0.0000
 40
0.0254
 41
0.0254
 70
0
  0
VERTEX
  8
40
 10
12.0000
 20
26.0273
 30
0.0000
 42
1.0000
  0
VERTEX
  8
40
 10
12.0000
 20
26.0527
 30
0.0000
  0
SEQEND
  8
0
  0
INSERT
  8
52
  2
RECT
 10
11.3500
 20
25.2440
 30
0.0000
 41
0.3000
 42
0.6096
 43
1.0000
 50
270.0000
  0
INSERT
  8
52
  2
RECT
 10
11.3500
 20
24.4312
 30
0.0000
 41
0.3000
 42
0.6096
 43
1.0000
 50
270.0000
  0
INSERT
  8
16
  2
RECT
 10
11.3500
 20
25.4200
 30
0.0000
 41
0.8500
 42
0.9000
 43
1.0000
 50
270.0000
  0
INSERT
  8
16
  2
RECT
 10
11.3500
 20
24.2600
 30
0.0000
 41
0.8500
 42
0.9000
 43
1.0000
 50
270.0000
  0
POINT
  8
24
 10
9.2300
 20
31.5000
 30
0.0000
  0
POLYLINE
  8
52
 66
1
 10
0.0000
 20
0.0000
 30
0.0000
 40
0.1524
 41
0.1524
 70
0
  0
VERTEX
  8
52
 10
9.4586
 20
31.2296
 30
0.0000
  0
VERTEX
  8
52
 10
9.4586
 20
31.7704
 30
0.0000
  0
SEQEND
  8
0
  0
POLYLINE
  8
52
 66
1
 10
0.0000
 20
0.0000
 30
0.0000
 40
0.0762
 41
0.0762
 70
0
  0
VERTEX
  8
52
 10
9.4967
 20
31.7704
 30
0.0000
 42
1.0000
  0
VERTEX
  8
52
 10
9.4205
 20
31.7704
 30
0.0000
  0
SEQEND
  8
0
  0
POLYLINE
  8
52
 66
1
 10
0.0000
 20
0.0000
 30
0.0000
 40
0.0762
 41
0.0762
 70
0
  0
VERTEX
  8
52
 10
9.4205
 20
31.2296
 30
0.0000
 42
1.0000
  0
VERTEX
  8
52
 10
9.4967
 20
31.2296
 30
0.0000
  0
SEQEND
  8
0
  0
POLYLINE
  8
52
 66
1
 10
0.0000
 20
0.0000
 30
0.0000
 40
0.1524
 41
0.1524
 70
0
  0
VERTEX
  8
52
 10
9.0014
 20
31.7704
 30
0.0000
  0
VERTEX
  8
52
 10
9.0014
 20
31.2296
 30
0.0000
  0
SEQEND
  8
0
  0
POLYLINE
  8
52
 66
1
 10
0.0000
 20
0.0000
 30
0.0000
 40
0.0762
 41
0.0762
 70
0
  0
VERTEX
  8
52
 10
8.9633
 20
31.2296
 30
0.0000
 42
1.0000
  0
VERTEX
  8
52
 10
9.0395
 20
31.2296
 30
0.0000
  0
SEQEND
  8
0
  0
POLYLINE
  8
52
 66
1
 10
0.0000
 20
0.0000
 30
0.0000
 40
0.0762
 41
0.0762
 70
0
  0
VERTEX
  8
52
 10
9.0395
 20
31.7704
 30
0.0000
 42
1.0000
  0
VERTEX
  8
52
 10
8.9633
 20
31.7704
 30
0.0000
  0
SEQEND
  8
0
  0
POLYLINE
  8
40
 66
1
 10
0.0000
 20
0.0000
 30
0.0000
 40
0.0508
 41
0.0508
 70
0
  0
VERTEX
  8
40
 10
9.8800
 20
30.3000
 30
0.0000
  0
VERTEX
  8
40
 10
9.8800
 20
32.7000
 30
0.0000
  0
SEQEND
  8
0
  0
POLYLINE
  8
40
 66
1
 10
0.0000
 20
0.0000
 30
0.0000
 40
0.0254
 41
0.0254
 70
0
  0
VERTEX
  8
40
 10
9.8927
 20
32.7000
 30
0.0000
 42
1.0000
  0
VERTEX
  8
40
 10
9.8673
 20
32.7000
 30
0.0000
  0
SEQEND
  8
0
  0
POLYLINE
  8
40
 66
1
 10
0.0000
 20
0.0000
 30
0.0000
 40
0.0254
 41
0.0254
 70
0
  0
VERTEX
  8
40
 10
9.8673
 20
30.3000
 30
0.0000
 42
1.0000
  0
VERTEX
  8
40
 10
9.8927
 20
30.3000
 30
0.0000
  0
SEQEND
  8
0
  0
POLYLINE
  8
40
 66
1
 10
0.0000
 20
0.0000
 30
0.0000
 40
0.0508
 41
0.0508
 70
0
  0
VERTEX
  8
40
 10
9.8800
 20
32.7000
 30
0.0000
  0
VERTEX
  8
40
 10
8.5800
 20
32.7000
 30
0.0000
  0
SEQEND
  8
0
  0
POLYLINE
  8
40
 66
1
 10
0.0000
 20
0.0000
 30
0.0000
 40
0.0254
 41
0.0254
 70
0
  0
VERTEX
  8
40
 10
8.5800
 20
32.7127
 30
0.0000
 42
1.0000
  0
VERTEX
  8
40
 10
8.5800
 20
32.6873
 30
0.0000
  0
SEQEND
  8
0
  0
POLYLINE
  8
40
 66
1
 10
0.0000
 20
0.0000
 30
0.0000
 40
0.0254
 41
0.0254
 70
0
  0
VERTEX
  8
40
 10
9.8800
 20
32.6873
 30
0.0000
 42
1.0000
  0
VERTEX
  8
40
 10
9.8800
 20
32.7127
 30
0.0000
  0
SEQEND
  8
0
  0
POLYLINE
  8
40
 66
1
 10
0.0000
 20
0.0000
 30
0.0000
 40
0.0508
 41
0.0508
 70
0
  0
VERTEX
  8
40
 10
8.5800
 20
32.7000
 30
0.0000
  0
VERTEX
  8
40
 10
8.5800
 20
30.3000
 30
0.0000
  0
SEQEND
  8
0
  0
POLYLINE
  8
40
 66
1
 10
0.0000
 20
0.0000
 30
0.0000
 40
0.0254
 41
0.0254
 70
0
  0
VERTEX
  8
40
 10
8.5673
 20
30.3000
 30
0.0000
 42
1.0000
  0
VERTEX
  8
40
 10
8.5927
 20
30.3000
 30
0.0000
  0
SEQEND
  8
0
  0
POLYLINE
  8
40
 66
1
 10
0.0000
 20
0.0000
 30
0.0000
 40
0.0254
 41
0.0254
 70
0
  0
VERTEX
  8
40
 10
8.5927
 20
32.7000
 30
0.0000
 42
1.0000
  0
VERTEX
  8
40
 10
8.5673
 20
32.7000
 30
0.0000
  0
SEQEND
  8
0
  0
POLYLINE
  8
40
 66
1
 10
0.0000
 20
0.0000
 30
0.0000
 40
0.0508
 41
0.0508
 70
0
  0
VERTEX
  8
40
 10
8.5800
 20
30.3000
 30
0.0000
  0
VERTEX
  8
40
 10
9.8800
 20
30.3000
 30
0.0000
  0
SEQEND
  8
0
  0
POLYLINE
  8
40
 66
1
 10
0.0000
 20
0.0000
 30
0.0000
 40
0.0254
 41
0.0254
 70
0
  0
VERTEX
  8
40
 10
9.8800
 20
30.2873
 30
0.0000
 42
1.0000
  0
VERTEX
  8
40
 10
9.8800
 20
30.3127
 30
0.0000
  0
SEQEND
  8
0
  0
POLYLINE
  8
40
 66
1
 10
0.0000
 20
0.0000
 30
0.0000
 40
0.0254
 41
0.0254
 70
0
  0
VERTEX
  8
40
 10
8.5800
 20
30.3127
 30
0.0000
 42
1.0000
  0
VERTEX
  8
40
 10
8.5800
 20
30.2873
 30
0.0000
  0
SEQEND
  8
0
  0
INSERT
  8
52
  2
RECT
 10
9.2300
 20
31.0960
 30
0.0000
 41
0.3000
 42
0.6096
 43
1.0000
 50
90.0000
  0
INSERT
  8
52
  2
RECT
 10
9.2300
 20
31.9088
 30
0.0000
 41
0.3000
 42
0.6096
 43
1.0000
 50
90.0000
  0
INSERT
  8
16
  2
RECT
 10
9.2300
 20
30.9200
 30
0.0000
 41
0.8500
 42
0.9000
 43
1.0000
 50
90.0000
  0
INSERT
  8
16
  2
RECT
 10
9.2300
 20
32.0800
 30
0.0000
 41
0.8500
 42
0.9000
 43
1.0000
 50
90.0000
  0
POINT
  8
24
 10
15.9900
 20
32.1600
 30
0.0000
  0
POLYLINE
  8
52
 66
1
 10
0.0000
 20
0.0000
 30
0.0000
 40
0.1524
 41
0.1524
 70
0
  0
VERTEX
  8
52
 10
15.7196
 20
31.9314
 30
0.0000
  0
VERTEX
  8
52
 10
16.2604
 20
31.9314
 30
0.0000
  0
SEQEND
  8
0
  0
POLYLINE
  8
52
 66
1
 10
0.0000
 20
0.0000
 30
0.0000
 40
0.0762
 41
0.0762
 70
0
  0
VERTEX
  8
52
 10
16.2604
 20
31.8933
 30
0.0000
 42
1.0000
  0
VERTEX
  8
52
 10
16.2604
 20
31.9695
 30
0.0000
  0
SEQEND
  8
0
  0
POLYLINE
  8
52
 66
1
 10
0.0000
 20
0.0000
 30
0.0000
 40
0.0762
 41
0.0762
 70
0
  0
VERTEX
  8
52
 10
15.7196
 20
31.9695
 30
0.0000
 42
1.0000
  0
VERTEX
  8
52
 10
15.7196
 20
31.8933
 30
0.0000
  0
SEQEND
  8
0
  0
POLYLINE
  8
52
 66
1
 10
0.0000
 20
0.0000
 30
0.0000
 40
0.1524
 41
0.1524
 70
0
  0
VERTEX
  8
52
 10
16.2604
 20
32.3886
 30
0.0000
  0
VERTEX
  8
52
 10
15.7196
 20
32.3886
 30
0.0000
  0
SEQEND
  8
0
  0
POLYLINE
  8
52
 66
1
 10
0.0000
 20
0.0000
 30
0.0000
 40
0.0762
 41
0.0762
 70
0
  0
VERTEX
  8
52
 10
15.7196
 20
32.4267
 30
0.0000
 42
1.0000
  0
VERTEX
  8
52
 10
15.7196
 20
32.3505
 30
0.0000
  0
SEQEND
  8
0
  0
POLYLINE
  8
52
 66
1
 10
0.0000
 20
0.0000
 30
0.0000
 40
0.0762
 41
0.0762
 70
0
  0
VERTEX
  8
52
 10
16.2604
 20
32.3505
 30
0.0000
 42
1.0000
  0
VERTEX
  8
52
 10
16.2604
 20
32.4267
 30
0.0000
  0
SEQEND
  8
0
  0
POLYLINE
  8
40
 66
1
 10
0.0000
 20
0.0000
 30
0.0000
 40
0.0508
 41
0.0508
 70
0
  0
VERTEX
  8
40
 10
14.7900
 20
31.5100
 30
0.0000
  0
VERTEX
  8
40
 10
17.1900
 20
31.5100
 30
0.0000
  0
SEQEND
  8
0
  0
POLYLINE
  8
40
 66
1
 10
0.0000
 20
0.0000
 30
0.0000
 40
0.0254
 41
0.0254
 70
0
  0
VERTEX
  8
40
 10
17.1900
 20
31.4973
 30
0.0000
 42
1.0000
  0
VERTEX
  8
40
 10
17.1900
 20
31.5227
 30
0.0000
  0
SEQEND
  8
0
  0
POLYLINE
  8
40
 66
1
 10
0.0000
 20
0.0000
 30
0.0000
 40
0.0254
 41
0.0254
 70
0
  0
VERTEX
  8
40
 10
14.7900
 20
31.5227
 30
0.0000
 42
1.0000
  0
VERTEX
  8
40
 10
14.7900
 20
31.4973
 30
0.0000
  0
SEQEND
  8
0
  0
POLYLINE
  8
40
 66
1
 10
0.0000
 20
0.0000
 30
0.0000
 40
0.0508
 41
0.0508
 70
0
  0
VERTEX
  8
40
 10
17.1900
 20
31.5100
 30
0.0000
  0
VERTEX
  8
40
 10
17.1900
 20
32.8100
 30
0.0000
  0
SEQEND
  8
0
  0
POLYLINE
  8
40
 66
1
 10
0.0000
 20
0.0000
 30
0.0000
 40
0.0254
 41
0.0254
 70
0
  0
VERTEX
  8
40
 10
17.2027
 20
32.8100
 30
0.0000
 42
1.0000
  0
VERTEX
  8
40
 10
17.1773
 20
32.8100
 30
0.0000
  0
SEQEND
  8
0
  0
POLYLINE
  8
40
 66
1
 10
0.0000
 20
0.0000
 30
0.0000
 40
0.0254
 41
0.0254
 70
0
  0
VERTEX
  8
40
 10
17.1773
 20
31.5100
 30
0.0000
 42
1.0000
  0
VERTEX
  8
40
 10
17.2027
 20
31.5100
 30
0.0000
  0
SEQEND
  8
0
  0
POLYLINE
  8
40
 66
1
 10
0.0000
 20
0.0000
 30
0.0000
 40
0.0508
 41
0.0508
 70
0
  0
VERTEX
  8
40
 10
17.1900
 20
32.8100
 30
0.0000
  0
VERTEX
  8
40
 10
14.7900
 20
32.8100
 30
0.0000
  0
SEQEND
  8
0
  0
POLYLINE
  8
40
 66
1
 10
0.0000
 20
0.0000
 30
0.0000
 40
0.0254
 41
0.0254
 70
0
  0
VERTEX
  8
40
 10
14.7900
 20
32.8227
 30
0.0000
 42
1.0000
  0
VERTEX
  8
40
 10
14.7900
 20
32.7973
 30
0.0000
  0
SEQEND
  8
0
  0
POLYLINE
  8
40
 66
1
 10
0.0000
 20
0.0000
 30
0.0000
 40
0.0254
 41
0.0254
 70
0
  0
VERTEX
  8
40
 10
17.1900
 20
32.7973
 30
0.0000
 42
1.0000
  0
VERTEX
  8
40
 10
17.1900
 20
32.8227
 30
0.0000
  0
SEQEND
  8
0
  0
POLYLINE
  8
40
 66
1
 10
0.0000
 20
0.0000
 30
0.0000
 40
0.0508
 41
0.0508
 70
0
  0
VERTEX
  8
40
 10
14.7900
 20
32.8100
 30
0.0000
  0
VERTEX
  8
40
 10
14.7900
 20
31.5100
 30
0.0000
  0
SEQEND
  8
0
  0
POLYLINE
  8
40
 66
1
 10
0.0000
 20
0.0000
 30
0.0000
 40
0.0254
 41
0.0254
 70
0
  0
VERTEX
  8
40
 10
14.7773
 20
31.5100
 30
0.0000
 42
1.0000
  0
VERTEX
  8
40
 10
14.8027
 20
31.5100
 30
0.0000
  0
SEQEND
  8
0
  0
POLYLINE
  8
40
 66
1
 10
0.0000
 20
0.0000
 30
0.0000
 40
0.0254
 41
0.0254
 70
0
  0
VERTEX
  8
40
 10
14.8027
 20
32.8100
 30
0.0000
 42
1.0000
  0
VERTEX
  8
40
 10
14.7773
 20
32.8100
 30
0.0000
  0
SEQEND
  8
0
  0
INSERT
  8
52
  2
RECT
 10
15.5860
 20
32.1600
 30
0.0000
 41
0.3000
 42
0.6096
 43
1.0000
 50
0.0000
  0
INSERT
  8
52
  2
RECT
 10
16.3988
 20
32.1600
 30
0.0000
 41
0.3000
 42
0.6096
 43
1.0000
 50
0.0000
  0
INSERT
  8
16
  2
RECT
 10
15.4100
 20
32.1600
 30
0.0000
 41
0.8500
 42
0.9000
 43
1.0000
 50
0.0000
  0
INSERT
  8
16
  2
RECT
 10
16.5700
 20
32.1600
 30
0.0000
 41
0.8500
 42
0.9000
 43
1.0000
 50
0.0000
  0
POINT
  8
24
 10
17.4102
 20
36.8684
 30
0.0000
  0
INSERT
  8
16
  2
RECT
 10
17.4102
 20
36.8684
 30
0.0000
 41
0.5996
 42
0.5996
 43
1.0000
 50
135.0000
  0
POINT
  8
24
 10
17.6800
 20
1.9300
 30
0.0000
  0
POLYLINE
  8
22
 66
1
 10
0.0000
 20
0.0000
 30
0.0000
 40
0.1270
 41
0.1270
 70
0
  0
VERTEX
  8
22
 10
17.6800
 20
2.0800
 30
0.0000
  0
VERTEX
  8
22
 10
17.6800
 20
5.9500
 30
0.0000
  0
SEQEND
  8
0
  0
POLYLINE
  8
22
 66
1
 10
0.0000
 20
0.0000
 30
0.0000
 40
0.0635
 41
0.0635
 70
0
  0
VERTEX
  8
22
 10
17.7117
 20
5.9500
 30
0.0000
 42
1.0000
  0
VERTEX
  8
22
 10
17.6483
 20
5.9500
 30
0.0000
  0
SEQEND
  8
0
  0
POLYLINE
  8
22
 66
1
 10
0.0000
 20
0.0000
 30
0.0000
 40
0.0635
 41
0.0635
 70
0
  0
VERTEX
  8
22
 10
17.6483
 20
2.0800
 30
0.0000
 42
1.0000
  0
VERTEX
  8
22
 10
17.7117
 20
2.0800
 30
0.0000
  0
SEQEND
  8
0
  0
POLYLINE
  8
22
 66
1
 10
0.0000
 20
0.0000
 30
0.0000
 40
0.1270
 41
0.1270
 70
0
  0
VERTEX
  8
22
 10
17.6800
 20
5.9500
 30
0.0000
  0
VERTEX
  8
22
 10
6.0800
 20
5.9500
 30
0.0000
  0
SEQEND
  8
0
  0
POLYLINE
  8
22
 66
1
 10
0.0000
 20
0.0000
 30
0.0000
 40
0.0635
 41
0.0635
 70
0
  0
VERTEX
  8
22
 10
6.0800
 20
5.9817
 30
0.0000
 42
1.0000
  0
VERTEX
  8
22
 10
6.0800
 20
5.9183
 30
0.0000
  0
SEQEND
  8
0
  0
POLYLINE
  8
22
 66
1
 10
0.0000
 20
0.0000
 30
0.0000
 40
0.0635
 41
0.0635
 70
0
  0
VERTEX
  8
22
 10
17.6800
 20
5.9183
 30
0.0000
 42
1.0000
  0
VERTEX
  8
22
 10
17.6800
 20
5.9817
 30
0.0000
  0
SEQEND
  8
0
  0
POLYLINE
  8
22
 66
1
 10
0.0000
 20
0.0000
 30
0.0000
 40
0.1270
 41
0.1270
 70
0
  0
VERTEX
  8
22
 10
6.0800
 20
5.9500
 30
0.0000
  0
VERTEX
  8
22
 10
6.0800
 20
2.0800
 30
0.0000
  0
SEQEND
  8
0
  0
POLYLINE
  8
22
 66
1
 10
0.0000
 20
0.0000
 30
0.0000
 40
0.0635
 41
0.0635
 70
0
  0
VERTEX
  8
22
 10
6.0483
 20
2.0800
 30
0.0000
 42
1.0000
  0
VERTEX
  8
22
 10
6.1117
 20
2.0800
 30
0.0000
  0
SEQEND
  8
0
  0
POLYLINE
  8
22
 66
1
 10
0.0000
 20
0.0000
 30
0.0000
 40
0.0635
 41
0.0635
 70
0
  0
VERTEX
  8
22
 10
6.1117
 20
5.9500
 30
0.0000
 42
1.0000
  0
VERTEX
  8
22
 10
6.0483
 20
5.9500
 30
0.0000
  0
SEQEND
  8
0
  0
POLYLINE
  8
22
 66
1
 10
0.0000
 20
0.0000
 30
0.0000
 40
0.1270
 41
0.1270
 70
0
  0
VERTEX
  8
22
 10
6.0800
 20
2.0800
 30
0.0000
  0
VERTEX
  8
22
 10
17.6800
 20
2.0800
 30
0.0000
  0
SEQEND
  8
0
  0
POLYLINE
  8
22
 66
1
 10
0.0000
 20
0.0000
 30
0.0000
 40
0.0635
 41
0.0635
 70
0
  0
VERTEX
  8
22
 10
17.6800
 20
2.0482
 30
0.0000
 42
1.0000
  0
VERTEX
  8
22
 10
17.6800
 20
2.1118
 30
0.0000
  0
SEQEND
  8
0
  0
POLYLINE
  8
22
 66
1
 10
0.0000
 20
0.0000
 30
0.0000
 40
0.0635
 41
0.0635
 70
0
  0
VERTEX
  8
22
 10
6.0800
 20
2.1118
 30
0.0000
 42
1.0000
  0
VERTEX
  8
22
 10
6.0800
 20
2.0482
 30
0.0000
  0
SEQEND
  8
0
  0
POLYLINE
  8
22
 66
1
 10
0.0000
 20
0.0000
 30
0.0000
 40
0.1524
 41
0.1524
 70
0
  0
VERTEX
  8
22
 10
17.3800
 20
2.2300
 30
0.0000
 42
1.0000
  0
VERTEX
  8
22
 10
17.3800
 20
2.4300
 30
0.0000
 42
1.0000
  0
VERTEX
  8
22
 10
17.3800
 20
2.2300
 30
0.0000
  0
SEQEND
  8
0
  0
INSERT
  8
16
  2
RECT
 10
16.8800
 20
3.9800
 30
0.0000
 41
0.6000
 42
3.0000
 43
1.0000
 50
180.0000
  0
INSERT
  8
16
  2
RECT
 10
15.8800
 20
3.9800
 30
0.0000
 41
0.6000
 42
3.0000
 43
1.0000
 50
180.0000
  0
INSERT
  8
16
  2
RECT
 10
14.8800
 20
3.9800
 30
0.0000
 41
0.6000
 42
3.0000
 43
1.0000
 50
180.0000
  0
INSERT
  8
16
  2
RECT
 10
13.8800
 20
3.9800
 30
0.0000
 41
0.6000
 42
3.0000
 43
1.0000
 50
180.0000
  0
INSERT
  8
16
  2
RECT
 10
12.8800
 20
3.9800
 30
0.0000
 41
0.6000
 42
3.0000
 43
1.0000
 50
180.0000
  0
INSERT
  8
16
  2
RECT
 10
11.8800
 20
3.9800
 30
0.0000
 41
0.6000
 42
3.0000
 43
1.0000
 50
180.0000
  0
INSERT
  8
16
  2
RECT
 10
10.8800
 20
3.9800
 30
0.0000
 41
0.6000
 42
3.0000
 43
1.0000
 50
180.0000
  0
INSERT
  8
16
  2
RECT
 10
9.8800
 20
3.9800
 30
0.0000
 41
0.6000
 42
3.0000
 43
1.0000
 50
180.0000
  0
INSERT
  8
16
  2
RECT
 10
8.8800
 20
3.9800
 30
0.0000
 41
0.6000
 42
3.0000
 43
1.0000
 50
180.0000
  0
INSERT
  8
16
  2
RECT
 10
7.8800
 20
3.9800
 30
0.0000
 41
0.6000
 42
3.0000
 43
1.0000
 50
180.0000
  0
INSERT
  8
16
  2
RECT
 10
6.8800
 20
3.9800
 30
0.0000
 41
0.6000
 42
3.0000
 43
1.0000
 50
180.0000
  0
POINT
  8
24
 10
15.9900
 20
29.6200
 30
0.0000
  0
POLYLINE
  8
52
 66
1
 10
0.0000
 20
0.0000
 30
0.0000
 40
0.0500
 41
0.0500
 70
0
  0
VERTEX
  8
52
 10
17.3400
 20
27.8200
 30
0.0000
  0
VERTEX
  8
52
 10
17.3400
 20
31.4200
 30
0.0000
  0
SEQEND
  8
0
  0
POLYLINE
  8
52
 66
1
 10
0.0000
 20
0.0000
 30
0.0000
 40
0.0250
 41
0.0250
 70
0
  0
VERTEX
  8
52
 10
17.3525
 20
31.4200
 30
0.0000
 42
1.0000
  0
VERTEX
  8
52
 10
17.3275
 20
31.4200
 30
0.0000
  0
SEQEND
  8
0
  0
POLYLINE
  8
52
 66
1
 10
0.0000
 20
0.0000
 30
0.0000
 40
0.0250
 41
0.0250
 70
0
  0
VERTEX
  8
52
 10
17.3275
 20
27.8200
 30
0.0000
 42
1.0000
  0
VERTEX
  8
52
 10
17.3525
 20
27.8200
 30
0.0000
  0
SEQEND
  8
0
  0
POLYLINE
  8
52
 66
1
 10
0.0000
 20
0.0000
 30
0.0000
 40
0.0500
 41
0.0500
 70
0
  0
VERTEX
  8
52
 10
17.3400
 20
31.4200
 30
0.0000
  0
VERTEX
  8
52
 10
14.6400
 20
31.4200
 30
0.0000
  0
SEQEND
  8
0
  0
POLYLINE
  8
52
 66
1
 10
0.0000
 20
0.0000
 30
0.0000
 40
0.0250
 41
0.0250
 70
0
  0
VERTEX
  8
52
 10
14.6400
 20
31.4325
 30
0.0000
 42
1.0000
  0
VERTEX
  8
52
 10
14.6400
 20
31.4075
 30
0.0000
  0
SEQEND
  8
0
  0
POLYLINE
  8
52
 66
1
 10
0.0000
 20
0.0000
 30
0.0000
 40
0.0250
 41
0.0250
 70
0
  0
VERTEX
  8
52
 10
17.3400
 20
31.4075
 30
0.0000
 42
1.0000
  0
VERTEX
  8
52
 10
17.3400
 20
31.4325
 30
0.0000
  0
SEQEND
  8
0
  0
POLYLINE
  8
52
 66
1
 10
0.0000
 20
0.0000
 30
0.0000
 40
0.0500
 41
0.0500
 70
0
  0
VERTEX
  8
52
 10
14.6400
 20
31.4200
 30
0.0000
  0
VERTEX
  8
52
 10
14.6400
 20
27.8200
 30
0.0000
  0
SEQEND
  8
0
  0
POLYLINE
  8
52
 66
1
 10
0.0000
 20
0.0000
 30
0.0000
 40
0.0250
 41
0.0250
 70
0
  0
VERTEX
  8
52
 10
14.6275
 20
27.8200
 30
0.0000
 42
1.0000
  0
VERTEX
  8
52
 10
14.6525
 20
27.8200
 30
0.0000
  0
SEQEND
  8
0
  0
POLYLINE
  8
52
 66
1
 10
0.0000
 20
0.0000
 30
0.0000
 40
0.0250
 41
0.0250
 70
0
  0
VERTEX
  8
52
 10
14.6525
 20
31.4200
 30
0.0000
 42
1.0000
  0
VERTEX
  8
52
 10
14.6275
 20
31.4200
 30
0.0000
  0
SEQEND
  8
0
  0
POLYLINE
  8
52
 66
1
 10
0.0000
 20
0.0000
 30
0.0000
 40
0.0500
 41
0.0500
 70
0
  0
VERTEX
  8
52
 10
14.6400
 20
27.8200
 30
0.0000
  0
VERTEX
  8
52
 10
17.3400
 20
27.8200
 30
0.0000
  0
SEQEND
  8
0
  0
POLYLINE
  8
52
 66
1
 10
0.0000
 20
0.0000
 30
0.0000
 40
0.0250
 41
0.0250
 70
0
  0
VERTEX
  8
52
 10
17.3400
 20
27.8075
 30
0.0000
 42
1.0000
  0
VERTEX
  8
52
 10
17.3400
 20
27.8325
 30
0.0000
  0
SEQEND
  8
0
  0
POLYLINE
  8
52
 66
1
 10
0.0000
 20
0.0000
 30
0.0000
 40
0.0250
 41
0.0250
 70
0
  0
VERTEX
  8
52
 10
14.6400
 20
27.8325
 30
0.0000
 42
1.0000
  0
VERTEX
  8
52
 10
14.6400
 20
27.8075
 30
0.0000
  0
SEQEND
  8
0
  0
POLYLINE
  8
52
 66
1
 10
0.0000
 20
0.0000
 30
0.0000
 40
0.1000
 41
0.1000
 70
0
  0
VERTEX
  8
52
 10
16.9900
 20
28.9950
 30
0.0000
  0
VERTEX
  8
52
 10
16.9900
 20
30.2450
 30
0.0000
  0
SEQEND
  8
0
  0
POLYLINE
  8
52
 66
1
 10
0.0000
 20
0.0000
 30
0.0000
 40
0.0500
 41
0.0500
 70
0
  0
VERTEX
  8
52
 10
17.0150
 20
30.2450
 30
0.0000
 42
1.0000
  0
VERTEX
  8
52
 10
16.9650
 20
30.2450
 30
0.0000
  0
SEQEND
  8
0
  0
POLYLINE
  8
52
 66
1
 10
0.0000
 20
0.0000
 30
0.0000
 40
0.0500
 41
0.0500
 70
0
  0
VERTEX
  8
52
 10
16.9650
 20
28.9950
 30
0.0000
 42
1.0000
  0
VERTEX
  8
52
 10
17.0150
 20
28.9950
 30
0.0000
  0
SEQEND
  8
0
  0
POLYLINE
  8
52
 66
1
 10
0.0000
 20
0.0000
 30
0.0000
 40
0.1000
 41
0.1000
 70
0
  0
VERTEX
  8
52
 10
16.9900
 20
30.2450
 30
0.0000
  0
VERTEX
  8
52
 10
14.9900
 20
30.2450
 30
0.0000
  0
SEQEND
  8
0
  0
POLYLINE
  8
52
 66
1
 10
0.0000
 20
0.0000
 30
0.0000
 40
0.0500
 41
0.0500
 70
0
  0
VERTEX
  8
52
 10
14.9900
 20
30.2700
 30
0.0000
 42
1.0000
  0
VERTEX
  8
52
 10
14.9900
 20
30.2200
 30
0.0000
  0
SEQEND
  8
0
  0
POLYLINE
  8
52
 66
1
 10
0.0000
 20
0.0000
 30
0.0000
 40
0.0500
 41
0.0500
 70
0
  0
VERTEX
  8
52
 10
16.9900
 20
30.2200
 30
0.0000
 42
1.0000
  0
VERTEX
  8
52
 10
16.9900
 20
30.2700
 30
0.0000
  0
SEQEND
  8
0
  0
POLYLINE
  8
52
 66
1
 10
0.0000
 20
0.0000
 30
0.0000
 40
0.1000
 41
0.1000
 70
0
  0
VERTEX
  8
52
 10
14.9900
 20
30.2450
 30
0.0000
  0
VERTEX
  8
52
 10
14.9900
 20
28.9950
 30
0.0000
  0
SEQEND
  8
0
  0
POLYLINE
  8
52
 66
1
 10
0.0000
 20
0.0000
 30
0.0000
 40
0.0500
 41
0.0500
 70
0
  0
VERTEX
  8
52
 10
14.9650
 20
28.9950
 30
0.0000
 42
1.0000
  0
VERTEX
  8
52
 10
15.0150
 20
28.9950
 30
0.0000
  0
SEQEND
  8
0
  0
POLYLINE
  8
52
 66
1
 10
0.0000
 20
0.0000
 30
0.0000
 40
0.0500
 41
0.0500
 70
0
  0
VERTEX
  8
52
 10
15.0150
 20
30.2450
 30
0.0000
 42
1.0000
  0
VERTEX
  8
52
 10
14.9650
 20
30.2450
 30
0.0000
  0
SEQEND
  8
0
  0
POLYLINE
  8
52
 66
1
 10
0.0000
 20
0.0000
 30
0.0000
 40
0.1000
 41
0.1000
 70
0
  0
VERTEX
  8
52
 10
14.9900
 20
28.9950
 30
0.0000
  0
VERTEX
  8
52
 10
16.9900
 20
28.9950
 30
0.0000
  0
SEQEND
  8
0
  0
POLYLINE
  8
52
 66
1
 10
0.0000
 20
0.0000
 30
0.0000
 40
0.0500
 41
0.0500
 70
0
  0
VERTEX
  8
52
 10
16.9900
 20
28.9700
 30
0.0000
 42
1.0000
  0
VERTEX
  8
52
 10
16.9900
 20
29.0200
 30
0.0000
  0
SEQEND
  8
0
  0
POLYLINE
  8
52
 66
1
 10
0.0000
 20
0.0000
 30
0.0000
 40
0.0500
 41
0.0500
 70
0
  0
VERTEX
  8
52
 10
14.9900
 20
29.0200
 30
0.0000
 42
1.0000
  0
VERTEX
  8
52
 10
14.9900
 20
28.9700
 30
0.0000
  0
SEQEND
  8
0
  0
POLYLINE
  8
52
 66
1
 10
0.0000
 20
0.0000
 30
0.0000
 40
0.1000
 41
0.1000
 70
0
  0
VERTEX
  8
52
 10
16.3400
 20
28.9950
 30
0.0000
  0
VERTEX
  8
52
 10
16.9900
 20
29.6450
 30
0.0000
  0
SEQEND
  8
0
  0
POLYLINE
  8
52
 66
1
 10
0.0000
 20
0.0000
 30
0.0000
 40
0.0500
 41
0.0500
 70
0
  0
VERTEX
  8
52
 10
17.0077
 20
29.6273
 30
0.0000
 42
1.0000
  0
VERTEX
  8
52
 10
16.9723
 20
29.6627
 30
0.0000
  0
SEQEND
  8
0
  0
POLYLINE
  8
52
 66
1
 10
0.0000
 20
0.0000
 30
0.0000
 40
0.0500
 41
0.0500
 70
0
  0
VERTEX
  8
52
 10
16.3223
 20
29.0127
 30
0.0000
 42
1.0000
  0
VERTEX
  8
52
 10
16.3577
 20
28.9773
 30
0.0000
  0
SEQEND
  8
0
  0
POLYLINE
  8
22
 66
1
 10
0.0000
 20
0.0000
 30
0.0000
 40
0.2000
 41
0.2000
 70
0
  0
VERTEX
  8
22
 10
16.9900
 20
29.5200
 30
0.0000
  0
VERTEX
  8
22
 10
16.9900
 20
29.7200
 30
0.0000
  0
SEQEND
  8
0
  0
POLYLINE
  8
22
 66
1
 10
0.0000
 20
0.0000
 30
0.0000
 40
0.1000
 41
0.1000
 70
0
  0
VERTEX
  8
22
 10
17.0400
 20
29.7200
 30
0.0000
 42
1.0000
  0
VERTEX
  8
22
 10
16.9400
 20
29.7200
 30
0.0000
  0
SEQEND
  8
0
  0
POLYLINE
  8
22
 66
1
 10
0.0000
 20
0.0000
 30
0.0000
 40
0.1000
 41
0.1000
 70
0
  0
VERTEX
  8
22
 10
16.9400
 20
29.5200
 30
0.0000
 42
1.0000
  0
VERTEX
  8
22
 10
17.0400
 20
29.5200
 30
0.0000
  0
SEQEND
  8
0
  0
POLYLINE
  8
22
 66
1
 10
0.0000
 20
0.0000
 30
0.0000
 40
0.2000
 41
0.2000
 70
0
  0
VERTEX
  8
22
 10
16.9900
 20
29.7200
 30
0.0000
  0
VERTEX
  8
22
 10
14.9900
 20
29.7200
 30
0.0000
  0
SEQEND
  8
0
  0
POLYLINE
  8
22
 66
1
 10
0.0000
 20
0.0000
 30
0.0000
 40
0.1000
 41
0.1000
 70
0
  0
VERTEX
  8
22
 10
14.9900
 20
29.7700
 30
0.0000
 42
1.0000
  0
VERTEX
  8
22
 10
14.9900
 20
29.6700
 30
0.0000
  0
SEQEND
  8
0
  0
POLYLINE
  8
22
 66
1
 10
0.0000
 20
0.0000
 30
0.0000
 40
0.1000
 41
0.1000
 70
0
  0
VERTEX
  8
22
 10
16.9900
 20
29.6700
 30
0.0000
 42
1.0000
  0
VERTEX
  8
22
 10
16.9900
 20
29.7700
 30
0.0000
  0
SEQEND
  8
0
  0
POLYLINE
  8
22
 66
1
 10
0.0000
 20
0.0000
 30
0.0000
 40
0.2000
 41
0.2000
 70
0
  0
VERTEX
  8
22
 10
14.9900
 20
29.7200
 30
0.0000
  0
VERTEX
  8
22
 10
14.9900
 20
29.5200
 30
0.0000
  0
SEQEND
  8
0
  0
POLYLINE
  8
22
 66
1
 10
0.0000
 20
0.0000
 30
0.0000
 40
0.1000
 41
0.1000
 70
0
  0
VERTEX
  8
22
 10
14.9400
 20
29.5200
 30
0.0000
 42
1.0000
  0
VERTEX
  8
22
 10
15.0400
 20
29.5200
 30
0.0000
  0
SEQEND
  8
0
  0
POLYLINE
  8
22
 66
1
 10
0.0000
 20
0.0000
 30
0.0000
 40
0.1000
 41
0.1000
 70
0
  0
VERTEX
  8
22
 10
15.0400
 20
29.7200
 30
0.0000
 42
1.0000
  0
VERTEX
  8
22
 10
14.9400
 20
29.7200
 30
0.0000
  0
SEQEND
  8
0
  0
POLYLINE
  8
22
 66
1
 10
0.0000
 20
0.0000
 30
0.0000
 40
0.2000
 41
0.2000
 70
0
  0
VERTEX
  8
22
 10
14.9900
 20
29.5200
 30
0.0000
  0
VERTEX
  8
22
 10
16.9900
 20
29.5200
 30
0.0000
  0
SEQEND
  8
0
  0
POLYLINE
  8
22
 66
1
 10
0.0000
 20
0.0000
 30
0.0000
 40
0.1000
 41
0.1000
 70
0
  0
VERTEX
  8
22
 10
16.9900
 20
29.4700
 30
0.0000
 42
1.0000
  0
VERTEX
  8
22
 10
16.9900
 20
29.5700
 30
0.0000
  0
SEQEND
  8
0
  0
POLYLINE
  8
22
 66
1
 10
0.0000
 20
0.0000
 30
0.0000
 40
0.1000
 41
0.1000
 70
0
  0
VERTEX
  8
22
 10
14.9900
 20
29.5700
 30
0.0000
 42
1.0000
  0
VERTEX
  8
22
 10
14.9900
 20
29.4700
 30
0.0000
  0
SEQEND
  8
0
  0
POLYLINE
  8
22
 66
1
 10
0.0000
 20
0.0000
 30
0.0000
 40
0.2000
 41
0.2000
 70
0
  0
VERTEX
  8
22
 10
17.1400
 20
28.0700
 30
0.0000
  0
VERTEX
  8
22
 10
17.1400
 20
29.1700
 30
0.0000
  0
SEQEND
  8
0
  0
POLYLINE
  8
22
 66
1
 10
0.0000
 20
0.0000
 30
0.0000
 40
0.1000
 41
0.1000
 70
0
  0
VERTEX
  8
22
 10
17.1900
 20
29.1700
 30
0.0000
 42
1.0000
  0
VERTEX
  8
22
 10
17.0900
 20
29.1700
 30
0.0000
  0
SEQEND
  8
0
  0
POLYLINE
  8
22
 66
1
 10
0.0000
 20
0.0000
 30
0.0000
 40
0.1000
 41
0.1000
 70
0
  0
VERTEX
  8
22
 10
17.0900
 20
28.0700
 30
0.0000
 42
1.0000
  0
VERTEX
  8
22
 10
17.1900
 20
28.0700
 30
0.0000
  0
SEQEND
  8
0
  0
INSERT
  8
16
  2
RECT
 10
16.6400
 20
28.6200
 30
0.0000
 41
1.1000
 42
0.5000
 43
1.0000
 50
90.0000
  0
INSERT
  8
16
  2
RECT
 10
15.3400
 20
28.6200
 30
0.0000
 41
1.1000
 42
0.5000
 43
1.0000
 50
90.0000
  0
INSERT
  8
16
  2
RECT
 10
15.9900
 20
30.6200
 30
0.0000
 41
1.1000
 42
0.5000
 43
1.0000
 50
90.0000
  0
POINT
  8
24
 10
6.5100
 20
25.1700
 30
0.0000
  0
POLYLINE
  8
52
 66
1
 10
0.0000
 20
0.0000
 30
0.0000
 40
0.1524
 41
0.1524
 70
0
  0
VERTEX
  8
52
 10
5.3876
 20
25.8304
 30
0.0000
  0
VERTEX
  8
52
 10
5.3876
 20
24.5096
 30
0.0000
  0
SEQEND
  8
0
  0
POLYLINE
  8
52
 66
1
 10
0.0000
 20
0.0000
 30
0.0000
 40
0.0762
 41
0.0762
 70
0
  0
VERTEX
  8
52
 10
5.3495
 20
24.5096
 30
0.0000
 42
1.0000
  0
VERTEX
  8
52
 10
5.4257
 20
24.5096
 30
0.0000
  0
SEQEND
  8
0
  0
POLYLINE
  8
52
 66
1
 10
0.0000
 20
0.0000
 30
0.0000
 40
0.0762
 41
0.0762
 70
0
  0
VERTEX
  8
52
 10
5.4257
 20
25.8304
 30
0.0000
 42
1.0000
  0
VERTEX
  8
52
 10
5.3495
 20
25.8304
 30
0.0000
  0
SEQEND
  8
0
  0
POLYLINE
  8
52
 66
1
 10
0.0000
 20
0.0000
 30
0.0000
 40
0.1524
 41
0.1524
 70
0
  0
VERTEX
  8
52
 10
5.3876
 20
24.5096
 30
0.0000
  0
VERTEX
  8
52
 10
7.6324
 20
24.5096
 30
0.0000
  0
SEQEND
  8
0
  0
POLYLINE
  8
52
 66
1
 10
0.0000
 20
0.0000
 30
0.0000
 40
0.0762
 41
0.0762
 70
0
  0
VERTEX
  8
52
 10
7.6324
 20
24.4715
 30
0.0000
 42
1.0000
  0
VERTEX
  8
52
 10
7.6324
 20
24.5477
 30
0.0000
  0
SEQEND
  8
0
  0
POLYLINE
  8
52
 66
1
 10
0.0000
 20
0.0000
 30
0.0000
 40
0.0762
 41
0.0762
 70
0
  0
VERTEX
  8
52
 10
5.3876
 20
24.5477
 30
0.0000
 42
1.0000
  0
VERTEX
  8
52
 10
5.3876
 20
24.4715
 30
0.0000
  0
SEQEND
  8
0
  0
POLYLINE
  8
52
 66
1
 10
0.0000
 20
0.0000
 30
0.0000
 40
0.1524
 41
0.1524
 70
0
  0
VERTEX
  8
52
 10
7.6324
 20
24.5096
 30
0.0000
  0
VERTEX
  8
52
 10
7.6324
 20
25.8304
 30
0.0000
  0
SEQEND
  8
0
  0
POLYLINE
  8
52
 66
1
 10
0.0000
 20
0.0000
 30
0.0000
 40
0.0762
 41
0.0762
 70
0
  0
VERTEX
  8
52
 10
7.6705
 20
25.8304
 30
0.0000
 42
1.0000
  0
VERTEX
  8
52
 10
7.5943
 20
25.8304
 30
0.0000
  0
SEQEND
  8
0
  0
POLYLINE
  8
52
 66
1
 10
0.0000
 20
0.0000
 30
0.0000
 40
0.0762
 41
0.0762
 70
0
  0
VERTEX
  8
52
 10
7.5943
 20
24.5096
 30
0.0000
 42
1.0000
  0
VERTEX
  8
52
 10
7.6705
 20
24.5096
 30
0.0000
  0
SEQEND
  8
0
  0
POLYLINE
  8
52
 66
1
 10
0.0000
 20
0.0000
 30
0.0000
 40
0.1524
 41
0.1524
 70
0
  0
VERTEX
  8
52
 10
7.6324
 20
25.8304
 30
0.0000
  0
VERTEX
  8
52
 10
5.3876
 20
25.8304
 30
0.0000
  0
SEQEND
  8
0
  0
POLYLINE
  8
52
 66
1
 10
0.0000
 20
0.0000
 30
0.0000
 40
0.0762
 41
0.0762
 70
0
  0
VERTEX
  8
52
 10
5.3876
 20
25.8685
 30
0.0000
 42
1.0000
  0
VERTEX
  8
52
 10
5.3876
 20
25.7923
 30
0.0000
  0
SEQEND
  8
0
  0
POLYLINE
  8
52
 66
1
 10
0.0000
 20
0.0000
 30
0.0000
 40
0.0762
 41
0.0762
 70
0
  0
VERTEX
  8
52
 10
7.6324
 20
25.7923
 30
0.0000
 42
1.0000
  0
VERTEX
  8
52
 10
7.6324
 20
25.8685
 30
0.0000
  0
SEQEND
  8
0
  0
POLYLINE
  8
22
 66
1
 10
0.0000
 20
0.0000
 30
0.0000
 40
0.2032
 41
0.2032
 70
0
  0
VERTEX
  8
22
 10
7.3100
 20
25.8700
 30
0.0000
  0
VERTEX
  8
22
 10
7.6100
 20
25.8700
 30
0.0000
  0
SEQEND
  8
0
  0
POLYLINE
  8
22
 66
1
 10
0.0000
 20
0.0000
 30
0.0000
 40
0.1016
 41
0.1016
 70
0
  0
VERTEX
  8
22
 10
7.6100
 20
25.8192
 30
0.0000
 42
1.0000
  0
VERTEX
  8
22
 10
7.6100
 20
25.9208
 30
0.0000
  0
SEQEND
  8
0
  0
POLYLINE
  8
22
 66
1
 10
0.0000
 20
0.0000
 30
0.0000
 40
0.1016
 41
0.1016
 70
0
  0
VERTEX
  8
22
 10
7.3100
 20
25.9208
 30
0.0000
 42
1.0000
  0
VERTEX
  8
22
 10
7.3100
 20
25.8192
 30
0.0000
  0
SEQEND
  8
0
  0
POLYLINE
  8
22
 66
1
 10
0.0000
 20
0.0000
 30
0.0000
 40
0.2032
 41
0.2032
 70
0
  0
VERTEX
  8
22
 10
7.6100
 20
25.8700
 30
0.0000
  0
VERTEX
  8
22
 10
7.6100
 20
25.0700
 30
0.0000
  0
SEQEND
  8
0
  0
POLYLINE
  8
22
 66
1
 10
0.0000
 20
0.0000
 30
0.0000
 40
0.1016
 41
0.1016
 70
0
  0
VERTEX
  8
22
 10
7.5592
 20
25.0700
 30
0.0000
 42
1.0000
  0
VERTEX
  8
22
 10
7.6608
 20
25.0700
 30
0.0000
  0
SEQEND
  8
0
  0
POLYLINE
  8
22
 66
1
 10
0.0000
 20
0.0000
 30
0.0000
 40
0.1016
 41
0.1016
 70
0
  0
VERTEX
  8
22
 10
7.6608
 20
25.8700
 30
0.0000
 42
1.0000
  0
VERTEX
  8
22
 10
7.5592
 20
25.8700
 30
0.0000
  0
SEQEND
  8
0
  0
POLYLINE
  8
22
 66
1
 10
0.0000
 20
0.0000
 30
0.0000
 40
0.2032
 41
0.2032
 70
0
  0
VERTEX
  8
22
 10
5.7100
 20
25.8700
 30
0.0000
  0
VERTEX
  8
22
 10
5.4100
 20
25.8700
 30
0.0000
  0
SEQEND
  8
0
  0
POLYLINE
  8
22
 66
1
 10
0.0000
 20
0.0000
 30
0.0000
 40
0.1016
 41
0.1016
 70
0
  0
VERTEX
  8
22
 10
5.4100
 20
25.9208
 30
0.0000
 42
1.0000
  0
VERTEX
  8
22
 10
5.4100
 20
25.8192
 30
0.0000
  0
SEQEND
  8
0
  0
POLYLINE
  8
22
 66
1
 10
0.0000
 20
0.0000
 30
0.0000
 40
0.1016
 41
0.1016
 70
0
  0
VERTEX
  8
22
 10
5.7100
 20
25.8192
 30
0.0000
 42
1.0000
  0
VERTEX
  8
22
 10
5.7100
 20
25.9208
 30
0.0000
  0
SEQEND
  8
0
  0
POLYLINE
  8
22
 66
1
 10
0.0000
 20
0.0000
 30
0.0000
 40
0.2032
 41
0.2032
 70
0
  0
VERTEX
  8
22
 10
5.4100
 20
25.8700
 30
0.0000
  0
VERTEX
  8
22
 10
5.4100
 20
25.0700
 30
0.0000
  0
SEQEND
  8
0
  0
POLYLINE
  8
22
 66
1
 10
0.0000
 20
0.0000
 30
0.0000
 40
0.1016
 41
0.1016
 70
0
  0
VERTEX
  8
22
 10
5.3592
 20
25.0700
 30
0.0000
 42
1.0000
  0
VERTEX
  8
22
 10
5.4608
 20
25.0700
 30
0.0000
  0
SEQEND
  8
0
  0
POLYLINE
  8
22
 66
1
 10
0.0000
 20
0.0000
 30
0.0000
 40
0.1016
 41
0.1016
 70
0
  0
VERTEX
  8
22
 10
5.4608
 20
25.8700
 30
0.0000
 42
1.0000
  0
VERTEX
  8
22
 10
5.3592
 20
25.8700
 30
0.0000
  0
SEQEND
  8
0
  0
INSERT
  8
16
  2
RECT
 10
7.1600
 20
24.2450
 30
0.0000
 41
0.7000
 42
0.7000
 43
1.0000
 50
180.0000
  0
INSERT
  8
16
  2
RECT
 10
5.8600
 20
24.2450
 30
0.0000
 41
0.7000
 42
0.7000
 43
1.0000
 50
180.0000
  0
INSERT
  8
16
  2
RECT
 10
6.5100
 20
26.0950
 30
0.0000
 41
0.7000
 42
0.7000
 43
1.0000
 50
180.0000
  0
POINT
  8
24
 10
10.1600
 20
37.3800
 30
0.0000
  0
POLYLINE
  8
52
 66
1
 10
0.0000
 20
0.0000
 30
0.0000
 40
0.1524
 41
0.1524
 70
0
  0
VERTEX
  8
52
 10
9.9314
 20
37.6504
 30
0.0000
  0
VERTEX
  8
52
 10
9.9314
 20
37.1096
 30
0.0000
  0
SEQEND
  8
0
  0
POLYLINE
  8
52
 66
1
 10
0.0000
 20
0.0000
 30
0.0000
 40
0.0762
 41
0.0762
 70
0
  0
VERTEX
  8
52
 10
9.8933
 20
37.1096
 30
0.0000
 42
1.0000
  0
VERTEX
  8
52
 10
9.9695
 20
37.1096
 30
0.0000
  0
SEQEND
  8
0
  0
POLYLINE
  8
52
 66
1
 10
0.0000
 20
0.0000
 30
0.0000
 40
0.0762
 41
0.0762
 70
0
  0
VERTEX
  8
52
 10
9.9695
 20
37.6504
 30
0.0000
 42
1.0000
  0
VERTEX
  8
52
 10
9.8933
 20
37.6504
 30
0.0000
  0
SEQEND
  8
0
  0
POLYLINE
  8
52
 66
1
 10
0.0000
 20
0.0000
 30
0.0000
 40
0.1524
 41
0.1524
 70
0
  0
VERTEX
  8
52
 10
10.3886
 20
37.1096
 30
0.0000
  0
VERTEX
  8
52
 10
10.3886
 20
37.6504
 30
0.0000
  0
SEQEND
  8
0
  0
POLYLINE
  8
52
 66
1
 10
0.0000
 20
0.0000
 30
0.0000
 40
0.0762
 41
0.0762
 70
0
  0
VERTEX
  8
52
 10
10.4267
 20
37.6504
 30
0.0000
 42
1.0000
  0
VERTEX
  8
52
 10
10.3505
 20
37.6504
 30
0.0000
  0
SEQEND
  8
0
  0
POLYLINE
  8
52
 66
1
 10
0.0000
 20
0.0000
 30
0.0000
 40
0.0762
 41
0.0762
 70
0
  0
VERTEX
  8
52
 10
10.3505
 20
37.1096
 30
0.0000
 42
1.0000
  0
VERTEX
  8
52
 10
10.4267
 20
37.1096
 30
0.0000
  0
SEQEND
  8
0
  0
POLYLINE
  8
40
 66
1
 10
0.0000
 20
0.0000
 30
0.0000
 40
0.0508
 41
0.0508
 70
0
  0
VERTEX
  8
40
 10
9.5100
 20
38.5800
 30
0.0000
  0
VERTEX
  8
40
 10
9.5100
 20
36.1800
 30
0.0000
  0
SEQEND
  8
0
  0
POLYLINE
  8
40
 66
1
 10
0.0000
 20
0.0000
 30
0.0000
 40
0.0254
 41
0.0254
 70
0
  0
VERTEX
  8
40
 10
9.4973
 20
36.1800
 30
0.0000
 42
1.0000
  0
VERTEX
  8
40
 10
9.5227
 20
36.1800
 30
0.0000
  0
SEQEND
  8
0
  0
POLYLINE
  8
40
 66
1
 10
0.0000
 20
0.0000
 30
0.0000
 40
0.0254
 41
0.0254
 70
0
  0
VERTEX
  8
40
 10
9.5227
 20
38.5800
 30
0.0000
 42
1.0000
  0
VERTEX
  8
40
 10
9.4973
 20
38.5800
 30
0.0000
  0
SEQEND
  8
0
  0
POLYLINE
  8
40
 66
1
 10
0.0000
 20
0.0000
 30
0.0000
 40
0.0508
 41
0.0508
 70
0
  0
VERTEX
  8
40
 10
9.5100
 20
36.1800
 30
0.0000
  0
VERTEX
  8
40
 10
10.8100
 20
36.1800
 30
0.0000
  0
SEQEND
  8
0
  0
POLYLINE
  8
40
 66
1
 10
0.0000
 20
0.0000
 30
0.0000
 40
0.0254
 41
0.0254
 70
0
  0
VERTEX
  8
40
 10
10.8100
 20
36.1673
 30
0.0000
 42
1.0000
  0
VERTEX
  8
40
 10
10.8100
 20
36.1927
 30
0.0000
  0
SEQEND
  8
0
  0
POLYLINE
  8
40
 66
1
 10
0.0000
 20
0.0000
 30
0.0000
 40
0.0254
 41
0.0254
 70
0
  0
VERTEX
  8
40
 10
9.5100
 20
36.1927
 30
0.0000
 42
1.0000
  0
VERTEX
  8
40
 10
9.5100
 20
36.1673
 30
0.0000
  0
SEQEND
  8
0
  0
POLYLINE
  8
40
 66
1
 10
0.0000
 20
0.0000
 30
0.0000
 40
0.0508
 41
0.0508
 70
0
  0
VERTEX
  8
40
 10
10.8100
 20
36.1800
 30
0.0000
  0
VERTEX
  8
40
 10
10.8100
 20
38.5800
 30
0.0000
  0
SEQEND
  8
0
  0
POLYLINE
  8
40
 66
1
 10
0.0000
 20
0.0000
 30
0.0000
 40
0.0254
 41
0.0254
 70
0
  0
VERTEX
  8
40
 10
10.8227
 20
38.5800
 30
0.0000
 42
1.0000
  0
VERTEX
  8
40
 10
10.7973
 20
38.5800
 30
0.0000
  0
SEQEND
  8
0
  0
POLYLINE
  8
40
 66
1
 10
0.0000
 20
0.0000
 30
0.0000
 40
0.0254
 41
0.0254
 70
0
  0
VERTEX
  8
40
 10
10.7973
 20
36.1800
 30
0.0000
 42
1.0000
  0
VERTEX
  8
40
 10
10.8227
 20
36.1800
 30
0.0000
  0
SEQEND
  8
0
  0
POLYLINE
  8
40
 66
1
 10
0.0000
 20
0.0000
 30
0.0000
 40
0.0508
 41
0.0508
 70
0
  0
VERTEX
  8
40
 10
10.8100
 20
38.5800
 30
0.0000
  0
VERTEX
  8
40
 10
9.5100
 20
38.5800
 30
0.0000
  0
SEQEND
  8
0
  0
POLYLINE
  8
40
 66
1
 10
0.0000
 20
0.0000
 30
0.0000
 40
0.0254
 41
0.0254
 70
0
  0
VERTEX
  8
40
 10
9.5100
 20
38.5927
 30
0.0000
 42
1.0000
  0
VERTEX
  8
40
 10
9.5100
 20
38.5673
 30
0.0000
  0
SEQEND
  8
0
  0
POLYLINE
  8
40
 66
1
 10
0.0000
 20
0.0000
 30
0.0000
 40
0.0254
 41
0.0254
 70
0
  0
VERTEX
  8
40
 10
10.8100
 20
38.5673
 30
0.0000
 42
1.0000
  0
VERTEX
  8
40
 10
10.8100
 20
38.5927
 30
0.0000
  0
SEQEND
  8
0
  0
INSERT
  8
52
  2
RECT
 10
10.1600
 20
37.7840
 30
0.0000
 41
0.3000
 42
0.6096
 43
1.0000
 50
270.0000
  0
INSERT
  8
52
  2
RECT
 10
10.1600
 20
36.9712
 30
0.0000
 41
0.3000
 42
0.6096
 43
1.0000
 50
270.0000
  0
INSERT
  8
16
  2
RECT
 10
10.1600
 20
37.9600
 30
0.0000
 41
0.8500
 42
0.9000
 43
1.0000
 50
270.0000
  0
INSERT
  8
16
  2
RECT
 10
10.1600
 20
36.8000
 30
0.0000
 41
0.8500
 42
0.9000
 43
1.0000
 50
270.0000
  0
POINT
  8
24
 10
12.0900
 20
37.2900
 30
0.0000
  0
POLYLINE
  8
52
 66
1
 10
0.0000
 20
0.0000
 30
0.0000
 40
0.1524
 41
0.1524
 70
0
  0
VERTEX
  8
52
 10
12.3186
 20
37.0196
 30
0.0000
  0
VERTEX
  8
52
 10
12.3186
 20
37.5604
 30
0.0000
  0
SEQEND
  8
0
  0
POLYLINE
  8
52
 66
1
 10
0.0000
 20
0.0000
 30
0.0000
 40
0.0762
 41
0.0762
 70
0
  0
VERTEX
  8
52
 10
12.3567
 20
37.5604
 30
0.0000
 42
1.0000
  0
VERTEX
  8
52
 10
12.2805
 20
37.5604
 30
0.0000
  0
SEQEND
  8
0
  0
POLYLINE
  8
52
 66
1
 10
0.0000
 20
0.0000
 30
0.0000
 40
0.0762
 41
0.0762
 70
0
  0
VERTEX
  8
52
 10
12.2805
 20
37.0196
 30
0.0000
 42
1.0000
  0
VERTEX
  8
52
 10
12.3567
 20
37.0196
 30
0.0000
  0
SEQEND
  8
0
  0
POLYLINE
  8
52
 66
1
 10
0.0000
 20
0.0000
 30
0.0000
 40
0.1524
 41
0.1524
 70
0
  0
VERTEX
  8
52
 10
11.8614
 20
37.5604
 30
0.0000
  0
VERTEX
  8
52
 10
11.8614
 20
37.0196
 30
0.0000
  0
SEQEND
  8
0
  0
POLYLINE
  8
52
 66
1
 10
0.0000
 20
0.0000
 30
0.0000
 40
0.0762
 41
0.0762
 70
0
  0
VERTEX
  8
52
 10
11.8233
 20
37.0196
 30
0.0000
 42
1.0000
  0
VERTEX
  8
52
 10
11.8995
 20
37.0196
 30
0.0000
  0
SEQEND
  8
0
  0
POLYLINE
  8
52
 66
1
 10
0.0000
 20
0.0000
 30
0.0000
 40
0.0762
 41
0.0762
 70
0
  0
VERTEX
  8
52
 10
11.8995
 20
37.5604
 30
0.0000
 42
1.0000
  0
VERTEX
  8
52
 10
11.8233
 20
37.5604
 30
0.0000
  0
SEQEND
  8
0
  0
POLYLINE
  8
40
 66
1
 10
0.0000
 20
0.0000
 30
0.0000
 40
0.0508
 41
0.0508
 70
0
  0
VERTEX
  8
40
 10
12.7400
 20
36.0900
 30
0.0000
  0
VERTEX
  8
40
 10
12.7400
 20
38.4900
 30
0.0000
  0
SEQEND
  8
0
  0
POLYLINE
  8
40
 66
1
 10
0.0000
 20
0.0000
 30
0.0000
 40
0.0254
 41
0.0254
 70
0
  0
VERTEX
  8
40
 10
12.7527
 20
38.4900
 30
0.0000
 42
1.0000
  0
VERTEX
  8
40
 10
12.7273
 20
38.4900
 30
0.0000
  0
SEQEND
  8
0
  0
POLYLINE
  8
40
 66
1
 10
0.0000
 20
0.0000
 30
0.0000
 40
0.0254
 41
0.0254
 70
0
  0
VERTEX
  8
40
 10
12.7273
 20
36.0900
 30
0.0000
 42
1.0000
  0
VERTEX
  8
40
 10
12.7527
 20
36.0900
 30
0.0000
  0
SEQEND
  8
0
  0
POLYLINE
  8
40
 66
1
 10
0.0000
 20
0.0000
 30
0.0000
 40
0.0508
 41
0.0508
 70
0
  0
VERTEX
  8
40
 10
12.7400
 20
38.4900
 30
0.0000
  0
VERTEX
  8
40
 10
11.4400
 20
38.4900
 30
0.0000
  0
SEQEND
  8
0
  0
POLYLINE
  8
40
 66
1
 10
0.0000
 20
0.0000
 30
0.0000
 40
0.0254
 41
0.0254
 70
0
  0
VERTEX
  8
40
 10
11.4400
 20
38.5027
 30
0.0000
 42
1.0000
  0
VERTEX
  8
40
 10
11.4400
 20
38.4773
 30
0.0000
  0
SEQEND
  8
0
  0
POLYLINE
  8
40
 66
1
 10
0.0000
 20
0.0000
 30
0.0000
 40
0.0254
 41
0.0254
 70
0
  0
VERTEX
  8
40
 10
12.7400
 20
38.4773
 30
0.0000
 42
1.0000
  0
VERTEX
  8
40
 10
12.7400
 20
38.5027
 30
0.0000
  0
SEQEND
  8
0
  0
POLYLINE
  8
40
 66
1
 10
0.0000
 20
0.0000
 30
0.0000
 40
0.0508
 41
0.0508
 70
0
  0
VERTEX
  8
40
 10
11.4400
 20
38.4900
 30
0.0000
  0
VERTEX
  8
40
 10
11.4400
 20
36.0900
 30
0.0000
  0
SEQEND
  8
0
  0
POLYLINE
  8
40
 66
1
 10
0.0000
 20
0.0000
 30
0.0000
 40
0.0254
 41
0.0254
 70
0
  0
VERTEX
  8
40
 10
11.4273
 20
36.0900
 30
0.0000
 42
1.0000
  0
VERTEX
  8
40
 10
11.4527
 20
36.0900
 30
0.0000
  0
SEQEND
  8
0
  0
POLYLINE
  8
40
 66
1
 10
0.0000
 20
0.0000
 30
0.0000
 40
0.0254
 41
0.0254
 70
0
  0
VERTEX
  8
40
 10
11.4527
 20
38.4900
 30
0.0000
 42
1.0000
  0
VERTEX
  8
40
 10
11.4273
 20
38.4900
 30
0.0000
  0
SEQEND
  8
0
  0
POLYLINE
  8
40
 66
1
 10
0.0000
 20
0.0000
 30
0.0000
 40
0.0508
 41
0.0508
 70
0
  0
VERTEX
  8
40
 10
11.4400
 20
36.0900
 30
0.0000
  0
VERTEX
  8
40
 10
12.7400
 20
36.0900
 30
0.0000
  0
SEQEND
  8
0
  0
POLYLINE
  8
40
 66
1
 10
0.0000
 20
0.0000
 30
0.0000
 40
0.0254
 41
0.0254
 70
0
  0
VERTEX
  8
40
 10
12.7400
 20
36.0773
 30
0.0000
 42
1.0000
  0
VERTEX
  8
40
 10
12.7400
 20
36.1027
 30
0.0000
  0
SEQEND
  8
0
  0
POLYLINE
  8
40
 66
1
 10
0.0000
 20
0.0000
 30
0.0000
 40
0.0254
 41
0.0254
 70
0
  0
VERTEX
  8
40
 10
11.4400
 20
36.1027
 30
0.0000
 42
1.0000
  0
VERTEX
  8
40
 10
11.4400
 20
36.0773
 30
0.0000
  0
SEQEND
  8
0
  0
INSERT
  8
52
  2
RECT
 10
12.0900
 20
36.8860
 30
0.0000
 41
0.3000
 42
0.6096
 43
1.0000
 50
90.0000
  0
INSERT
  8
52
  2
RECT
 10
12.0900
 20
37.6988
 30
0.0000
 41
0.3000
 42
0.6096
 43
1.0000
 50
90.0000
  0
INSERT
  8
16
  2
RECT
 10
12.0900
 20
36.7100
 30
0.0000
 41
0.8500
 42
0.9000
 43
1.0000
 50
90.0000
  0
INSERT
  8
16
  2
RECT
 10
12.0900
 20
37.8700
 30
0.0000
 41
0.8500
 42
0.9000
 43
1.0000
 50
90.0000
  0
POINT
  8
24
 10
13.8200
 20
37.3100
 30
0.0000
  0
POLYLINE
  8
52
 66
1
 10
0.0000
 20
0.0000
 30
0.0000
 40
0.1524
 41
0.1524
 70
0
  0
VERTEX
  8
52
 10
13.5914
 20
37.5804
 30
0.0000
  0
VERTEX
  8
52
 10
13.5914
 20
37.0396
 30
0.0000
  0
SEQEND
  8
0
  0
POLYLINE
  8
52
 66
1
 10
0.0000
 20
0.0000
 30
0.0000
 40
0.0762
 41
0.0762
 70
0
  0
VERTEX
  8
52
 10
13.5533
 20
37.0396
 30
0.0000
 42
1.0000
  0
VERTEX
  8
52
 10
13.6295
 20
37.0396
 30
0.0000
  0
SEQEND
  8
0
  0
POLYLINE
  8
52
 66
1
 10
0.0000
 20
0.0000
 30
0.0000
 40
0.0762
 41
0.0762
 70
0
  0
VERTEX
  8
52
 10
13.6295
 20
37.5804
 30
0.0000
 42
1.0000
  0
VERTEX
  8
52
 10
13.5533
 20
37.5804
 30
0.0000
  0
SEQEND
  8
0
  0
POLYLINE
  8
52
 66
1
 10
0.0000
 20
0.0000
 30
0.0000
 40
0.1524
 41
0.1524
 70
0
  0
VERTEX
  8
52
 10
14.0486
 20
37.0396
 30
0.0000
  0
VERTEX
  8
52
 10
14.0486
 20
37.5804
 30
0.0000
  0
SEQEND
  8
0
  0
POLYLINE
  8
52
 66
1
 10
0.0000
 20
0.0000
 30
0.0000
 40
0.0762
 41
0.0762
 70
0
  0
VERTEX
  8
52
 10
14.0867
 20
37.5804
 30
0.0000
 42
1.0000
  0
VERTEX
  8
52
 10
14.0105
 20
37.5804
 30
0.0000
  0
SEQEND
  8
0
  0
POLYLINE
  8
52
 66
1
 10
0.0000
 20
0.0000
 30
0.0000
 40
0.0762
 41
0.0762
 70
0
  0
VERTEX
  8
52
 10
14.0105
 20
37.0396
 30
0.0000
 42
1.0000
  0
VERTEX
  8
52
 10
14.0867
 20
37.0396
 30
0.0000
  0
SEQEND
  8
0
  0
POLYLINE
  8
40
 66
1
 10
0.0000
 20
0.0000
 30
0.0000
 40
0.0508
 41
0.0508
 70
0
  0
VERTEX
  8
40
 10
13.1700
 20
38.5100
 30
0.0000
  0
VERTEX
  8
40
 10
13.1700
 20
36.1100
 30
0.0000
  0
SEQEND
  8
0
  0
POLYLINE
  8
40
 66
1
 10
0.0000
 20
0.0000
 30
0.0000
 40
0.0254
 41
0.0254
 70
0
  0
VERTEX
  8
40
 10
13.1573
 20
36.1100
 30
0.0000
 42
1.0000
  0
VERTEX
  8
40
 10
13.1827
 20
36.1100
 30
0.0000
  0
SEQEND
  8
0
  0
POLYLINE
  8
40
 66
1
 10
0.0000
 20
0.0000
 30
0.0000
 40
0.0254
 41
0.0254
 70
0
  0
VERTEX
  8
40
 10
13.1827
 20
38.5100
 30
0.0000
 42
1.0000
  0
VERTEX
  8
40
 10
13.1573
 20
38.5100
 30
0.0000
  0
SEQEND
  8
0
  0
POLYLINE
  8
40
 66
1
 10
0.0000
 20
0.0000
 30
0.0000
 40
0.0508
 41
0.0508
 70
0
  0
VERTEX
  8
40
 10
13.1700
 20
36.1100
 30
0.0000
  0
VERTEX
  8
40
 10
14.4700
 20
36.1100
 30
0.0000
  0
SEQEND
  8
0
  0
POLYLINE
  8
40
 66
1
 10
0.0000
 20
0.0000
 30
0.0000
 40
0.0254
 41
0.0254
 70
0
  0
VERTEX
  8
40
 10
14.4700
 20
36.0973
 30
0.0000
 42
1.0000
  0
VERTEX
  8
40
 10
14.4700
 20
36.1227
 30
0.0000
  0
SEQEND
  8
0
  0
POLYLINE
  8
40
 66
1
 10
0.0000
 20
0.0000
 30
0.0000
 40
0.0254
 41
0.0254
 70
0
  0
VERTEX
  8
40
 10
13.1700
 20
36.1227
 30
0.0000
 42
1.0000
  0
VERTEX
  8
40
 10
13.1700
 20
36.0973
 30
0.0000
  0
SEQEND
  8
0
  0
POLYLINE
  8
40
 66
1
 10
0.0000
 20
0.0000
 30
0.0000
 40
0.0508
 41
0.0508
 70
0
  0
VERTEX
  8
40
 10
14.4700
 20
36.1100
 30
0.0000
  0
VERTEX
  8
40
 10
14.4700
 20
38.5100
 30
0.0000
  0
SEQEND
  8
0
  0
POLYLINE
  8
40
 66
1
 10
0.0000
 20
0.0000
 30
0.0000
 40
0.0254
 41
0.0254
 70
0
  0
VERTEX
  8
40
 10
14.4827
 20
38.5100
 30
0.0000
 42
1.0000
  0
VERTEX
  8
40
 10
14.4573
 20
38.5100
 30
0.0000
  0
SEQEND
  8
0
  0
POLYLINE
  8
40
 66
1
 10
0.0000
 20
0.0000
 30
0.0000
 40
0.0254
 41
0.0254
 70
0
  0
VERTEX
  8
40
 10
14.4573
 20
36.1100
 30
0.0000
 42
1.0000
  0
VERTEX
  8
40
 10
14.4827
 20
36.1100
 30
0.0000
  0
SEQEND
  8
0
  0
POLYLINE
  8
40
 66
1
 10
0.0000
 20
0.0000
 30
0.0000
 40
0.0508
 41
0.0508
 70
0
  0
VERTEX
  8
40
 10
14.4700
 20
38.5100
 30
0.0000
  0
VERTEX
  8
40
 10
13.1700
 20
38.5100
 30
0.0000
  0
SEQEND
  8
0
  0
POLYLINE
  8
40
 66
1
 10
0.0000
 20
0.0000
 30
0.0000
 40
0.0254
 41
0.0254
 70
0
  0
VERTEX
  8
40
 10
13.1700
 20
38.5227
 30
0.0000
 42
1.0000
  0
VERTEX
  8
40
 10
13.1700
 20
38.4973
 30
0.0000
  0
SEQEND
  8
0
  0
POLYLINE
  8
40
 66
1
 10
0.0000
 20
0.0000
 30
0.0000
 40
0.0254
 41
0.0254
 70
0
  0
VERTEX
  8
40
 10
14.4700
 20
38.4973
 30
0.0000
 42
1.0000
  0
VERTEX
  8
40
 10
14.4700
 20
38.5227
 30
0.0000
  0
SEQEND
  8
0
  0
INSERT
  8
52
  2
RECT
 10
13.8200
 20
37.7140
 30
0.0000
 41
0.3000
 42
0.6096
 43
1.0000
 50
270.0000
  0
INSERT
  8
52
  2
RECT
 10
13.8200
 20
36.9012
 30
0.0000
 41
0.3000
 42
0.6096
 43
1.0000
 50
270.0000
  0
INSERT
  8
16
  2
RECT
 10
13.8200
 20
37.8900
 30
0.0000
 41
0.8500
 42
0.9000
 43
1.0000
 50
270.0000
  0
INSERT
  8
16
  2
RECT
 10
13.8200
 20
36.7300
 30
0.0000
 41
0.8500
 42
0.9000
 43
1.0000
 50
270.0000
  0
POINT
  8
24
 10
7.2300
 20
28.0600
 30
0.0000
  0
POLYLINE
  8
52
 66
1
 10
0.0000
 20
0.0000
 30
0.0000
 40
0.1524
 41
0.1524
 70
0
  0
VERTEX
  8
52
 10
7.4586
 20
27.7896
 30
0.0000
  0
VERTEX
  8
52
 10
7.4586
 20
28.3304
 30
0.0000
  0
SEQEND
  8
0
  0
POLYLINE
  8
52
 66
1
 10
0.0000
 20
0.0000
 30
0.0000
 40
0.0762
 41
0.0762
 70
0
  0
VERTEX
  8
52
 10
7.4967
 20
28.3304
 30
0.0000
 42
1.0000
  0
VERTEX
  8
52
 10
7.4205
 20
28.3304
 30
0.0000
  0
SEQEND
  8
0
  0
POLYLINE
  8
52
 66
1
 10
0.0000
 20
0.0000
 30
0.0000
 40
0.0762
 41
0.0762
 70
0
  0
VERTEX
  8
52
 10
7.4205
 20
27.7896
 30
0.0000
 42
1.0000
  0
VERTEX
  8
52
 10
7.4967
 20
27.7896
 30
0.0000
  0
SEQEND
  8
0
  0
POLYLINE
  8
52
 66
1
 10
0.0000
 20
0.0000
 30
0.0000
 40
0.1524
 41
0.1524
 70
0
  0
VERTEX
  8
52
 10
7.0014
 20
28.3304
 30
0.0000
  0
VERTEX
  8
52
 10
7.0014
 20
27.7896
 30
0.0000
  0
SEQEND
  8
0
  0
POLYLINE
  8
52
 66
1
 10
0.0000
 20
0.0000
 30
0.0000
 40
0.0762
 41
0.0762
 70
0
  0
VERTEX
  8
52
 10
6.9633
 20
27.7896
 30
0.0000
 42
1.0000
  0
VERTEX
  8
52
 10
7.0395
 20
27.7896
 30
0.0000
  0
SEQEND
  8
0
  0
POLYLINE
  8
52
 66
1
 10
0.0000
 20
0.0000
 30
0.0000
 40
0.0762
 41
0.0762
 70
0
  0
VERTEX
  8
52
 10
7.0395
 20
28.3304
 30
0.0000
 42
1.0000
  0
VERTEX
  8
52
 10
6.9633
 20
28.3304
 30
0.0000
  0
SEQEND
  8
0
  0
POLYLINE
  8
40
 66
1
 10
0.0000
 20
0.0000
 30
0.0000
 40
0.0508
 41
0.0508
 70
0
  0
VERTEX
  8
40
 10
7.8800
 20
26.8600
 30
0.0000
  0
VERTEX
  8
40
 10
7.8800
 20
29.2600
 30
0.0000
  0
SEQEND
  8
0
  0
POLYLINE
  8
40
 66
1
 10
0.0000
 20
0.0000
 30
0.0000
 40
0.0254
 41
0.0254
 70
0
  0
VERTEX
  8
40
 10
7.8927
 20
29.2600
 30
0.0000
 42
1.0000
  0
VERTEX
  8
40
 10
7.8673
 20
29.2600
 30
0.0000
  0
SEQEND
  8
0
  0
POLYLINE
  8
40
 66
1
 10
0.0000
 20
0.0000
 30
0.0000
 40
0.0254
 41
0.0254
 70
0
  0
VERTEX
  8
40
 10
7.8673
 20
26.8600
 30
0.0000
 42
1.0000
  0
VERTEX
  8
40
 10
7.8927
 20
26.8600
 30
0.0000
  0
SEQEND
  8
0
  0
POLYLINE
  8
40
 66
1
 10
0.0000
 20
0.0000
 30
0.0000
 40
0.0508
 41
0.0508
 70
0
  0
VERTEX
  8
40
 10
7.8800
 20
29.2600
 30
0.0000
  0
VERTEX
  8
40
 10
6.5800
 20
29.2600
 30
0.0000
  0
SEQEND
  8
0
  0
POLYLINE
  8
40
 66
1
 10
0.0000
 20
0.0000
 30
0.0000
 40
0.0254
 41
0.0254
 70
0
  0
VERTEX
  8
40
 10
6.5800
 20
29.2727
 30
0.0000
 42
1.0000
  0
VERTEX
  8
40
 10
6.5800
 20
29.2473
 30
0.0000
  0
SEQEND
  8
0
  0
POLYLINE
  8
40
 66
1
 10
0.0000
 20
0.0000
 30
0.0000
 40
0.0254
 41
0.0254
 70
0
  0
VERTEX
  8
40
 10
7.8800
 20
29.2473
 30
0.0000
 42
1.0000
  0
VERTEX
  8
40
 10
7.8800
 20
29.2727
 30
0.0000
  0
SEQEND
  8
0
  0
POLYLINE
  8
40
 66
1
 10
0.0000
 20
0.0000
 30
0.0000
 40
0.0508
 41
0.0508
 70
0
  0
VERTEX
  8
40
 10
6.5800
 20
29.2600
 30
0.0000
  0
VERTEX
  8
40
 10
6.5800
 20
26.8600
 30
0.0000
  0
SEQEND
  8
0
  0
POLYLINE
  8
40
 66
1
 10
0.0000
 20
0.0000
 30
0.0000
 40
0.0254
 41
0.0254
 70
0
  0
VERTEX
  8
40
 10
6.5673
 20
26.8600
 30
0.0000
 42
1.0000
  0
VERTEX
  8
40
 10
6.5927
 20
26.8600
 30
0.0000
  0
SEQEND
  8
0
  0
POLYLINE
  8
40
 66
1
 10
0.0000
 20
0.0000
 30
0.0000
 40
0.0254
 41
0.0254
 70
0
  0
VERTEX
  8
40
 10
6.5927
 20
29.2600
 30
0.0000
 42
1.0000
  0
VERTEX
  8
40
 10
6.5673
 20
29.2600
 30
0.0000
  0
SEQEND
  8
0
  0
POLYLINE
  8
40
 66
1
 10
0.0000
 20
0.0000
 30
0.0000
 40
0.0508
 41
0.0508
 70
0
  0
VERTEX
  8
40
 10
6.5800
 20
26.8600
 30
0.0000
  0
VERTEX
  8
40
 10
7.8800
 20
26.8600
 30
0.0000
  0
SEQEND
  8
0
  0
POLYLINE
  8
40
 66
1
 10
0.0000
 20
0.0000
 30
0.0000
 40
0.0254
 41
0.0254
 70
0
  0
VERTEX
  8
40
 10
7.8800
 20
26.8473
 30
0.0000
 42
1.0000
  0
VERTEX
  8
40
 10
7.8800
 20
26.8727
 30
0.0000
  0
SEQEND
  8
0
  0
POLYLINE
  8
40
 66
1
 10
0.0000
 20
0.0000
 30
0.0000
 40
0.0254
 41
0.0254
 70
0
  0
VERTEX
  8
40
 10
6.5800
 20
26.8727
 30
0.0000
 42
1.0000
  0
VERTEX
  8
40
 10
6.5800
 20
26.8473
 30
0.0000
  0
SEQEND
  8
0
  0
INSERT
  8
52
  2
RECT
 10
7.2300
 20
27.6560
 30
0.0000
 41
0.3000
 42
0.6096
 43
1.0000
 50
90.0000
  0
INSERT
  8
52
  2
RECT
 10
7.2300
 20
28.4688
 30
0.0000
 41
0.3000
 42
0.6096
 43
1.0000
 50
90.0000
  0
INSERT
  8
16
  2
RECT
 10
7.2300
 20
27.4800
 30
0.0000
 41
0.8500
 42
0.9000
 43
1.0000
 50
90.0000
  0
INSERT
  8
16
  2
RECT
 10
7.2300
 20
28.6400
 30
0.0000
 41
0.8500
 42
0.9000
 43
1.0000
 50
90.0000
  0
POINT
  8
24
 10
10.7500
 20
31.5000
 30
0.0000
  0
POLYLINE
  8
52
 66
1
 10
0.0000
 20
0.0000
 30
0.0000
 40
0.1524
 41
0.1524
 70
0
  0
VERTEX
  8
52
 10
10.9786
 20
31.2296
 30
0.0000
  0
VERTEX
  8
52
 10
10.9786
 20
31.7704
 30
0.0000
  0
SEQEND
  8
0
  0
POLYLINE
  8
52
 66
1
 10
0.0000
 20
0.0000
 30
0.0000
 40
0.0762
 41
0.0762
 70
0
  0
VERTEX
  8
52
 10
11.0167
 20
31.7704
 30
0.0000
 42
1.0000
  0
VERTEX
  8
52
 10
10.9405
 20
31.7704
 30
0.0000
  0
SEQEND
  8
0
  0
POLYLINE
  8
52
 66
1
 10
0.0000
 20
0.0000
 30
0.0000
 40
0.0762
 41
0.0762
 70
0
  0
VERTEX
  8
52
 10
10.9405
 20
31.2296
 30
0.0000
 42
1.0000
  0
VERTEX
  8
52
 10
11.0167
 20
31.2296
 30
0.0000
  0
SEQEND
  8
0
  0
POLYLINE
  8
52
 66
1
 10
0.0000
 20
0.0000
 30
0.0000
 40
0.1524
 41
0.1524
 70
0
  0
VERTEX
  8
52
 10
10.5214
 20
31.7704
 30
0.0000
  0
VERTEX
  8
52
 10
10.5214
 20
31.2296
 30
0.0000
  0
SEQEND
  8
0
  0
POLYLINE
  8
52
 66
1
 10
0.0000
 20
0.0000
 30
0.0000
 40
0.0762
 41
0.0762
 70
0
  0
VERTEX
  8
52
 10
10.4833
 20
31.2296
 30
0.0000
 42
1.0000
  0
VERTEX
  8
52
 10
10.5595
 20
31.2296
 30
0.0000
  0
SEQEND
  8
0
  0
POLYLINE
  8
52
 66
1
 10
0.0000
 20
0.0000
 30
0.0000
 40
0.0762
 41
0.0762
 70
0
  0
VERTEX
  8
52
 10
10.5595
 20
31.7704
 30
0.0000
 42
1.0000
  0
VERTEX
  8
52
 10
10.4833
 20
31.7704
 30
0.0000
  0
SEQEND
  8
0
  0
POLYLINE
  8
40
 66
1
 10
0.0000
 20
0.0000
 30
0.0000
 40
0.0508
 41
0.0508
 70
0
  0
VERTEX
  8
40
 10
11.4000
 20
30.3000
 30
0.0000
  0
VERTEX
  8
40
 10
11.4000
 20
32.7000
 30
0.0000
  0
SEQEND
  8
0
  0
POLYLINE
  8
40
 66
1
 10
0.0000
 20
0.0000
 30
0.0000
 40
0.0254
 41
0.0254
 70
0
  0
VERTEX
  8
40
 10
11.4127
 20
32.7000
 30
0.0000
 42
1.0000
  0
VERTEX
  8
40
 10
11.3873
 20
32.7000
 30
0.0000
  0
SEQEND
  8
0
  0
POLYLINE
  8
40
 66
1
 10
0.0000
 20
0.0000
 30
0.0000
 40
0.0254
 41
0.0254
 70
0
  0
VERTEX
  8
40
 10
11.3873
 20
30.3000
 30
0.0000
 42
1.0000
  0
VERTEX
  8
40
 10
11.4127
 20
30.3000
 30
0.0000
  0
SEQEND
  8
0
  0
POLYLINE
  8
40
 66
1
 10
0.0000
 20
0.0000
 30
0.0000
 40
0.0508
 41
0.0508
 70
0
  0
VERTEX
  8
40
 10
11.4000
 20
32.7000
 30
0.0000
  0
VERTEX
  8
40
 10
10.1000
 20
32.7000
 30
0.0000
  0
SEQEND
  8
0
  0
POLYLINE
  8
40
 66
1
 10
0.0000
 20
0.0000
 30
0.0000
 40
0.0254
 41
0.0254
 70
0
  0
VERTEX
  8
40
 10
10.1000
 20
32.7127
 30
0.0000
 42
1.0000
  0
VERTEX
  8
40
 10
10.1000
 20
32.6873
 30
0.0000
  0
SEQEND
  8
0
  0
POLYLINE
  8
40
 66
1
 10
0.0000
 20
0.0000
 30
0.0000
 40
0.0254
 41
0.0254
 70
0
  0
VERTEX
  8
40
 10
11.4000
 20
32.6873
 30
0.0000
 42
1.0000
  0
VERTEX
  8
40
 10
11.4000
 20
32.7127
 30
0.0000
  0
SEQEND
  8
0
  0
POLYLINE
  8
40
 66
1
 10
0.0000
 20
0.0000
 30
0.0000
 40
0.0508
 41
0.0508
 70
0
  0
VERTEX
  8
40
 10
10.1000
 20
32.7000
 30
0.0000
  0
VERTEX
  8
40
 10
10.1000
 20
30.3000
 30
0.0000
  0
SEQEND
  8
0
  0
POLYLINE
  8
40
 66
1
 10
0.0000
 20
0.0000
 30
0.0000
 40
0.0254
 41
0.0254
 70
0
  0
VERTEX
  8
40
 10
10.0873
 20
30.3000
 30
0.0000
 42
1.0000
  0
VERTEX
  8
40
 10
10.1127
 20
30.3000
 30
0.0000
  0
SEQEND
  8
0
  0
POLYLINE
  8
40
 66
1
 10
0.0000
 20
0.0000
 30
0.0000
 40
0.0254
 41
0.0254
 70
0
  0
VERTEX
  8
40
 10
10.1127
 20
32.7000
 30
0.0000
 42
1.0000
  0
VERTEX
  8
40
 10
10.0873
 20
32.7000
 30
0.0000
  0
SEQEND
  8
0
  0
POLYLINE
  8
40
 66
1
 10
0.0000
 20
0.0000
 30
0.0000
 40
0.0508
 41
0.0508
 70
0
  0
VERTEX
  8
40
 10
10.1000
 20
30.3000
 30
0.0000
  0
VERTEX
  8
40
 10
11.4000
 20
30.3000
 30
0.0000
  0
SEQEND
  8
0
  0
POLYLINE
  8
40
 66
1
 10
0.0000
 20
0.0000
 30
0.0000
 40
0.0254
 41
0.0254
 70
0
  0
VERTEX
  8
40
 10
11.4000
 20
30.2873
 30
0.0000
 42
1.0000
  0
VERTEX
  8
40
 10
11.4000
 20
30.3127
 30
0.0000
  0
SEQEND
  8
0
  0
POLYLINE
  8
40
 66
1
 10
0.0000
 20
0.0000
 30
0.0000
 40
0.0254
 41
0.0254
 70
0
  0
VERTEX
  8
40
 10
10.1000
 20
30.3127
 30
0.0000
 42
1.0000
  0
VERTEX
  8
40
 10
10.1000
 20
30.2873
 30
0.0000
  0
SEQEND
  8
0
  0
INSERT
  8
52
  2
RECT
 10
10.7500
 20
31.0960
 30
0.0000
 41
0.3000
 42
0.6096
 43
1.0000
 50
90.0000
  0
INSERT
  8
52
  2
RECT
 10
10.7500
 20
31.9088
 30
0.0000
 41
0.3000
 42
0.6096
 43
1.0000
 50
90.0000
  0
INSERT
  8
16
  2
RECT
 10
10.7500
 20
30.9200
 30
0.0000
 41
0.8500
 42
0.9000
 43
1.0000
 50
90.0000
  0
INSERT
  8
16
  2
RECT
 10
10.7500
 20
32.0800
 30
0.0000
 41
0.8500
 42
0.9000
 43
1.0000
 50
90.0000
  0
POINT
  8
24
 10
6.1400
 20
9.8390
 30
0.0000
  0
POLYLINE
  8
52
 66
1
 10
0.0000
 20
0.0000
 30
0.0000
 40
0.1524
 41
0.1524
 70
0
  0
VERTEX
  8
52
 10
5.8696
 20
9.6104
 30
0.0000
  0
VERTEX
  8
52
 10
6.4104
 20
9.6104
 30
0.0000
  0
SEQEND
  8
0
  0
POLYLINE
  8
52
 66
1
 10
0.0000
 20
0.0000
 30
0.0000
 40
0.0762
 41
0.0762
 70
0
  0
VERTEX
  8
52
 10
6.4104
 20
9.5723
 30
0.0000
 42
1.0000
  0
VERTEX
  8
52
 10
6.4104
 20
9.6485
 30
0.0000
  0
SEQEND
  8
0
  0
POLYLINE
  8
52
 66
1
 10
0.0000
 20
0.0000
 30
0.0000
 40
0.0762
 41
0.0762
 70
0
  0
VERTEX
  8
52
 10
5.8696
 20
9.6485
 30
0.0000
 42
1.0000
  0
VERTEX
  8
52
 10
5.8696
 20
9.5723
 30
0.0000
  0
SEQEND
  8
0
  0
POLYLINE
  8
52
 66
1
 10
0.0000
 20
0.0000
 30
0.0000
 40
0.1524
 41
0.1524
 70
0
  0
VERTEX
  8
52
 10
6.4104
 20
10.0676
 30
0.0000
  0
VERTEX
  8
52
 10
5.8696
 20
10.0676
 30
0.0000
  0
SEQEND
  8
0
  0
POLYLINE
  8
52
 66
1
 10
0.0000
 20
0.0000
 30
0.0000
 40
0.0762
 41
0.0762
 70
0
  0
VERTEX
  8
52
 10
5.8696
 20
10.1057
 30
0.0000
 42
1.0000
  0
VERTEX
  8
52
 10
5.8696
 20
10.0295
 30
0.0000
  0
SEQEND
  8
0
  0
POLYLINE
  8
52
 66
1
 10
0.0000
 20
0.0000
 30
0.0000
 40
0.0762
 41
0.0762
 70
0
  0
VERTEX
  8
52
 10
6.4104
 20
10.0295
 30
0.0000
 42
1.0000
  0
VERTEX
  8
52
 10
6.4104
 20
10.1057
 30
0.0000
  0
SEQEND
  8
0
  0
POLYLINE
  8
40
 66
1
 10
0.0000
 20
0.0000
 30
0.0000
 40
0.0508
 41
0.0508
 70
0
  0
VERTEX
  8
40
 10
4.9400
 20
9.1890
 30
0.0000
  0
VERTEX
  8
40
 10
7.3400
 20
9.1890
 30
0.0000
  0
SEQEND
  8
0
  0
POLYLINE
  8
40
 66
1
 10
0.0000
 20
0.0000
 30
0.0000
 40
0.0254
 41
0.0254
 70
0
  0
VERTEX
  8
40
 10
7.3400
 20
9.1763
 30
0.0000
 42
1.0000
  0
VERTEX
  8
40
 10
7.3400
 20
9.2017
 30
0.0000
  0
SEQEND
  8
0
  0
POLYLINE
  8
40
 66
1
 10
0.0000
 20
0.0000
 30
0.0000
 40
0.0254
 41
0.0254
 70
0
  0
VERTEX
  8
40
 10
4.9400
 20
9.2017
 30
0.0000
 42
1.0000
  0
VERTEX
  8
40
 10
4.9400
 20
9.1763
 30
0.0000
  0
SEQEND
  8
0
  0
POLYLINE
  8
40
 66
1
 10
0.0000
 20
0.0000
 30
0.0000
 40
0.0508
 41
0.0508
 70
0
  0
VERTEX
  8
40
 10
7.3400
 20
9.1890
 30
0.0000
  0
VERTEX
  8
40
 10
7.3400
 20
10.4890
 30
0.0000
  0
SEQEND
  8
0
  0
POLYLINE
  8
40
 66
1
 10
0.0000
 20
0.0000
 30
0.0000
 40
0.0254
 41
0.0254
 70
0
  0
VERTEX
  8
40
 10
7.3527
 20
10.4890
 30
0.0000
 42
1.0000
  0
VERTEX
  8
40
 10
7.3273
 20
10.4890
 30
0.0000
  0
SEQEND
  8
0
  0
POLYLINE
  8
40
 66
1
 10
0.0000
 20
0.0000
 30
0.0000
 40
0.0254
 41
0.0254
 70
0
  0
VERTEX
  8
40
 10
7.3273
 20
9.1890
 30
0.0000
 42
1.0000
  0
VERTEX
  8
40
 10
7.3527
 20
9.1890
 30
0.0000
  0
SEQEND
  8
0
  0
POLYLINE
  8
40
 66
1
 10
0.0000
 20
0.0000
 30
0.0000
 40
0.0508
 41
0.0508
 70
0
  0
VERTEX
  8
40
 10
7.3400
 20
10.4890
 30
0.0000
  0
VERTEX
  8
40
 10
4.9400
 20
10.4890
 30
0.0000
  0
SEQEND
  8
0
  0
POLYLINE
  8
40
 66
1
 10
0.0000
 20
0.0000
 30
0.0000
 40
0.0254
 41
0.0254
 70
0
  0
VERTEX
  8
40
 10
4.9400
 20
10.5017
 30
0.0000
 42
1.0000
  0
VERTEX
  8
40
 10
4.9400
 20
10.4763
 30
0.0000
  0
SEQEND
  8
0
  0
POLYLINE
  8
40
 66
1
 10
0.0000
 20
0.0000
 30
0.0000
 40
0.0254
 41
0.0254
 70
0
  0
VERTEX
  8
40
 10
7.3400
 20
10.4763
 30
0.0000
 42
1.0000
  0
VERTEX
  8
40
 10
7.3400
 20
10.5017
 30
0.0000
  0
SEQEND
  8
0
  0
POLYLINE
  8
40
 66
1
 10
0.0000
 20
0.0000
 30
0.0000
 40
0.0508
 41
0.0508
 70
0
  0
VERTEX
  8
40
 10
4.9400
 20
10.4890
 30
0.0000
  0
VERTEX
  8
40
 10
4.9400
 20
9.1890
 30
0.0000
  0
SEQEND
  8
0
  0
POLYLINE
  8
40
 66
1
 10
0.0000
 20
0.0000
 30
0.0000
 40
0.0254
 41
0.0254
 70
0
  0
VERTEX
  8
40
 10
4.9273
 20
9.1890
 30
0.0000
 42
1.0000
  0
VERTEX
  8
40
 10
4.9527
 20
9.1890
 30
0.0000
  0
SEQEND
  8
0
  0
POLYLINE
  8
40
 66
1
 10
0.0000
 20
0.0000
 30
0.0000
 40
0.0254
 41
0.0254
 70
0
  0
VERTEX
  8
40
 10
4.9527
 20
10.4890
 30
0.0000
 42
1.0000
  0
VERTEX
  8
40
 10
4.9273
 20
10.4890
 30
0.0000
  0
SEQEND
  8
0
  0
INSERT
  8
52
  2
RECT
 10
5.7360
 20
9.8390
 30
0.0000
 41
0.3000
 42
0.6096
 43
1.0000
 50
0.0000
  0
INSERT
  8
52
  2
RECT
 10
6.5488
 20
9.8390
 30
0.0000
 41
0.3000
 42
0.6096
 43
1.0000
 50
0.0000
  0
INSERT
  8
16
  2
RECT
 10
5.5600
 20
9.8390
 30
0.0000
 41
0.8500
 42
0.9000
 43
1.0000
 50
0.0000
  0
INSERT
  8
16
  2
RECT
 10
6.7200
 20
9.8390
 30
0.0000
 41
0.8500
 42
0.9000
 43
1.0000
 50
0.0000
  0
POINT
  8
24
 10
18.3050
 20
14.4470
 30
0.0000
  0
POLYLINE
  8
52
 66
1
 10
0.0000
 20
0.0000
 30
0.0000
 40
0.1524
 41
0.1524
 70
0
  0
VERTEX
  8
52
 10
18.5754
 20
14.6756
 30
0.0000
  0
VERTEX
  8
52
 10
18.0346
 20
14.6756
 30
0.0000
  0
SEQEND
  8
0
  0
POLYLINE
  8
52
 66
1
 10
0.0000
 20
0.0000
 30
0.0000
 40
0.0762
 41
0.0762
 70
0
  0
VERTEX
  8
52
 10
18.0346
 20
14.7137
 30
0.0000
 42
1.0000
  0
VERTEX
  8
52
 10
18.0346
 20
14.6375
 30
0.0000
  0
SEQEND
  8
0
  0
POLYLINE
  8
52
 66
1
 10
0.0000
 20
0.0000
 30
0.0000
 40
0.0762
 41
0.0762
 70
0
  0
VERTEX
  8
52
 10
18.5754
 20
14.6375
 30
0.0000
 42
1.0000
  0
VERTEX
  8
52
 10
18.5754
 20
14.7137
 30
0.0000
  0
SEQEND
  8
0
  0
POLYLINE
  8
52
 66
1
 10
0.0000
 20
0.0000
 30
0.0000
 40
0.1524
 41
0.1524
 70
0
  0
VERTEX
  8
52
 10
18.0346
 20
14.2184
 30
0.0000
  0
VERTEX
  8
52
 10
18.5754
 20
14.2184
 30
0.0000
  0
SEQEND
  8
0
  0
POLYLINE
  8
52
 66
1
 10
0.0000
 20
0.0000
 30
0.0000
 40
0.0762
 41
0.0762
 70
0
  0
VERTEX
  8
52
 10
18.5754
 20
14.1803
 30
0.0000
 42
1.0000
  0
VERTEX
  8
52
 10
18.5754
 20
14.2565
 30
0.0000
  0
SEQEND
  8
0
  0
POLYLINE
  8
52
 66
1
 10
0.0000
 20
0.0000
 30
0.0000
 40
0.0762
 41
0.0762
 70
0
  0
VERTEX
  8
52
 10
18.0346
 20
14.2565
 30
0.0000
 42
1.0000
  0
VERTEX
  8
52
 10
18.0346
 20
14.1803
 30
0.0000
  0
SEQEND
  8
0
  0
POLYLINE
  8
40
 66
1
 10
0.0000
 20
0.0000
 30
0.0000
 40
0.0508
 41
0.0508
 70
0
  0
VERTEX
  8
40
 10
19.5050
 20
15.0970
 30
0.0000
  0
VERTEX
  8
40
 10
17.1050
 20
15.0970
 30
0.0000
  0
SEQEND
  8
0
  0
POLYLINE
  8
40
 66
1
 10
0.0000
 20
0.0000
 30
0.0000
 40
0.0254
 41
0.0254
 70
0
  0
VERTEX
  8
40
 10
17.1050
 20
15.1097
 30
0.0000
 42
1.0000
  0
VERTEX
  8
40
 10
17.1050
 20
15.0843
 30
0.0000
  0
SEQEND
  8
0
  0
POLYLINE
  8
40
 66
1
 10
0.0000
 20
0.0000
 30
0.0000
 40
0.0254
 41
0.0254
 70
0
  0
VERTEX
  8
40
 10
19.5050
 20
15.0843
 30
0.0000
 42
1.0000
  0
VERTEX
  8
40
 10
19.5050
 20
15.1097
 30
0.0000
  0
SEQEND
  8
0
  0
POLYLINE
  8
40
 66
1
 10
0.0000
 20
0.0000
 30
0.0000
 40
0.0508
 41
0.0508
 70
0
  0
VERTEX
  8
40
 10
17.1050
 20
15.0970
 30
0.0000
  0
VERTEX
  8
40
 10
17.1050
 20
13.7970
 30
0.0000
  0
SEQEND
  8
0
  0
POLYLINE
  8
40
 66
1
 10
0.0000
 20
0.0000
 30
0.0000
 40
0.0254
 41
0.0254
 70
0
  0
VERTEX
  8
40
 10
17.0923
 20
13.7970
 30
0.0000
 42
1.0000
  0
VERTEX
  8
40
 10
17.1177
 20
13.7970
 30
0.0000
  0
SEQEND
  8
0
  0
POLYLINE
  8
40
 66
1
 10
0.0000
 20
0.0000
 30
0.0000
 40
0.0254
 41
0.0254
 70
0
  0
VERTEX
  8
40
 10
17.1177
 20
15.0970
 30
0.0000
 42
1.0000
  0
VERTEX
  8
40
 10
17.0923
 20
15.0970
 30
0.0000
  0
SEQEND
  8
0
  0
POLYLINE
  8
40
 66
1
 10
0.0000
 20
0.0000
 30
0.0000
 40
0.0508
 41
0.0508
 70
0
  0
VERTEX
  8
40
 10
17.1050
 20
13.7970
 30
0.0000
  0
VERTEX
  8
40
 10
19.5050
 20
13.7970
 30
0.0000
  0
SEQEND
  8
0
  0
POLYLINE
  8
40
 66
1
 10
0.0000
 20
0.0000
 30
0.0000
 40
0.0254
 41
0.0254
 70
0
  0
VERTEX
  8
40
 10
19.5050
 20
13.7843
 30
0.0000
 42
1.0000
  0
VERTEX
  8
40
 10
19.5050
 20
13.8097
 30
0.0000
  0
SEQEND
  8
0
  0
POLYLINE
  8
40
 66
1
 10
0.0000
 20
0.0000
 30
0.0000
 40
0.0254
 41
0.0254
 70
0
  0
VERTEX
  8
40
 10
17.1050
 20
13.8097
 30
0.0000
 42
1.0000
  0
VERTEX
  8
40
 10
17.1050
 20
13.7843
 30
0.0000
  0
SEQEND
  8
0
  0
POLYLINE
  8
40
 66
1
 10
0.0000
 20
0.0000
 30
0.0000
 40
0.0508
 41
0.0508
 70
0
  0
VERTEX
  8
40
 10
19.5050
 20
13.7970
 30
0.0000
  0
VERTEX
  8
40
 10
19.5050
 20
15.0970
 30
0.0000
  0
SEQEND
  8
0
  0
POLYLINE
  8
40
 66
1
 10
0.0000
 20
0.0000
 30
0.0000
 40
0.0254
 41
0.0254
 70
0
  0
VERTEX
  8
40
 10
19.5177
 20
15.0970
 30
0.0000
 42
1.0000
  0
VERTEX
  8
40
 10
19.4923
 20
15.0970
 30
0.0000
  0
SEQEND
  8
0
  0
POLYLINE
  8
40
 66
1
 10
0.0000
 20
0.0000
 30
0.0000
 40
0.0254
 41
0.0254
 70
0
  0
VERTEX
  8
40
 10
19.4923
 20
13.7970
 30
0.0000
 42
1.0000
  0
VERTEX
  8
40
 10
19.5177
 20
13.7970
 30
0.0000
  0
SEQEND
  8
0
  0
INSERT
  8
52
  2
RECT
 10
18.7090
 20
14.4470
 30
0.0000
 41
0.3000
 42
0.6096
 43
1.0000
 50
180.0000
  0
INSERT
  8
52
  2
RECT
 10
17.8962
 20
14.4470
 30
0.0000
 41
0.3000
 42
0.6096
 43
1.0000
 50
180.0000
  0
INSERT
  8
16
  2
RECT
 10
18.8850
 20
14.4470
 30
0.0000
 41
0.8500
 42
0.9000
 43
1.0000
 50
180.0000
  0
INSERT
  8
16
  2
RECT
 10
17.7250
 20
14.4470
 30
0.0000
 41
0.8500
 42
0.9000
 43
1.0000
 50
180.0000
  0
POINT
  8
24
 10
18.3330
 20
11.4570
 30
0.0000
  0
POLYLINE
  8
52
 66
1
 10
0.0000
 20
0.0000
 30
0.0000
 40
0.1524
 41
0.1524
 70
0
  0
VERTEX
  8
52
 10
18.6034
 20
11.6856
 30
0.0000
  0
VERTEX
  8
52
 10
18.0626
 20
11.6856
 30
0.0000
  0
SEQEND
  8
0
  0
POLYLINE
  8
52
 66
1
 10
0.0000
 20
0.0000
 30
0.0000
 40
0.0762
 41
0.0762
 70
0
  0
VERTEX
  8
52
 10
18.0626
 20
11.7237
 30
0.0000
 42
1.0000
  0
VERTEX
  8
52
 10
18.0626
 20
11.6475
 30
0.0000
  0
SEQEND
  8
0
  0
POLYLINE
  8
52
 66
1
 10
0.0000
 20
0.0000
 30
0.0000
 40
0.0762
 41
0.0762
 70
0
  0
VERTEX
  8
52
 10
18.6034
 20
11.6475
 30
0.0000
 42
1.0000
  0
VERTEX
  8
52
 10
18.6034
 20
11.7237
 30
0.0000
  0
SEQEND
  8
0
  0
POLYLINE
  8
52
 66
1
 10
0.0000
 20
0.0000
 30
0.0000
 40
0.1524
 41
0.1524
 70
0
  0
VERTEX
  8
52
 10
18.0626
 20
11.2284
 30
0.0000
  0
VERTEX
  8
52
 10
18.6034
 20
11.2284
 30
0.0000
  0
SEQEND
  8
0
  0
POLYLINE
  8
52
 66
1
 10
0.0000
 20
0.0000
 30
0.0000
 40
0.0762
 41
0.0762
 70
0
  0
VERTEX
  8
52
 10
18.6034
 20
11.1903
 30
0.0000
 42
1.0000
  0
VERTEX
  8
52
 10
18.6034
 20
11.2665
 30
0.0000
  0
SEQEND
  8
0
  0
POLYLINE
  8
52
 66
1
 10
0.0000
 20
0.0000
 30
0.0000
 40
0.0762
 41
0.0762
 70
0
  0
VERTEX
  8
52
 10
18.0626
 20
11.2665
 30
0.0000
 42
1.0000
  0
VERTEX
  8
52
 10
18.0626
 20
11.1903
 30
0.0000
  0
SEQEND
  8
0
  0
POLYLINE
  8
40
 66
1
 10
0.0000
 20
0.0000
 30
0.0000
 40
0.0508
 41
0.0508
 70
0
  0
VERTEX
  8
40
 10
19.5330
 20
12.1070
 30
0.0000
  0
VERTEX
  8
40
 10
17.1330
 20
12.1070
 30
0.0000
  0
SEQEND
  8
0
  0
POLYLINE
  8
40
 66
1
 10
0.0000
 20
0.0000
 30
0.0000
 40
0.0254
 41
0.0254
 70
0
  0
VERTEX
  8
40
 10
17.1330
 20
12.1197
 30
0.0000
 42
1.0000
  0
VERTEX
  8
40
 10
17.1330
 20
12.0943
 30
0.0000
  0
SEQEND
  8
0
  0
POLYLINE
  8
40
 66
1
 10
0.0000
 20
0.0000
 30
0.0000
 40
0.0254
 41
0.0254
 70
0
  0
VERTEX
  8
40
 10
19.5330
 20
12.0943
 30
0.0000
 42
1.0000
  0
VERTEX
  8
40
 10
19.5330
 20
12.1197
 30
0.0000
  0
SEQEND
  8
0
  0
POLYLINE
  8
40
 66
1
 10
0.0000
 20
0.0000
 30
0.0000
 40
0.0508
 41
0.0508
 70
0
  0
VERTEX
  8
40
 10
17.1330
 20
12.1070
 30
0.0000
  0
VERTEX
  8
40
 10
17.1330
 20
10.8070
 30
0.0000
  0
SEQEND
  8
0
  0
POLYLINE
  8
40
 66
1
 10
0.0000
 20
0.0000
 30
0.0000
 40
0.0254
 41
0.0254
 70
0
  0
VERTEX
  8
40
 10
17.1203
 20
10.8070
 30
0.0000
 42
1.0000
  0
VERTEX
  8
40
 10
17.1457
 20
10.8070
 30
0.0000
  0
SEQEND
  8
0
  0
POLYLINE
  8
40
 66
1
 10
0.0000
 20
0.0000
 30
0.0000
 40
0.0254
 41
0.0254
 70
0
  0
VERTEX
  8
40
 10
17.1457
 20
12.1070
 30
0.0000
 42
1.0000
  0
VERTEX
  8
40
 10
17.1203
 20
12.1070
 30
0.0000
  0
SEQEND
  8
0
  0
POLYLINE
  8
40
 66
1
 10
0.0000
 20
0.0000
 30
0.0000
 40
0.0508
 41
0.0508
 70
0
  0
VERTEX
  8
40
 10
17.1330
 20
10.8070
 30
0.0000
  0
VERTEX
  8
40
 10
19.5330
 20
10.8070
 30
0.0000
  0
SEQEND
  8
0
  0
POLYLINE
  8
40
 66
1
 10
0.0000
 20
0.0000
 30
0.0000
 40
0.0254
 41
0.0254
 70
0
  0
VERTEX
  8
40
 10
19.5330
 20
10.7943
 30
0.0000
 42
1.0000
  0
VERTEX
  8
40
 10
19.5330
 20
10.8197
 30
0.0000
  0
SEQEND
  8
0
  0
POLYLINE
  8
40
 66
1
 10
0.0000
 20
0.0000
 30
0.0000
 40
0.0254
 41
0.0254
 70
0
  0
VERTEX
  8
40
 10
17.1330
 20
10.8197
 30
0.0000
 42
1.0000
  0
VERTEX
  8
40
 10
17.1330
 20
10.7943
 30
0.0000
  0
SEQEND
  8
0
  0
POLYLINE
  8
40
 66
1
 10
0.0000
 20
0.0000
 30
0.0000
 40
0.0508
 41
0.0508
 70
0
  0
VERTEX
  8
40
 10
19.5330
 20
10.8070
 30
0.0000
  0
VERTEX
  8
40
 10
19.5330
 20
12.1070
 30
0.0000
  0
SEQEND
  8
0
  0
POLYLINE
  8
40
 66
1
 10
0.0000
 20
0.0000
 30
0.0000
 40
0.0254
 41
0.0254
 70
0
  0
VERTEX
  8
40
 10
19.5457
 20
12.1070
 30
0.0000
 42
1.0000
  0
VERTEX
  8
40
 10
19.5203
 20
12.1070
 30
0.0000
  0
SEQEND
  8
0
  0
POLYLINE
  8
40
 66
1
 10
0.0000
 20
0.0000
 30
0.0000
 40
0.0254
 41
0.0254
 70
0
  0
VERTEX
  8
40
 10
19.5203
 20
10.8070
 30
0.0000
 42
1.0000
  0
VERTEX
  8
40
 10
19.5457
 20
10.8070
 30
0.0000
  0
SEQEND
  8
0
  0
INSERT
  8
52
  2
RECT
 10
18.7370
 20
11.4570
 30
0.0000
 41
0.3000
 42
0.6096
 43
1.0000
 50
180.0000
  0
INSERT
  8
52
  2
RECT
 10
17.9242
 20
11.4570
 30
0.0000
 41
0.3000
 42
0.6096
 43
1.0000
 50
180.0000
  0
INSERT
  8
16
  2
RECT
 10
18.9130
 20
11.4570
 30
0.0000
 41
0.8500
 42
0.9000
 43
1.0000
 50
180.0000
  0
INSERT
  8
16
  2
RECT
 10
17.7530
 20
11.4570
 30
0.0000
 41
0.8500
 42
0.9000
 43
1.0000
 50
180.0000
  0
POINT
  8
24
 10
6.3840
 20
19.6900
 30
0.0000
  0
POLYLINE
  8
52
 66
1
 10
0.0000
 20
0.0000
 30
0.0000
 40
0.1524
 41
0.1524
 70
0
  0
VERTEX
  8
52
 10
6.1136
 20
19.4614
 30
0.0000
  0
VERTEX
  8
52
 10
6.6544
 20
19.4614
 30
0.0000
  0
SEQEND
  8
0
  0
POLYLINE
  8
52
 66
1
 10
0.0000
 20
0.0000
 30
0.0000
 40
0.0762
 41
0.0762
 70
0
  0
VERTEX
  8
52
 10
6.6544
 20
19.4233
 30
0.0000
 42
1.0000
  0
VERTEX
  8
52
 10
6.6544
 20
19.4995
 30
0.0000
  0
SEQEND
  8
0
  0
POLYLINE
  8
52
 66
1
 10
0.0000
 20
0.0000
 30
0.0000
 40
0.0762
 41
0.0762
 70
0
  0
VERTEX
  8
52
 10
6.1136
 20
19.4995
 30
0.0000
 42
1.0000
  0
VERTEX
  8
52
 10
6.1136
 20
19.4233
 30
0.0000
  0
SEQEND
  8
0
  0
POLYLINE
  8
52
 66
1
 10
0.0000
 20
0.0000
 30
0.0000
 40
0.1524
 41
0.1524
 70
0
  0
VERTEX
  8
52
 10
6.6544
 20
19.9186
 30
0.0000
  0
VERTEX
  8
52
 10
6.1136
 20
19.9186
 30
0.0000
  0
SEQEND
  8
0
  0
POLYLINE
  8
52
 66
1
 10
0.0000
 20
0.0000
 30
0.0000
 40
0.0762
 41
0.0762
 70
0
  0
VERTEX
  8
52
 10
6.1136
 20
19.9567
 30
0.0000
 42
1.0000
  0
VERTEX
  8
52
 10
6.1136
 20
19.8805
 30
0.0000
  0
SEQEND
  8
0
  0
POLYLINE
  8
52
 66
1
 10
0.0000
 20
0.0000
 30
0.0000
 40
0.0762
 41
0.0762
 70
0
  0
VERTEX
  8
52
 10
6.6544
 20
19.8805
 30
0.0000
 42
1.0000
  0
VERTEX
  8
52
 10
6.6544
 20
19.9567
 30
0.0000
  0
SEQEND
  8
0
  0
POLYLINE
  8
40
 66
1
 10
0.0000
 20
0.0000
 30
0.0000
 40
0.0508
 41
0.0508
 70
0
  0
VERTEX
  8
40
 10
5.1840
 20
19.0400
 30
0.0000
  0
VERTEX
  8
40
 10
7.5840
 20
19.0400
 30
0.0000
  0
SEQEND
  8
0
  0
POLYLINE
  8
40
 66
1
 10
0.0000
 20
0.0000
 30
0.0000
 40
0.0254
 41
0.0254
 70
0
  0
VERTEX
  8
40
 10
7.5840
 20
19.0273
 30
0.0000
 42
1.0000
  0
VERTEX
  8
40
 10
7.5840
 20
19.0527
 30
0.0000
  0
SEQEND
  8
0
  0
POLYLINE
  8
40
 66
1
 10
0.0000
 20
0.0000
 30
0.0000
 40
0.0254
 41
0.0254
 70
0
  0
VERTEX
  8
40
 10
5.1840
 20
19.0527
 30
0.0000
 42
1.0000
  0
VERTEX
  8
40
 10
5.1840
 20
19.0273
 30
0.0000
  0
SEQEND
  8
0
  0
POLYLINE
  8
40
 66
1
 10
0.0000
 20
0.0000
 30
0.0000
 40
0.0508
 41
0.0508
 70
0
  0
VERTEX
  8
40
 10
7.5840
 20
19.0400
 30
0.0000
  0
VERTEX
  8
40
 10
7.5840
 20
20.3400
 30
0.0000
  0
SEQEND
  8
0
  0
POLYLINE
  8
40
 66
1
 10
0.0000
 20
0.0000
 30
0.0000
 40
0.0254
 41
0.0254
 70
0
  0
VERTEX
  8
40
 10
7.5967
 20
20.3400
 30
0.0000
 42
1.0000
  0
VERTEX
  8
40
 10
7.5713
 20
20.3400
 30
0.0000
  0
SEQEND
  8
0
  0
POLYLINE
  8
40
 66
1
 10
0.0000
 20
0.0000
 30
0.0000
 40
0.0254
 41
0.0254
 70
0
  0
VERTEX
  8
40
 10
7.5713
 20
19.0400
 30
0.0000
 42
1.0000
  0
VERTEX
  8
40
 10
7.5967
 20
19.0400
 30
0.0000
  0
SEQEND
  8
0
  0
POLYLINE
  8
40
 66
1
 10
0.0000
 20
0.0000
 30
0.0000
 40
0.0508
 41
0.0508
 70
0
  0
VERTEX
  8
40
 10
7.5840
 20
20.3400
 30
0.0000
  0
VERTEX
  8
40
 10
5.1840
 20
20.3400
 30
0.0000
  0
SEQEND
  8
0
  0
POLYLINE
  8
40
 66
1
 10
0.0000
 20
0.0000
 30
0.0000
 40
0.0254
 41
0.0254
 70
0
  0
VERTEX
  8
40
 10
5.1840
 20
20.3527
 30
0.0000
 42
1.0000
  0
VERTEX
  8
40
 10
5.1840
 20
20.3273
 30
0.0000
  0
SEQEND
  8
0
  0
POLYLINE
  8
40
 66
1
 10
0.0000
 20
0.0000
 30
0.0000
 40
0.0254
 41
0.0254
 70
0
  0
VERTEX
  8
40
 10
7.5840
 20
20.3273
 30
0.0000
 42
1.0000
  0
VERTEX
  8
40
 10
7.5840
 20
20.3527
 30
0.0000
  0
SEQEND
  8
0
  0
POLYLINE
  8
40
 66
1
 10
0.0000
 20
0.0000
 30
0.0000
 40
0.0508
 41
0.0508
 70
0
  0
VERTEX
  8
40
 10
5.1840
 20
20.3400
 30
0.0000
  0
VERTEX
  8
40
 10
5.1840
 20
19.0400
 30
0.0000
  0
SEQEND
  8
0
  0
POLYLINE
  8
40
 66
1
 10
0.0000
 20
0.0000
 30
0.0000
 40
0.0254
 41
0.0254
 70
0
  0
VERTEX
  8
40
 10
5.1713
 20
19.0400
 30
0.0000
 42
1.0000
  0
VERTEX
  8
40
 10
5.1967
 20
19.0400
 30
0.0000
  0
SEQEND
  8
0
  0
POLYLINE
  8
40
 66
1
 10
0.0000
 20
0.0000
 30
0.0000
 40
0.0254
 41
0.0254
 70
0
  0
VERTEX
  8
40
 10
5.1967
 20
20.3400
 30
0.0000
 42
1.0000
  0
VERTEX
  8
40
 10
5.1713
 20
20.3400
 30
0.0000
  0
SEQEND
  8
0
  0
INSERT
  8
52
  2
RECT
 10
5.9800
 20
19.6900
 30
0.0000
 41
0.3000
 42
0.6096
 43
1.0000
 50
0.0000
  0
INSERT
  8
52
  2
RECT
 10
6.7928
 20
19.6900
 30
0.0000
 41
0.3000
 42
0.6096
 43
1.0000
 50
0.0000
  0
INSERT
  8
16
  2
RECT
 10
5.8040
 20
19.6900
 30
0.0000
 41
0.8500
 42
0.9000
 43
1.0000
 50
0.0000
  0
INSERT
  8
16
  2
RECT
 10
6.9640
 20
19.6900
 30
0.0000
 41
0.8500
 42
0.9000
 43
1.0000
 50
0.0000
  0
POINT
  8
24
 10
6.4300
 20
22.7630
 30
0.0000
  0
POLYLINE
  8
52
 66
1
 10
0.0000
 20
0.0000
 30
0.0000
 40
0.1524
 41
0.1524
 70
0
  0
VERTEX
  8
52
 10
6.7004
 20
22.9916
 30
0.0000
  0
VERTEX
  8
52
 10
6.1596
 20
22.9916
 30
0.0000
  0
SEQEND
  8
0
  0
POLYLINE
  8
52
 66
1
 10
0.0000
 20
0.0000
 30
0.0000
 40
0.0762
 41
0.0762
 70
0
  0
VERTEX
  8
52
 10
6.1596
 20
23.0297
 30
0.0000
 42
1.0000
  0
VERTEX
  8
52
 10
6.1596
 20
22.9535
 30
0.0000
  0
SEQEND
  8
0
  0
POLYLINE
  8
52
 66
1
 10
0.0000
 20
0.0000
 30
0.0000
 40
0.0762
 41
0.0762
 70
0
  0
VERTEX
  8
52
 10
6.7004
 20
22.9535
 30
0.0000
 42
1.0000
  0
VERTEX
  8
52
 10
6.7004
 20
23.0297
 30
0.0000
  0
SEQEND
  8
0
  0
POLYLINE
  8
52
 66
1
 10
0.0000
 20
0.0000
 30
0.0000
 40
0.1524
 41
0.1524
 70
0
  0
VERTEX
  8
52
 10
6.1596
 20
22.5344
 30
0.0000
  0
VERTEX
  8
52
 10
6.7004
 20
22.5344
 30
0.0000
  0
SEQEND
  8
0
  0
POLYLINE
  8
52
 66
1
 10
0.0000
 20
0.0000
 30
0.0000
 40
0.0762
 41
0.0762
 70
0
  0
VERTEX
  8
52
 10
6.7004
 20
22.4963
 30
0.0000
 42
1.0000
  0
VERTEX
  8
52
 10
6.7004
 20
22.5725
 30
0.0000
  0
SEQEND
  8
0
  0
POLYLINE
  8
52
 66
1
 10
0.0000
 20
0.0000
 30
0.0000
 40
0.0762
 41
0.0762
 70
0
  0
VERTEX
  8
52
 10
6.1596
 20
22.5725
 30
0.0000
 42
1.0000
  0
VERTEX
  8
52
 10
6.1596
 20
22.4963
 30
0.0000
  0
SEQEND
  8
0
  0
POLYLINE
  8
40
 66
1
 10
0.0000
 20
0.0000
 30
0.0000
 40
0.0508
 41
0.0508
 70
0
  0
VERTEX
  8
40
 10
7.6300
 20
23.4130
 30
0.0000
  0
VERTEX
  8
40
 10
5.2300
 20
23.4130
 30
0.0000
  0
SEQEND
  8
0
  0
POLYLINE
  8
40
 66
1
 10
0.0000
 20
0.0000
 30
0.0000
 40
0.0254
 41
0.0254
 70
0
  0
VERTEX
  8
40
 10
5.2300
 20
23.4257
 30
0.0000
 42
1.0000
  0
VERTEX
  8
40
 10
5.2300
 20
23.4003
 30
0.0000
  0
SEQEND
  8
0
  0
POLYLINE
  8
40
 66
1
 10
0.0000
 20
0.0000
 30
0.0000
 40
0.0254
 41
0.0254
 70
0
  0
VERTEX
  8
40
 10
7.6300
 20
23.4003
 30
0.0000
 42
1.0000
  0
VERTEX
  8
40
 10
7.6300
 20
23.4257
 30
0.0000
  0
SEQEND
  8
0
  0
POLYLINE
  8
40
 66
1
 10
0.0000
 20
0.0000
 30
0.0000
 40
0.0508
 41
0.0508
 70
0
  0
VERTEX
  8
40
 10
5.2300
 20
23.4130
 30
0.0000
  0
VERTEX
  8
40
 10
5.2300
 20
22.1130
 30
0.0000
  0
SEQEND
  8
0
  0
POLYLINE
  8
40
 66
1
 10
0.0000
 20
0.0000
 30
0.0000
 40
0.0254
 41
0.0254
 70
0
  0
VERTEX
  8
40
 10
5.2173
 20
22.1130
 30
0.0000
 42
1.0000
  0
VERTEX
  8
40
 10
5.2427
 20
22.1130
 30
0.0000
  0
SEQEND
  8
0
  0
POLYLINE
  8
40
 66
1
 10
0.0000
 20
0.0000
 30
0.0000
 40
0.0254
 41
0.0254
 70
0
  0
VERTEX
  8
40
 10
5.2427
 20
23.4130
 30
0.0000
 42
1.0000
  0
VERTEX
  8
40
 10
5.2173
 20
23.4130
 30
0.0000
  0
SEQEND
  8
0
  0
POLYLINE
  8
40
 66
1
 10
0.0000
 20
0.0000
 30
0.0000
 40
0.0508
 41
0.0508
 70
0
  0
VERTEX
  8
40
 10
5.2300
 20
22.1130
 30
0.0000
  0
VERTEX
  8
40
 10
7.6300
 20
22.1130
 30
0.0000
  0
SEQEND
  8
0
  0
POLYLINE
  8
40
 66
1
 10
0.0000
 20
0.0000
 30
0.0000
 40
0.0254
 41
0.0254
 70
0
  0
VERTEX
  8
40
 10
7.6300
 20
22.1003
 30
0.0000
 42
1.0000
  0
VERTEX
  8
40
 10
7.6300
 20
22.1257
 30
0.0000
  0
SEQEND
  8
0
  0
POLYLINE
  8
40
 66
1
 10
0.0000
 20
0.0000
 30
0.0000
 40
0.0254
 41
0.0254
 70
0
  0
VERTEX
  8
40
 10
5.2300
 20
22.1257
 30
0.0000
 42
1.0000
  0
VERTEX
  8
40
 10
5.2300
 20
22.1003
 30
0.0000
  0
SEQEND
  8
0
  0
POLYLINE
  8
40
 66
1
 10
0.0000
 20
0.0000
 30
0.0000
 40
0.0508
 41
0.0508
 70
0
  0
VERTEX
  8
40
 10
7.6300
 20
22.1130
 30
0.0000
  0
VERTEX
  8
40
 10
7.6300
 20
23.4130
 30
0.0000
  0
SEQEND
  8
0
  0
POLYLINE
  8
40
 66
1
 10
0.0000
 20
0.0000
 30
0.0000
 40
0.0254
 41
0.0254
 70
0
  0
VERTEX
  8
40
 10
7.6427
 20
23.4130
 30
0.0000
 42
1.0000
  0
VERTEX
  8
40
 10
7.6173
 20
23.4130
 30
0.0000
  0
SEQEND
  8
0
  0
POLYLINE
  8
40
 66
1
 10
0.0000
 20
0.0000
 30
0.0000
 40
0.0254
 41
0.0254
 70
0
  0
VERTEX
  8
40
 10
7.6173
 20
22.1130
 30
0.0000
 42
1.0000
  0
VERTEX
  8
40
 10
7.6427
 20
22.1130
 30
0.0000
  0
SEQEND
  8
0
  0
INSERT
  8
52
  2
RECT
 10
6.8340
 20
22.7630
 30
0.0000
 41
0.3000
 42
0.6096
 43
1.0000
 50
180.0000
  0
INSERT
  8
52
  2
RECT
 10
6.0212
 20
22.7630
 30
0.0000
 41
0.3000
 42
0.6096
 43
1.0000
 50
180.0000
  0
INSERT
  8
16
  2
RECT
 10
7.0100
 20
22.7630
 30
0.0000
 41
0.8500
 42
0.9000
 43
1.0000
 50
180.0000
  0
INSERT
  8
16
  2
RECT
 10
5.8500
 20
22.7630
 30
0.0000
 41
0.8500
 42
0.9000
 43
1.0000
 50
180.0000
  0
POINT
  8
24
 10
6.1510
 20
6.8480
 30
0.0000
  0
POLYLINE
  8
52
 66
1
 10
0.0000
 20
0.0000
 30
0.0000
 40
0.1524
 41
0.1524
 70
0
  0
VERTEX
  8
52
 10
6.4214
 20
7.0766
 30
0.0000
  0
VERTEX
  8
52
 10
5.8806
 20
7.0766
 30
0.0000
  0
SEQEND
  8
0
  0
POLYLINE
  8
52
 66
1
 10
0.0000
 20
0.0000
 30
0.0000
 40
0.0762
 41
0.0762
 70
0
  0
VERTEX
  8
52
 10
5.8806
 20
7.1147
 30
0.0000
 42
1.0000
  0
VERTEX
  8
52
 10
5.8806
 20
7.0385
 30
0.0000
  0
SEQEND
  8
0
  0
POLYLINE
  8
52
 66
1
 10
0.0000
 20
0.0000
 30
0.0000
 40
0.0762
 41
0.0762
 70
0
  0
VERTEX
  8
52
 10
6.4214
 20
7.0385
 30
0.0000
 42
1.0000
  0
VERTEX
  8
52
 10
6.4214
 20
7.1147
 30
0.0000
  0
SEQEND
  8
0
  0
POLYLINE
  8
52
 66
1
 10
0.0000
 20
0.0000
 30
0.0000
 40
0.1524
 41
0.1524
 70
0
  0
VERTEX
  8
52
 10
5.8806
 20
6.6194
 30
0.0000
  0
VERTEX
  8
52
 10
6.4214
 20
6.6194
 30
0.0000
  0
SEQEND
  8
0
  0
POLYLINE
  8
52
 66
1
 10
0.0000
 20
0.0000
 30
0.0000
 40
0.0762
 41
0.0762
 70
0
  0
VERTEX
  8
52
 10
6.4214
 20
6.5813
 30
0.0000
 42
1.0000
  0
VERTEX
  8
52
 10
6.4214
 20
6.6575
 30
0.0000
  0
SEQEND
  8
0
  0
POLYLINE
  8
52
 66
1
 10
0.0000
 20
0.0000
 30
0.0000
 40
0.0762
 41
0.0762
 70
0
  0
VERTEX
  8
52
 10
5.8806
 20
6.6575
 30
0.0000
 42
1.0000
  0
VERTEX
  8
52
 10
5.8806
 20
6.5813
 30
0.0000
  0
SEQEND
  8
0
  0
POLYLINE
  8
40
 66
1
 10
0.0000
 20
0.0000
 30
0.0000
 40
0.0508
 41
0.0508
 70
0
  0
VERTEX
  8
40
 10
7.3510
 20
7.4980
 30
0.0000
  0
VERTEX
  8
40
 10
4.9510
 20
7.4980
 30
0.0000
  0
SEQEND
  8
0
  0
POLYLINE
  8
40
 66
1
 10
0.0000
 20
0.0000
 30
0.0000
 40
0.0254
 41
0.0254
 70
0
  0
VERTEX
  8
40
 10
4.9510
 20
7.5107
 30
0.0000
 42
1.0000
  0
VERTEX
  8
40
 10
4.9510
 20
7.4853
 30
0.0000
  0
SEQEND
  8
0
  0
POLYLINE
  8
40
 66
1
 10
0.0000
 20
0.0000
 30
0.0000
 40
0.0254
 41
0.0254
 70
0
  0
VERTEX
  8
40
 10
7.3510
 20
7.4853
 30
0.0000
 42
1.0000
  0
VERTEX
  8
40
 10
7.3510
 20
7.5107
 30
0.0000
  0
SEQEND
  8
0
  0
POLYLINE
  8
40
 66
1
 10
0.0000
 20
0.0000
 30
0.0000
 40
0.0508
 41
0.0508
 70
0
  0
VERTEX
  8
40
 10
4.9510
 20
7.4980
 30
0.0000
  0
VERTEX
  8
40
 10
4.9510
 20
6.1980
 30
0.0000
  0
SEQEND
  8
0
  0
POLYLINE
  8
40
 66
1
 10
0.0000
 20
0.0000
 30
0.0000
 40
0.0254
 41
0.0254
 70
0
  0
VERTEX
  8
40
 10
4.9383
 20
6.1980
 30
0.0000
 42
1.0000
  0
VERTEX
  8
40
 10
4.9637
 20
6.1980
 30
0.0000
  0
SEQEND
  8
0
  0
POLYLINE
  8
40
 66
1
 10
0.0000
 20
0.0000
 30
0.0000
 40
0.0254
 41
0.0254
 70
0
  0
VERTEX
  8
40
 10
4.9637
 20
7.4980
 30
0.0000
 42
1.0000
  0
VERTEX
  8
40
 10
4.9383
 20
7.4980
 30
0.0000
  0
SEQEND
  8
0
  0
POLYLINE
  8
40
 66
1
 10
0.0000
 20
0.0000
 30
0.0000
 40
0.0508
 41
0.0508
 70
0
  0
VERTEX
  8
40
 10
4.9510
 20
6.1980
 30
0.0000
  0
VERTEX
  8
40
 10
7.3510
 20
6.1980
 30
0.0000
  0
SEQEND
  8
0
  0
POLYLINE
  8
40
 66
1
 10
0.0000
 20
0.0000
 30
0.0000
 40
0.0254
 41
0.0254
 70
0
  0
VERTEX
  8
40
 10
7.3510
 20
6.1853
 30
0.0000
 42
1.0000
  0
VERTEX
  8
40
 10
7.3510
 20
6.2107
 30
0.0000
  0
SEQEND
  8
0
  0
POLYLINE
  8
40
 66
1
 10
0.0000
 20
0.0000
 30
0.0000
 40
0.0254
 41
0.0254
 70
0
  0
VERTEX
  8
40
 10
4.9510
 20
6.2107
 30
0.0000
 42
1.0000
  0
VERTEX
  8
40
 10
4.9510
 20
6.1853
 30
0.0000
  0
SEQEND
  8
0
  0
POLYLINE
  8
40
 66
1
 10
0.0000
 20
0.0000
 30
0.0000
 40
0.0508
 41
0.0508
 70
0
  0
VERTEX
  8
40
 10
7.3510
 20
6.1980
 30
0.0000
  0
VERTEX
  8
40
 10
7.3510
 20
7.4980
 30
0.0000
  0
SEQEND
  8
0
  0
POLYLINE
  8
40
 66
1
 10
0.0000
 20
0.0000
 30
0.0000
 40
0.0254
 41
0.0254
 70
0
  0
VERTEX
  8
40
 10
7.3637
 20
7.4980
 30
0.0000
 42
1.0000
  0
VERTEX
  8
40
 10
7.3383
 20
7.4980
 30
0.0000
  0
SEQEND
  8
0
  0
POLYLINE
  8
40
 66
1
 10
0.0000
 20
0.0000
 30
0.0000
 40
0.0254
 41
0.0254
 70
0
  0
VERTEX
  8
40
 10
7.3383
 20
6.1980
 30
0.0000
 42
1.0000
  0
VERTEX
  8
40
 10
7.3637
 20
6.1980
 30
0.0000
  0
SEQEND
  8
0
  0
INSERT
  8
52
  2
RECT
 10
6.5550
 20
6.8480
 30
0.0000
 41
0.3000
 42
0.6096
 43
1.0000
 50
180.0000
  0
INSERT
  8
52
  2
RECT
 10
5.7422
 20
6.8480
 30
0.0000
 41
0.3000
 42
0.6096
 43
1.0000
 50
180.0000
  0
INSERT
  8
16
  2
RECT
 10
6.7310
 20
6.8480
 30
0.0000
 41
0.8500
 42
0.9000
 43
1.0000
 50
180.0000
  0
INSERT
  8
16
  2
RECT
 10
5.5710
 20
6.8480
 30
0.0000
 41
0.8500
 42
0.9000
 43
1.0000
 50
180.0000
  0
POINT
  8
24
 10
12.2684
 20
17.3508
 30
0.0000
  0
POLYLINE
  8
52
 66
1
 10
0.0000
 20
0.0000
 30
0.0000
 40
0.2000
 41
0.2000
 70
0
  0
VERTEX
  8
52
 10
9.6684
 20
19.9508
 30
0.0000
  0
VERTEX
  8
52
 10
14.8684
 20
19.9508
 30
0.0000
  0
SEQEND
  8
0
  0
POLYLINE
  8
52
 66
1
 10
0.0000
 20
0.0000
 30
0.0000
 40
0.1000
 41
0.1000
 70
0
  0
VERTEX
  8
52
 10
14.8684
 20
19.9008
 30
0.0000
 42
1.0000
  0
VERTEX
  8
52
 10
14.8684
 20
20.0008
 30
0.0000
  0
SEQEND
  8
0
  0
POLYLINE
  8
52
 66
1
 10
0.0000
 20
0.0000
 30
0.0000
 40
0.1000
 41
0.1000
 70
0
  0
VERTEX
  8
52
 10
9.6684
 20
20.0008
 30
0.0000
 42
1.0000
  0
VERTEX
  8
52
 10
9.6684
 20
19.9008
 30
0.0000
  0
SEQEND
  8
0
  0
POLYLINE
  8
52
 66
1
 10
0.0000
 20
0.0000
 30
0.0000
 40
0.2000
 41
0.2000
 70
0
  0
VERTEX
  8
52
 10
14.8684
 20
19.9508
 30
0.0000
  0
VERTEX
  8
52
 10
14.8684
 20
14.7508
 30
0.0000
  0
SEQEND
  8
0
  0
POLYLINE
  8
52
 66
1
 10
0.0000
 20
0.0000
 30
0.0000
 40
0.1000
 41
0.1000
 70
0
  0
VERTEX
  8
52
 10
14.8184
 20
14.7508
 30
0.0000
 42
1.0000
  0
VERTEX
  8
52
 10
14.9184
 20
14.7508
 30
0.0000
  0
SEQEND
  8
0
  0
POLYLINE
  8
52
 66
1
 10
0.0000
 20
0.0000
 30
0.0000
 40
0.1000
 41
0.1000
 70
0
  0
VERTEX
  8
52
 10
14.9184
 20
19.9508
 30
0.0000
 42
1.0000
  0
VERTEX
  8
52
 10
14.8184
 20
19.9508
 30
0.0000
  0
SEQEND
  8
0
  0
POLYLINE
  8
52
 66
1
 10
0.0000
 20
0.0000
 30
0.0000
 40
0.2000
 41
0.2000
 70
0
  0
VERTEX
  8
52
 10
14.8684
 20
14.7508
 30
0.0000
  0
VERTEX
  8
52
 10
9.6684
 20
14.7508
 30
0.0000
  0
SEQEND
  8
0
  0
POLYLINE
  8
52
 66
1
 10
0.0000
 20
0.0000
 30
0.0000
 40
0.1000
 41
0.1000
 70
0
  0
VERTEX
  8
52
 10
9.6684
 20
14.8008
 30
0.0000
 42
1.0000
  0
VERTEX
  8
52
 10
9.6684
 20
14.7008
 30
0.0000
  0
SEQEND
  8
0
  0
POLYLINE
  8
52
 66
1
 10
0.0000
 20
0.0000
 30
0.0000
 40
0.1000
 41
0.1000
 70
0
  0
VERTEX
  8
52
 10
14.8684
 20
14.7008
 30
0.0000
 42
1.0000
  0
VERTEX
  8
52
 10
14.8684
 20
14.8008
 30
0.0000
  0
SEQEND
  8
0
  0
POLYLINE
  8
52
 66
1
 10
0.0000
 20
0.0000
 30
0.0000
 40
0.2000
 41
0.2000
 70
0
  0
VERTEX
  8
52
 10
9.6684
 20
14.7508
 30
0.0000
  0
VERTEX
  8
52
 10
9.6684
 20
19.9508
 30
0.0000
  0
SEQEND
  8
0
  0
POLYLINE
  8
52
 66
1
 10
0.0000
 20
0.0000
 30
0.0000
 40
0.1000
 41
0.1000
 70
0
  0
VERTEX
  8
52
 10
9.7184
 20
19.9508
 30
0.0000
 42
1.0000
  0
VERTEX
  8
52
 10
9.6184
 20
19.9508
 30
0.0000
  0
SEQEND
  8
0
  0
POLYLINE
  8
52
 66
1
 10
0.0000
 20
0.0000
 30
0.0000
 40
0.1000
 41
0.1000
 70
0
  0
VERTEX
  8
52
 10
9.6184
 20
14.7508
 30
0.0000
 42
1.0000
  0
VERTEX
  8
52
 10
9.7184
 20
14.7508
 30
0.0000
  0
SEQEND
  8
0
  0
POLYLINE
  8
22
 66
1
 10
0.0000
 20
0.0000
 30
0.0000
 40
0.1000
 41
0.1000
 70
0
  0
VERTEX
  8
22
 10
9.7684
 20
14.7508
 30
0.0000
  0
VERTEX
  8
22
 10
14.7684
 20
14.7508
 30
0.0000
  0
SEQEND
  8
0
  0
POLYLINE
  8
22
 66
1
 10
0.0000
 20
0.0000
 30
0.0000
 40
0.0500
 41
0.0500
 70
0
  0
VERTEX
  8
22
 10
14.7684
 20
14.7258
 30
0.0000
 42
1.0000
  0
VERTEX
  8
22
 10
14.7684
 20
14.7758
 30
0.0000
  0
SEQEND
  8
0
  0
POLYLINE
  8
22
 66
1
 10
0.0000
 20
0.0000
 30
0.0000
 40
0.0500
 41
0.0500
 70
0
  0
VERTEX
  8
22
 10
9.7684
 20
14.7758
 30
0.0000
 42
1.0000
  0
VERTEX
  8
22
 10
9.7684
 20
14.7258
 30
0.0000
  0
SEQEND
  8
0
  0
POLYLINE
  8
22
 66
1
 10
0.0000
 20
0.0000
 30
0.0000
 40
0.1000
 41
0.1000
 70
0
  0
VERTEX
  8
22
 10
14.7684
 20
14.7508
 30
0.0000
  0
VERTEX
  8
22
 10
9.7684
 20
14.7508
 30
0.0000
  0
SEQEND
  8
0
  0
POLYLINE
  8
22
 66
1
 10
0.0000
 20
0.0000
 30
0.0000
 40
0.0500
 41
0.0500
 70
0
  0
VERTEX
  8
22
 10
9.7684
 20
14.7758
 30
0.0000
 42
1.0000
  0
VERTEX
  8
22
 10
9.7684
 20
14.7258
 30
0.0000
  0
SEQEND
  8
0
  0
POLYLINE
  8
22
 66
1
 10
0.0000
 20
0.0000
 30
0.0000
 40
0.0500
 41
0.0500
 70
0
  0
VERTEX
  8
22
 10
14.7684
 20
14.7258
 30
0.0000
 42
1.0000
  0
VERTEX
  8
22
 10
14.7684
 20
14.7758
 30
0.0000
  0
SEQEND
  8
0
  0
POLYLINE
  8
22
 66
1
 10
0.0000
 20
0.0000
 30
0.0000
 40
0.1000
 41
0.1000
 70
0
  0
VERTEX
  8
22
 10
9.6684
 20
19.9508
 30
0.0000
  0
VERTEX
  8
22
 10
14.8684
 20
19.9508
 30
0.0000
  0
SEQEND
  8
0
  0
POLYLINE
  8
22
 66
1
 10
0.0000
 20
0.0000
 30
0.0000
 40
0.0500
 41
0.0500
 70
0
  0
VERTEX
  8
22
 10
14.8684
 20
19.9258
 30
0.0000
 42
1.0000
  0
VERTEX
  8
22
 10
14.8684
 20
19.9758
 30
0.0000
  0
SEQEND
  8
0
  0
POLYLINE
  8
22
 66
1
 10
0.0000
 20
0.0000
 30
0.0000
 40
0.0500
 41
0.0500
 70
0
  0
VERTEX
  8
22
 10
9.6684
 20
19.9758
 30
0.0000
 42
1.0000
  0
VERTEX
  8
22
 10
9.6684
 20
19.9258
 30
0.0000
  0
SEQEND
  8
0
  0
POLYLINE
  8
22
 66
1
 10
0.0000
 20
0.0000
 30
0.0000
 40
0.1000
 41
0.1000
 70
0
  0
VERTEX
  8
22
 10
14.8684
 20
19.9508
 30
0.0000
  0
VERTEX
  8
22
 10
9.6684
 20
19.9508
 30
0.0000
  0
SEQEND
  8
0
  0
POLYLINE
  8
22
 66
1
 10
0.0000
 20
0.0000
 30
0.0000
 40
0.0500
 41
0.0500
 70
0
  0
VERTEX
  8
22
 10
9.6684
 20
19.9758
 30
0.0000
 42
1.0000
  0
VERTEX
  8
22
 10
9.6684
 20
19.9258
 30
0.0000
  0
SEQEND
  8
0
  0
POLYLINE
  8
22
 66
1
 10
0.0000
 20
0.0000
 30
0.0000
 40
0.0500
 41
0.0500
 70
0
  0
VERTEX
  8
22
 10
14.8684
 20
19.9258
 30
0.0000
 42
1.0000
  0
VERTEX
  8
22
 10
14.8684
 20
19.9758
 30
0.0000
  0
SEQEND
  8
0
  0
POLYLINE
  8
52
 66
1
 10
0.0000
 20
0.0000
 30
0.0000
 40
0.1000
 41
0.1000
 70
0
  0
VERTEX
  8
52
 10
6.7684
 20
13.7508
 30
0.0000
  0
VERTEX
  8
52
 10
16.7684
 20
13.7508
 30
0.0000
  0
SEQEND
  8
0
  0
POLYLINE
  8
52
 66
1
 10
0.0000
 20
0.0000
 30
0.0000
 40
0.0500
 41
0.0500
 70
0
  0
VERTEX
  8
52
 10
16.7684
 20
13.7258
 30
0.0000
 42
1.0000
  0
VERTEX
  8
52
 10
16.7684
 20
13.7758
 30
0.0000
  0
SEQEND
  8
0
  0
POLYLINE
  8
52
 66
1
 10
0.0000
 20
0.0000
 30
0.0000
 40
0.0500
 41
0.0500
 70
0
  0
VERTEX
  8
52
 10
6.7684
 20
13.7758
 30
0.0000
 42
1.0000
  0
VERTEX
  8
52
 10
6.7684
 20
13.7258
 30
0.0000
  0
SEQEND
  8
0
  0
POLYLINE
  8
52
 66
1
 10
0.0000
 20
0.0000
 30
0.0000
 40
0.1000
 41
0.1000
 70
0
  0
VERTEX
  8
52
 10
16.7684
 20
13.7508
 30
0.0000
  0
VERTEX
  8
52
 10
16.7684
 20
20.9508
 30
0.0000
  0
SEQEND
  8
0
  0
POLYLINE
  8
52
 66
1
 10
0.0000
 20
0.0000
 30
0.0000
 40
0.0500
 41
0.0500
 70
0
  0
VERTEX
  8
52
 10
16.7934
 20
20.9508
 30
0.0000
 42
1.0000
  0
VERTEX
  8
52
 10
16.7434
 20
20.9508
 30
0.0000
  0
SEQEND
  8
0
  0
POLYLINE
  8
52
 66
1
 10
0.0000
 20
0.0000
 30
0.0000
 40
0.0500
 41
0.0500
 70
0
  0
VERTEX
  8
52
 10
16.7434
 20
13.7508
 30
0.0000
 42
1.0000
  0
VERTEX
  8
52
 10
16.7934
 20
13.7508
 30
0.0000
  0
SEQEND
  8
0
  0
POLYLINE
  8
52
 66
1
 10
0.0000
 20
0.0000
 30
0.0000
 40
0.1000
 41
0.1000
 70
0
  0
VERTEX
  8
52
 10
16.7684
 20
20.9508
 30
0.0000
  0
VERTEX
  8
52
 10
6.7684
 20
20.9508
 30
0.0000
  0
SEQEND
  8
0
  0
POLYLINE
  8
52
 66
1
 10
0.0000
 20
0.0000
 30
0.0000
 40
0.0500
 41
0.0500
 70
0
  0
VERTEX
  8
52
 10
6.7684
 20
20.9758
 30
0.0000
 42
1.0000
  0
VERTEX
  8
52
 10
6.7684
 20
20.9258
 30
0.0000
  0
SEQEND
  8
0
  0
POLYLINE
  8
52
 66
1
 10
0.0000
 20
0.0000
 30
0.0000
 40
0.0500
 41
0.0500
 70
0
  0
VERTEX
  8
52
 10
16.7684
 20
20.9258
 30
0.0000
 42
1.0000
  0
VERTEX
  8
52
 10
16.7684
 20
20.9758
 30
0.0000
  0
SEQEND
  8
0
  0
POLYLINE
  8
52
 66
1
 10
0.0000
 20
0.0000
 30
0.0000
 40
0.1000
 41
0.1000
 70
0
  0
VERTEX
  8
52
 10
6.7684
 20
20.9508
 30
0.0000
  0
VERTEX
  8
52
 10
6.7684
 20
13.7508
 30
0.0000
  0
SEQEND
  8
0
  0
POLYLINE
  8
52
 66
1
 10
0.0000
 20
0.0000
 30
0.0000
 40
0.0500
 41
0.0500
 70
0
  0
VERTEX
  8
52
 10
6.7434
 20
13.7508
 30
0.0000
 42
1.0000
  0
VERTEX
  8
52
 10
6.7934
 20
13.7508
 30
0.0000
  0
SEQEND
  8
0
  0
POLYLINE
  8
52
 66
1
 10
0.0000
 20
0.0000
 30
0.0000
 40
0.0500
 41
0.0500
 70
0
  0
VERTEX
  8
52
 10
6.7934
 20
20.9508
 30
0.0000
 42
1.0000
  0
VERTEX
  8
52
 10
6.7434
 20
20.9508
 30
0.0000
  0
SEQEND
  8
0
  0
POLYLINE
  8
22
 66
1
 10
0.0000
 20
0.0000
 30
0.0000
 40
0.1000
 41
0.1000
 70
0
  0
VERTEX
  8
22
 10
14.8684
 20
16.3508
 30
0.0000
  0
VERTEX
  8
22
 10
14.8684
 20
18.3508
 30
0.0000
  0
SEQEND
  8
0
  0
POLYLINE
  8
22
 66
1
 10
0.0000
 20
0.0000
 30
0.0000
 40
0.0500
 41
0.0500
 70
0
  0
VERTEX
  8
22
 10
14.8934
 20
18.3508
 30
0.0000
 42
1.0000
  0
VERTEX
  8
22
 10
14.8434
 20
18.3508
 30
0.0000
  0
SEQEND
  8
0
  0
POLYLINE
  8
22
 66
1
 10
0.0000
 20
0.0000
 30
0.0000
 40
0.0500
 41
0.0500
 70
0
  0
VERTEX
  8
22
 10
14.8434
 20
16.3508
 30
0.0000
 42
1.0000
  0
VERTEX
  8
22
 10
14.8934
 20
16.3508
 30
0.0000
  0
SEQEND
  8
0
  0
POLYLINE
  8
22
 66
1
 10
0.0000
 20
0.0000
 30
0.0000
 40
0.1000
 41
0.1000
 70
0
  0
VERTEX
  8
22
 10
14.8684
 20
18.3508
 30
0.0000
  0
VERTEX
  8
22
 10
14.8684
 20
16.3508
 30
0.0000
  0
SEQEND
  8
0
  0
POLYLINE
  8
22
 66
1
 10
0.0000
 20
0.0000
 30
0.0000
 40
0.0500
 41
0.0500
 70
0
  0
VERTEX
  8
22
 10
14.8434
 20
16.3508
 30
0.0000
 42
1.0000
  0
VERTEX
  8
22
 10
14.8934
 20
16.3508
 30
0.0000
  0
SEQEND
  8
0
  0
POLYLINE
  8
22
 66
1
 10
0.0000
 20
0.0000
 30
0.0000
 40
0.0500
 41
0.0500
 70
0
  0
VERTEX
  8
22
 10
14.8934
 20
18.3508
 30
0.0000
 42
1.0000
  0
VERTEX
  8
22
 10
14.8434
 20
18.3508
 30
0.0000
  0
SEQEND
  8
0
  0
POLYLINE
  8
22
 66
1
 10
0.0000
 20
0.0000
 30
0.0000
 40
0.1000
 41
0.1000
 70
0
  0
VERTEX
  8
22
 10
9.6684
 20
16.3508
 30
0.0000
  0
VERTEX
  8
22
 10
9.6684
 20
18.3508
 30
0.0000
  0
SEQEND
  8
0
  0
POLYLINE
  8
22
 66
1
 10
0.0000
 20
0.0000
 30
0.0000
 40
0.0500
 41
0.0500
 70
0
  0
VERTEX
  8
22
 10
9.6934
 20
18.3508
 30
0.0000
 42
1.0000
  0
VERTEX
  8
22
 10
9.6434
 20
18.3508
 30
0.0000
  0
SEQEND
  8
0
  0
POLYLINE
  8
22
 66
1
 10
0.0000
 20
0.0000
 30
0.0000
 40
0.0500
 41
0.0500
 70
0
  0
VERTEX
  8
22
 10
9.6434
 20
16.3508
 30
0.0000
 42
1.0000
  0
VERTEX
  8
22
 10
9.6934
 20
16.3508
 30
0.0000
  0
SEQEND
  8
0
  0
POLYLINE
  8
22
 66
1
 10
0.0000
 20
0.0000
 30
0.0000
 40
0.1000
 41
0.1000
 70
0
  0
VERTEX
  8
22
 10
9.6684
 20
18.3508
 30
0.0000
  0
VERTEX
  8
22
 10
9.6684
 20
16.3508
 30
0.0000
  0
SEQEND
  8
0
  0
POLYLINE
  8
22
 66
1
 10
0.0000
 20
0.0000
 30
0.0000
 40
0.0500
 41
0.0500
 70
0
  0
VERTEX
  8
22
 10
9.6434
 20
16.3508
 30
0.0000
 42
1.0000
  0
VERTEX
  8
22
 10
9.6934
 20
16.3508
 30
0.0000
  0
SEQEND
  8
0
  0
POLYLINE
  8
22
 66
1
 10
0.0000
 20
0.0000
 30
0.0000
 40
0.0500
 41
0.0500
 70
0
  0
VERTEX
  8
22
 10
9.6934
 20
18.3508
 30
0.0000
 42
1.0000
  0
VERTEX
  8
22
 10
9.6434
 20
18.3508
 30
0.0000
  0
SEQEND
  8
0
  0
POLYLINE
  8
22
 66
1
 10
0.0000
 20
0.0000
 30
0.0000
 40
0.2000
 41
0.2000
 70
0
  0
VERTEX
  8
22
 10
7.8684
 20
15.3508
 30
0.0000
 42
1.0000
  0
VERTEX
  8
22
 10
7.7684
 20
15.3508
 30
0.0000
  0
SEQEND
  8
0
  0
POLYLINE
  8
22
 66
1
 10
0.0000
 20
0.0000
 30
0.0000
 40
0.1000
 41
0.1000
 70
0
  0
VERTEX
  8
22
 10
7.8184
 20
15.3508
 30
0.0000
 42
1.0000
  0
VERTEX
  8
22
 10
7.9184
 20
15.3508
 30
0.0000
  0
SEQEND
  8
0
  0
POLYLINE
  8
22
 66
1
 10
0.0000
 20
0.0000
 30
0.0000
 40
0.1000
 41
0.1000
 70
0
  0
VERTEX
  8
22
 10
7.7184
 20
15.3508
 30
0.0000
 42
1.0000
  0
VERTEX
  8
22
 10
7.8184
 20
15.3508
 30
0.0000
  0
SEQEND
  8
0
  0
POLYLINE
  8
22
 66
1
 10
0.0000
 20
0.0000
 30
0.0000
 40
0.2000
 41
0.2000
 70
0
  0
VERTEX
  8
22
 10
7.7684
 20
15.3508
 30
0.0000
 42
1.0000
  0
VERTEX
  8
22
 10
7.8684
 20
15.3508
 30
0.0000
  0
SEQEND
  8
0
  0
POLYLINE
  8
22
 66
1
 10
0.0000
 20
0.0000
 30
0.0000
 40
0.1000
 41
0.1000
 70
0
  0
VERTEX
  8
22
 10
7.8184
 20
15.3508
 30
0.0000
 42
1.0000
  0
VERTEX
  8
22
 10
7.7184
 20
15.3508
 30
0.0000
  0
SEQEND
  8
0
  0
POLYLINE
  8
22
 66
1
 10
0.0000
 20
0.0000
 30
0.0000
 40
0.1000
 41
0.1000
 70
0
  0
VERTEX
  8
22
 10
7.9184
 20
15.3508
 30
0.0000
 42
1.0000
  0
VERTEX
  8
22
 10
7.8184
 20
15.3508
 30
0.0000
  0
SEQEND
  8
0
  0
POLYLINE
  8
22
 66
1
 10
0.0000
 20
0.0000
 30
0.0000
 40
0.2000
 41
0.2000
 70
0
  0
VERTEX
  8
22
 10
7.7684
 20
15.3508
 30
0.0000
  0
VERTEX
  8
22
 10
7.8684
 20
15.3508
 30
0.0000
  0
SEQEND
  8
0
  0
POLYLINE
  8
22
 66
1
 10
0.0000
 20
0.0000
 30
0.0000
 40
0.1000
 41
0.1000
 70
0
  0
VERTEX
  8
22
 10
7.8684
 20
15.3008
 30
0.0000
 42
1.0000
  0
VERTEX
  8
22
 10
7.8684
 20
15.4008
 30
0.0000
  0
SEQEND
  8
0
  0
POLYLINE
  8
22
 66
1
 10
0.0000
 20
0.0000
 30
0.0000
 40
0.1000
 41
0.1000
 70
0
  0
VERTEX
  8
22
 10
7.7684
 20
15.4008
 30
0.0000
 42
1.0000
  0
VERTEX
  8
22
 10
7.7684
 20
15.3008
 30
0.0000
  0
SEQEND
  8
0
  0
INSERT
  8
16
  2
RECT
 10
9.2684
 20
15.5008
 30
0.0000
 41
1.0000
 42
0.7000
 43
1.0000
 50
0.0000
  0
INSERT
  8
16
  2
RECT
 10
15.2684
 20
15.5008
 30
0.0000
 41
1.0000
 42
0.7000
 43
1.0000
 50
0.0000
  0
INSERT
  8
16
  2
RECT
 10
9.2684
 20
19.2008
 30
0.0000
 41
1.0000
 42
0.7000
 43
1.0000
 50
0.0000
  0
INSERT
  8
16
  2
RECT
 10
15.2684
 20
19.2008
 30
0.0000
 41
1.0000
 42
0.7000
 43
1.0000
 50
0.0000
  0
INSERT
  8
16
  2
RECT
 10
12.2684
 20
14.8508
 30
0.0000
 41
1.0000
 42
0.6000
 43
1.0000
 50
0.0000
  0
POINT
  8
24
 10
12.2284
 20
24.5108
 30
0.0000
  0
POLYLINE
  8
52
 66
1
 10
0.0000
 20
0.0000
 30
0.0000
 40
0.2000
 41
0.2000
 70
0
  0
VERTEX
  8
52
 10
9.6284
 20
27.1108
 30
0.0000
  0
VERTEX
  8
52
 10
14.8284
 20
27.1108
 30
0.0000
  0
SEQEND
  8
0
  0
POLYLINE
  8
52
 66
1
 10
0.0000
 20
0.0000
 30
0.0000
 40
0.1000
 41
0.1000
 70
0
  0
VERTEX
  8
52
 10
14.8284
 20
27.0608
 30
0.0000
 42
1.0000
  0
VERTEX
  8
52
 10
14.8284
 20
27.1608
 30
0.0000
  0
SEQEND
  8
0
  0
POLYLINE
  8
52
 66
1
 10
0.0000
 20
0.0000
 30
0.0000
 40
0.1000
 41
0.1000
 70
0
  0
VERTEX
  8
52
 10
9.6284
 20
27.1608
 30
0.0000
 42
1.0000
  0
VERTEX
  8
52
 10
9.6284
 20
27.0608
 30
0.0000
  0
SEQEND
  8
0
  0
POLYLINE
  8
52
 66
1
 10
0.0000
 20
0.0000
 30
0.0000
 40
0.2000
 41
0.2000
 70
0
  0
VERTEX
  8
52
 10
14.8284
 20
27.1108
 30
0.0000
  0
VERTEX
  8
52
 10
14.8284
 20
21.9108
 30
0.0000
  0
SEQEND
  8
0
  0
POLYLINE
  8
52
 66
1
 10
0.0000
 20
0.0000
 30
0.0000
 40
0.1000
 41
0.1000
 70
0
  0
VERTEX
  8
52
 10
14.7784
 20
21.9108
 30
0.0000
 42
1.0000
  0
VERTEX
  8
52
 10
14.8784
 20
21.9108
 30
0.0000
  0
SEQEND
  8
0
  0
POLYLINE
  8
52
 66
1
 10
0.0000
 20
0.0000
 30
0.0000
 40
0.1000
 41
0.1000
 70
0
  0
VERTEX
  8
52
 10
14.8784
 20
27.1108
 30
0.0000
 42
1.0000
  0
VERTEX
  8
52
 10
14.7784
 20
27.1108
 30
0.0000
  0
SEQEND
  8
0
  0
POLYLINE
  8
52
 66
1
 10
0.0000
 20
0.0000
 30
0.0000
 40
0.2000
 41
0.2000
 70
0
  0
VERTEX
  8
52
 10
14.8284
 20
21.9108
 30
0.0000
  0
VERTEX
  8
52
 10
9.6284
 20
21.9108
 30
0.0000
  0
SEQEND
  8
0
  0
POLYLINE
  8
52
 66
1
 10
0.0000
 20
0.0000
 30
0.0000
 40
0.1000
 41
0.1000
 70
0
  0
VERTEX
  8
52
 10
9.6284
 20
21.9608
 30
0.0000
 42
1.0000
  0
VERTEX
  8
52
 10
9.6284
 20
21.8608
 30
0.0000
  0
SEQEND
  8
0
  0
POLYLINE
  8
52
 66
1
 10
0.0000
 20
0.0000
 30
0.0000
 40
0.1000
 41
0.1000
 70
0
  0
VERTEX
  8
52
 10
14.8284
 20
21.8608
 30
0.0000
 42
1.0000
  0
VERTEX
  8
52
 10
14.8284
 20
21.9608
 30
0.0000
  0
SEQEND
  8
0
  0
POLYLINE
  8
52
 66
1
 10
0.0000
 20
0.0000
 30
0.0000
 40
0.2000
 41
0.2000
 70
0
  0
VERTEX
  8
52
 10
9.6284
 20
21.9108
 30
0.0000
  0
VERTEX
  8
52
 10
9.6284
 20
27.1108
 30
0.0000
  0
SEQEND
  8
0
  0
POLYLINE
  8
52
 66
1
 10
0.0000
 20
0.0000
 30
0.0000
 40
0.1000
 41
0.1000
 70
0
  0
VERTEX
  8
52
 10
9.6784
 20
27.1108
 30
0.0000
 42
1.0000
  0
VERTEX
  8
52
 10
9.5784
 20
27.1108
 30
0.0000
  0
SEQEND
  8
0
  0
POLYLINE
  8
52
 66
1
 10
0.0000
 20
0.0000
 30
0.0000
 40
0.1000
 41
0.1000
 70
0
  0
VERTEX
  8
52
 10
9.5784
 20
21.9108
 30
0.0000
 42
1.0000
  0
VERTEX
  8
52
 10
9.6784
 20
21.9108
 30
0.0000
  0
SEQEND
  8
0
  0
POLYLINE
  8
22
 66
1
 10
0.0000
 20
0.0000
 30
0.0000
 40
0.1000
 41
0.1000
 70
0
  0
VERTEX
  8
22
 10
9.7284
 20
21.9108
 30
0.0000
  0
VERTEX
  8
22
 10
14.7284
 20
21.9108
 30
0.0000
  0
SEQEND
  8
0
  0
POLYLINE
  8
22
 66
1
 10
0.0000
 20
0.0000
 30
0.0000
 40
0.0500
 41
0.0500
 70
0
  0
VERTEX
  8
22
 10
14.7284
 20
21.8858
 30
0.0000
 42
1.0000
  0
VERTEX
  8
22
 10
14.7284
 20
21.9358
 30
0.0000
  0
SEQEND
  8
0
  0
POLYLINE
  8
22
 66
1
 10
0.0000
 20
0.0000
 30
0.0000
 40
0.0500
 41
0.0500
 70
0
  0
VERTEX
  8
22
 10
9.7284
 20
21.9358
 30
0.0000
 42
1.0000
  0
VERTEX
  8
22
 10
9.7284
 20
21.8858
 30
0.0000
  0
SEQEND
  8
0
  0
POLYLINE
  8
22
 66
1
 10
0.0000
 20
0.0000
 30
0.0000
 40
0.1000
 41
0.1000
 70
0
  0
VERTEX
  8
22
 10
14.7284
 20
21.9108
 30
0.0000
  0
VERTEX
  8
22
 10
9.7284
 20
21.9108
 30
0.0000
  0
SEQEND
  8
0
  0
POLYLINE
  8
22
 66
1
 10
0.0000
 20
0.0000
 30
0.0000
 40
0.0500
 41
0.0500
 70
0
  0
VERTEX
  8
22
 10
9.7284
 20
21.9358
 30
0.0000
 42
1.0000
  0
VERTEX
  8
22
 10
9.7284
 20
21.8858
 30
0.0000
  0
SEQEND
  8
0
  0
POLYLINE
  8
22
 66
1
 10
0.0000
 20
0.0000
 30
0.0000
 40
0.0500
 41
0.0500
 70
0
  0
VERTEX
  8
22
 10
14.7284
 20
21.8858
 30
0.0000
 42
1.0000
  0
VERTEX
  8
22
 10
14.7284
 20
21.9358
 30
0.0000
  0
SEQEND
  8
0
  0
POLYLINE
  8
22
 66
1
 10
0.0000
 20
0.0000
 30
0.0000
 40
0.1000
 41
0.1000
 70
0
  0
VERTEX
  8
22
 10
9.6284
 20
27.1108
 30
0.0000
  0
VERTEX
  8
22
 10
14.8284
 20
27.1108
 30
0.0000
  0
SEQEND
  8
0
  0
POLYLINE
  8
22
 66
1
 10
0.0000
 20
0.0000
 30
0.0000
 40
0.0500
 41
0.0500
 70
0
  0
VERTEX
  8
22
 10
14.8284
 20
27.0858
 30
0.0000
 42
1.0000
  0
VERTEX
  8
22
 10
14.8284
 20
27.1358
 30
0.0000
  0
SEQEND
  8
0
  0
POLYLINE
  8
22
 66
1
 10
0.0000
 20
0.0000
 30
0.0000
 40
0.0500
 41
0.0500
 70
0
  0
VERTEX
  8
22
 10
9.6284
 20
27.1358
 30
0.0000
 42
1.0000
  0
VERTEX
  8
22
 10
9.6284
 20
27.0858
 30
0.0000
  0
SEQEND
  8
0
  0
POLYLINE
  8
22
 66
1
 10
0.0000
 20
0.0000
 30
0.0000
 40
0.1000
 41
0.1000
 70
0
  0
VERTEX
  8
22
 10
14.8284
 20
27.1108
 30
0.0000
  0
VERTEX
  8
22
 10
9.6284
 20
27.1108
 30
0.0000
  0
SEQEND
  8
0
  0
POLYLINE
  8
22
 66
1
 10
0.0000
 20
0.0000
 30
0.0000
 40
0.0500
 41
0.0500
 70
0
  0
VERTEX
  8
22
 10
9.6284
 20
27.1358
 30
0.0000
 42
1.0000
  0
VERTEX
  8
22
 10
9.6284
 20
27.0858
 30
0.0000
  0
SEQEND
  8
0
  0
POLYLINE
  8
22
 66
1
 10
0.0000
 20
0.0000
 30
0.0000
 40
0.0500
 41
0.0500
 70
0
  0
VERTEX
  8
22
 10
14.8284
 20
27.0858
 30
0.0000
 42
1.0000
  0
VERTEX
  8
22
 10
14.8284
 20
27.1358
 30
0.0000
  0
SEQEND
  8
0
  0
POLYLINE
  8
52
 66
1
 10
0.0000
 20
0.0000
 30
0.0000
 40
0.1000
 41
0.1000
 70
0
  0
VERTEX
  8
52
 10
6.7284
 20
20.9108
 30
0.0000
  0
VERTEX
  8
52
 10
16.7284
 20
20.9108
 30
0.0000
  0
SEQEND
  8
0
  0
POLYLINE
  8
52
 66
1
 10
0.0000
 20
0.0000
 30
0.0000
 40
0.0500
 41
0.0500
 70
0
  0
VERTEX
  8
52
 10
16.7284
 20
20.8858
 30
0.0000
 42
1.0000
  0
VERTEX
  8
52
 10
16.7284
 20
20.9358
 30
0.0000
  0
SEQEND
  8
0
  0
POLYLINE
  8
52
 66
1
 10
0.0000
 20
0.0000
 30
0.0000
 40
0.0500
 41
0.0500
 70
0
  0
VERTEX
  8
52
 10
6.7284
 20
20.9358
 30
0.0000
 42
1.0000
  0
VERTEX
  8
52
 10
6.7284
 20
20.8858
 30
0.0000
  0
SEQEND
  8
0
  0
POLYLINE
  8
52
 66
1
 10
0.0000
 20
0.0000
 30
0.0000
 40
0.1000
 41
0.1000
 70
0
  0
VERTEX
  8
52
 10
16.7284
 20
20.9108
 30
0.0000
  0
VERTEX
  8
52
 10
16.7284
 20
28.1108
 30
0.0000
  0
SEQEND
  8
0
  0
POLYLINE
  8
52
 66
1
 10
0.0000
 20
0.0000
 30
0.0000
 40
0.0500
 41
0.0500
 70
0
  0
VERTEX
  8
52
 10
16.7534
 20
28.1108
 30
0.0000
 42
1.0000
  0
VERTEX
  8
52
 10
16.7034
 20
28.1108
 30
0.0000
  0
SEQEND
  8
0
  0
POLYLINE
  8
52
 66
1
 10
0.0000
 20
0.0000
 30
0.0000
 40
0.0500
 41
0.0500
 70
0
  0
VERTEX
  8
52
 10
16.7034
 20
20.9108
 30
0.0000
 42
1.0000
  0
VERTEX
  8
52
 10
16.7534
 20
20.9108
 30
0.0000
  0
SEQEND
  8
0
  0
POLYLINE
  8
52
 66
1
 10
0.0000
 20
0.0000
 30
0.0000
 40
0.1000
 41
0.1000
 70
0
  0
VERTEX
  8
52
 10
16.7284
 20
28.1108
 30
0.0000
  0
VERTEX
  8
52
 10
6.7284
 20
28.1108
 30
0.0000
  0
SEQEND
  8
0
  0
POLYLINE
  8
52
 66
1
 10
0.0000
 20
0.0000
 30
0.0000
 40
0.0500
 41
0.0500
 70
0
  0
VERTEX
  8
52
 10
6.7284
 20
28.1358
 30
0.0000
 42
1.0000
  0
VERTEX
  8
52
 10
6.7284
 20
28.0858
 30
0.0000
  0
SEQEND
  8
0
  0
POLYLINE
  8
52
 66
1
 10
0.0000
 20
0.0000
 30
0.0000
 40
0.0500
 41
0.0500
 70
0
  0
VERTEX
  8
52
 10
16.7284
 20
28.0858
 30
0.0000
 42
1.0000
  0
VERTEX
  8
52
 10
16.7284
 20
28.1358
 30
0.0000
  0
SEQEND
  8
0
  0
POLYLINE
  8
52
 66
1
 10
0.0000
 20
0.0000
 30
0.0000
 40
0.1000
 41
0.1000
 70
0
  0
VERTEX
  8
52
 10
6.7284
 20
28.1108
 30
0.0000
  0
VERTEX
  8
52
 10
6.7284
 20
20.9108
 30
0.0000
  0
SEQEND
  8
0
  0
POLYLINE
  8
52
 66
1
 10
0.0000
 20
0.0000
 30
0.0000
 40
0.0500
 41
0.0500
 70
0
  0
VERTEX
  8
52
 10
6.7034
 20
20.9108
 30
0.0000
 42
1.0000
  0
VERTEX
  8
52
 10
6.7534
 20
20.9108
 30
0.0000
  0
SEQEND
  8
0
  0
POLYLINE
  8
52
 66
1
 10
0.0000
 20
0.0000
 30
0.0000
 40
0.0500
 41
0.0500
 70
0
  0
VERTEX
  8
52
 10
6.7534
 20
28.1108
 30
0.0000
 42
1.0000
  0
VERTEX
  8
52
 10
6.7034
 20
28.1108
 30
0.0000
  0
SEQEND
  8
0
  0
POLYLINE
  8
22
 66
1
 10
0.0000
 20
0.0000
 30
0.0000
 40
0.1000
 41
0.1000
 70
0
  0
VERTEX
  8
22
 10
14.8284
 20
23.5108
 30
0.0000
  0
VERTEX
  8
22
 10
14.8284
 20
25.5108
 30
0.0000
  0
SEQEND
  8
0
  0
POLYLINE
  8
22
 66
1
 10
0.0000
 20
0.0000
 30
0.0000
 40
0.0500
 41
0.0500
 70
0
  0
VERTEX
  8
22
 10
14.8534
 20
25.5108
 30
0.0000
 42
1.0000
  0
VERTEX
  8
22
 10
14.8034
 20
25.5108
 30
0.0000
  0
SEQEND
  8
0
  0
POLYLINE
  8
22
 66
1
 10
0.0000
 20
0.0000
 30
0.0000
 40
0.0500
 41
0.0500
 70
0
  0
VERTEX
  8
22
 10
14.8034
 20
23.5108
 30
0.0000
 42
1.0000
  0
VERTEX
  8
22
 10
14.8534
 20
23.5108
 30
0.0000
  0
SEQEND
  8
0
  0
POLYLINE
  8
22
 66
1
 10
0.0000
 20
0.0000
 30
0.0000
 40
0.1000
 41
0.1000
 70
0
  0
VERTEX
  8
22
 10
14.8284
 20
25.5108
 30
0.0000
  0
VERTEX
  8
22
 10
14.8284
 20
23.5108
 30
0.0000
  0
SEQEND
  8
0
  0
POLYLINE
  8
22
 66
1
 10
0.0000
 20
0.0000
 30
0.0000
 40
0.0500
 41
0.0500
 70
0
  0
VERTEX
  8
22
 10
14.8034
 20
23.5108
 30
0.0000
 42
1.0000
  0
VERTEX
  8
22
 10
14.8534
 20
23.5108
 30
0.0000
  0
SEQEND
  8
0
  0
POLYLINE
  8
22
 66
1
 10
0.0000
 20
0.0000
 30
0.0000
 40
0.0500
 41
0.0500
 70
0
  0
VERTEX
  8
22
 10
14.8534
 20
25.5108
 30
0.0000
 42
1.0000
  0
VERTEX
  8
22
 10
14.8034
 20
25.5108
 30
0.0000
  0
SEQEND
  8
0
  0
POLYLINE
  8
22
 66
1
 10
0.0000
 20
0.0000
 30
0.0000
 40
0.1000
 41
0.1000
 70
0
  0
VERTEX
  8
22
 10
9.6284
 20
23.5108
 30
0.0000
  0
VERTEX
  8
22
 10
9.6284
 20
25.5108
 30
0.0000
  0
SEQEND
  8
0
  0
POLYLINE
  8
22
 66
1
 10
0.0000
 20
0.0000
 30
0.0000
 40
0.0500
 41
0.0500
 70
0
  0
VERTEX
  8
22
 10
9.6534
 20
25.5108
 30
0.0000
 42
1.0000
  0
VERTEX
  8
22
 10
9.6034
 20
25.5108
 30
0.0000
  0
SEQEND
  8
0
  0
POLYLINE
  8
22
 66
1
 10
0.0000
 20
0.0000
 30
0.0000
 40
0.0500
 41
0.0500
 70
0
  0
VERTEX
  8
22
 10
9.6034
 20
23.5108
 30
0.0000
 42
1.0000
  0
VERTEX
  8
22
 10
9.6534
 20
23.5108
 30
0.0000
  0
SEQEND
  8
0
  0
POLYLINE
  8
22
 66
1
 10
0.0000
 20
0.0000
 30
0.0000
 40
0.1000
 41
0.1000
 70
0
  0
VERTEX
  8
22
 10
9.6284
 20
25.5108
 30
0.0000
  0
VERTEX
  8
22
 10
9.6284
 20
23.5108
 30
0.0000
  0
SEQEND
  8
0
  0
POLYLINE
  8
22
 66
1
 10
0.0000
 20
0.0000
 30
0.0000
 40
0.0500
 41
0.0500
 70
0
  0
VERTEX
  8
22
 10
9.6034
 20
23.5108
 30
0.0000
 42
1.0000
  0
VERTEX
  8
22
 10
9.6534
 20
23.5108
 30
0.0000
  0
SEQEND
  8
0
  0
POLYLINE
  8
22
 66
1
 10
0.0000
 20
0.0000
 30
0.0000
 40
0.0500
 41
0.0500
 70
0
  0
VERTEX
  8
22
 10
9.6534
 20
25.5108
 30
0.0000
 42
1.0000
  0
VERTEX
  8
22
 10
9.6034
 20
25.5108
 30
0.0000
  0
SEQEND
  8
0
  0
POLYLINE
  8
22
 66
1
 10
0.0000
 20
0.0000
 30
0.0000
 40
0.2000
 41
0.2000
 70
0
  0
VERTEX
  8
22
 10
7.8284
 20
22.5108
 30
0.0000
 42
1.0000
  0
VERTEX
  8
22
 10
7.7284
 20
22.5108
 30
0.0000
  0
SEQEND
  8
0
  0
POLYLINE
  8
22
 66
1
 10
0.0000
 20
0.0000
 30
0.0000
 40
0.1000
 41
0.1000
 70
0
  0
VERTEX
  8
22
 10
7.7784
 20
22.5108
 30
0.0000
 42
1.0000
  0
VERTEX
  8
22
 10
7.8784
 20
22.5108
 30
0.0000
  0
SEQEND
  8
0
  0
POLYLINE
  8
22
 66
1
 10
0.0000
 20
0.0000
 30
0.0000
 40
0.1000
 41
0.1000
 70
0
  0
VERTEX
  8
22
 10
7.6784
 20
22.5108
 30
0.0000
 42
1.0000
  0
VERTEX
  8
22
 10
7.7784
 20
22.5108
 30
0.0000
  0
SEQEND
  8
0
  0
POLYLINE
  8
22
 66
1
 10
0.0000
 20
0.0000
 30
0.0000
 40
0.2000
 41
0.2000
 70
0
  0
VERTEX
  8
22
 10
7.7284
 20
22.5108
 30
0.0000
 42
1.0000
  0
VERTEX
  8
22
 10
7.8284
 20
22.5108
 30
0.0000
  0
SEQEND
  8
0
  0
POLYLINE
  8
22
 66
1
 10
0.0000
 20
0.0000
 30
0.0000
 40
0.1000
 41
0.1000
 70
0
  0
VERTEX
  8
22
 10
7.7784
 20
22.5108
 30
0.0000
 42
1.0000
  0
VERTEX
  8
22
 10
7.6784
 20
22.5108
 30
0.0000
  0
SEQEND
  8
0
  0
POLYLINE
  8
22
 66
1
 10
0.0000
 20
0.0000
 30
0.0000
 40
0.1000
 41
0.1000
 70
0
  0
VERTEX
  8
22
 10
7.8784
 20
22.5108
 30
0.0000
 42
1.0000
  0
VERTEX
  8
22
 10
7.7784
 20
22.5108
 30
0.0000
  0
SEQEND
  8
0
  0
POLYLINE
  8
22
 66
1
 10
0.0000
 20
0.0000
 30
0.0000
 40
0.2000
 41
0.2000
 70
0
  0
VERTEX
  8
22
 10
7.7284
 20
22.5108
 30
0.0000
  0
VERTEX
  8
22
 10
7.8284
 20
22.5108
 30
0.0000
  0
SEQEND
  8
0
  0
POLYLINE
  8
22
 66
1
 10
0.0000
 20
0.0000
 30
0.0000
 40
0.1000
 41
0.1000
 70
0
  0
VERTEX
  8
22
 10
7.8284
 20
22.4608
 30
0.0000
 42
1.0000
  0
VERTEX
  8
22
 10
7.8284
 20
22.5608
 30
0.0000
  0
SEQEND
  8
0
  0
POLYLINE
  8
22
 66
1
 10
0.0000
 20
0.0000
 30
0.0000
 40
0.1000
 41
0.1000
 70
0
  0
VERTEX
  8
22
 10
7.7284
 20
22.5608
 30
0.0000
 42
1.0000
  0
VERTEX
  8
22
 10
7.7284
 20
22.4608
 30
0.0000
  0
SEQEND
  8
0
  0
INSERT
  8
16
  2
RECT
 10
9.2284
 20
22.6608
 30
0.0000
 41
1.0000
 42
0.7000
 43
1.0000
 50
0.0000
  0
INSERT
  8
16
  2
RECT
 10
15.2284
 20
22.6608
 30
0.0000
 41
1.0000
 42
0.7000
 43
1.0000
 50
0.0000
  0
INSERT
  8
16
  2
RECT
 10
9.2284
 20
26.3608
 30
0.0000
 41
1.0000
 42
0.7000
 43
1.0000
 50
0.0000
  0
INSERT
  8
16
  2
RECT
 10
15.2284
 20
26.3608
 30
0.0000
 41
1.0000
 42
0.7000
 43
1.0000
 50
0.0000
  0
INSERT
  8
16
  2
RECT
 10
12.2284
 20
22.0108
 30
0.0000
 41
1.0000
 42
0.6000
 43
1.0000
 50
0.0000
  0
POINT
  8
24
 10
12.1884
 20
9.1608
 30
0.0000
  0
POLYLINE
  8
52
 66
1
 10
0.0000
 20
0.0000
 30
0.0000
 40
0.2000
 41
0.2000
 70
0
  0
VERTEX
  8
52
 10
9.5884
 20
11.7608
 30
0.0000
  0
VERTEX
  8
52
 10
14.7884
 20
11.7608
 30
0.0000
  0
SEQEND
  8
0
  0
POLYLINE
  8
52
 66
1
 10
0.0000
 20
0.0000
 30
0.0000
 40
0.1000
 41
0.1000
 70
0
  0
VERTEX
  8
52
 10
14.7884
 20
11.7108
 30
0.0000
 42
1.0000
  0
VERTEX
  8
52
 10
14.7884
 20
11.8108
 30
0.0000
  0
SEQEND
  8
0
  0
POLYLINE
  8
52
 66
1
 10
0.0000
 20
0.0000
 30
0.0000
 40
0.1000
 41
0.1000
 70
0
  0
VERTEX
  8
52
 10
9.5884
 20
11.8108
 30
0.0000
 42
1.0000
  0
VERTEX
  8
52
 10
9.5884
 20
11.7108
 30
0.0000
  0
SEQEND
  8
0
  0
POLYLINE
  8
52
 66
1
 10
0.0000
 20
0.0000
 30
0.0000
 40
0.2000
 41
0.2000
 70
0
  0
VERTEX
  8
52
 10
14.7884
 20
11.7608
 30
0.0000
  0
VERTEX
  8
52
 10
14.7884
 20
6.5608
 30
0.0000
  0
SEQEND
  8
0
  0
POLYLINE
  8
52
 66
1
 10
0.0000
 20
0.0000
 30
0.0000
 40
0.1000
 41
0.1000
 70
0
  0
VERTEX
  8
52
 10
14.7384
 20
6.5608
 30
0.0000
 42
1.0000
  0
VERTEX
  8
52
 10
14.8384
 20
6.5608
 30
0.0000
  0
SEQEND
  8
0
  0
POLYLINE
  8
52
 66
1
 10
0.0000
 20
0.0000
 30
0.0000
 40
0.1000
 41
0.1000
 70
0
  0
VERTEX
  8
52
 10
14.8384
 20
11.7608
 30
0.0000
 42
1.0000
  0
VERTEX
  8
52
 10
14.7384
 20
11.7608
 30
0.0000
  0
SEQEND
  8
0
  0
POLYLINE
  8
52
 66
1
 10
0.0000
 20
0.0000
 30
0.0000
 40
0.2000
 41
0.2000
 70
0
  0
VERTEX
  8
52
 10
14.7884
 20
6.5608
 30
0.0000
  0
VERTEX
  8
52
 10
9.5884
 20
6.5608
 30
0.0000
  0
SEQEND
  8
0
  0
POLYLINE
  8
52
 66
1
 10
0.0000
 20
0.0000
 30
0.0000
 40
0.1000
 41
0.1000
 70
0
  0
VERTEX
  8
52
 10
9.5884
 20
6.6108
 30
0.0000
 42
1.0000
  0
VERTEX
  8
52
 10
9.5884
 20
6.5108
 30
0.0000
  0
SEQEND
  8
0
  0
POLYLINE
  8
52
 66
1
 10
0.0000
 20
0.0000
 30
0.0000
 40
0.1000
 41
0.1000
 70
0
  0
VERTEX
  8
52
 10
14.7884
 20
6.5108
 30
0.0000
 42
1.0000
  0
VERTEX
  8
52
 10
14.7884
 20
6.6108
 30
0.0000
  0
SEQEND
  8
0
  0
POLYLINE
  8
52
 66
1
 10
0.0000
 20
0.0000
 30
0.0000
 40
0.2000
 41
0.2000
 70
0
  0
VERTEX
  8
52
 10
9.5884
 20
6.5608
 30
0.0000
  0
VERTEX
  8
52
 10
9.5884
 20
11.7608
 30
0.0000
  0
SEQEND
  8
0
  0
POLYLINE
  8
52
 66
1
 10
0.0000
 20
0.0000
 30
0.0000
 40
0.1000
 41
0.1000
 70
0
  0
VERTEX
  8
52
 10
9.6384
 20
11.7608
 30
0.0000
 42
1.0000
  0
VERTEX
  8
52
 10
9.5384
 20
11.7608
 30
0.0000
  0
SEQEND
  8
0
  0
POLYLINE
  8
52
 66
1
 10
0.0000
 20
0.0000
 30
0.0000
 40
0.1000
 41
0.1000
 70
0
  0
VERTEX
  8
52
 10
9.5384
 20
6.5608
 30
0.0000
 42
1.0000
  0
VERTEX
  8
52
 10
9.6384
 20
6.5608
 30
0.0000
  0
SEQEND
  8
0
  0
POLYLINE
  8
22
 66
1
 10
0.0000
 20
0.0000
 30
0.0000
 40
0.1000
 41
0.1000
 70
0
  0
VERTEX
  8
22
 10
9.6884
 20
6.5608
 30
0.0000
  0
VERTEX
  8
22
 10
14.6884
 20
6.5608
 30
0.0000
  0
SEQEND
  8
0
  0
POLYLINE
  8
22
 66
1
 10
0.0000
 20
0.0000
 30
0.0000
 40
0.0500
 41
0.0500
 70
0
  0
VERTEX
  8
22
 10
14.6884
 20
6.5358
 30
0.0000
 42
1.0000
  0
VERTEX
  8
22
 10
14.6884
 20
6.5858
 30
0.0000
  0
SEQEND
  8
0
  0
POLYLINE
  8
22
 66
1
 10
0.0000
 20
0.0000
 30
0.0000
 40
0.0500
 41
0.0500
 70
0
  0
VERTEX
  8
22
 10
9.6884
 20
6.5858
 30
0.0000
 42
1.0000
  0
VERTEX
  8
22
 10
9.6884
 20
6.5358
 30
0.0000
  0
SEQEND
  8
0
  0
POLYLINE
  8
22
 66
1
 10
0.0000
 20
0.0000
 30
0.0000
 40
0.1000
 41
0.1000
 70
0
  0
VERTEX
  8
22
 10
14.6884
 20
6.5608
 30
0.0000
  0
VERTEX
  8
22
 10
9.6884
 20
6.5608
 30
0.0000
  0
SEQEND
  8
0
  0
POLYLINE
  8
22
 66
1
 10
0.0000
 20
0.0000
 30
0.0000
 40
0.0500
 41
0.0500
 70
0
  0
VERTEX
  8
22
 10
9.6884
 20
6.5858
 30
0.0000
 42
1.0000
  0
VERTEX
  8
22
 10
9.6884
 20
6.5358
 30
0.0000
  0
SEQEND
  8
0
  0
POLYLINE
  8
22
 66
1
 10
0.0000
 20
0.0000
 30
0.0000
 40
0.0500
 41
0.0500
 70
0
  0
VERTEX
  8
22
 10
14.6884
 20
6.5358
 30
0.0000
 42
1.0000
  0
VERTEX
  8
22
 10
14.6884
 20
6.5858
 30
0.0000
  0
SEQEND
  8
0
  0
POLYLINE
  8
22
 66
1
 10
0.0000
 20
0.0000
 30
0.0000
 40
0.1000
 41
0.1000
 70
0
  0
VERTEX
  8
22
 10
9.5884
 20
11.7608
 30
0.0000
  0
VERTEX
  8
22
 10
14.7884
 20
11.7608
 30
0.0000
  0
SEQEND
  8
0
  0
POLYLINE
  8
22
 66
1
 10
0.0000
 20
0.0000
 30
0.0000
 40
0.0500
 41
0.0500
 70
0
  0
VERTEX
  8
22
 10
14.7884
 20
11.7358
 30
0.0000
 42
1.0000
  0
VERTEX
  8
22
 10
14.7884
 20
11.7858
 30
0.0000
  0
SEQEND
  8
0
  0
POLYLINE
  8
22
 66
1
 10
0.0000
 20
0.0000
 30
0.0000
 40
0.0500
 41
0.0500
 70
0
  0
VERTEX
  8
22
 10
9.5884
 20
11.7858
 30
0.0000
 42
1.0000
  0
VERTEX
  8
22
 10
9.5884
 20
11.7358
 30
0.0000
  0
SEQEND
  8
0
  0
POLYLINE
  8
22
 66
1
 10
0.0000
 20
0.0000
 30
0.0000
 40
0.1000
 41
0.1000
 70
0
  0
VERTEX
  8
22
 10
14.7884
 20
11.7608
 30
0.0000
  0
VERTEX
  8
22
 10
9.5884
 20
11.7608
 30
0.0000
  0
SEQEND
  8
0
  0
POLYLINE
  8
22
 66
1
 10
0.0000
 20
0.0000
 30
0.0000
 40
0.0500
 41
0.0500
 70
0
  0
VERTEX
  8
22
 10
9.5884
 20
11.7858
 30
0.0000
 42
1.0000
  0
VERTEX
  8
22
 10
9.5884
 20
11.7358
 30
0.0000
  0
SEQEND
  8
0
  0
POLYLINE
  8
22
 66
1
 10
0.0000
 20
0.0000
 30
0.0000
 40
0.0500
 41
0.0500
 70
0
  0
VERTEX
  8
22
 10
14.7884
 20
11.7358
 30
0.0000
 42
1.0000
  0
VERTEX
  8
22
 10
14.7884
 20
11.7858
 30
0.0000
  0
SEQEND
  8
0
  0
POLYLINE
  8
52
 66
1
 10
0.0000
 20
0.0000
 30
0.0000
 40
0.1000
 41
0.1000
 70
0
  0
VERTEX
  8
52
 10
6.6884
 20
5.5608
 30
0.0000
  0
VERTEX
  8
52
 10
16.6884
 20
5.5608
 30
0.0000
  0
SEQEND
  8
0
  0
POLYLINE
  8
52
 66
1
 10
0.0000
 20
0.0000
 30
0.0000
 40
0.0500
 41
0.0500
 70
0
  0
VERTEX
  8
52
 10
16.6884
 20
5.5358
 30
0.0000
 42
1.0000
  0
VERTEX
  8
52
 10
16.6884
 20
5.5858
 30
0.0000
  0
SEQEND
  8
0
  0
POLYLINE
  8
52
 66
1
 10
0.0000
 20
0.0000
 30
0.0000
 40
0.0500
 41
0.0500
 70
0
  0
VERTEX
  8
52
 10
6.6884
 20
5.5858
 30
0.0000
 42
1.0000
  0
VERTEX
  8
52
 10
6.6884
 20
5.5358
 30
0.0000
  0
SEQEND
  8
0
  0
POLYLINE
  8
52
 66
1
 10
0.0000
 20
0.0000
 30
0.0000
 40
0.1000
 41
0.1000
 70
0
  0
VERTEX
  8
52
 10
16.6884
 20
5.5608
 30
0.0000
  0
VERTEX
  8
52
 10
16.6884
 20
12.7608
 30
0.0000
  0
SEQEND
  8
0
  0
POLYLINE
  8
52
 66
1
 10
0.0000
 20
0.0000
 30
0.0000
 40
0.0500
 41
0.0500
 70
0
  0
VERTEX
  8
52
 10
16.7134
 20
12.7608
 30
0.0000
 42
1.0000
  0
VERTEX
  8
52
 10
16.6634
 20
12.7608
 30
0.0000
  0
SEQEND
  8
0
  0
POLYLINE
  8
52
 66
1
 10
0.0000
 20
0.0000
 30
0.0000
 40
0.0500
 41
0.0500
 70
0
  0
VERTEX
  8
52
 10
16.6634
 20
5.5608
 30
0.0000
 42
1.0000
  0
VERTEX
  8
52
 10
16.7134
 20
5.5608
 30
0.0000
  0
SEQEND
  8
0
  0
POLYLINE
  8
52
 66
1
 10
0.0000
 20
0.0000
 30
0.0000
 40
0.1000
 41
0.1000
 70
0
  0
VERTEX
  8
52
 10
16.6884
 20
12.7608
 30
0.0000
  0
VERTEX
  8
52
 10
6.6884
 20
12.7608
 30
0.0000
  0
SEQEND
  8
0
  0
POLYLINE
  8
52
 66
1
 10
0.0000
 20
0.0000
 30
0.0000
 40
0.0500
 41
0.0500
 70
0
  0
VERTEX
  8
52
 10
6.6884
 20
12.7858
 30
0.0000
 42
1.0000
  0
VERTEX
  8
52
 10
6.6884
 20
12.7358
 30
0.0000
  0
SEQEND
  8
0
  0
POLYLINE
  8
52
 66
1
 10
0.0000
 20
0.0000
 30
0.0000
 40
0.0500
 41
0.0500
 70
0
  0
VERTEX
  8
52
 10
16.6884
 20
12.7358
 30
0.0000
 42
1.0000
  0
VERTEX
  8
52
 10
16.6884
 20
12.7858
 30
0.0000
  0
SEQEND
  8
0
  0
POLYLINE
  8
52
 66
1
 10
0.0000
 20
0.0000
 30
0.0000
 40
0.1000
 41
0.1000
 70
0
  0
VERTEX
  8
52
 10
6.6884
 20
12.7608
 30
0.0000
  0
VERTEX
  8
52
 10
6.6884
 20
5.5608
 30
0.0000
  0
SEQEND
  8
0
  0
POLYLINE
  8
52
 66
1
 10
0.0000
 20
0.0000
 30
0.0000
 40
0.0500
 41
0.0500
 70
0
  0
VERTEX
  8
52
 10
6.6634
 20
5.5608
 30
0.0000
 42
1.0000
  0
VERTEX
  8
52
 10
6.7134
 20
5.5608
 30
0.0000
  0
SEQEND
  8
0
  0
POLYLINE
  8
52
 66
1
 10
0.0000
 20
0.0000
 30
0.0000
 40
0.0500
 41
0.0500
 70
0
  0
VERTEX
  8
52
 10
6.7134
 20
12.7608
 30
0.0000
 42
1.0000
  0
VERTEX
  8
52
 10
6.6634
 20
12.7608
 30
0.0000
  0
SEQEND
  8
0
  0
POLYLINE
  8
22
 66
1
 10
0.0000
 20
0.0000
 30
0.0000
 40
0.1000
 41
0.1000
 70
0
  0
VERTEX
  8
22
 10
14.7884
 20
8.1608
 30
0.0000
  0
VERTEX
  8
22
 10
14.7884
 20
10.1608
 30
0.0000
  0
SEQEND
  8
0
  0
POLYLINE
  8
22
 66
1
 10
0.0000
 20
0.0000
 30
0.0000
 40
0.0500
 41
0.0500
 70
0
  0
VERTEX
  8
22
 10
14.8134
 20
10.1608
 30
0.0000
 42
1.0000
  0
VERTEX
  8
22
 10
14.7634
 20
10.1608
 30
0.0000
  0
SEQEND
  8
0
  0
POLYLINE
  8
22
 66
1
 10
0.0000
 20
0.0000
 30
0.0000
 40
0.0500
 41
0.0500
 70
0
  0
VERTEX
  8
22
 10
14.7634
 20
8.1608
 30
0.0000
 42
1.0000
  0
VERTEX
  8
22
 10
14.8134
 20
8.1608
 30
0.0000
  0
SEQEND
  8
0
  0
POLYLINE
  8
22
 66
1
 10
0.0000
 20
0.0000
 30
0.0000
 40
0.1000
 41
0.1000
 70
0
  0
VERTEX
  8
22
 10
14.7884
 20
10.1608
 30
0.0000
  0
VERTEX
  8
22
 10
14.7884
 20
8.1608
 30
0.0000
  0
SEQEND
  8
0
  0
POLYLINE
  8
22
 66
1
 10
0.0000
 20
0.0000
 30
0.0000
 40
0.0500
 41
0.0500
 70
0
  0
VERTEX
  8
22
 10
14.7634
 20
8.1608
 30
0.0000
 42
1.0000
  0
VERTEX
  8
22
 10
14.8134
 20
8.1608
 30
0.0000
  0
SEQEND
  8
0
  0
POLYLINE
  8
22
 66
1
 10
0.0000
 20
0.0000
 30
0.0000
 40
0.0500
 41
0.0500
 70
0
  0
VERTEX
  8
22
 10
14.8134
 20
10.1608
 30
0.0000
 42
1.0000
  0
VERTEX
  8
22
 10
14.7634
 20
10.1608
 30
0.0000
  0
SEQEND
  8
0
  0
POLYLINE
  8
22
 66
1
 10
0.0000
 20
0.0000
 30
0.0000
 40
0.1000
 41
0.1000
 70
0
  0
VERTEX
  8
22
 10
9.5884
 20
8.1608
 30
0.0000
  0
VERTEX
  8
22
 10
9.5884
 20
10.1608
 30
0.0000
  0
SEQEND
  8
0
  0
POLYLINE
  8
22
 66
1
 10
0.0000
 20
0.0000
 30
0.0000
 40
0.0500
 41
0.0500
 70
0
  0
VERTEX
  8
22
 10
9.6134
 20
10.1608
 30
0.0000
 42
1.0000
  0
VERTEX
  8
22
 10
9.5634
 20
10.1608
 30
0.0000
  0
SEQEND
  8
0
  0
POLYLINE
  8
22
 66
1
 10
0.0000
 20
0.0000
 30
0.0000
 40
0.0500
 41
0.0500
 70
0
  0
VERTEX
  8
22
 10
9.5634
 20
8.1608
 30
0.0000
 42
1.0000
  0
VERTEX
  8
22
 10
9.6134
 20
8.1608
 30
0.0000
  0
SEQEND
  8
0
  0
POLYLINE
  8
22
 66
1
 10
0.0000
 20
0.0000
 30
0.0000
 40
0.1000
 41
0.1000
 70
0
  0
VERTEX
  8
22
 10
9.5884
 20
10.1608
 30
0.0000
  0
VERTEX
  8
22
 10
9.5884
 20
8.1608
 30
0.0000
  0
SEQEND
  8
0
  0
POLYLINE
  8
22
 66
1
 10
0.0000
 20
0.0000
 30
0.0000
 40
0.0500
 41
0.0500
 70
0
  0
VERTEX
  8
22
 10
9.5634
 20
8.1608
 30
0.0000
 42
1.0000
  0
VERTEX
  8
22
 10
9.6134
 20
8.1608
 30
0.0000
  0
SEQEND
  8
0
  0
POLYLINE
  8
22
 66
1
 10
0.0000
 20
0.0000
 30
0.0000
 40
0.0500
 41
0.0500
 70
0
  0
VERTEX
  8
22
 10
9.6134
 20
10.1608
 30
0.0000
 42
1.0000
  0
VERTEX
  8
22
 10
9.5634
 20
10.1608
 30
0.0000
  0
SEQEND
  8
0
  0
POLYLINE
  8
22
 66
1
 10
0.0000
 20
0.0000
 30
0.0000
 40
0.2000
 41
0.2000
 70
0
  0
VERTEX
  8
22
 10
7.7884
 20
7.1608
 30
0.0000
 42
1.0000
  0
VERTEX
  8
22
 10
7.6884
 20
7.1608
 30
0.0000
  0
SEQEND
  8
0
  0
POLYLINE
  8
22
 66
1
 10
0.0000
 20
0.0000
 30
0.0000
 40
0.1000
 41
0.1000
 70
0
  0
VERTEX
  8
22
 10
7.7384
 20
7.1608
 30
0.0000
 42
1.0000
  0
VERTEX
  8
22
 10
7.8384
 20
7.1608
 30
0.0000
  0
SEQEND
  8
0
  0
POLYLINE
  8
22
 66
1
 10
0.0000
 20
0.0000
 30
0.0000
 40
0.1000
 41
0.1000
 70
0
  0
VERTEX
  8
22
 10
7.6384
 20
7.1608
 30
0.0000
 42
1.0000
  0
VERTEX
  8
22
 10
7.7384
 20
7.1608
 30
0.0000
  0
SEQEND
  8
0
  0
POLYLINE
  8
22
 66
1
 10
0.0000
 20
0.0000
 30
0.0000
 40
0.2000
 41
0.2000
 70
0
  0
VERTEX
  8
22
 10
7.6884
 20
7.1608
 30
0.0000
 42
1.0000
  0
VERTEX
  8
22
 10
7.7884
 20
7.1608
 30
0.0000
  0
SEQEND
  8
0
  0
POLYLINE
  8
22
 66
1
 10
0.0000
 20
0.0000
 30
0.0000
 40
0.1000
 41
0.1000
 70
0
  0
VERTEX
  8
22
 10
7.7384
 20
7.1608
 30
0.0000
 42
1.0000
  0
VERTEX
  8
22
 10
7.6384
 20
7.1608
 30
0.0000
  0
SEQEND
  8
0
  0
POLYLINE
  8
22
 66
1
 10
0.0000
 20
0.0000
 30
0.0000
 40
0.1000
 41
0.1000
 70
0
  0
VERTEX
  8
22
 10
7.8384
 20
7.1608
 30
0.0000
 42
1.0000
  0
VERTEX
  8
22
 10
7.7384
 20
7.1608
 30
0.0000
  0
SEQEND
  8
0
  0
POLYLINE
  8
22
 66
1
 10
0.0000
 20
0.0000
 30
0.0000
 40
0.2000
 41
0.2000
 70
0
  0
VERTEX
  8
22
 10
7.6884
 20
7.1608
 30
0.0000
  0
VERTEX
  8
22
 10
7.7884
 20
7.1608
 30
0.0000
  0
SEQEND
  8
0
  0
POLYLINE
  8
22
 66
1
 10
0.0000
 20
0.0000
 30
0.0000
 40
0.1000
 41
0.1000
 70
0
  0
VERTEX
  8
22
 10
7.7884
 20
7.1108
 30
0.0000
 42
1.0000
  0
VERTEX
  8
22
 10
7.7884
 20
7.2108
 30
0.0000
  0
SEQEND
  8
0
  0
POLYLINE
  8
22
 66
1
 10
0.0000
 20
0.0000
 30
0.0000
 40
0.1000
 41
0.1000
 70
0
  0
VERTEX
  8
22
 10
7.6884
 20
7.2108
 30
0.0000
 42
1.0000
  0
VERTEX
  8
22
 10
7.6884
 20
7.1108
 30
0.0000
  0
SEQEND
  8
0
  0
INSERT
  8
16
  2
RECT
 10
9.1884
 20
7.3108
 30
0.0000
 41
1.0000
 42
0.7000
 43
1.0000
 50
0.0000
  0
INSERT
  8
16
  2
RECT
 10
15.1884
 20
7.3108
 30
0.0000
 41
1.0000
 42
0.7000
 43
1.0000
 50
0.0000
  0
INSERT
  8
16
  2
RECT
 10
9.1884
 20
11.0108
 30
0.0000
 41
1.0000
 42
0.7000
 43
1.0000
 50
0.0000
  0
INSERT
  8
16
  2
RECT
 10
15.1884
 20
11.0108
 30
0.0000
 41
1.0000
 42
0.7000
 43
1.0000
 50
0.0000
  0
INSERT
  8
16
  2
RECT
 10
12.1884
 20
6.6608
 30
0.0000
 41
1.0000
 42
0.6000
 43
1.0000
 50
0.0000
  0
POINT
  8
24
 10
16.6040
 20
34.4810
 30
0.0000
  0
POLYLINE
  8
24
 66
1
 10
0.0000
 20
0.0000
 30
0.0000
 40
0.1000
 41
0.1000
 70
0
  0
VERTEX
  8
24
 10
18.0540
 20
36.8310
 30
0.0000
  0
VERTEX
  8
24
 10
6.0540
 20
36.8310
 30
0.0000
  0
SEQEND
  8
0
  0
POLYLINE
  8
24
 66
1
 10
0.0000
 20
0.0000
 30
0.0000
 40
0.0500
 41
0.0500
 70
0
  0
VERTEX
  8
24
 10
6.0540
 20
36.8560
 30
0.0000
 42
1.0000
  0
VERTEX
  8
24
 10
6.0540
 20
36.8060
 30
0.0000
  0
SEQEND
  8
0
  0
POLYLINE
  8
24
 66
1
 10
0.0000
 20
0.0000
 30
0.0000
 40
0.0500
 41
0.0500
 70
0
  0
VERTEX
  8
24
 10
18.0540
 20
36.8060
 30
0.0000
 42
1.0000
  0
VERTEX
  8
24
 10
18.0540
 20
36.8560
 30
0.0000
  0
SEQEND
  8
0
  0
POLYLINE
  8
24
 66
1
 10
0.0000
 20
0.0000
 30
0.0000
 40
0.1000
 41
0.1000
 70
0
  0
VERTEX
  8
24
 10
6.0540
 20
36.8310
 30
0.0000
  0
VERTEX
  8
24
 10
6.0540
 20
31.8310
 30
0.0000
  0
SEQEND
  8
0
  0
POLYLINE
  8
24
 66
1
 10
0.0000
 20
0.0000
 30
0.0000
 40
0.0500
 41
0.0500
 70
0
  0
VERTEX
  8
24
 10
6.0290
 20
31.8310
 30
0.0000
 42
1.0000
  0
VERTEX
  8
24
 10
6.0790
 20
31.8310
 30
0.0000
  0
SEQEND
  8
0
  0
POLYLINE
  8
24
 66
1
 10
0.0000
 20
0.0000
 30
0.0000
 40
0.0500
 41
0.0500
 70
0
  0
VERTEX
  8
24
 10
6.0790
 20
36.8310
 30
0.0000
 42
1.0000
  0
VERTEX
  8
24
 10
6.0290
 20
36.8310
 30
0.0000
  0
SEQEND
  8
0
  0
POLYLINE
  8
52
 66
1
 10
0.0000
 20
0.0000
 30
0.0000
 40
0.1000
 41
0.1000
 70
0
  0
VERTEX
  8
52
 10
6.0540
 20
31.8310
 30
0.0000
  0
VERTEX
  8
52
 10
18.0540
 20
31.8310
 30
0.0000
  0
SEQEND
  8
0
  0
POLYLINE
  8
52
 66
1
 10
0.0000
 20
0.0000
 30
0.0000
 40
0.0500
 41
0.0500
 70
0
  0
VERTEX
  8
52
 10
18.0540
 20
31.8060
 30
0.0000
 42
1.0000
  0
VERTEX
  8
52
 10
18.0540
 20
31.8560
 30
0.0000
  0
SEQEND
  8
0
  0
POLYLINE
  8
52
 66
1
 10
0.0000
 20
0.0000
 30
0.0000
 40
0.0500
 41
0.0500
 70
0
  0
VERTEX
  8
52
 10
6.0540
 20
31.8560
 30
0.0000
 42
1.0000
  0
VERTEX
  8
52
 10
6.0540
 20
31.8060
 30
0.0000
  0
SEQEND
  8
0
  0
POLYLINE
  8
24
 66
1
 10
0.0000
 20
0.0000
 30
0.0000
 40
0.1000
 41
0.1000
 70
0
  0
VERTEX
  8
24
 10
18.0540
 20
31.8310
 30
0.0000
  0
VERTEX
  8
24
 10
18.0540
 20
36.8310
 30
0.0000
  0
SEQEND
  8
0
  0
POLYLINE
  8
24
 66
1
 10
0.0000
 20
0.0000
 30
0.0000
 40
0.0500
 41
0.0500
 70
0
  0
VERTEX
  8
24
 10
18.0790
 20
36.8310
 30
0.0000
 42
1.0000
  0
VERTEX
  8
24
 10
18.0290
 20
36.8310
 30
0.0000
  0
SEQEND
  8
0
  0
POLYLINE
  8
24
 66
1
 10
0.0000
 20
0.0000
 30
0.0000
 40
0.0500
 41
0.0500
 70
0
  0
VERTEX
  8
24
 10
18.0290
 20
31.8310
 30
0.0000
 42
1.0000
  0
VERTEX
  8
24
 10
18.0790
 20
31.8310
 30
0.0000
  0
SEQEND
  8
0
  0
POLYLINE
  8
52
 66
1
 10
0.0000
 20
0.0000
 30
0.0000
 40
0.1524
 41
0.1524
 70
0
  0
VERTEX
  8
52
 10
19.3040
 20
43.4310
 30
0.0000
  0
VERTEX
  8
52
 10
4.8040
 20
43.4310
 30
0.0000
  0
SEQEND
  8
0
  0
POLYLINE
  8
52
 66
1
 10
0.0000
 20
0.0000
 30
0.0000
 40
0.0762
 41
0.0762
 70
0
  0
VERTEX
  8
52
 10
4.8040
 20
43.4691
 30
0.0000
 42
1.0000
  0
VERTEX
  8
52
 10
4.8040
 20
43.3929
 30
0.0000
  0
SEQEND
  8
0
  0
POLYLINE
  8
52
 66
1
 10
0.0000
 20
0.0000
 30
0.0000
 40
0.0762
 41
0.0762
 70
0
  0
VERTEX
  8
52
 10
19.3040
 20
43.3929
 30
0.0000
 42
1.0000
  0
VERTEX
  8
52
 10
19.3040
 20
43.4691
 30
0.0000
  0
SEQEND
  8
0
  0
POLYLINE
  8
52
 66
1
 10
0.0000
 20
0.0000
 30
0.0000
 40
0.1524
 41
0.1524
 70
0
  0
VERTEX
  8
52
 10
4.8040
 20
43.4310
 30
0.0000
  0
VERTEX
  8
52
 10
4.8040
 20
31.8310
 30
0.0000
  0
SEQEND
  8
0
  0
POLYLINE
  8
52
 66
1
 10
0.0000
 20
0.0000
 30
0.0000
 40
0.0762
 41
0.0762
 70
0
  0
VERTEX
  8
52
 10
4.7659
 20
31.8310
 30
0.0000
 42
1.0000
  0
VERTEX
  8
52
 10
4.8421
 20
31.8310
 30
0.0000
  0
SEQEND
  8
0
  0
POLYLINE
  8
52
 66
1
 10
0.0000
 20
0.0000
 30
0.0000
 40
0.0762
 41
0.0762
 70
0
  0
VERTEX
  8
52
 10
4.8421
 20
43.4310
 30
0.0000
 42
1.0000
  0
VERTEX
  8
52
 10
4.7659
 20
43.4310
 30
0.0000
  0
SEQEND
  8
0
  0
POLYLINE
  8
24
 66
1
 10
0.0000
 20
0.0000
 30
0.0000
 40
0.1524
 41
0.1524
 70
0
  0
VERTEX
  8
24
 10
4.8040
 20
31.8310
 30
0.0000
  0
VERTEX
  8
24
 10
19.3040
 20
31.8310
 30
0.0000
  0
SEQEND
  8
0
  0
POLYLINE
  8
24
 66
1
 10
0.0000
 20
0.0000
 30
0.0000
 40
0.0762
 41
0.0762
 70
0
  0
VERTEX
  8
24
 10
19.3040
 20
31.7929
 30
0.0000
 42
1.0000
  0
VERTEX
  8
24
 10
19.3040
 20
31.8691
 30
0.0000
  0
SEQEND
  8
0
  0
POLYLINE
  8
24
 66
1
 10
0.0000
 20
0.0000
 30
0.0000
 40
0.0762
 41
0.0762
 70
0
  0
VERTEX
  8
24
 10
4.8040
 20
31.8691
 30
0.0000
 42
1.0000
  0
VERTEX
  8
24
 10
4.8040
 20
31.7929
 30
0.0000
  0
SEQEND
  8
0
  0
POLYLINE
  8
52
 66
1
 10
0.0000
 20
0.0000
 30
0.0000
 40
0.1524
 41
0.1524
 70
0
  0
VERTEX
  8
52
 10
19.3040
 20
31.8310
 30
0.0000
  0
VERTEX
  8
52
 10
19.3040
 20
43.4310
 30
0.0000
  0
SEQEND
  8
0
  0
POLYLINE
  8
52
 66
1
 10
0.0000
 20
0.0000
 30
0.0000
 40
0.0762
 41
0.0762
 70
0
  0
VERTEX
  8
52
 10
19.3421
 20
43.4310
 30
0.0000
 42
1.0000
  0
VERTEX
  8
52
 10
19.2659
 20
43.4310
 30
0.0000
  0
SEQEND
  8
0
  0
POLYLINE
  8
52
 66
1
 10
0.0000
 20
0.0000
 30
0.0000
 40
0.0762
 41
0.0762
 70
0
  0
VERTEX
  8
52
 10
19.2659
 20
31.8310
 30
0.0000
 42
1.0000
  0
VERTEX
  8
52
 10
19.3421
 20
31.8310
 30
0.0000
  0
SEQEND
  8
0
  0
POLYLINE
  8
52
 66
1
 10
0.0000
 20
0.0000
 30
0.0000
 40
0.1524
 41
0.1524
 70
0
  0
VERTEX
  8
52
 10
18.3440
 20
42.4210
 30
0.0000
  0
VERTEX
  8
52
 10
18.3440
 20
35.8410
 30
0.0000
  0
SEQEND
  8
0
  0
POLYLINE
  8
52
 66
1
 10
0.0000
 20
0.0000
 30
0.0000
 40
0.0762
 41
0.0762
 70
0
  0
VERTEX
  8
52
 10
18.3059
 20
35.8410
 30
0.0000
 42
1.0000
  0
VERTEX
  8
52
 10
18.3821
 20
35.8410
 30
0.0000
  0
SEQEND
  8
0
  0
POLYLINE
  8
52
 66
1
 10
0.0000
 20
0.0000
 30
0.0000
 40
0.0762
 41
0.0762
 70
0
  0
VERTEX
  8
52
 10
18.3821
 20
42.4210
 30
0.0000
 42
1.0000
  0
VERTEX
  8
52
 10
18.3059
 20
42.4210
 30
0.0000
  0
SEQEND
  8
0
  0
POLYLINE
  8
52
 66
1
 10
0.0000
 20
0.0000
 30
0.0000
 40
0.1524
 41
0.1524
 70
0
  0
VERTEX
  8
52
 10
18.3440
 20
35.8410
 30
0.0000
  0
VERTEX
  8
52
 10
5.7640
 20
35.8410
 30
0.0000
  0
SEQEND
  8
0
  0
POLYLINE
  8
52
 66
1
 10
0.0000
 20
0.0000
 30
0.0000
 40
0.0762
 41
0.0762
 70
0
  0
VERTEX
  8
52
 10
5.7640
 20
35.8791
 30
0.0000
 42
1.0000
  0
VERTEX
  8
52
 10
5.7640
 20
35.8029
 30
0.0000
  0
SEQEND
  8
0
  0
POLYLINE
  8
52
 66
1
 10
0.0000
 20
0.0000
 30
0.0000
 40
0.0762
 41
0.0762
 70
0
  0
VERTEX
  8
52
 10
18.3440
 20
35.8029
 30
0.0000
 42
1.0000
  0
VERTEX
  8
52
 10
18.3440
 20
35.8791
 30
0.0000
  0
SEQEND
  8
0
  0
POLYLINE
  8
52
 66
1
 10
0.0000
 20
0.0000
 30
0.0000
 40
0.1524
 41
0.1524
 70
0
  0
VERTEX
  8
52
 10
5.7640
 20
35.8410
 30
0.0000
  0
VERTEX
  8
52
 10
5.7640
 20
42.4210
 30
0.0000
  0
SEQEND
  8
0
  0
POLYLINE
  8
52
 66
1
 10
0.0000
 20
0.0000
 30
0.0000
 40
0.0762
 41
0.0762
 70
0
  0
VERTEX
  8
52
 10
5.8021
 20
42.4210
 30
0.0000
 42
1.0000
  0
VERTEX
  8
52
 10
5.7259
 20
42.4210
 30
0.0000
  0
SEQEND
  8
0
  0
POLYLINE
  8
52
 66
1
 10
0.0000
 20
0.0000
 30
0.0000
 40
0.0762
 41
0.0762
 70
0
  0
VERTEX
  8
52
 10
5.7259
 20
35.8410
 30
0.0000
 42
1.0000
  0
VERTEX
  8
52
 10
5.8021
 20
35.8410
 30
0.0000
  0
SEQEND
  8
0
  0
POLYLINE
  8
52
 66
1
 10
0.0000
 20
0.0000
 30
0.0000
 40
0.1524
 41
0.1524
 70
0
  0
VERTEX
  8
52
 10
5.7640
 20
42.4210
 30
0.0000
  0
VERTEX
  8
52
 10
18.3440
 20
42.4210
 30
0.0000
  0
SEQEND
  8
0
  0
POLYLINE
  8
52
 66
1
 10
0.0000
 20
0.0000
 30
0.0000
 40
0.0762
 41
0.0762
 70
0
  0
VERTEX
  8
52
 10
18.3440
 20
42.3829
 30
0.0000
 42
1.0000
  0
VERTEX
  8
52
 10
18.3440
 20
42.4591
 30
0.0000
  0
SEQEND
  8
0
  0
POLYLINE
  8
52
 66
1
 10
0.0000
 20
0.0000
 30
0.0000
 40
0.0762
 41
0.0762
 70
0
  0
VERTEX
  8
52
 10
5.7640
 20
42.4591
 30
0.0000
 42
1.0000
  0
VERTEX
  8
52
 10
5.7640
 20
42.3829
 30
0.0000
  0
SEQEND
  8
0
  0
POLYLINE
  8
52
 66
1
 10
0.0000
 20
0.0000
 30
0.0000
 40
0.1524
 41
0.1524
 70
0
  0
VERTEX
  8
52
 10
15.8440
 20
31.8310
 30
0.0000
  0
VERTEX
  8
52
 10
7.8440
 20
31.8310
 30
0.0000
  0
SEQEND
  8
0
  0
POLYLINE
  8
52
 66
1
 10
0.0000
 20
0.0000
 30
0.0000
 40
0.0762
 41
0.0762
 70
0
  0
VERTEX
  8
52
 10
7.8440
 20
31.8691
 30
0.0000
 42
1.0000
  0
VERTEX
  8
52
 10
7.8440
 20
31.7929
 30
0.0000
  0
SEQEND
  8
0
  0
POLYLINE
  8
52
 66
1
 10
0.0000
 20
0.0000
 30
0.0000
 40
0.0762
 41
0.0762
 70
0
  0
VERTEX
  8
52
 10
15.8440
 20
31.7929
 30
0.0000
 42
1.0000
  0
VERTEX
  8
52
 10
15.8440
 20
31.8691
 30
0.0000
  0
SEQEND
  8
0
  0
POLYLINE
  8
52
 66
1
 10
0.0000
 20
0.0000
 30
0.0000
 40
0.1524
 41
0.1524
 70
0
  0
VERTEX
  8
52
 10
7.8440
 20
31.8310
 30
0.0000
  0
VERTEX
  8
52
 10
7.8440
 20
29.3310
 30
0.0000
  0
SEQEND
  8
0
  0
POLYLINE
  8
52
 66
1
 10
0.0000
 20
0.0000
 30
0.0000
 40
0.0762
 41
0.0762
 70
0
  0
VERTEX
  8
52
 10
7.8059
 20
29.3310
 30
0.0000
 42
1.0000
  0
VERTEX
  8
52
 10
7.8821
 20
29.3310
 30
0.0000
  0
SEQEND
  8
0
  0
POLYLINE
  8
52
 66
1
 10
0.0000
 20
0.0000
 30
0.0000
 40
0.0762
 41
0.0762
 70
0
  0
VERTEX
  8
52
 10
7.8821
 20
31.8310
 30
0.0000
 42
1.0000
  0
VERTEX
  8
52
 10
7.8059
 20
31.8310
 30
0.0000
  0
SEQEND
  8
0
  0
POLYLINE
  8
52
 66
1
 10
0.0000
 20
0.0000
 30
0.0000
 40
0.1524
 41
0.1524
 70
0
  0
VERTEX
  8
52
 10
7.8440
 20
29.3310
 30
0.0000
  0
VERTEX
  8
52
 10
15.8440
 20
29.3310
 30
0.0000
  0
SEQEND
  8
0
  0
POLYLINE
  8
52
 66
1
 10
0.0000
 20
0.0000
 30
0.0000
 40
0.0762
 41
0.0762
 70
0
  0
VERTEX
  8
52
 10
15.8440
 20
29.2929
 30
0.0000
 42
1.0000
  0
VERTEX
  8
52
 10
15.8440
 20
29.3691
 30
0.0000
  0
SEQEND
  8
0
  0
POLYLINE
  8
52
 66
1
 10
0.0000
 20
0.0000
 30
0.0000
 40
0.0762
 41
0.0762
 70
0
  0
VERTEX
  8
52
 10
7.8440
 20
29.3691
 30
0.0000
 42
1.0000
  0
VERTEX
  8
52
 10
7.8440
 20
29.2929
 30
0.0000
  0
SEQEND
  8
0
  0
POLYLINE
  8
52
 66
1
 10
0.0000
 20
0.0000
 30
0.0000
 40
0.1524
 41
0.1524
 70
0
  0
VERTEX
  8
52
 10
15.8440
 20
29.3310
 30
0.0000
  0
VERTEX
  8
52
 10
15.8440
 20
31.8310
 30
0.0000
  0
SEQEND
  8
0
  0
POLYLINE
  8
52
 66
1
 10
0.0000
 20
0.0000
 30
0.0000
 40
0.0762
 41
0.0762
 70
0
  0
VERTEX
  8
52
 10
15.8821
 20
31.8310
 30
0.0000
 42
1.0000
  0
VERTEX
  8
52
 10
15.8059
 20
31.8310
 30
0.0000
  0
SEQEND
  8
0
  0
POLYLINE
  8
52
 66
1
 10
0.0000
 20
0.0000
 30
0.0000
 40
0.0762
 41
0.0762
 70
0
  0
VERTEX
  8
52
 10
15.8059
 20
29.3310
 30
0.0000
 42
1.0000
  0
VERTEX
  8
52
 10
15.8821
 20
29.3310
 30
0.0000
  0
SEQEND
  8
0
  0
INSERT
  8
16
  2
RECT
 10
11.0040
 20
35.6060
 30
0.0000
 41
2.2500
 42
0.3500
 43
1.0000
 50
90.0000
  0
INSERT
  8
16
  2
RECT
 10
14.5040
 20
35.6060
 30
0.0000
 41
2.2500
 42
0.3500
 43
1.0000
 50
90.0000
  0
INSERT
  8
16
  2
RECT
 10
15.2040
 20
35.6060
 30
0.0000
 41
2.2500
 42
0.3500
 43
1.0000
 50
90.0000
  0
INSERT
  8
16
  2
RECT
 10
15.9040
 20
35.6060
 30
0.0000
 41
2.2500
 42
0.3500
 43
1.0000
 50
90.0000
  0
INSERT
  8
16
  2
RECT
 10
16.6040
 20
35.6060
 30
0.0000
 41
2.2500
 42
0.3500
 43
1.0000
 50
90.0000
  0
INSERT
  8
16
  2
RECT
 10
8.9040
 20
35.6060
 30
0.0000
 41
2.2500
 42
0.3500
 43
1.0000
 50
90.0000
  0
INSERT
  8
16
  2
RECT
 10
13.1040
 20
35.6060
 30
0.0000
 41
2.2500
 42
0.3500
 43
1.0000
 50
90.0000
  0
INSERT
  8
16
  2
RECT
 10
10.3040
 20
35.6060
 30
0.0000
 41
2.2500
 42
0.3500
 43
1.0000
 50
90.0000
  0
INSERT
  8
16
  2
RECT
 10
9.6040
 20
35.6060
 30
0.0000
 41
2.2500
 42
0.3500
 43
1.0000
 50
90.0000
  0
INSERT
  8
16
  2
RECT
 10
13.8040
 20
35.6060
 30
0.0000
 41
2.2500
 42
0.3500
 43
1.0000
 50
90.0000
  0
INSERT
  8
16
  2
RECT
 10
7.5040
 20
35.6060
 30
0.0000
 41
2.2500
 42
0.3500
 43
1.0000
 50
90.0000
  0
INSERT
  8
16
  2
RECT
 10
8.2040
 20
35.6060
 30
0.0000
 41
2.2500
 42
0.3500
 43
1.0000
 50
90.0000
  0
INSERT
  8
16
  2
RECT
 10
11.7040
 20
35.6060
 30
0.0000
 41
2.2500
 42
0.3500
 43
1.0000
 50
90.0000
  0
INSERT
  8
16
  2
RECT
 10
12.4040
 20
35.6060
 30
0.0000
 41
2.2500
 42
0.3500
 43
1.0000
 50
90.0000
  0
INSERT
  8
17
  2
ROUNDP
 10
12.7164
 20
7.5464
 30
0.0000
 41
0.8128
 42
0.8128
 43
1.0000
 50
180.0000
  0
INSERT
  8
17
  2
ROUNDP
 10
12.7164
 20
6.7336
 30
0.0000
 41
0.8128
 42
0.8128
 43
1.0000
 50
180.0000
  0
INSERT
  8
17
  2
ROUNDP
 10
11.9036
 20
7.5464
 30
0.0000
 41
0.8128
 42
0.8128
 43
1.0000
 50
180.0000
  0
INSERT
  8
17
  2
ROUNDP
 10
11.9036
 20
6.7336
 30
0.0000
 41
0.8128
 42
0.8128
 43
1.0000
 50
180.0000
  0
POLYLINE
  8
16
 66
1
 10
0.0000
 20
0.0000
 30
0.0000
 40
0.1000
 41
0.1000
 70
0
  0
VERTEX
  8
16
 10
6.3900
 20
40.1300
 30
0.0000
  0
VERTEX
  8
16
 10
17.8500
 20
40.1300
 30
0.0000
  0
SEQEND
  8
0
  0
POLYLINE
  8
16
 66
1
 10
0.0000
 20
0.0000
 30
0.0000
 40
0.0500
 41
0.0500
 70
0
  0
VERTEX
  8
16
 10
17.8500
 20
40.1050
 30
0.0000
 42
1.0000
  0
VERTEX
  8
16
 10
17.8500
 20
40.1550
 30
0.0000
  0
SEQEND
  8
0
  0
POLYLINE
  8
16
 66
1
 10
0.0000
 20
0.0000
 30
0.0000
 40
0.0500
 41
0.0500
 70
0
  0
VERTEX
  8
16
 10
6.3900
 20
40.1550
 30
0.0000
 42
1.0000
  0
VERTEX
  8
16
 10
6.3900
 20
40.1050
 30
0.0000
  0
SEQEND
  8
0
  0
POLYLINE
  8
16
 66
1
 10
0.0000
 20
0.0000
 30
0.0000
 40
0.1000
 41
0.1000
 70
0
  0
VERTEX
  8
16
 10
17.8500
 20
40.1300
 30
0.0000
  0
VERTEX
  8
16
 10
24.4200
 20
33.5600
 30
0.0000
  0
SEQEND
  8
0
  0
POLYLINE
  8
16
 66
1
 10
0.0000
 20
0.0000
 30
0.0000
 40
0.0500
 41
0.0500
 70
0
  0
VERTEX
  8
16
 10
24.4023
 20
33.5423
 30
0.0000
 42
1.0000
  0
VERTEX
  8
16
 10
24.4377
 20
33.5777
 30
0.0000
  0
SEQEND
  8
0
  0
POLYLINE
  8
16
 66
1
 10
0.0000
 20
0.0000
 30
0.0000
 40
0.0500
 41
0.0500
 70
0
  0
VERTEX
  8
16
 10
17.8677
 20
40.1477
 30
0.0000
 42
1.0000
  0
VERTEX
  8
16
 10
17.8323
 20
40.1123
 30
0.0000
  0
SEQEND
  8
0
  0
POLYLINE
  8
16
 66
1
 10
0.0000
 20
0.0000
 30
0.0000
 40
0.1000
 41
0.1000
 70
0
  0
VERTEX
  8
16
 10
24.4200
 20
33.5600
 30
0.0000
  0
VERTEX
  8
16
 10
24.4200
 20
-0.6700
 30
0.0000
  0
SEQEND
  8
0
  0
POLYLINE
  8
16
 66
1
 10
0.0000
 20
0.0000
 30
0.0000
 40
0.0500
 41
0.0500
 70
0
  0
VERTEX
  8
16
 10
24.3950
 20
-0.6700
 30
0.0000
 42
1.0000
  0
VERTEX
  8
16
 10
24.4450
 20
-0.6700
 30
0.0000
  0
SEQEND
  8
0
  0
POLYLINE
  8
16
 66
1
 10
0.0000
 20
0.0000
 30
0.0000
 40
0.0500
 41
0.0500
 70
0
  0
VERTEX
  8
16
 10
24.4450
 20
33.5600
 30
0.0000
 42
1.0000
  0
VERTEX
  8
16
 10
24.3950
 20
33.5600
 30
0.0000
  0
SEQEND
  8
0
  0
POLYLINE
  8
16
 66
1
 10
0.0000
 20
0.0000
 30
0.0000
 40
0.1000
 41
0.1000
 70
0
  0
VERTEX
  8
16
 10
24.4200
 20
-0.6700
 30
0.0000
  0
VERTEX
  8
16
 10
-0.0300
 20
-0.6700
 30
0.0000
  0
SEQEND
  8
0
  0
POLYLINE
  8
16
 66
1
 10
0.0000
 20
0.0000
 30
0.0000
 40
0.0500
 41
0.0500
 70
0
  0
VERTEX
  8
16
 10
-0.0300
 20
-0.6450
 30
0.0000
 42
1.0000
  0
VERTEX
  8
16
 10
-0.0300
 20
-0.6950
 30
0.0000
  0
SEQEND
  8
0
  0
POLYLINE
  8
16
 66
1
 10
0.0000
 20
0.0000
 30
0.0000
 40
0.0500
 41
0.0500
 70
0
  0
VERTEX
  8
16
 10
24.4200
 20
-0.6950
 30
0.0000
 42
1.0000
  0
VERTEX
  8
16
 10
24.4200
 20
-0.6450
 30
0.0000
  0
SEQEND
  8
0
  0
POLYLINE
  8
16
 66
1
 10
0.0000
 20
0.0000
 30
0.0000
 40
0.1000
 41
0.1000
 70
0
  0
VERTEX
  8
16
 10
-0.0300
 20
-0.6700
 30
0.0000
  0
VERTEX
  8
16
 10
-0.0300
 20
33.7100
 30
0.0000
  0
SEQEND
  8
0
  0
POLYLINE
  8
16
 66
1
 10
0.0000
 20
0.0000
 30
0.0000
 40
0.0500
 41
0.0500
 70
0
  0
VERTEX
  8
16
 10
-0.0050
 20
33.7100
 30
0.0000
 42
1.0000
  0
VERTEX
  8
16
 10
-0.0550
 20
33.7100
 30
0.0000
  0
SEQEND
  8
0
  0
POLYLINE
  8
16
 66
1
 10
0.0000
 20
0.0000
 30
0.0000
 40
0.0500
 41
0.0500
 70
0
  0
VERTEX
  8
16
 10
-0.0550
 20
-0.6700
 30
0.0000
 42
1.0000
  0
VERTEX
  8
16
 10
-0.0050
 20
-0.6700
 30
0.0000
  0
SEQEND
  8
0
  0
POLYLINE
  8
16
 66
1
 10
0.0000
 20
0.0000
 30
0.0000
 40
0.1000
 41
0.1000
 70
0
  0
VERTEX
  8
16
 10
-0.0300
 20
33.7100
 30
0.0000
  0
VERTEX
  8
16
 10
6.3900
 20
40.1300
 30
0.0000
  0
SEQEND
  8
0
  0
POLYLINE
  8
16
 66
1
 10
0.0000
 20
0.0000
 30
0.0000
 40
0.0500
 41
0.0500
 70
0
  0
VERTEX
  8
16
 10
6.4077
 20
40.1123
 30
0.0000
 42
1.0000
  0
VERTEX
  8
16
 10
6.3723
 20
40.1477
 30
0.0000
  0
SEQEND
  8
0
  0
POLYLINE
  8
16
 66
1
 10
0.0000
 20
0.0000
 30
0.0000
 40
0.0500
 41
0.0500
 70
0
  0
VERTEX
  8
16
 10
-0.0477
 20
33.7277
 30
0.0000
 42
1.0000
  0
VERTEX
  8
16
 10
-0.0123
 20
33.6923
 30
0.0000
  0
SEQEND
  8
0
  0
ENDSEC
  0
EOF
